1.430010655894875526e-03
3.259037435054779053e-01
3.288927376270294189e-01
3.304297924041748047e-01
3.311671614646911621e-01
3.313923776149749756e-01
3.312634527683258057e-01
3.308794200420379639e-01
3.303076326847076416e-01
3.295960128307342529e-01
3.287794291973114014e-01
3.278839588165283203e-01
3.269298076629638672e-01
3.259329795837402344e-01
3.249065279960632324e-01
3.238612115383148193e-01
3.228055536746978760e-01
3.217468857765197754e-01
3.206909894943237305e-01
3.196425437927246094e-01
3.186054229736328125e-01
3.175828456878662109e-01
3.165770769119262695e-01
3.155900239944458008e-01
3.146229982376098633e-01
3.136768937110900879e-01
3.127520978450775146e-01
3.118487596511840820e-01
3.109664320945739746e-01
3.101044893264770508e-01
3.092620372772216797e-01
3.084377050399780273e-01
3.076301217079162598e-01
3.068374693393707275e-01
3.060578703880310059e-01
3.052893280982971191e-01
3.045297265052795410e-01
3.037768602371215820e-01
3.030285239219665527e-01
3.022825717926025391e-01
3.015369176864624023e-01
3.007892966270446777e-01
3.000378906726837158e-01
2.992806732654571533e-01
2.985157966613769531e-01
2.977416217327117920e-01
2.969564199447631836e-01
2.961587905883789062e-01
2.953472137451171875e-01
2.945204973220825195e-01
2.936773300170898438e-01
2.928166985511779785e-01
2.919375300407409668e-01
2.910389304161071777e-01
2.901200652122497559e-01
2.891802787780761719e-01
2.882187962532043457e-01
2.872350215911865234e-01
2.862285375595092773e-01
2.851988673210144043e-01
2.841456532478332520e-01
2.830684781074523926e-01
2.819672822952270508e-01
2.808417975902557373e-01
2.796919345855712891e-01
2.785176634788513184e-01
2.773188948631286621e-01
2.760958373546600342e-01
2.748483419418334961e-01
2.735767960548400879e-01
2.722812294960021973e-01
2.709619402885437012e-01
2.696191668510437012e-01
2.682531774044036865e-01
2.668643891811370850e-01
2.654530405998229980e-01
2.640195488929748535e-01
2.625644803047180176e-01
2.610881626605987549e-01
2.595911622047424316e-01
2.580741047859191895e-01
2.565374374389648438e-01
2.549819946289062500e-01
2.534082233905792236e-01
2.518170177936553955e-01
2.502091526985168457e-01
2.485855221748352051e-01
2.469469904899597168e-01
2.452946007251739502e-01
2.436292469501495361e-01
2.419521212577819824e-01
2.402643859386444092e-01
2.385672330856323242e-01
2.368620485067367554e-01
2.351501584053039551e-01
2.334329932928085327e-01
2.317120730876922607e-01
2.299889028072357178e-01
2.282651215791702271e-01
2.265424430370330811e-01
2.248224467039108276e-01
2.231070548295974731e-01
2.213979810476303101e-01
2.196969836950302124e-01
2.180059403181076050e-01
2.163266837596893311e-01
2.146611064672470093e-01
2.130110263824462891e-01
2.113783061504364014e-01
2.097647041082382202e-01
2.081720829010009766e-01
2.066020965576171875e-01
2.050564885139465332e-01
2.035369277000427246e-01
2.020448744297027588e-01
2.005819082260131836e-01
1.991494297981262207e-01
1.977487802505493164e-01
1.963812112808227539e-01
1.950478851795196533e-01
1.937498748302459717e-01
1.924881637096405029e-01
1.912636160850524902e-01
1.900769621133804321e-01
1.889289021492004395e-01
1.878200620412826538e-01
1.867508888244628906e-01
1.857217252254486084e-01
1.847329735755920410e-01
1.837847828865051270e-01
1.828773319721221924e-01
1.820107102394104004e-01
1.811849176883697510e-01
1.803998947143554688e-01
1.796556115150451660e-01
1.789518296718597412e-01
1.782884299755096436e-01
1.776652038097381592e-01
1.770818978548049927e-01
1.765382289886474609e-01
1.760339438915252686e-01
1.755686998367309570e-01
1.751422137022018433e-01
1.747542023658752441e-01
1.744043081998825073e-01
1.740922033786773682e-01
1.738175749778747559e-01
1.735800802707672119e-01
1.733794063329696655e-01
1.732151806354522705e-01
1.730870604515075684e-01
1.729946881532669067e-01
1.729377508163452148e-01
1.729157865047454834e-01
1.729284822940826416e-01
1.729754507541656494e-01
1.730562150478363037e-01
1.731703877449035645e-01
1.733174324035644531e-01
1.734969019889831543e-01
1.737082600593566895e-01
1.739509850740432739e-01
1.742244362831115723e-01
1.745280623435974121e-01
1.748611927032470703e-01
1.752231419086456299e-01
1.756131947040557861e-01
1.760306507349014282e-01
1.764747053384780884e-01
1.769446134567260742e-01
1.774394512176513672e-01
1.779584288597106934e-01
1.785006821155548096e-01
1.790653318166732788e-01
1.796514093875885010e-01
1.802580058574676514e-01
1.808841824531555176e-01
1.815289855003356934e-01
1.821914911270141602e-01
1.828706860542297363e-01
1.835656017065048218e-01
1.842752993106842041e-01
1.849988102912902832e-01
1.857350915670394897e-01
1.864832639694213867e-01
1.872422695159912109e-01
1.880112290382385254e-01
1.887892186641693115e-01
1.895752549171447754e-01
1.903684139251708984e-01
1.911677718162536621e-01
1.919724941253662109e-01
1.927816569805145264e-01
1.935944259166717529e-01
1.944099515676498413e-01
1.952274441719055176e-01
1.960460990667343140e-01
1.968651711940765381e-01
1.976839005947113037e-01
1.985015869140625000e-01
1.993175595998764038e-01
2.001311630010604858e-01
2.009418308734893799e-01
2.017489373683929443e-01
2.025519609451293945e-01
2.033504247665405273e-01
2.041438221931457520e-01
2.049318104982376099e-01
2.057139426469802856e-01
2.064898908138275146e-01
2.072593569755554199e-01
2.080220878124237061e-01
2.087778747081756592e-01
2.095265090465545654e-01
2.102679014205932617e-01
2.110019326210021973e-01
2.117285579442977905e-01
2.124477028846740723e-01
2.131594121456146240e-01
2.138637602329254150e-01
2.145607769489288330e-01
2.152506113052368164e-01
2.159333825111389160e-01
2.166092544794082642e-01
2.172784954309463501e-01
2.179412543773651123e-01
2.185978293418884277e-01
2.192484438419342041e-01
2.198933959007263184e-01
2.205330282449722290e-01
2.211676388978958130e-01
2.217975854873657227e-01
2.224231660366058350e-01
2.230448126792907715e-01
2.236628383398056030e-01
2.242776304483413696e-01
2.248895466327667236e-01
2.254990637302398682e-01
2.261064946651458740e-01
2.267122566699981689e-01
2.273167371749877930e-01
2.279203236103057861e-01
2.285234630107879639e-01
2.291264533996582031e-01
2.297297865152359009e-01
2.303337454795837402e-01
2.309387922286987305e-01
2.315452545881271362e-01
2.321534901857376099e-01
2.327638715505599976e-01
2.333767265081405640e-01
2.339924275875091553e-01
2.346112728118896484e-01
2.352336347103118896e-01
2.358597815036773682e-01
2.364900112152099609e-01
2.371246218681335449e-01
2.377638816833496094e-01
2.384080886840820312e-01
2.390574812889099121e-01
2.397122681140899658e-01
2.403727620840072632e-01
2.410390973091125488e-01
2.417115569114685059e-01
2.423902899026870728e-01
2.430754899978637695e-01
2.437673509120941162e-01
2.444660216569900513e-01
2.451716512441635132e-01
2.458844184875488281e-01
2.466044127941131592e-01
2.473317980766296387e-01
2.480666339397430420e-01
2.488090842962265015e-01
2.495591938495635986e-01
2.503171265125274658e-01
2.510828971862792969e-01
2.518565952777862549e-01
2.526382803916931152e-01
2.534280717372894287e-01
2.542259693145751953e-01
2.550320625305175781e-01
2.558463215827941895e-01
2.566688656806945801e-01
2.574997246265411377e-01
2.583388984203338623e-01
2.591864466667175293e-01
2.600424289703369141e-01
2.609068155288696289e-01
2.617796659469604492e-01
2.626609802246093750e-01
2.635507881641387939e-01
2.644491493701934814e-01
2.653560638427734375e-01
2.662715315818786621e-01
2.671956121921539307e-01
2.681283056735992432e-01
2.690696120262145996e-01
2.700195908546447754e-01
2.709782421588897705e-01
2.719455957412719727e-01
2.729216516017913818e-01
2.739064693450927734e-01
2.749000489711761475e-01
2.759024500846862793e-01
2.769137024879455566e-01
2.779337167739868164e-01
2.789627015590667725e-01
2.800005674362182617e-01
2.810473442077636719e-01
2.821031510829925537e-01
2.831679284572601318e-01
2.842417359352111816e-01
2.853246629238128662e-01
2.864166796207427979e-01
2.875178456306457520e-01
2.886281609535217285e-01
2.897477149963378906e-01
2.908765375614166260e-01
2.920146584510803223e-01
2.931620478630065918e-01
2.943188548088073730e-01
2.954850792884826660e-01
2.966606616973876953e-01
2.978457510471343994e-01
2.990403771400451660e-01
3.002445101737976074e-01
3.014582693576812744e-01
3.026816546916961670e-01
3.039146661758422852e-01
3.051573932170867920e-01
3.064097762107849121e-01
3.076719939708709717e-01
3.089439868927001953e-01
3.102257251739501953e-01
3.115173876285552979e-01
3.128188550472259521e-01
3.141302764415740967e-01
3.154515922069549561e-01
3.167828321456909180e-01
3.181240856647491455e-01
3.194752931594848633e-01
3.208365142345428467e-01
3.222077786922454834e-01
3.235890865325927734e-01
3.249804079532623291e-01
3.263818621635437012e-01
3.277933895587921143e-01
3.292149901390075684e-01
3.306466937065124512e-01
3.320885300636291504e-01
3.335405290126800537e-01
3.350025713443756104e-01
3.364748060703277588e-01
3.379571437835693359e-01
3.394496440887451172e-01
3.409522175788879395e-01
3.424649238586425781e-01
3.439877629280090332e-01
3.455206751823425293e-01
3.470637202262878418e-01
3.486167788505554199e-01
3.501800000667572021e-01
3.517532646656036377e-01
3.533365726470947266e-01
3.549299240112304688e-01
3.565332293510437012e-01
3.581465482711791992e-01
3.597698211669921875e-01
3.614030480384826660e-01
3.630462288856506348e-01
3.646992444992065430e-01
3.663621544837951660e-01
3.680349588394165039e-01
3.697175085544586182e-01
3.714098334312438965e-01
3.731119334697723389e-01
3.748237490653991699e-01
3.765452206134796143e-01
3.782763183116912842e-01
3.800169825553894043e-01
3.817672133445739746e-01
3.835269510746002197e-01
3.852961659431457520e-01
3.870747685432434082e-01
3.888627886772155762e-01
3.906601965427398682e-01
3.924668431282043457e-01
3.942826986312866211e-01
3.961077928543090820e-01
3.979419767856597900e-01
3.997853398323059082e-01
4.016376733779907227e-01
4.034990072250366211e-01
4.053693413734436035e-01
4.072484672069549561e-01
4.091364741325378418e-01
4.110332727432250977e-01
4.129387140274047852e-01
4.148529171943664551e-01
4.167757332324981689e-01
4.187071025371551514e-01
4.206469655036926270e-01
4.225952625274658203e-01
4.245519936084747314e-01
4.265170693397521973e-01
4.284904003143310547e-01
4.304720163345336914e-01
4.324616789817810059e-01
4.344595372676849365e-01
4.364655017852783203e-01
4.384794831275939941e-01
4.405013918876647949e-01
4.425312280654907227e-01
4.445689320564270020e-01
4.466144442558288574e-01
4.486677050590515137e-01
4.507287144660949707e-01
4.527973532676696777e-01
4.548736512660980225e-01
4.569575190544128418e-01
4.590489268302917480e-01
4.611478745937347412e-01
4.632542729377746582e-01
4.653680324554443359e-01
4.674892723560333252e-01
4.696177840232849121e-01
4.717536568641662598e-01
4.738968014717102051e-01
4.760472178459167480e-01
4.782048463821411133e-01
4.803697168827056885e-01
4.825417697429656982e-01
4.847210347652435303e-01
4.869073629379272461e-01
4.891008734703063965e-01
4.913015067577362061e-01
4.935092628002166748e-01
4.957240819931030273e-01
4.979460239410400391e-01
5.001750588417053223e-01
5.024111270904541016e-01
5.046544075012207031e-01
5.069047212600708008e-01
5.091621875762939453e-01
5.114268064498901367e-01
5.136985182762145996e-01
5.159774422645568848e-01
5.182634592056274414e-01
5.205566883087158203e-01
5.228571891784667969e-01
5.251649618148803711e-01
5.274800062179565430e-01
5.298023819923400879e-01
5.321321487426757812e-01
5.344692468643188477e-01
5.368139147758483887e-01
5.391660332679748535e-01
5.415257215499877930e-01
5.438929796218872070e-01
5.462679862976074219e-01
5.486506819725036621e-01
5.510411262512207031e-01
5.534394383430480957e-01
5.558457374572753906e-01
5.582600831985473633e-01
5.606824159622192383e-01
5.631128549575805664e-01
5.655516982078552246e-01
5.679987668991088867e-01
5.704542994499206543e-01
5.729183554649353027e-01
5.753909945487976074e-01
5.778723359107971191e-01
5.803624987602233887e-01
5.828615427017211914e-01
5.853696465492248535e-01
5.878868103027343750e-01
5.904132127761840820e-01
5.929489731788635254e-01
5.954942107200622559e-01
5.980490446090698242e-01
6.006135344505310059e-01
6.031879186630249023e-01
6.057721972465515137e-01
6.083664894104003906e-01
6.109710931777954102e-01
6.135859489440917969e-01
6.162112951278686523e-01
6.188471913337707520e-01
6.214938163757324219e-01
6.241513490676879883e-01
6.268198490142822266e-01
6.294994354248046875e-01
6.321904659271240234e-01
6.348928213119506836e-01
6.376067399978637695e-01
6.403324604034423828e-01
6.430698633193969727e-01
6.458195447921752930e-01
6.485811471939086914e-01
6.513550281524658203e-01
6.541414260864257812e-01
6.569404006004333496e-01
6.597521305084228516e-01
6.625766754150390625e-01
6.654142737388610840e-01
6.682649254798889160e-01
6.711290478706359863e-01
6.740066409111022949e-01
6.768977046012878418e-01
6.798025965690612793e-01
6.827213764190673828e-01
6.856541633605957031e-01
6.886010766029357910e-01
6.915622949600219727e-01
6.945379376411437988e-01
6.975281238555908203e-01
7.005331516265869141e-01
7.035528421401977539e-01
7.065875530242919922e-01
7.096374034881591797e-01
7.127022743225097656e-01
7.157826423645019531e-01
7.188784480094909668e-01
7.219897508621215820e-01
7.251167297363281250e-01
7.282595038414001465e-01
7.314181327819824219e-01
7.345927953720092773e-01
7.377834916114807129e-01
7.409904003143310547e-01
7.442137002944946289e-01
7.474532723426818848e-01
7.507094144821166992e-01
7.539819478988647461e-01
7.572711706161499023e-01
7.605770230293273926e-01
7.638996839523315430e-01
7.672391533851623535e-01
7.705954313278198242e-01
7.739687561988830566e-01
7.773590087890625000e-01
7.807662487030029297e-01
7.841906547546386719e-01
7.876320481300354004e-01
7.910906076431274414e-01
7.945663928985595703e-01
7.980592846870422363e-01
8.015693426132202148e-01
8.050965666770935059e-01
8.086410760879516602e-01
8.122028112411499023e-01
8.157817125320434570e-01
8.193777799606323242e-01
8.229911327362060547e-01
8.266215324401855469e-01
8.302690386772155762e-01
8.339335918426513672e-01
8.376153111457824707e-01
8.413138389587402344e-01
8.450294733047485352e-01
8.487619161605834961e-01
8.525111675262451172e-01
8.562772274017333984e-01
8.600599169731140137e-01
8.638592958450317383e-01
8.676749467849731445e-01
8.715071678161621094e-01
8.753557205200195312e-01
8.792204260826110840e-01
8.831012845039367676e-01
8.869980573654174805e-01
8.909107446670532227e-01
8.948391675949096680e-01
8.987832069396972656e-01
9.027426242828369141e-01
9.067175388336181641e-01
9.107075333595275879e-01
9.147124886512756348e-01
9.187323451042175293e-01
9.227669239044189453e-01
9.268159866333007812e-01
9.308794736862182617e-01
9.349570274353027344e-01
9.390485286712646484e-01
9.431539773941040039e-01
9.472729563713073730e-01
9.514052867889404297e-01
9.555507898330688477e-01
9.597094058990478516e-01
9.638807177543640137e-01
9.680646061897277832e-01
9.722608327865600586e-01
9.764691591262817383e-01
9.806894063949584961e-01
9.849212169647216797e-01
9.891645908355712891e-01
9.934190511703491211e-01
9.976844191551208496e-01
1.001960515975952148e+00
1.006246924400329590e+00
1.010543704032897949e+00
1.014850139617919922e+00
1.019166707992553711e+00
1.023492336273193359e+00
1.027827143669128418e+00
1.032170891761779785e+00
1.036523342132568359e+00
1.040884017944335938e+00
1.045252680778503418e+00
1.049629449844360352e+00
1.054013371467590332e+00
1.058404684066772461e+00
1.062803030014038086e+00
1.067208051681518555e+00
1.071619391441345215e+00
1.076036930084228516e+00
1.080460309982299805e+00
1.084889173507690430e+00
1.089323520660400391e+00
1.093762636184692383e+00
1.098206520080566406e+00
1.102654695510864258e+00
1.107107162475585938e+00
1.111563444137573242e+00
1.116023302078247070e+00
1.120486617088317871e+00
1.124952793121337891e+00
1.129421591758728027e+00
1.133893013000488281e+00
1.138366460800170898e+00
1.142841815948486328e+00
1.147318840026855469e+00
1.151796936988830566e+00
1.156276464462280273e+00
1.160756349563598633e+00
1.165237069129943848e+00
1.169717788696289062e+00
1.174198508262634277e+00
1.178678989410400391e+00
1.183158755302429199e+00
1.187637805938720703e+00
1.192115783691406250e+00
1.196592211723327637e+00
1.201067209243774414e+00
1.205540180206298828e+00
1.210011243820190430e+00
1.214479923248291016e+00
1.218945860862731934e+00
1.223408937454223633e+00
1.227868795394897461e+00
1.232325553894042969e+00
1.236778616905212402e+00
1.241228103637695312e+00
1.245673179626464844e+00
1.250114202499389648e+00
1.254550695419311523e+00
1.258982539176940918e+00
1.263409614562988281e+00
1.267831325531005859e+00
1.272248029708862305e+00
1.276659011840820312e+00
1.281064033508300781e+00
1.285463452339172363e+00
1.289856553077697754e+00
1.294243574142456055e+00
1.298623919486999512e+00
1.302997827529907227e+00
1.307364702224731445e+00
1.311724543571472168e+00
1.316077351570129395e+00
1.320422768592834473e+00
1.324760794639587402e+00
1.329091072082519531e+00
1.333413600921630859e+00
1.337728142738342285e+00
1.342034697532653809e+00
1.346332907676696777e+00
1.350622653961181641e+00
1.354904055595397949e+00
1.359176635742187500e+00
1.363440752029418945e+00
1.367696046829223633e+00
1.371942043304443359e+00
1.376179218292236328e+00
1.380407094955444336e+00
1.384625673294067383e+00
1.388834953308105469e+00
1.393034696578979492e+00
1.397224903106689453e+00
1.401405572891235352e+00
1.405576467514038086e+00
1.409737586975097656e+00
1.413888692855834961e+00
1.418030023574829102e+00
1.422161340713500977e+00
1.426282644271850586e+00
1.430393815040588379e+00
1.434494733810424805e+00
1.438585758209228516e+00
1.442666292190551758e+00
1.446736693382263184e+00
1.450796842575073242e+00
1.454846620559692383e+00
1.458886027336120605e+00
1.462914943695068359e+00
1.466933727264404297e+00
1.470942020416259766e+00
1.474939823150634766e+00
1.478927254676818848e+00
1.482904314994812012e+00
1.486871004104614258e+00
1.490827083587646484e+00
1.494772791862487793e+00
1.498708248138427734e+00
1.502633333206176758e+00
1.506548166275024414e+00
1.510452389717102051e+00
1.514346361160278320e+00
1.518230319023132324e+00
1.522103786468505859e+00
1.525967121124267578e+00
1.529820442199707031e+00
1.533663511276245117e+00
1.537496805191040039e+00
1.541319727897644043e+00
1.545132875442504883e+00
1.548936128616333008e+00
1.552729368209838867e+00
1.556513071060180664e+00
1.560286879539489746e+00
1.564051151275634766e+00
1.567805647850036621e+00
1.571550846099853516e+00
1.575286269187927246e+00
1.579012751579284668e+00
1.582729578018188477e+00
1.586437463760375977e+00
1.590136289596557617e+00
1.593825936317443848e+00
1.597506761550903320e+00
1.601178646087646484e+00
1.604841828346252441e+00
1.608496308326721191e+00
1.612142324447631836e+00
1.615779995918273926e+00
1.619409084320068359e+00
1.623030185699462891e+00
1.626642942428588867e+00
1.630247712135314941e+00
1.633844614028930664e+00
1.637433648109436035e+00
1.641015052795410156e+00
1.644588708877563477e+00
1.648155093193054199e+00
1.651714086532592773e+00
1.655265927314758301e+00
1.658810496330261230e+00
1.662348031997680664e+00
1.665878772735595703e+00
1.669402837753295898e+00
1.672920346260070801e+00
1.676431179046630859e+00
1.679935932159423828e+00
1.683434128761291504e+00
1.686926364898681641e+00
1.690412759780883789e+00
1.693893074989318848e+00
1.697367787361145020e+00
1.700836896896362305e+00
1.704300642013549805e+00
1.707758903503417969e+00
1.711212158203125000e+00
1.714660406112670898e+00
1.718103408813476562e+00
1.721541881561279297e+00
1.724975585937500000e+00
1.728404998779296875e+00
1.731829881668090820e+00
1.735250711441040039e+00
1.738667130470275879e+00
1.742079734802246094e+00
1.745488643646240234e+00
1.748893737792968750e+00
1.752295255661010742e+00
1.755693316459655762e+00
1.759088158607482910e+00
1.762479901313781738e+00
1.765868663787841797e+00
1.769254446029663086e+00
1.772637605667114258e+00
1.776017904281616211e+00
1.779396057128906250e+00
1.782771825790405273e+00
1.786145448684692383e+00
1.789516925811767578e+00
1.792886495590209961e+00
1.796254396438598633e+00
1.799620389938354492e+00
1.802984952926635742e+00
1.806348323822021484e+00
1.809710144996643066e+00
1.813071012496948242e+00
1.816430807113647461e+00
1.819789648056030273e+00
1.823148012161254883e+00
1.826505422592163086e+00
1.829862594604492188e+00
1.833219408988952637e+00
1.836575984954833984e+00
1.839932322502136230e+00
1.843288660049438477e+00
1.846645236015319824e+00
1.850002050399780273e+00
1.853359222412109375e+00
1.856716871261596680e+00
1.860075235366821289e+00
1.863434314727783203e+00
1.866794109344482422e+00
1.870155096054077148e+00
1.873517155647277832e+00
1.876880168914794922e+00
1.880244731903076172e+00
1.883610486984252930e+00
1.886977910995483398e+00
1.890346765518188477e+00
1.893717527389526367e+00
1.897090196609497070e+00
1.900464534759521484e+00
1.903841257095336914e+00
1.907219886779785156e+00
1.910600900650024414e+00
1.913984298706054688e+00
1.917370080947875977e+00
1.920758247375488281e+00
1.924149394035339355e+00
1.927543044090270996e+00
1.930939435958862305e+00
1.934338927268981934e+00
1.937741518020629883e+00
1.941146850585937500e+00
1.944555759429931641e+00
1.947967767715454102e+00
1.951383113861083984e+00
1.954801678657531738e+00
1.958223938941955566e+00
1.961649894714355469e+00
1.965079545974731445e+00
1.968512773513793945e+00
1.971949815750122070e+00
1.975390791893005371e+00
1.978835821151733398e+00
1.982284784317016602e+00
1.985738039016723633e+00
1.989195346832275391e+00
1.992656826972961426e+00
1.996122598648071289e+00
1.999593019485473633e+00
2.003067731857299805e+00
2.006546735763549805e+00
2.010030508041381836e+00
2.013518810272216797e+00
2.017011642456054688e+00
2.020509243011474609e+00
2.024011611938476562e+00
2.027518749237060547e+00
2.031031131744384766e+00
2.034547805786132812e+00
2.038069963455200195e+00
2.041596889495849609e+00
2.045128822326660156e+00
2.048665761947631836e+00
2.052207946777343750e+00
2.055755138397216797e+00
2.059307575225830078e+00
2.062865257263183594e+00
2.066427946090698242e+00
2.069996356964111328e+00
2.073569774627685547e+00
2.077148437500000000e+00
2.080732822418212891e+00
2.084322690963745117e+00
2.087917804718017578e+00
2.091518163681030273e+00
2.095124006271362305e+00
2.098735332489013672e+00
2.102352619171142578e+00
2.105975151062011719e+00
2.109603166580200195e+00
2.113236427307128906e+00
2.116875410079956055e+00
2.120520114898681641e+00
2.124170303344726562e+00
2.127825975418090820e+00
2.131487369537353516e+00
2.135154247283935547e+00
2.138826847076416016e+00
2.142504930496215820e+00
2.146188735961914062e+00
2.149878025054931641e+00
2.153573036193847656e+00
2.157273292541503906e+00
2.160979509353637695e+00
2.164691209793090820e+00
2.168408393859863281e+00
2.172131061553955078e+00
2.175859451293945312e+00
2.179593324661254883e+00
2.183332920074462891e+00
2.187077760696411133e+00
2.190827846527099609e+00
2.194583892822265625e+00
2.198344945907592773e+00
2.202111721038818359e+00
2.205883979797363281e+00
2.209661483764648438e+00
2.213444232940673828e+00
2.217232227325439453e+00
2.221025705337524414e+00
2.224824428558349609e+00
2.228628635406494141e+00
2.232437610626220703e+00
2.236252069473266602e+00
2.240071773529052734e+00
2.243896484375000000e+00
2.247726440429687500e+00
2.251561164855957031e+00
2.255400896072387695e+00
2.259245872497558594e+00
2.263095617294311523e+00
2.266950130462646484e+00
2.270809650421142578e+00
2.274674177169799805e+00
2.278543472290039062e+00
2.282417297363281250e+00
2.286295890808105469e+00
2.290179252624511719e+00
2.294066905975341797e+00
2.297959327697753906e+00
2.301856040954589844e+00
2.305757522583007812e+00
2.309662818908691406e+00
2.313572883605957031e+00
2.317487239837646484e+00
2.321405649185180664e+00
2.325328350067138672e+00
2.329255342483520508e+00
2.333186388015747070e+00
2.337121248245239258e+00
2.341060161590576172e+00
2.345002651214599609e+00
2.348949432373046875e+00
2.352900028228759766e+00
2.356853961944580078e+00
2.360811471939086914e+00
2.364772796630859375e+00
2.368737697601318359e+00
2.372705936431884766e+00
2.376677751541137695e+00
2.380652904510498047e+00
2.384631156921386719e+00
2.388612747192382812e+00
2.392597436904907227e+00
2.396585464477539062e+00
2.400576114654541016e+00
2.404569864273071289e+00
2.408566236495971680e+00
2.412565469741821289e+00
2.416567564010620117e+00
2.420572280883789062e+00
2.424579620361328125e+00
2.428589582443237305e+00
2.432601690292358398e+00
2.436616420745849609e+00
2.440633058547973633e+00
2.444652318954467773e+00
2.448673725128173828e+00
2.452696561813354492e+00
2.456721782684326172e+00
2.460749149322509766e+00
2.464778423309326172e+00
2.468809127807617188e+00
2.472841501235961914e+00
2.476875782012939453e+00
2.480911254882812500e+00
2.484948158264160156e+00
2.488986968994140625e+00
2.493026494979858398e+00
2.497067451477050781e+00
2.501109600067138672e+00
2.505152940750122070e+00
2.509196996688842773e+00
2.513242244720458984e+00
2.517287969589233398e+00
2.521334648132324219e+00
2.525382041931152344e+00
2.529430150985717773e+00
2.533478260040283203e+00
2.537527322769165039e+00
2.541576385498046875e+00
2.545626163482666016e+00
2.549675703048706055e+00
2.553725481033325195e+00
2.557775259017944336e+00
2.561825037002563477e+00
2.565874576568603516e+00
2.569923877716064453e+00
2.573973178863525391e+00
2.578022003173828125e+00
2.582070112228393555e+00
2.586117982864379883e+00
2.590165138244628906e+00
2.594211578369140625e+00
2.598257064819335938e+00
2.602302074432373047e+00
2.606345891952514648e+00
2.610388755798339844e+00
2.614430427551269531e+00
2.618471145629882812e+00
2.622510433197021484e+00
2.626548528671264648e+00
2.630584955215454102e+00
2.634619951248168945e+00
2.638653755187988281e+00
2.642685651779174805e+00
2.646716117858886719e+00
2.650743961334228516e+00
2.654770851135253906e+00
2.658794879913330078e+00
2.662817478179931641e+00
2.666837930679321289e+00
2.670855998992919922e+00
2.674871683120727539e+00
2.678885221481323242e+00
2.682896137237548828e+00
2.686904907226562500e+00
2.690910816192626953e+00
2.694914102554321289e+00
2.698914527893066406e+00
2.702912330627441406e+00
2.706907272338867188e+00
2.710899114608764648e+00
2.714888095855712891e+00
2.718873977661132812e+00
2.722856521606445312e+00
2.726835727691650391e+00
2.730811834335327148e+00
2.734784841537475586e+00
2.738753795623779297e+00
2.742719650268554688e+00
2.746681690216064453e+00
2.750639915466308594e+00
2.754594802856445312e+00
2.758545398712158203e+00
2.762492179870605469e+00
2.766435146331787109e+00
2.770374298095703125e+00
2.774308681488037109e+00
2.778239250183105469e+00
2.782165765762329102e+00
2.786087751388549805e+00
2.790005683898925781e+00
2.793919086456298828e+00
2.797827959060668945e+00
2.801732063293457031e+00
2.805631637573242188e+00
2.809526920318603516e+00
2.813416957855224609e+00
2.817302227020263672e+00
2.821182727813720703e+00
2.825058460235595703e+00
2.828928947448730469e+00
2.832794427871704102e+00
2.836654663085937500e+00
2.840509891510009766e+00
2.844359636306762695e+00
2.848204612731933594e+00
2.852043628692626953e+00
2.855877399444580078e+00
2.859705686569213867e+00
2.863528728485107422e+00
2.867345809936523438e+00
2.871157169342041016e+00
2.874963283538818359e+00
2.878763675689697266e+00
2.882557868957519531e+00
2.886346101760864258e+00
2.890128612518310547e+00
2.893905162811279297e+00
2.897675752639770508e+00
2.901440143585205078e+00
2.905198335647583008e+00
2.908950567245483398e+00
2.912696361541748047e+00
2.916435956954956055e+00
2.920169353485107422e+00
2.923896312713623047e+00
2.927616834640502930e+00
2.931331157684326172e+00
2.935038566589355469e+00
2.938739299774169922e+00
2.942433834075927734e+00
2.946121692657470703e+00
2.949802398681640625e+00
2.953476905822753906e+00
2.957144021987915039e+00
2.960804939270019531e+00
2.964458465576171875e+00
2.968105077743530273e+00
2.971745491027832031e+00
2.975378513336181641e+00
2.979004383087158203e+00
2.982623100280761719e+00
2.986234664916992188e+00
2.989839315414428711e+00
2.993436813354492188e+00
2.997026920318603516e+00
3.000609874725341797e+00
3.004185199737548828e+00
3.007753372192382812e+00
3.011314392089843750e+00
3.014868259429931641e+00
3.018414258956909180e+00
3.021953105926513672e+00
3.025484085083007812e+00
3.029007434844970703e+00
3.032523870468139648e+00
3.036032199859619141e+00
3.039533138275146484e+00
3.043026208877563477e+00
3.046511888504028320e+00
3.049989700317382812e+00
3.053459882736206055e+00
3.056922435760498047e+00
3.060376882553100586e+00
3.063823461532592773e+00
3.067262649536132812e+00
3.070693731307983398e+00
3.074116706848144531e+00
3.077532052993774414e+00
3.080939292907714844e+00
3.084338665008544922e+00
3.087729930877685547e+00
3.091113090515136719e+00
3.094488382339477539e+00
3.097855806350708008e+00
3.101214885711669922e+00
3.104566097259521484e+00
3.107909202575683594e+00
3.111243724822998047e+00
3.114570617675781250e+00
3.117889165878295898e+00
3.121199369430541992e+00
3.124501466751098633e+00
3.127795219421386719e+00
3.131081104278564453e+00
3.134358406066894531e+00
3.137627601623535156e+00
3.140888690948486328e+00
3.144141435623168945e+00
3.147385358810424805e+00
3.150621414184570312e+00
3.153849124908447266e+00
3.157068729400634766e+00
3.160279512405395508e+00
3.163482189178466797e+00
3.166676282882690430e+00
3.169862270355224609e+00
3.173039674758911133e+00
3.176208496093750000e+00
3.179368972778320312e+00
3.182521104812622070e+00
3.185664892196655273e+00
3.188800096511840820e+00
3.191926956176757812e+00
3.195044994354248047e+00
3.198154926300048828e+00
3.201256513595581055e+00
3.204349517822265625e+00
3.207433700561523438e+00
3.210509777069091797e+00
3.213577508926391602e+00
3.216636419296264648e+00
3.219686985015869141e+00
3.222729206085205078e+00
3.225762605667114258e+00
3.228787422180175781e+00
3.231803894042968750e+00
3.234811782836914062e+00
3.237811326980590820e+00
3.240802288055419922e+00
3.243784427642822266e+00
3.246758222579956055e+00
3.249723672866821289e+00
3.252680540084838867e+00
3.255628824234008789e+00
3.258568763732910156e+00
3.261500120162963867e+00
3.264423131942749023e+00
3.267337322235107422e+00
3.270243167877197266e+00
3.273140668869018555e+00
3.276029109954833984e+00
3.278909683227539062e+00
3.281781435012817383e+00
3.284644603729248047e+00
3.287499427795410156e+00
3.290345907211303711e+00
3.293183565139770508e+00
3.296012878417968750e+00
3.298833847045898438e+00
3.301646471023559570e+00
3.304450511932373047e+00
3.307246208190917969e+00
3.310033321380615234e+00
3.312811851501464844e+00
3.315582275390625000e+00
3.318344116210937500e+00
3.321097612380981445e+00
3.323842763900756836e+00
3.326579093933105469e+00
3.329307556152343750e+00
3.332027673721313477e+00
3.334739208221435547e+00
3.337442398071289062e+00
3.340137481689453125e+00
3.342823982238769531e+00
3.345502376556396484e+00
3.348172187805175781e+00
3.350833892822265625e+00
3.353487491607666016e+00
3.356132268905639648e+00
3.358768939971923828e+00
3.361397504806518555e+00
3.364017963409423828e+00
3.366629838943481445e+00
3.369233608245849609e+00
3.371829032897949219e+00
3.374416828155517578e+00
3.376996040344238281e+00
3.379567146301269531e+00
3.382130146026611328e+00
3.384685039520263672e+00
3.387231826782226562e+00
3.389770269393920898e+00
3.392301082611083984e+00
3.394823312759399414e+00
3.397337436676025391e+00
3.399843692779541016e+00
3.402342319488525391e+00
3.404832363128662109e+00
3.407314538955688477e+00
3.409788846969604492e+00
3.412254810333251953e+00
3.414712905883789062e+00
3.417163610458374023e+00
3.419605970382690430e+00
3.422040224075317383e+00
3.424467086791992188e+00
3.426885604858398438e+00
3.429296493530273438e+00
3.431699275970458984e+00
3.434094667434692383e+00
3.436482191085815430e+00
3.438861846923828125e+00
3.441233873367309570e+00
3.443597793579101562e+00
3.445953845977783203e+00
3.448302507400512695e+00
3.450643539428710938e+00
3.452976942062377930e+00
3.455302476882934570e+00
3.457620382308959961e+00
3.459930896759033203e+00
3.462233543395996094e+00
3.464528560638427734e+00
3.466816425323486328e+00
3.469095706939697266e+00
3.471368312835693359e+00
3.473633289337158203e+00
3.475890636444091797e+00
3.478140830993652344e+00
3.480383157730102539e+00
3.482618331909179688e+00
3.484846115112304688e+00
3.487066268920898438e+00
3.489279270172119141e+00
3.491484642028808594e+00
3.493683099746704102e+00
3.495873928070068359e+00
3.498057603836059570e+00
3.500233888626098633e+00
3.502402782440185547e+00
3.504564523696899414e+00
3.506719589233398438e+00
3.508866786956787109e+00
3.511006832122802734e+00
3.513140201568603516e+00
3.515265941619873047e+00
3.517385005950927734e+00
3.519496440887451172e+00
3.521601438522338867e+00
3.523699045181274414e+00
3.525790214538574219e+00
3.527873992919921875e+00
3.529950141906738281e+00
3.532020092010498047e+00
3.534083366394042969e+00
3.536139011383056641e+00
3.538187980651855469e+00
3.540230274200439453e+00
3.542265176773071289e+00
3.544293880462646484e+00
3.546315431594848633e+00
3.548330545425415039e+00
3.550338268280029297e+00
3.552339792251586914e+00
3.554334402084350586e+00
3.556322097778320312e+00
3.558303833007812500e+00
3.560278415679931641e+00
3.562246322631835938e+00
3.564208030700683594e+00
3.566162586212158203e+00
3.568110942840576172e+00
3.570052623748779297e+00
3.571987867355346680e+00
3.573916435241699219e+00
3.575838804244995117e+00
3.577754735946655273e+00
3.579664230346679688e+00
3.581567287445068359e+00
3.583463668823242188e+00
3.585354328155517578e+00
3.587238311767578125e+00
3.589115619659423828e+00
3.590986967086791992e+00
3.592851877212524414e+00
3.594710588455200195e+00
3.596563339233398438e+00
3.598409652709960938e+00
3.600249767303466797e+00
3.602083683013916016e+00
3.603911876678466797e+00
3.605733871459960938e+00
3.607549428939819336e+00
3.609359025955200195e+00
3.611162662506103516e+00
3.612960100173950195e+00
3.614751815795898438e+00
3.616537094116210938e+00
3.618316650390625000e+00
3.620090723037719727e+00
3.621858596801757812e+00
3.623620033264160156e+00
3.625376462936401367e+00
3.627127170562744141e+00
3.628871440887451172e+00
3.630610227584838867e+00
3.632342815399169922e+00
3.634070158004760742e+00
3.635791778564453125e+00
3.637507438659667969e+00
3.639217376708984375e+00
3.640921592712402344e+00
3.642620563507080078e+00
3.644313573837280273e+00
3.646000862121582031e+00
3.647683143615722656e+00
3.649359226226806641e+00
3.651030063629150391e+00
3.652695655822753906e+00
3.654355764389038086e+00
3.656010150909423828e+00
3.657658815383911133e+00
3.659302949905395508e+00
3.660941123962402344e+00
3.662573814392089844e+00
3.664201259613037109e+00
3.665823936462402344e+00
3.667440891265869141e+00
3.669052600860595703e+00
3.670659065246582031e+00
3.672260284423828125e+00
3.673856258392333984e+00
3.675446987152099609e+00
3.677032709121704102e+00
3.678613185882568359e+00
3.680188417434692383e+00
3.681759119033813477e+00
3.683323860168457031e+00
3.684884309768676758e+00
3.686439275741577148e+00
3.687989711761474609e+00
3.689534664154052734e+00
3.691074848175048828e+00
3.692610502243041992e+00
3.694140911102294922e+00
3.695666790008544922e+00
3.697187185287475586e+00
3.698702573776245117e+00
3.700213432312011719e+00
3.701719760894775391e+00
3.703220844268798828e+00
3.704717636108398438e+00
3.706209421157836914e+00
3.707696437835693359e+00
3.709178924560546875e+00
3.710656642913818359e+00
3.712130069732666016e+00
3.713598251342773438e+00
3.715062141418457031e+00
3.716521263122558594e+00
3.717975854873657227e+00
3.719426155090332031e+00
3.720871448516845703e+00
3.722312450408935547e+00
3.723749160766601562e+00
3.725181102752685547e+00
3.726608753204345703e+00
3.728031873703002930e+00
3.729450702667236328e+00
3.730865240097045898e+00
3.732275247573852539e+00
3.733680963516235352e+00
3.735082387924194336e+00
3.736479520797729492e+00
3.737872362136840820e+00
3.739261150360107422e+00
3.740645170211791992e+00
3.742025375366210938e+00
3.743400812149047852e+00
3.744772911071777344e+00
3.746140480041503906e+00
3.747503995895385742e+00
3.748863458633422852e+00
3.750218391418457031e+00
3.751569747924804688e+00
3.752917289733886719e+00
3.754260063171386719e+00
3.755599260330200195e+00
3.756934165954589844e+00
3.758265733718872070e+00
3.759593009948730469e+00
3.760915994644165039e+00
3.762235403060913086e+00
3.763550758361816406e+00
3.764862537384033203e+00
3.766170501708984375e+00
3.767474412918090820e+00
3.768774747848510742e+00
3.770070791244506836e+00
3.771363258361816406e+00
3.772652387619018555e+00
3.773937463760375977e+00
3.775218486785888672e+00
3.776496410369873047e+00
3.777770280838012695e+00
3.779040336608886719e+00
3.780307292938232422e+00
3.781570672988891602e+00
3.782829999923706055e+00
3.784085988998413086e+00
3.785338401794433594e+00
3.786586999893188477e+00
3.787832498550415039e+00
3.789074182510375977e+00
3.790312767028808594e+00
3.791547298431396484e+00
3.792778730392456055e+00
3.794006824493408203e+00
3.795231819152832031e+00
3.796452760696411133e+00
3.797670364379882812e+00
3.798884868621826172e+00
3.800096035003662109e+00
3.801303863525390625e+00
3.802508592605590820e+00
3.803709745407104492e+00
3.804908037185668945e+00
3.806102275848388672e+00
3.807294368743896484e+00
3.808482646942138672e+00
3.809667825698852539e+00
3.810849666595458984e+00
3.812028884887695312e+00
3.813204526901245117e+00
3.814377307891845703e+00
3.815546989440917969e+00
3.816713333129882812e+00
3.817876577377319336e+00
3.819036960601806641e+00
3.820194244384765625e+00
3.821348905563354492e+00
3.822500228881835938e+00
3.823648691177368164e+00
3.824793815612792969e+00
3.825936317443847656e+00
3.827075481414794922e+00
3.828212499618530273e+00
3.829346179962158203e+00
3.830477237701416016e+00
3.831605672836303711e+00
3.832730770111083984e+00
3.833853244781494141e+00
3.834972381591796875e+00
3.836089372634887695e+00
3.837203264236450195e+00
3.838314771652221680e+00
3.839423418045043945e+00
3.840529203414916992e+00
3.841632366180419922e+00
3.842732429504394531e+00
3.843830585479736328e+00
3.844925880432128906e+00
3.846018075942993164e+00
3.847108125686645508e+00
3.848195075988769531e+00
3.849280357360839844e+00
3.850362539291381836e+00
3.851441860198974609e+00
3.852519512176513672e+00
3.853593826293945312e+00
3.854665994644165039e+00
3.855735301971435547e+00
3.856802940368652344e+00
3.857867240905761719e+00
3.858929634094238281e+00
3.859989166259765625e+00
3.861046552658081055e+00
3.862101554870605469e+00
3.863154172897338867e+00
3.864204406738281250e+00
3.865252494812011719e+00
3.866298198699951172e+00
3.867341279983520508e+00
3.868382215499877930e+00
3.869421005249023438e+00
3.870457172393798828e+00
3.871491432189941406e+00
3.872523784637451172e+00
3.873553276062011719e+00
3.874580860137939453e+00
3.875606060028076172e+00
3.876629114151000977e+00
3.877650260925292969e+00
3.878669023513793945e+00
3.879685401916503906e+00
3.880699634552001953e+00
3.881712436676025391e+00
3.882722854614257812e+00
3.883731126785278320e+00
3.884737491607666016e+00
3.885741233825683594e+00
3.886743068695068359e+00
3.887743711471557617e+00
3.888741493225097656e+00
3.889737606048583984e+00
3.890731811523437500e+00
3.891723871231079102e+00
3.892714023590087891e+00
3.893702268600463867e+00
3.894688606262207031e+00
3.895673274993896484e+00
3.896655559539794922e+00
3.897636175155639648e+00
3.898614883422851562e+00
3.899591445922851562e+00
3.900566577911376953e+00
3.901540279388427734e+00
3.902511596679687500e+00
3.903481006622314453e+00
3.904448747634887695e+00
3.905415058135986328e+00
3.906379222869873047e+00
3.907341480255126953e+00
3.908302307128906250e+00
3.909261465072631836e+00
3.910218715667724609e+00
3.911174774169921875e+00
3.912128448486328125e+00
3.913081169128417969e+00
3.914031505584716797e+00
3.914980888366699219e+00
3.915928125381469727e+00
3.916873931884765625e+00
3.917817592620849609e+00
3.918760299682617188e+00
3.919701337814331055e+00
3.920640707015991211e+00
3.921578407287597656e+00
3.922514915466308594e+00
3.923449993133544922e+00
3.924382925033569336e+00
3.925314664840698242e+00
3.926244974136352539e+00
3.927173852920532227e+00
3.928101062774658203e+00
3.929027080535888672e+00
3.929951190948486328e+00
3.930874347686767578e+00
3.931795835494995117e+00
3.932716131210327148e+00
3.933634757995605469e+00
3.934551715850830078e+00
3.935467720031738281e+00
3.936382293701171875e+00
3.937295675277709961e+00
3.938207149505615234e+00
3.939117670059204102e+00
3.940026998519897461e+00
3.940934658050537109e+00
3.941841125488281250e+00
3.942746639251708984e+00
3.943650722503662109e+00
3.944553375244140625e+00
3.945454835891723633e+00
3.946355342864990234e+00
3.947254180908203125e+00
3.948152065277099609e+00
3.949048757553100586e+00
3.949944019317626953e+00
3.950838088989257812e+00
3.951730966567993164e+00
3.952622890472412109e+00
3.953513145446777344e+00
3.954403162002563477e+00
3.955291271209716797e+00
3.956178665161132812e+00
3.957064628601074219e+00
3.957949638366699219e+00
3.958833694458007812e+00
3.959716558456420898e+00
3.960598468780517578e+00
3.961479187011718750e+00
3.962358951568603516e+00
3.963237285614013672e+00
3.964115142822265625e+00
3.964991807937622070e+00
3.965866804122924805e+00
3.966741561889648438e+00
3.967614650726318359e+00
3.968487262725830078e+00
3.969358921051025391e+00
3.970229625701904297e+00
3.971098899841308594e+00
3.971967697143554688e+00
3.972835540771484375e+00
3.973702192306518555e+00
3.974567651748657227e+00
3.975432395935058594e+00
3.976296424865722656e+00
3.977160215377807617e+00
3.978022098541259766e+00
3.978883266448974609e+00
3.979743957519531250e+00
3.980603694915771484e+00
3.981462001800537109e+00
3.982320070266723633e+00
3.983177185058593750e+00
3.984033584594726562e+00
3.984889030456542969e+00
3.985743522644042969e+00
3.986597537994384766e+00
3.987450361251831055e+00
3.988302707672119141e+00
3.989154338836669922e+00
3.990005016326904297e+00
3.990855216979980469e+00
3.991704463958740234e+00
3.992552757263183594e+00
3.993400812149047852e+00
3.994247674942016602e+00
3.995094060897827148e+00
3.995939731597900391e+00
3.996784448623657227e+00
3.997628927230834961e+00
3.998472452163696289e+00
3.999315261840820312e+00
4.000157833099365234e+00
4.000999450683593750e+00
4.001840591430664062e+00
4.002680301666259766e+00
4.003520011901855469e+00
4.004359245300292969e+00
4.005197525024414062e+00
4.006035327911376953e+00
4.006872177124023438e+00
4.007709026336669922e+00
4.008544921875000000e+00
4.009380340576171875e+00
4.010215282440185547e+00
4.011049747467041016e+00
4.011883735656738281e+00
4.012716770172119141e+00
4.013549327850341797e+00
4.014381408691406250e+00
4.015213012695312500e+00
4.016044616699218750e+00
4.016874790191650391e+00
4.017704963684082031e+00
4.018534660339355469e+00
4.019363403320312500e+00
4.020191669464111328e+00
4.021019935607910156e+00
4.021847248077392578e+00
4.022674560546875000e+00
4.023500919342041016e+00
4.024327278137207031e+00
4.025153160095214844e+00
4.025978565216064453e+00
4.026803016662597656e+00
4.027627944946289062e+00
4.028451919555664062e+00
4.029275894165039062e+00
4.030098438262939453e+00
4.030921459197998047e+00
4.031744003295898438e+00
4.032566070556640625e+00
4.033388137817382812e+00
4.034209251403808594e+00
4.035029888153076172e+00
4.035851001739501953e+00
4.036671161651611328e+00
4.037491321563720703e+00
4.038310050964355469e+00
4.039129734039306641e+00
4.039948463439941406e+00
4.040766716003417969e+00
4.041584968566894531e+00
4.042402744293212891e+00
4.043220043182373047e+00
4.044037818908691406e+00
4.044854640960693359e+00
4.045670986175537109e+00
4.046487331390380859e+00
4.047303676605224609e+00
4.048119544982910156e+00
4.048934936523437500e+00
4.049750328063964844e+00
4.050565719604492188e+00
4.051380157470703125e+00
4.052194595336914062e+00
4.053009033203125000e+00
4.053822517395019531e+00
4.054636955261230469e+00
4.055450439453125000e+00
4.056263446807861328e+00
4.057076930999755859e+00
4.057889461517333984e+00
4.058702468872070312e+00
4.059514999389648438e+00
4.060327529907226562e+00
4.061139583587646484e+00
4.061951637268066406e+00
4.062763690948486328e+00
4.063575267791748047e+00
4.064386844635009766e+00
4.065197944641113281e+00
4.066009044647216797e+00
4.066820144653320312e+00
4.067630767822265625e+00
4.068441390991210938e+00
4.069252014160156250e+00
4.070062160491943359e+00
4.070872306823730469e+00
4.071682453155517578e+00
4.072492599487304688e+00
4.073302745819091797e+00
4.074112415313720703e+00
4.074922084808349609e+00
4.075731754302978516e+00
4.076540946960449219e+00
4.077350616455078125e+00
4.078159332275390625e+00
4.078969001770019531e+00
4.079778194427490234e+00
4.080586910247802734e+00
4.081396102905273438e+00
4.082204818725585938e+00
4.083013534545898438e+00
4.083822250366210938e+00
4.084630966186523438e+00
4.085439205169677734e+00
4.086248397827148438e+00
4.087056636810302734e+00
4.087864875793457031e+00
4.088673591613769531e+00
4.089481353759765625e+00
4.090290069580078125e+00
4.091098308563232422e+00
4.091906547546386719e+00
4.092715263366699219e+00
4.093523502349853516e+00
4.094331741333007812e+00
4.095139980316162109e+00
4.095948219299316406e+00
4.096756935119628906e+00
4.097564697265625000e+00
4.098372936248779297e+00
4.099181175231933594e+00
4.099989891052246094e+00
4.100797653198242188e+00
4.101605892181396484e+00
4.102414131164550781e+00
4.103222846984863281e+00
4.104030609130859375e+00
4.104839324951171875e+00
4.105648040771484375e+00
4.106456756591796875e+00
4.107264995574951172e+00
4.108073711395263672e+00
4.108881950378417969e+00
4.109691143035888672e+00
4.110499382019042969e+00
4.111308574676513672e+00
4.112117767333984375e+00
4.112926483154296875e+00
4.113735675811767578e+00
4.114544391632080078e+00
4.115353584289550781e+00
4.116163253784179688e+00
4.116972446441650391e+00
4.117781639099121094e+00
4.118591308593750000e+00
4.119400978088378906e+00
4.120211124420166016e+00
4.121020317077636719e+00
4.121829986572265625e+00
4.122640609741210938e+00
4.123450279235839844e+00
4.124259948730468750e+00
4.125070571899414062e+00
4.125881195068359375e+00
4.126691818237304688e+00
4.127502441406250000e+00
4.128313064575195312e+00
4.129123687744140625e+00
4.129934310913085938e+00
4.130745887756347656e+00
4.131556510925292969e+00
4.132368087768554688e+00
4.133179664611816406e+00
4.133991241455078125e+00
4.134802818298339844e+00
4.135615348815917969e+00
4.136426925659179688e+00
4.137239456176757812e+00
4.138051033020019531e+00
4.138863563537597656e+00
4.139676570892333984e+00
4.140489578247070312e+00
4.141302108764648438e+00
4.142115592956542969e+00
4.142929077148437500e+00
4.143742561340332031e+00
4.144555568695068359e+00
4.145369529724121094e+00
4.146183490753173828e+00
4.146997451782226562e+00
4.147811889648437500e+00
4.148626327514648438e+00
4.149441242218017578e+00
4.150255203247070312e+00
4.151070594787597656e+00
4.151885509490966797e+00
4.152700424194335938e+00
4.153516769409179688e+00
4.154332160949707031e+00
4.155147552490234375e+00
4.155963897705078125e+00
4.156780242919921875e+00
4.157597064971923828e+00
4.158413410186767578e+00
4.159230232238769531e+00
4.160047531127929688e+00
4.160864830017089844e+00
4.161682128906250000e+00
4.162500381469726562e+00
4.163318157196044922e+00
4.164136409759521484e+00
4.164955139160156250e+00
4.165773391723632812e+00
4.166592121124267578e+00
4.167410850524902344e+00
4.168230056762695312e+00
4.169049739837646484e+00
4.169869422912597656e+00
4.170688629150390625e+00
4.171508789062500000e+00
4.172329425811767578e+00
4.173150062561035156e+00
4.173971176147460938e+00
4.174791812896728516e+00
4.175613403320312500e+00
4.176434516906738281e+00
4.177256584167480469e+00
4.178078651428222656e+00
4.178900718688964844e+00
4.179722785949707031e+00
4.180545806884765625e+00
4.181368827819824219e+00
4.182191848754882812e+00
4.183015823364257812e+00
4.183838844299316406e+00
4.184663295745849609e+00
4.185486793518066406e+00
4.186311244964599609e+00
4.187135696411132812e+00
4.187960624694824219e+00
4.188785552978515625e+00
4.189610958099365234e+00
4.190436363220214844e+00
4.191262245178222656e+00
4.192089080810546875e+00
4.192914962768554688e+00
4.193741321563720703e+00
4.194568157196044922e+00
4.195395469665527344e+00
4.196222782135009766e+00
4.197050094604492188e+00
4.197877883911132812e+00
4.198706626892089844e+00
4.199534416198730469e+00
4.200363636016845703e+00
4.201192855834960938e+00
4.202021598815917969e+00
4.202851295471191406e+00
4.203681468963623047e+00
4.204511165618896484e+00
4.205341339111328125e+00
4.206171989440917969e+00
4.207002639770507812e+00
4.207834243774414062e+00
4.208665370941162109e+00
4.209496974945068359e+00
4.210328102111816406e+00
4.211161613464355469e+00
4.211993217468261719e+00
4.212826251983642578e+00
4.213658809661865234e+00
4.214492321014404297e+00
4.215326309204101562e+00
4.216159820556640625e+00
4.216993331909179688e+00
4.217827796936035156e+00
4.218662738800048828e+00
4.219497680664062500e+00
4.220332622528076172e+00
4.221168518066406250e+00
4.222003936767578125e+00
4.222839832305908203e+00
4.223676204681396484e+00
4.224513053894042969e+00
4.225349426269531250e+00
4.226186752319335938e+00
4.227024555206298828e+00
4.227861881256103516e+00
4.228699684143066406e+00
4.229538917541503906e+00
4.230377197265625000e+00
4.231215953826904297e+00
4.232055187225341797e+00
4.232894420623779297e+00
4.233734130859375000e+00
4.234573364257812500e+00
4.235414028167724609e+00
4.236254215240478516e+00
4.237095355987548828e+00
4.237936019897460938e+00
4.238777160644531250e+00
4.239619255065917969e+00
4.240461349487304688e+00
4.241303920745849609e+00
4.242146015167236328e+00
4.242988586425781250e+00
4.243832588195800781e+00
4.244675636291503906e+00
4.245519638061523438e+00
4.246362686157226562e+00
4.247207641601562500e+00
4.248052120208740234e+00
4.248896598815917969e+00
4.249742031097412109e+00
4.250587463378906250e+00
4.251432895660400391e+00
4.252279281616210938e+00
4.253125667572021484e+00
4.253971576690673828e+00
4.254818916320800781e+00
4.255665779113769531e+00
4.256513118743896484e+00
4.257360935211181641e+00
4.258209228515625000e+00
4.259057044982910156e+00
4.259905338287353516e+00
4.260753631591796875e+00
4.261603355407714844e+00
4.262452602386474609e+00
4.263302326202392578e+00
4.264152526855468750e+00
4.265002727508544922e+00
4.265852928161621094e+00
4.266704082489013672e+00
4.267555236816406250e+00
4.268405914306640625e+00
4.269257545471191406e+00
4.270109653472900391e+00
4.270961761474609375e+00
4.271814823150634766e+00
4.272666931152343750e+00
4.273519992828369141e+00
4.274373054504394531e+00
4.275227069854736328e+00
4.276080608367919922e+00
4.276935100555419922e+00
4.277789592742919922e+00
4.278645038604736328e+00
4.279499053955078125e+00
4.280354499816894531e+00
4.281209945678710938e+00
4.282065868377685547e+00
4.282922267913818359e+00
4.283779144287109375e+00
4.284635066986083984e+00
4.285492420196533203e+00
4.286349296569824219e+00
4.287206649780273438e+00
4.288064956665039062e+00
4.288922786712646484e+00
4.289780616760253906e+00
4.290639400482177734e+00
4.291498184204101562e+00
4.292357444763183594e+00
4.293216705322265625e+00
4.294076919555664062e+00
4.294936656951904297e+00
4.295796394348144531e+00
4.296657562255859375e+00
4.297518730163574219e+00
4.298378944396972656e+00
4.299240112304687500e+00
4.300102233886718750e+00
4.300963878631591797e+00
4.301826000213623047e+00
4.302688121795654297e+00
4.303551197052001953e+00
4.304413795471191406e+00
4.305276870727539062e+00
4.306139945983886719e+00
4.307003974914550781e+00
4.307868003845214844e+00
4.308732032775878906e+00
4.309597015380859375e+00
4.310461044311523438e+00
4.311326026916503906e+00
4.312191963195800781e+00
4.313056945800781250e+00
4.313922405242919922e+00
4.314788818359375000e+00
4.315655231475830078e+00
4.316521644592285156e+00
4.317388534545898438e+00
4.318255424499511719e+00
4.319122314453125000e+00
4.319990158081054688e+00
4.320858001708984375e+00
4.321725845336914062e+00
4.322594642639160156e+00
4.323462486267089844e+00
4.324331760406494141e+00
4.325201034545898438e+00
4.326069831848144531e+00
4.326939582824707031e+00
4.327809333801269531e+00
4.328679561614990234e+00
4.329549789428710938e+00
4.330420017242431641e+00
4.331290245056152344e+00
4.332161426544189453e+00
4.333032608032226562e+00
4.333904266357421875e+00
4.334775924682617188e+00
4.335647583007812500e+00
4.336520195007324219e+00
4.337392807006835938e+00
4.338264942169189453e+00
4.339137554168701172e+00
4.340011119842529297e+00
4.340884208679199219e+00
4.341758251190185547e+00
4.342632293701171875e+00
4.343505859375000000e+00
4.344379901885986328e+00
4.345254898071289062e+00
4.346128940582275391e+00
4.347003936767578125e+00
4.347879409790039062e+00
4.348754405975341797e+00
4.349630355834960938e+00
4.350505828857421875e+00
4.351382255554199219e+00
4.352257728576660156e+00
4.353134632110595703e+00
4.354011058807373047e+00
4.354887962341308594e+00
4.355764865875244141e+00
4.356642723083496094e+00
4.357520103454589844e+00
4.358397483825683594e+00
4.359275817871093750e+00
4.360153675079345703e+00
4.361032485961914062e+00
4.361910820007324219e+00
4.362790107727050781e+00
4.363667964935302734e+00
4.364547729492187500e+00
4.365427017211914062e+00
4.366306304931640625e+00
4.367186546325683594e+00
4.368065834045410156e+00
4.368946075439453125e+00
4.369826793670654297e+00
4.370707035064697266e+00
4.371587753295898438e+00
4.372468948364257812e+00
4.373350143432617188e+00
4.374231338500976562e+00
4.375112533569335938e+00
4.375994682312011719e+00
4.376876354217529297e+00
4.377758502960205078e+00
4.378641128540039062e+00
4.379523277282714844e+00
4.380405426025390625e+00
4.381288051605224609e+00
4.382171630859375000e+00
4.383054733276367188e+00
4.383937835693359375e+00
4.384820938110351562e+00
4.385704994201660156e+00
4.386589050292968750e+00
4.387473106384277344e+00
4.388357162475585938e+00
4.389242172241210938e+00
4.390126705169677734e+00
4.391011238098144531e+00
4.391896247863769531e+00
4.392780780792236328e+00
4.393666267395019531e+00
4.394551753997802734e+00
4.395437240600585938e+00
4.396322727203369141e+00
4.397208213806152344e+00
4.398094177246093750e+00
4.398981094360351562e+00
4.399867057800292969e+00
4.400753498077392578e+00
4.401640415191650391e+00
4.402526855468750000e+00
4.403413772583007812e+00
4.404300689697265625e+00
4.405188083648681641e+00
4.406075477600097656e+00
4.406962871551513672e+00
4.407850265502929688e+00
4.408738136291503906e+00
4.409626483917236328e+00
4.410514354705810547e+00
4.411402225494384766e+00
4.412290573120117188e+00
4.413178920745849609e+00
4.414067268371582031e+00
4.414956569671630859e+00
4.415844917297363281e+00
4.416734695434570312e+00
4.417623519897460938e+00
4.418512344360351562e+00
4.419402122497558594e+00
4.420290946960449219e+00
4.421180725097656250e+00
4.422070503234863281e+00
4.422960281372070312e+00
4.423850536346435547e+00
4.424740791320800781e+00
4.425631046295166016e+00
4.426521301269531250e+00
4.427411556243896484e+00
4.428302288055419922e+00
4.429192543029785156e+00
4.430083274841308594e+00
4.430974483489990234e+00
4.431865215301513672e+00
4.432755947113037109e+00
4.433647632598876953e+00
4.434538841247558594e+00
4.435430526733398438e+00
4.436321258544921875e+00
4.437213420867919922e+00
4.438104629516601562e+00
4.438996315002441406e+00
4.439888000488281250e+00
4.440779685974121094e+00
4.441672325134277344e+00
4.442564487457275391e+00
4.443456649780273438e+00
4.444349288940429688e+00
4.445240974426269531e+00
4.446133613586425781e+00
4.447026252746582031e+00
4.447918891906738281e+00
4.448811531066894531e+00
4.449704170227050781e+00
4.450597286224365234e+00
4.451490402221679688e+00
4.452383041381835938e+00
4.453276157379150391e+00
4.454169273376464844e+00
4.455062389373779297e+00
4.455955982208251953e+00
4.456849098205566406e+00
4.457742691040039062e+00
4.458635330200195312e+00
4.459529876708984375e+00
4.460423469543457031e+00
4.461316585540771484e+00
4.462210655212402344e+00
4.463104724884033203e+00
4.463997840881347656e+00
4.464891910552978516e+00
4.465785980224609375e+00
4.466680049896240234e+00
4.467574119567871094e+00
4.468467712402343750e+00
4.469362258911132812e+00
4.470255851745605469e+00
4.471150398254394531e+00
4.472043991088867188e+00
4.472938537597656250e+00
4.473833084106445312e+00
4.474727153778076172e+00
4.475621223449707031e+00
4.476515769958496094e+00
4.477409839630126953e+00
4.478304386138916016e+00
4.479198455810546875e+00
4.480093002319335938e+00
4.480987548828125000e+00
4.481882095336914062e+00
4.482776165008544922e+00
4.483671188354492188e+00
4.484565734863281250e+00
4.485460281372070312e+00
4.486354827880859375e+00
4.487249374389648438e+00
4.488143920898437500e+00
4.489038467407226562e+00
4.489933013916015625e+00
4.490827560424804688e+00
4.491723060607910156e+00
4.492617607116699219e+00
4.493512153625488281e+00
4.494406700134277344e+00
4.495301723480224609e+00
4.496196269989013672e+00
4.497090339660644531e+00
4.497985363006591797e+00
4.498879432678222656e+00
4.499774932861328125e+00
4.500669002532958984e+00
4.501564025878906250e+00
4.502458572387695312e+00
4.503353118896484375e+00
4.504247665405273438e+00
4.505142211914062500e+00
4.506036758422851562e+00
4.506931304931640625e+00
4.507825851440429688e+00
4.508720397949218750e+00
4.509614467620849609e+00
4.510509014129638672e+00
4.511403083801269531e+00
4.512297630310058594e+00
4.513192176818847656e+00
4.514085769653320312e+00
4.514979839324951172e+00
4.515874862670898438e+00
4.516768455505371094e+00
4.517663002014160156e+00
4.518556594848632812e+00
4.519450664520263672e+00
4.520344734191894531e+00
4.521238327026367188e+00
4.522132873535156250e+00
4.523026466369628906e+00
4.523919582366943359e+00
4.524813652038574219e+00
4.525707721710205078e+00
4.526601314544677734e+00
4.527495384216308594e+00
4.528388023376464844e+00
4.529281616210937500e+00
4.530175209045410156e+00
4.531068801879882812e+00
4.531961917877197266e+00
4.532855033874511719e+00
4.533748626708984375e+00
4.534641265869140625e+00
4.535533905029296875e+00
4.536427021026611328e+00
4.537320137023925781e+00
4.538212776184082031e+00
4.539105415344238281e+00
4.539998054504394531e+00
4.540890693664550781e+00
4.541782855987548828e+00
4.542675018310546875e+00
4.543567657470703125e+00
4.544459342956542969e+00
4.545351505279541016e+00
4.546243667602539062e+00
4.547136306762695312e+00
4.548027038574218750e+00
4.548918724060058594e+00
4.549810409545898438e+00
4.550702095031738281e+00
4.551593780517578125e+00
4.552485466003417969e+00
4.553375720977783203e+00
4.554266929626464844e+00
4.555158138275146484e+00
4.556048870086669922e+00
4.556940078735351562e+00
4.557830810546875000e+00
4.558721542358398438e+00
4.559611320495605469e+00
4.560502052307128906e+00
4.561392784118652344e+00
4.562282562255859375e+00
4.563172340393066406e+00
4.564062118530273438e+00
4.564952373504638672e+00
4.565841674804687500e+00
4.566730976104736328e+00
4.567620754241943359e+00
4.568510055541992188e+00
4.569398880004882812e+00
4.570288181304931641e+00
4.571176528930664062e+00
4.572065830230712891e+00
4.572954177856445312e+00
4.573842525482177734e+00
4.574730873107910156e+00
4.575618743896484375e+00
4.576507091522216797e+00
4.577394962310791016e+00
4.578282833099365234e+00
4.579170227050781250e+00
4.580058097839355469e+00
4.580945014953613281e+00
4.581832408905029297e+00
4.582718849182128906e+00
4.583606243133544922e+00
4.584492683410644531e+00
4.585379123687744141e+00
4.586265563964843750e+00
4.587151527404785156e+00
4.588037490844726562e+00
4.588923454284667969e+00
4.589809417724609375e+00
4.590694904327392578e+00
4.591580390930175781e+00
4.592465400695800781e+00
4.593350410461425781e+00
4.594235420227050781e+00
4.595120429992675781e+00
4.596004962921142578e+00
4.596889495849609375e+00
4.597773075103759766e+00
4.598657131195068359e+00
4.599540710449218750e+00
4.600424289703369141e+00
4.601308345794677734e+00
4.602191448211669922e+00
4.603074073791503906e+00
4.603958129882812500e+00
4.604840278625488281e+00
4.605722904205322266e+00
4.606604576110839844e+00
4.607487678527832031e+00
4.608369350433349609e+00
4.609251022338867188e+00
4.610132694244384766e+00
4.611013889312744141e+00
4.611894607543945312e+00
4.612775802612304688e+00
4.613656520843505859e+00
4.614537239074707031e+00
4.615417480468750000e+00
4.616297721862792969e+00
4.617177963256835938e+00
4.618057250976562500e+00
4.618936538696289062e+00
4.619816303253173828e+00
4.620695114135742188e+00
4.621573448181152344e+00
4.622452735900878906e+00
4.623331069946289062e+00
4.624209403991699219e+00
4.625086784362792969e+00
4.625965118408203125e+00
4.626842498779296875e+00
4.627719879150390625e+00
4.628597259521484375e+00
4.629473686218261719e+00
4.630350112915039062e+00
4.631226539611816406e+00
4.632102966308593750e+00
4.632978916168212891e+00
4.633854866027832031e+00
4.634730339050292969e+00
4.635604858398437500e+00
4.636479854583740234e+00
4.637354373931884766e+00
4.638229370117187500e+00
4.639102935791015625e+00
4.639976978302001953e+00
4.640851020812988281e+00
4.641724586486816406e+00
4.642597198486328125e+00
4.643470287322998047e+00
4.644342422485351562e+00
4.645215034484863281e+00
4.646087646484375000e+00
4.646959304809570312e+00
4.647830963134765625e+00
4.648703098297119141e+00
4.649574279785156250e+00
4.650444984436035156e+00
4.651315689086914062e+00
4.652186393737792969e+00
4.653056144714355469e+00
4.653925895690917969e+00
4.654795646667480469e+00
4.655664443969726562e+00
4.656533718109130859e+00
4.657402992248535156e+00
4.658271312713623047e+00
4.659139633178710938e+00
4.660007476806640625e+00
4.660875320434570312e+00
4.661743164062500000e+00
4.662610054016113281e+00
4.663476943969726562e+00
4.664342880249023438e+00
4.665209770202636719e+00
4.666075229644775391e+00
4.666940689086914062e+00
4.667806625366210938e+00
4.668671607971191406e+00
4.669536590576171875e+00
4.670401096343994141e+00
4.671265602111816406e+00
4.672129631042480469e+00
4.672993659973144531e+00
4.673856735229492188e+00
4.674719810485839844e+00
4.675582408905029297e+00
4.676445007324218750e+00
4.677307128906250000e+00
4.678169250488281250e+00
4.679031372070312500e+00
4.679892063140869141e+00
4.680753707885742188e+00
4.681613922119140625e+00
4.682474613189697266e+00
4.683334350585937500e+00
4.684194564819335938e+00
4.685053825378417969e+00
4.685913085937500000e+00
4.686771869659423828e+00
4.687630176544189453e+00
4.688488483428955078e+00
4.689346313476562500e+00
4.690204143524169922e+00
4.691061496734619141e+00
4.691918373107910156e+00
4.692774772644042969e+00
4.693631172180175781e+00
4.694487571716308594e+00
4.695343017578125000e+00
4.696198463439941406e+00
4.697053432464599609e+00
4.697907924652099609e+00
4.698762416839599609e+00
4.699616432189941406e+00
4.700469970703125000e+00
4.701322555541992188e+00
4.702176094055175781e+00
4.703028678894042969e+00
4.703881263732910156e+00
4.704733371734619141e+00
4.705585479736328125e+00
4.706436157226562500e+00
4.707287311553955078e+00
4.708137512207031250e+00
4.708988189697265625e+00
4.709837913513183594e+00
4.710687637329101562e+00
4.711536884307861328e+00
4.712385654449462891e+00
4.713233947753906250e+00
4.714081764221191406e+00
4.714931011199951172e+00
4.715778350830078125e+00
4.716625690460205078e+00
4.717473030090332031e+00
4.718318939208984375e+00
4.719165802001953125e+00
4.720011234283447266e+00
4.720856666564941406e+00
4.721701622009277344e+00
4.722546577453613281e+00
4.723391056060791016e+00
4.724235057830810547e+00
4.725078105926513672e+00
4.725921630859375000e+00
4.726765155792236328e+00
4.727607727050781250e+00
4.728449821472167969e+00
4.729291915893554688e+00
4.730133056640625000e+00
4.730974197387695312e+00
4.731815338134765625e+00
4.732655525207519531e+00
4.733495712280273438e+00
4.734335422515869141e+00
4.735174655914306641e+00
4.736013412475585938e+00
4.736851692199707031e+00
4.737689971923828125e+00
4.738528251647949219e+00
4.739365577697753906e+00
4.740201950073242188e+00
4.741039276123046875e+00
4.741875648498535156e+00
4.742711544036865234e+00
4.743546962738037109e+00
4.744382381439208984e+00
4.745217323303222656e+00
4.746051788330078125e+00
4.746885299682617188e+00
4.747719287872314453e+00
4.748552322387695312e+00
4.749384880065917969e+00
4.750217437744140625e+00
4.751049518585205078e+00
4.751880645751953125e+00
4.752712726593017578e+00
4.753543853759765625e+00
4.754374504089355469e+00
4.755204200744628906e+00
4.756033897399902344e+00
4.756863117218017578e+00
4.757691383361816406e+00
4.758520126342773438e+00
4.759348392486572266e+00
4.760176658630371094e+00
4.761003494262695312e+00
4.761831283569335938e+00
4.762657642364501953e+00
4.763483524322509766e+00
4.764309883117675781e+00
4.765134334564208984e+00
4.765959739685058594e+00
4.766784667968750000e+00
4.767608642578125000e+00
4.768432617187500000e+00
4.769256114959716797e+00
4.770078659057617188e+00
4.770901679992675781e+00
4.771722793579101562e+00
4.772544860839843750e+00
4.773366451263427734e+00
4.774188041687011719e+00
4.775008201599121094e+00
4.775828361511230469e+00
4.776647567749023438e+00
4.777466773986816406e+00
4.778285980224609375e+00
4.779104232788085938e+00
4.779922485351562500e+00
4.780739784240722656e+00
4.781557083129882812e+00
4.782373905181884766e+00
4.783190250396728516e+00
4.784006118774414062e+00
4.784821510314941406e+00
4.785636901855468750e+00
4.786451339721679688e+00
4.787265777587890625e+00
4.788079261779785156e+00
4.788892745971679688e+00
4.789705276489257812e+00
4.790518760681152344e+00
4.791330337524414062e+00
4.792141914367675781e+00
4.792953491210937500e+00
4.793764114379882812e+00
4.794574737548828125e+00
4.795384883880615234e+00
4.796194553375244141e+00
4.797003269195556641e+00
4.797811508178710938e+00
4.798620223999023438e+00
4.799428462982177734e+00
4.800236225128173828e+00
4.801042556762695312e+00
4.801848888397216797e+00
4.802655220031738281e+00
4.803460597991943359e+00
4.804265975952148438e+00
4.805071353912353516e+00
4.805875778198242188e+00
4.806679725646972656e+00
4.807482719421386719e+00
4.808286190032958984e+00
4.809089660644531250e+00
4.809891223907470703e+00
4.810693264007568359e+00
4.811494827270507812e+00
4.812295436859130859e+00
4.813096046447753906e+00
4.813896179199218750e+00
4.814695358276367188e+00
4.815494537353515625e+00
4.816293239593505859e+00
4.817091941833496094e+00
4.817889213562011719e+00
4.818686485290527344e+00
4.819483757019042969e+00
4.820280551910400391e+00
4.821076869964599609e+00
4.821872711181640625e+00
4.822668075561523438e+00
4.823462486267089844e+00
4.824256896972656250e+00
4.825050354003906250e+00
4.825843811035156250e+00
4.826637268066406250e+00
4.827429771423339844e+00
4.828221321105957031e+00
4.829013347625732422e+00
4.829804897308349609e+00
4.830595016479492188e+00
4.831385135650634766e+00
4.832175731658935547e+00
4.832964897155761719e+00
4.833753585815429688e+00
4.834542274475097656e+00
4.835330486297607422e+00
4.836117744445800781e+00
4.836905479431152344e+00
4.837691307067871094e+00
4.838478088378906250e+00
4.839263916015625000e+00
4.840048789978027344e+00
4.840833663940429688e+00
4.841618537902832031e+00
4.842402458190917969e+00
4.843184947967529297e+00
4.843968391418457031e+00
4.844751358032226562e+00
4.845533370971679688e+00
4.846314907073974609e+00
4.847096920013427734e+00
4.847877502441406250e+00
4.848657608032226562e+00
4.849436759948730469e+00
4.850216865539550781e+00
4.850995540618896484e+00
4.851774215698242188e+00
4.852551460266113281e+00
4.853329658508300781e+00
4.854106426239013672e+00
4.854883193969726562e+00
4.855659484863281250e+00
4.856434822082519531e+00
4.857210159301757812e+00
4.857985496520996094e+00
4.858759880065917969e+00
4.859533309936523438e+00
4.860307216644287109e+00
4.861080169677734375e+00
4.861852645874023438e+00
4.862624168395996094e+00
4.863395690917968750e+00
4.864167213439941406e+00
4.864937782287597656e+00
4.865707397460937500e+00
4.866477012634277344e+00
4.867246627807617188e+00
4.868014812469482422e+00
4.868783950805664062e+00
4.869551181793212891e+00
4.870317935943603516e+00
4.871085166931152344e+00
4.871851444244384766e+00
4.872617244720458984e+00
4.873383045196533203e+00
4.874147891998291016e+00
4.874912261962890625e+00
4.875676155090332031e+00
4.876440048217773438e+00
4.877203941345214844e+00
4.877965927124023438e+00
4.878728389739990234e+00
4.879490852355957031e+00
4.880251884460449219e+00
4.881012916564941406e+00
4.881773471832275391e+00
4.882533073425292969e+00
4.883292675018310547e+00
4.884051799774169922e+00
4.884809494018554688e+00
4.885568141937255859e+00
4.886325836181640625e+00
4.887083053588867188e+00
4.887839317321777344e+00
4.888595581054687500e+00
4.889350891113281250e+00
4.890106201171875000e+00
4.890861034393310547e+00
4.891614913940429688e+00
4.892369270324707031e+00
4.893122196197509766e+00
4.893875122070312500e+00
4.894627571105957031e+00
4.895380020141601562e+00
4.896131038665771484e+00
4.896881580352783203e+00
4.897632122039794922e+00
4.898382186889648438e+00
4.899131774902343750e+00
4.899881362915039062e+00
4.900629997253417969e+00
4.901378154754638672e+00
4.902125358581542969e+00
4.902873039245605469e+00
4.903619766235351562e+00
4.904366016387939453e+00
4.905111312866210938e+00
4.905857086181640625e+00
4.906601905822753906e+00
4.907346725463867188e+00
4.908090114593505859e+00
4.908833503723144531e+00
4.909576892852783203e+00
4.910319328308105469e+00
4.911061286926269531e+00
4.911803245544433594e+00
4.912543773651123047e+00
4.913284301757812500e+00
4.914024353027343750e+00
4.914763927459716797e+00
4.915502548217773438e+00
4.916241645812988281e+00
4.916979789733886719e+00
4.917717933654785156e+00
4.918455123901367188e+00
4.919191837310791016e+00
4.919928073883056641e+00
4.920663833618164062e+00
4.921399116516113281e+00
4.922134399414062500e+00
4.922868728637695312e+00
4.923602104187011719e+00
4.924335479736328125e+00
4.925068855285644531e+00
4.925800800323486328e+00
4.926532745361328125e+00
4.927264213562011719e+00
4.927995204925537109e+00
4.928726196289062500e+00
4.929455757141113281e+00
4.930185794830322266e+00
4.930914878845214844e+00
4.931643486022949219e+00
4.932372093200683594e+00
4.933099746704101562e+00
4.933826923370361328e+00
4.934553623199462891e+00
4.935280799865722656e+00
4.936005592346191406e+00
4.936731338500976562e+00
4.937456130981445312e+00
4.938180923461914062e+00
4.938904762268066406e+00
4.939628124237060547e+00
4.940351009368896484e+00
4.941072940826416016e+00
4.941795825958251953e+00
4.942517280578613281e+00
4.943238258361816406e+00
4.943959236145019531e+00
4.944678783416748047e+00
4.945398330688476562e+00
4.946118354797363281e+00
4.946835994720458984e+00
4.947554588317871094e+00
4.948272705078125000e+00
4.948989868164062500e+00
4.949706077575683594e+00
4.950422763824462891e+00
4.951138973236083984e+00
4.951854228973388672e+00
4.952569007873535156e+00
4.953283309936523438e+00
4.953997611999511719e+00
4.954710960388183594e+00
4.955424308776855469e+00
4.956136226654052734e+00
4.956849098205566406e+00
4.957560539245605469e+00
4.958271980285644531e+00
4.958981990814208984e+00
4.959692478179931641e+00
4.960402488708496094e+00
4.961111545562744141e+00
4.961820125579833984e+00
4.962528228759765625e+00
4.963236808776855469e+00
4.963943958282470703e+00
4.964650630950927734e+00
4.965356826782226562e+00
4.966063022613525391e+00
4.966768264770507812e+00
4.967473983764648438e+00
4.968177795410156250e+00
4.968882083892822266e+00
4.969585418701171875e+00
4.970288753509521484e+00
4.970991134643554688e+00
4.971693515777587891e+00
4.972394943237304688e+00
4.973096370697021484e+00
4.973796844482421875e+00
4.974497318267822266e+00
4.975196361541748047e+00
4.975895881652832031e+00
4.976594924926757812e+00
4.977293014526367188e+00
4.977991104125976562e+00
4.978688240051269531e+00
4.979385375976562500e+00
4.980082035064697266e+00
4.980777740478515625e+00
4.981472969055175781e+00
4.982168674468994141e+00
4.982863426208496094e+00
4.983557224273681641e+00
4.984251022338867188e+00
4.984944343566894531e+00
4.985636711120605469e+00
4.986329555511474609e+00
4.987020969390869141e+00
4.987712383270263672e+00
4.988402843475341797e+00
4.989092826843261719e+00
4.989783287048339844e+00
4.990472316741943359e+00
4.991161346435546875e+00
4.991849899291992188e+00
4.992537975311279297e+00
4.993225097656250000e+00
4.993912696838378906e+00
4.994598865509033203e+00
4.995284557342529297e+00
4.995970249176025391e+00
4.996655464172363281e+00
4.997340679168701172e+00
4.998023986816406250e+00
4.998708724975585938e+00
4.999391555786132812e+00
5.000074386596679688e+00
5.000757217407226562e+00
5.001438617706298828e+00
5.002120018005371094e+00
5.002800941467285156e+00
5.003481864929199219e+00
5.004161357879638672e+00
5.004841327667236328e+00
5.005519866943359375e+00
5.006198883056640625e+00
5.006876945495605469e+00
5.007554531097412109e+00
5.008232116699218750e+00
5.008908271789550781e+00
5.009584426879882812e+00
5.010260581970214844e+00
5.010935783386230469e+00
5.011610984802246094e+00
5.012285232543945312e+00
5.012959003448486328e+00
5.013632774353027344e+00
5.014306068420410156e+00
5.014978885650634766e+00
5.015650749206542969e+00
5.016322135925292969e+00
5.016993522644042969e+00
5.017663478851318359e+00
5.018334388732910156e+00
5.019003868103027344e+00
5.019673347473144531e+00
5.020341873168945312e+00
5.021011352539062500e+00
5.021678924560546875e+00
5.022346496582031250e+00
5.023013114929199219e+00
5.023680210113525391e+00
5.024346351623535156e+00
5.025011062622070312e+00
5.025676727294921875e+00
5.026341438293457031e+00
5.027005195617675781e+00
5.027669906616210938e+00
5.028332233428955078e+00
5.028995513916015625e+00
5.029656887054443359e+00
5.030319213867187500e+00
5.030981063842773438e+00
5.031641960144042969e+00
5.032302379608154297e+00
5.032962799072265625e+00
5.033621788024902344e+00
5.034280776977539062e+00
5.034939765930175781e+00
5.035598278045654297e+00
5.036255836486816406e+00
5.036912918090820312e+00
5.037569999694824219e+00
5.038226127624511719e+00
5.038882255554199219e+00
5.039537906646728516e+00
5.040193080902099609e+00
5.040847778320312500e+00
5.041501045227050781e+00
5.042155265808105469e+00
5.042808532714843750e+00
5.043460369110107422e+00
5.044113159179687500e+00
5.044764518737792969e+00
5.045416355133056641e+00
5.046066761016845703e+00
5.046717166900634766e+00
5.047367095947265625e+00
5.048016071319580078e+00
5.048665523529052734e+00
5.049314498901367188e+00
5.049962520599365234e+00
5.050610065460205078e+00
5.051257133483886719e+00
5.051903724670410156e+00
5.052550315856933594e+00
5.053195953369140625e+00
5.053841590881347656e+00
5.054486274719238281e+00
5.055130958557128906e+00
5.055775165557861328e+00
5.056418895721435547e+00
5.057061672210693359e+00
5.057703971862792969e+00
5.058345794677734375e+00
5.058988094329833984e+00
5.059628963470458984e+00
5.060269355773925781e+00
5.060910224914550781e+00
5.061550140380859375e+00
5.062190055847167969e+00
5.062828540802001953e+00
5.063467502593994141e+00
5.064105033874511719e+00
5.064742565155029297e+00
5.065380096435546875e+00
5.066016674041748047e+00
5.066653251647949219e+00
5.067288875579833984e+00
5.067923545837402344e+00
5.068558692932128906e+00
5.069192886352539062e+00
5.069827079772949219e+00
5.070461273193359375e+00
5.071093559265136719e+00
5.071726799011230469e+00
5.072358608245849609e+00
5.072990417480468750e+00
5.073621749877929688e+00
5.074252128601074219e+00
5.074882507324218750e+00
5.075512886047363281e+00
5.076141834259033203e+00
5.076771736145019531e+00
5.077400207519531250e+00
5.078028202056884766e+00
5.078656196594238281e+00
5.079283714294433594e+00
5.079910755157470703e+00
5.080536842346191406e+00
5.081162452697753906e+00
5.081788063049316406e+00
5.082412719726562500e+00
5.083036899566650391e+00
5.083661079406738281e+00
5.084284782409667969e+00
5.084907531738281250e+00
5.085530281066894531e+00
5.086153030395507812e+00
5.086774826049804688e+00
5.087396144866943359e+00
5.088016986846923828e+00
5.088637351989746094e+00
5.089257240295410156e+00
5.089877128601074219e+00
5.090496063232421875e+00
5.091114997863769531e+00
5.091732978820800781e+00
5.092350959777832031e+00
5.092968940734863281e+00
5.093585014343261719e+00
5.094202041625976562e+00
5.094817161560058594e+00
5.095433235168457031e+00
5.096048831939697266e+00
5.096663475036621094e+00
5.097277641296386719e+00
5.097891330718994141e+00
5.098504066467285156e+00
5.099117755889892578e+00
5.099730491638183594e+00
5.100342273712158203e+00
5.100954055786132812e+00
5.101564884185791016e+00
5.102175712585449219e+00
5.102786064147949219e+00
5.103394985198974609e+00
5.104004383087158203e+00
5.104613304138183594e+00
5.105221748352050781e+00
5.105829715728759766e+00
5.106437683105468750e+00
5.107044219970703125e+00
5.107650756835937500e+00
5.108257293701171875e+00
5.108863353729248047e+00
5.109468460083007812e+00
5.110073089599609375e+00
5.110677242279052734e+00
5.111281394958496094e+00
5.111885070800781250e+00
5.112487792968750000e+00
5.113090515136718750e+00
5.113692760467529297e+00
5.114294528961181641e+00
5.114895343780517578e+00
5.115496635437011719e+00
5.116096973419189453e+00
5.116697311401367188e+00
5.117297172546386719e+00
5.117896080017089844e+00
5.118494987487792969e+00
5.119092941284179688e+00
5.119690895080566406e+00
5.120288372039794922e+00
5.120884895324707031e+00
5.121481895446777344e+00
5.122077465057373047e+00
5.122673988342285156e+00
5.123268127441406250e+00
5.123863220214843750e+00
5.124457359313964844e+00
5.125051498413085938e+00
5.125644683837890625e+00
5.126237869262695312e+00
5.126830101013183594e+00
5.127422332763671875e+00
5.128014564514160156e+00
5.128604888916015625e+00
5.129196166992187500e+00
5.129786491394042969e+00
5.130376815795898438e+00
5.130965709686279297e+00
5.131554603576660156e+00
5.132143020629882812e+00
5.132730960845947266e+00
5.133318901062011719e+00
5.133906364440917969e+00
5.134492874145507812e+00
5.135079383850097656e+00
5.135664939880371094e+00
5.136250495910644531e+00
5.136835098266601562e+00
5.137419700622558594e+00
5.138004302978515625e+00
5.138588428497314453e+00
5.139171600341796875e+00
5.139754772186279297e+00
5.140336990356445312e+00
5.140918731689453125e+00
5.141500473022460938e+00
5.142081260681152344e+00
5.142662525177001953e+00
5.143242359161376953e+00
5.143821716308593750e+00
5.144401073455810547e+00
5.144980907440185547e+00
5.145559310913085938e+00
5.146137714385986328e+00
5.146715164184570312e+00
5.147292137145996094e+00
5.147869110107421875e+00
5.148445129394531250e+00
5.149021148681640625e+00
5.149596691131591797e+00
5.150171756744384766e+00
5.150746345520019531e+00
5.151320457458496094e+00
5.151894092559814453e+00
5.152466773986816406e+00
5.153039932250976562e+00
5.153612136840820312e+00
5.154184341430664062e+00
5.154755592346191406e+00
5.155326843261718750e+00
5.155897140502929688e+00
5.156467914581298828e+00
5.157037734985351562e+00
5.157607078552246094e+00
5.158175945281982422e+00
5.158744812011718750e+00
5.159312725067138672e+00
5.159880638122558594e+00
5.160448074340820312e+00
5.161014556884765625e+00
5.161581039428710938e+00
5.162147521972656250e+00
5.162712574005126953e+00
5.163277626037597656e+00
5.163842201232910156e+00
5.164406776428222656e+00
5.164970397949218750e+00
5.165533542633056641e+00
5.166096687316894531e+00
5.166658878326416016e+00
5.167221069335937500e+00
5.167782783508300781e+00
5.168344020843505859e+00
5.168904781341552734e+00
5.169465541839599609e+00
5.170024871826171875e+00
5.170584201812744141e+00
5.171143054962158203e+00
5.171702384948730469e+00
5.172260284423828125e+00
5.172818660736083984e+00
5.173375606536865234e+00
5.173932075500488281e+00
5.174489021301269531e+00
5.175044536590576172e+00
5.175600528717041016e+00
5.176155567169189453e+00
5.176711082458496094e+00
5.177265167236328125e+00
5.177818298339843750e+00
5.178372383117675781e+00
5.178925514221191406e+00
5.179477214813232422e+00
5.180029869079589844e+00
5.180581092834472656e+00
5.181132793426513672e+00
5.181683540344238281e+00
5.182233810424804688e+00
5.182785034179687500e+00
5.183333873748779297e+00
5.183883190155029297e+00
5.184432029724121094e+00
5.184980392456054688e+00
5.185528755187988281e+00
5.186075687408447266e+00
5.186622619628906250e+00
5.187169551849365234e+00
5.187715530395507812e+00
5.188261508941650391e+00
5.188806533813476562e+00
5.189352035522460938e+00
5.189895629882812500e+00
5.190440177917480469e+00
5.190984249114990234e+00
5.191527366638183594e+00
5.192070007324218750e+00
5.192611694335937500e+00
5.193154335021972656e+00
5.193696022033691406e+00
5.194236755371093750e+00
5.194777488708496094e+00
5.195317268371582031e+00
5.195857048034667969e+00
5.196396350860595703e+00
5.196935653686523438e+00
5.197473526000976562e+00
5.198011875152587891e+00
5.198549747467041016e+00
5.199087142944335938e+00
5.199623584747314453e+00
5.200160980224609375e+00
5.200696468353271484e+00
5.201231956481933594e+00
5.201766967773437500e+00
5.202301979064941406e+00
5.202836513519287109e+00
5.203370094299316406e+00
5.203904151916503906e+00
5.204436779022216797e+00
5.204969406127929688e+00
5.205501556396484375e+00
5.206033229827880859e+00
5.206564903259277344e+00
5.207096099853515625e+00
5.207626342773437500e+00
5.208156585693359375e+00
5.208685874938964844e+00
5.209215164184570312e+00
5.209744453430175781e+00
5.210272789001464844e+00
5.210800170898437500e+00
5.211328029632568359e+00
5.211855411529541016e+00
5.212382316589355469e+00
5.212908267974853516e+00
5.213435173034667969e+00
5.213959693908691406e+00
5.214485168457031250e+00
5.215009689331054688e+00
5.215534210205078125e+00
5.216057777404785156e+00
5.216580390930175781e+00
5.217103481292724609e+00
5.217625617980957031e+00
5.218148231506347656e+00
5.218669891357421875e+00
5.219191074371337891e+00
5.219711780548095703e+00
5.220232009887695312e+00
5.220752716064453125e+00
5.221271514892578125e+00
5.221790790557861328e+00
5.222309589385986328e+00
5.222827911376953125e+00
5.223345756530761719e+00
5.223862648010253906e+00
5.224380493164062500e+00
5.224896907806396484e+00
5.225413322448730469e+00
5.225929260253906250e+00
5.226444721221923828e+00
5.226959705352783203e+00
5.227474212646484375e+00
5.227988243103027344e+00
5.228502273559570312e+00
5.229014873504638672e+00
5.229527473449707031e+00
5.230040550231933594e+00
5.230552673339843750e+00
5.231064796447753906e+00
5.231575965881347656e+00
5.232087135314941406e+00
5.232597351074218750e+00
5.233107089996337891e+00
5.233616352081298828e+00
5.234126091003417969e+00
5.234635353088378906e+00
5.235143661499023438e+00
5.235651493072509766e+00
5.236159324645996094e+00
5.236666202545166016e+00
5.237172603607177734e+00
5.237679481506347656e+00
5.238184928894042969e+00
5.238690376281738281e+00
5.239195346832275391e+00
5.239699840545654297e+00
5.240204334259033203e+00
5.240708827972412109e+00
5.241212368011474609e+00
5.241715431213378906e+00
5.242218017578125000e+00
5.242720127105712891e+00
5.243221282958984375e+00
5.243722915649414062e+00
5.244223594665527344e+00
5.244724273681640625e+00
5.245224475860595703e+00
5.245724678039550781e+00
5.246223449707031250e+00
5.246722221374511719e+00
5.247221469879150391e+00
5.247719764709472656e+00
5.248216629028320312e+00
5.248713970184326172e+00
5.249210357666015625e+00
5.249707221984863281e+00
5.250203132629394531e+00
5.250698566436767578e+00
5.251194000244140625e+00
5.251689434051513672e+00
5.252182960510253906e+00
5.252676963806152344e+00
5.253170967102050781e+00
5.253664016723632812e+00
5.254156112670898438e+00
5.254649162292480469e+00
5.255141258239746094e+00
5.255632400512695312e+00
5.256123542785644531e+00
5.256614685058593750e+00
5.257104873657226562e+00
5.257594108581542969e+00
5.258083343505859375e+00
5.258572578430175781e+00
5.259060859680175781e+00
5.259549140930175781e+00
5.260036945343017578e+00
5.260524749755859375e+00
5.261012077331542969e+00
5.261498451232910156e+00
5.261984825134277344e+00
5.262470245361328125e+00
5.262955665588378906e+00
5.263440608978271484e+00
5.263925552368164062e+00
5.264409065246582031e+00
5.264893531799316406e+00
5.265376091003417969e+00
5.265859127044677734e+00
5.266342163085937500e+00
5.266824722290039062e+00
5.267306327819824219e+00
5.267787456512451172e+00
5.268268585205078125e+00
5.268748760223388672e+00
5.269228935241699219e+00
5.269708633422851562e+00
5.270188808441162109e+00
5.270667552947998047e+00
5.271146774291992188e+00
5.271625041961669922e+00
5.272102832794189453e+00
5.272580146789550781e+00
5.273056983947753906e+00
5.273533821105957031e+00
5.274010181427001953e+00
5.274485588073730469e+00
5.274961471557617188e+00
5.275436878204345703e+00
5.275911331176757812e+00
5.276385307312011719e+00
5.276859283447265625e+00
5.277332305908203125e+00
5.277805328369140625e+00
5.278277397155761719e+00
5.278749465942382812e+00
5.279221534729003906e+00
5.279692649841308594e+00
5.280163764953613281e+00
5.280634403228759766e+00
5.281105041503906250e+00
5.281574249267578125e+00
5.282043933868408203e+00
5.282512664794921875e+00
5.282981395721435547e+00
5.283449649810791016e+00
5.283917427062988281e+00
5.284385204315185547e+00
5.284852504730224609e+00
5.285319328308105469e+00
5.285785675048828125e+00
5.286251068115234375e+00
5.286716461181640625e+00
5.287181377410888672e+00
5.287645339965820312e+00
5.288110733032226562e+00
5.288574218750000000e+00
5.289038658142089844e+00
5.289501190185546875e+00
5.289964675903320312e+00
5.290426254272460938e+00
5.290888309478759766e+00
5.291349411010742188e+00
5.291810989379882812e+00
5.292271614074707031e+00
5.292732715606689453e+00
5.293192386627197266e+00
5.293652057647705078e+00
5.294111251831054688e+00
5.294569969177246094e+00
5.295028686523437500e+00
5.295486450195312500e+00
5.295944213867187500e+00
5.296401023864746094e+00
5.296858310699462891e+00
5.297314643859863281e+00
5.297770500183105469e+00
5.298226356506347656e+00
5.298681259155273438e+00
5.299136638641357422e+00
5.299591064453125000e+00
5.300045013427734375e+00
5.300498962402343750e+00
5.300952434539794922e+00
5.301405429840087891e+00
5.301857948303222656e+00
5.302309989929199219e+00
5.302762031555175781e+00
5.303213119506835938e+00
5.303664207458496094e+00
5.304115295410156250e+00
5.304565429687500000e+00
5.305015563964843750e+00
5.305465221405029297e+00
5.305914402008056641e+00
5.306363105773925781e+00
5.306811332702636719e+00
5.307259559631347656e+00
5.307706832885742188e+00
5.308154106140136719e+00
5.308600902557373047e+00
5.309047698974609375e+00
5.309494018554687500e+00
5.309939384460449219e+00
5.310384750366210938e+00
5.310829162597656250e+00
5.311274528503417969e+00
5.311717987060546875e+00
5.312162399291992188e+00
5.312605857849121094e+00
5.313048362731933594e+00
5.313491821289062500e+00
5.313933849334716797e+00
5.314375877380371094e+00
5.314817905426025391e+00
5.315258979797363281e+00
5.315699577331542969e+00
5.316140174865722656e+00
5.316580295562744141e+00
5.317020416259765625e+00
5.317460060119628906e+00
5.317898750305175781e+00
5.318337440490722656e+00
5.318775653839111328e+00
5.319213867187500000e+00
5.319650173187255859e+00
5.320087432861328125e+00
5.320524215698242188e+00
5.320960044860839844e+00
5.321396350860595703e+00
5.321831703186035156e+00
5.322266578674316406e+00
5.322701454162597656e+00
5.323136329650878906e+00
5.323569774627685547e+00
5.324004173278808594e+00
5.324437141418457031e+00
5.324870109558105469e+00
5.325303077697753906e+00
5.325736045837402344e+00
5.326167106628417969e+00
5.326598644256591797e+00
5.327029705047607422e+00
5.327461242675781250e+00
5.327891349792480469e+00
5.328320980072021484e+00
5.328750610351562500e+00
5.329179763793945312e+00
5.329608917236328125e+00
5.330037593841552734e+00
5.330465316772460938e+00
5.330893039703369141e+00
5.331320762634277344e+00
5.331748008728027344e+00
5.332174777984619141e+00
5.332600593566894531e+00
5.333026409149169922e+00
5.333452224731445312e+00
5.333878040313720703e+00
5.334301948547363281e+00
5.334727287292480469e+00
5.335151672363281250e+00
5.335575580596923828e+00
5.335998535156250000e+00
5.336422443389892578e+00
5.336844444274902344e+00
5.337266921997070312e+00
5.337689399719238281e+00
5.338110923767089844e+00
5.338532447814941406e+00
5.338953018188476562e+00
5.339373588562011719e+00
5.339794158935546875e+00
5.340213775634765625e+00
5.340633392333984375e+00
5.341052055358886719e+00
5.341470718383789062e+00
5.341889381408691406e+00
5.342308044433593750e+00
5.342725276947021484e+00
5.343142509460449219e+00
5.343559741973876953e+00
5.343976020812988281e+00
5.344393253326416016e+00
5.344808578491210938e+00
5.345224380493164062e+00
5.345639705657958984e+00
5.346054553985595703e+00
5.346468925476074219e+00
5.346883773803710938e+00
5.347297668457031250e+00
5.347710609436035156e+00
5.348123550415039062e+00
5.348536968231201172e+00
5.348948478698730469e+00
5.349360942840576172e+00
5.349772453308105469e+00
5.350183963775634766e+00
5.350594520568847656e+00
5.351005554199218750e+00
5.351416587829589844e+00
5.351826190948486328e+00
5.352235794067382812e+00
5.352644443511962891e+00
5.353054046630859375e+00
5.353462219238281250e+00
5.353870391845703125e+00
5.354278564453125000e+00
5.354686260223388672e+00
5.355093479156494141e+00
5.355500221252441406e+00
5.355907440185546875e+00
5.356312751770019531e+00
5.356719017028808594e+00
5.357124328613281250e+00
5.357529640197753906e+00
5.357934951782226562e+00
5.358338832855224609e+00
5.358743190765380859e+00
5.359147071838378906e+00
5.359550476074218750e+00
5.359952926635742188e+00
5.360356330871582031e+00
5.360758304595947266e+00
5.361160278320312500e+00
5.361562728881835938e+00
5.361964225769042969e+00
5.362365245819091797e+00
5.362766265869140625e+00
5.363166332244873047e+00
5.363566875457763672e+00
5.363965988159179688e+00
5.364365577697753906e+00
5.364764213562011719e+00
5.365163803100585938e+00
5.365561485290527344e+00
5.365960121154785156e+00
5.366357803344726562e+00
5.366754531860351562e+00
5.367152214050292969e+00
5.367547988891601562e+00
5.367944717407226562e+00
5.368340969085693359e+00
5.368737220764160156e+00
5.369132041931152344e+00
5.369527339935302734e+00
5.369922637939453125e+00
5.370316982269287109e+00
5.370710372924804688e+00
5.371104240417480469e+00
5.371498107910156250e+00
5.371891021728515625e+00
5.372283935546875000e+00
5.372676372528076172e+00
5.373067855834960938e+00
5.373460292816162109e+00
5.373851776123046875e+00
5.374243259429931641e+00
5.374634742736816406e+00
5.375024795532226562e+00
5.375414848327636719e+00
5.375804901123046875e+00
5.376194477081298828e+00
5.376583099365234375e+00
5.376972675323486328e+00
5.377361297607421875e+00
5.377749443054199219e+00
5.378137588500976562e+00
5.378524780273437500e+00
5.378911972045898438e+00
5.379298686981201172e+00
5.379685401916503906e+00
5.380072116851806641e+00
5.380457878112792969e+00
5.380843162536621094e+00
5.381229400634765625e+00
5.381613731384277344e+00
5.381998538970947266e+00
5.382382869720458984e+00
5.382766723632812500e+00
5.383150577545166016e+00
5.383533954620361328e+00
5.383917331695556641e+00
5.384300231933593750e+00
5.384683132171630859e+00
5.385065078735351562e+00
5.385447502136230469e+00
5.385828971862792969e+00
5.386210441589355469e+00
5.386590957641601562e+00
5.386971473693847656e+00
5.387351989746093750e+00
5.387732505798339844e+00
5.388112068176269531e+00
5.388491153717041016e+00
5.388870239257812500e+00
5.389248847961425781e+00
5.389627456665039062e+00
5.390005588531494141e+00
5.390383720397949219e+00
5.390760421752929688e+00
5.391138553619384766e+00
5.391515254974365234e+00
5.391891956329345703e+00
5.392268180847167969e+00
5.392644405364990234e+00
5.393020629882812500e+00
5.393395423889160156e+00
5.393771171569824219e+00
5.394145488739013672e+00
5.394520282745361328e+00
5.394894599914550781e+00
5.395268440246582031e+00
5.395642280578613281e+00
5.396015644073486328e+00
5.396389007568359375e+00
5.396761417388916016e+00
5.397133827209472656e+00
5.397505760192871094e+00
5.397877693176269531e+00
5.398249626159667969e+00
5.398620605468750000e+00
5.398991584777832031e+00
5.399362087249755859e+00
5.399732589721679688e+00
5.400102615356445312e+00
5.400472164154052734e+00
5.400841236114501953e+00
5.401210784912109375e+00
5.401579856872558594e+00
5.401947975158691406e+00
5.402317047119140625e+00
5.402684688568115234e+00
5.403052330017089844e+00
5.403419494628906250e+00
5.403787136077880859e+00
5.404154300689697266e+00
5.404520511627197266e+00
5.404887199401855469e+00
5.405252933502197266e+00
5.405618667602539062e+00
5.405983924865722656e+00
5.406348705291748047e+00
5.406713485717773438e+00
5.407078266143798828e+00
5.407442092895507812e+00
5.407806396484375000e+00
5.408170700073242188e+00
5.408534049987792969e+00
5.408897399902343750e+00
5.409259796142578125e+00
5.409622669219970703e+00
5.409985542297363281e+00
5.410346984863281250e+00
5.410708904266357422e+00
5.411069869995117188e+00
5.411431312561035156e+00
5.411791801452636719e+00
5.412153244018554688e+00
5.412512779235839844e+00
5.412872314453125000e+00
5.413232326507568359e+00
5.413591384887695312e+00
5.413951873779296875e+00
5.414310455322265625e+00
5.414669036865234375e+00
5.415027618408203125e+00
5.415386199951171875e+00
5.415743827819824219e+00
5.416101455688476562e+00
5.416459083557128906e+00
5.416816234588623047e+00
5.417172431945800781e+00
5.417529106140136719e+00
5.417885780334472656e+00
5.418241024017333984e+00
5.418597221374511719e+00
5.418952465057373047e+00
5.419307708740234375e+00
5.419662475585937500e+00
5.420017242431640625e+00
5.420371532440185547e+00
5.420725822448730469e+00
5.421079635620117188e+00
5.421432971954345703e+00
5.421786308288574219e+00
5.422139167785644531e+00
5.422492027282714844e+00
5.422844886779785156e+00
5.423196792602539062e+00
5.423549175262451172e+00
5.423900604248046875e+00
5.424251556396484375e+00
5.424603462219238281e+00
5.424954414367675781e+00
5.425304412841796875e+00
5.425654888153076172e+00
5.426005363464355469e+00
5.426355361938476562e+00
5.426704883575439453e+00
5.427054405212402344e+00
5.427403450012207031e+00
5.427752494812011719e+00
5.428100585937500000e+00
5.428449630737304688e+00
5.428797721862792969e+00
5.429145812988281250e+00
5.429493904113769531e+00
5.429840087890625000e+00
5.430186748504638672e+00
5.430534362792968750e+00
5.430880546569824219e+00
5.431226730346679688e+00
5.431572914123535156e+00
5.431918621063232422e+00
5.432264328002929688e+00
5.432609558105468750e+00
5.432954788208007812e+00
5.433300018310546875e+00
5.433644294738769531e+00
5.433988571166992188e+00
5.434332847595214844e+00
5.434676647186279297e+00
5.435020446777343750e+00
5.435363292694091797e+00
5.435706138610839844e+00
5.436049461364746094e+00
5.436392307281494141e+00
5.436734199523925781e+00
5.437076568603515625e+00
5.437417984008789062e+00
5.437759399414062500e+00
5.438101768493652344e+00
5.438442707061767578e+00
5.438783168792724609e+00
5.439124107360839844e+00
5.439464569091796875e+00
5.439804553985595703e+00
5.440144538879394531e+00
5.440484523773193359e+00
5.440824031829833984e+00
5.441163539886474609e+00
5.441502571105957031e+00
5.441841602325439453e+00
5.442179679870605469e+00
5.442518234252929688e+00
5.442856311798095703e+00
5.443193435668945312e+00
5.443531513214111328e+00
5.443868637084960938e+00
5.444205760955810547e+00
5.444542884826660156e+00
5.444880485534667969e+00
5.445216178894042969e+00
5.445551872253417969e+00
5.445888042449951172e+00
5.446223735809326172e+00
5.446559429168701172e+00
5.446894645690917969e+00
5.447229385375976562e+00
5.447565078735351562e+00
5.447898864746093750e+00
5.448233604431152344e+00
5.448567390441894531e+00
5.448901653289794922e+00
5.449235439300537109e+00
5.449568748474121094e+00
5.449902057647705078e+00
5.450234413146972656e+00
5.450567245483398438e+00
5.450900554656982422e+00
5.451232910156250000e+00
5.451565742492675781e+00
5.451897144317626953e+00
5.452229499816894531e+00
5.452560901641845703e+00
5.452891826629638672e+00
5.453222274780273438e+00
5.453553199768066406e+00
5.453884601593017578e+00
5.454215049743652344e+00
5.454544544219970703e+00
5.454874992370605469e+00
5.455204963684082031e+00
5.455534458160400391e+00
5.455863475799560547e+00
5.456192970275878906e+00
5.456521987915039062e+00
5.456850528717041016e+00
5.457179069519042969e+00
5.457507133483886719e+00
5.457835197448730469e+00
5.458163261413574219e+00
5.458491325378417969e+00
5.458817958831787109e+00
5.459145545959472656e+00
5.459472656250000000e+00
5.459798812866210938e+00
5.460125446319580078e+00
5.460452556610107422e+00
5.460778236389160156e+00
5.461104869842529297e+00
5.461430549621582031e+00
5.461755752563476562e+00
5.462080955505371094e+00
5.462407112121582031e+00
5.462731361389160156e+00
5.463056564331054688e+00
5.463380813598632812e+00
5.463705062866210938e+00
5.464029312133789062e+00
5.464353084564208984e+00
5.464676856994628906e+00
5.465000629425048828e+00
5.465323448181152344e+00
5.465646743774414062e+00
5.465970039367675781e+00
5.466292381286621094e+00
5.466614723205566406e+00
5.466937065124511719e+00
5.467259407043457031e+00
5.467580795288085938e+00
5.467902660369873047e+00
5.468224525451660156e+00
5.468545913696289062e+00
5.468866348266601562e+00
5.469187736511230469e+00
5.469508647918701172e+00
5.469829559326171875e+00
5.470149993896484375e+00
5.470470428466796875e+00
5.470789909362792969e+00
5.471110343933105469e+00
5.471429824829101562e+00
5.471749305725097656e+00
5.472068786621093750e+00
5.472387790679931641e+00
5.472706794738769531e+00
5.473025321960449219e+00
5.473343849182128906e+00
5.473662376403808594e+00
5.473980426788330078e+00
5.474297523498535156e+00
5.474616050720214844e+00
5.474933624267578125e+00
5.475250720977783203e+00
5.475568771362304688e+00
5.475885391235351562e+00
5.476202011108398438e+00
5.476519107818603516e+00
5.476835250854492188e+00
5.477152347564697266e+00
5.477468490600585938e+00
5.477784156799316406e+00
5.478099822998046875e+00
5.478416442871093750e+00
5.478732109069824219e+00
5.479046821594238281e+00
5.479361534118652344e+00
5.479676723480224609e+00
5.479991436004638672e+00
5.480305671691894531e+00
5.480620384216308594e+00
5.480935096740722656e+00
5.481247901916503906e+00
5.481561660766601562e+00
5.481875419616699219e+00
5.482189178466796875e+00
5.482502937316894531e+00
5.482816219329833984e+00
5.483129501342773438e+00
5.483441829681396484e+00
5.483754158020019531e+00
5.484066963195800781e+00
5.484378814697265625e+00
5.484691619873046875e+00
5.485002994537353516e+00
5.485314846038818359e+00
5.485627174377441406e+00
5.485938072204589844e+00
5.486249923706054688e+00
5.486561298370361328e+00
5.486872673034667969e+00
5.487183094024658203e+00
5.487494468688964844e+00
5.487804412841796875e+00
5.488114833831787109e+00
5.488425254821777344e+00
5.488735198974609375e+00
5.489045143127441406e+00
5.489354610443115234e+00
5.489664077758789062e+00
5.489974021911621094e+00
5.490283012390136719e+00
5.490592002868652344e+00
5.490900516510009766e+00
5.491209506988525391e+00
5.491518020629882812e+00
5.491827011108398438e+00
5.492135047912597656e+00
5.492443084716796875e+00
5.492751121520996094e+00
5.493059158325195312e+00
5.493366241455078125e+00
5.493674278259277344e+00
5.493981361389160156e+00
5.494288444519042969e+00
5.494595050811767578e+00
5.494902133941650391e+00
5.495208740234375000e+00
5.495515346527099609e+00
5.495821952819824219e+00
5.496128559112548828e+00
5.496434211730957031e+00
5.496740341186523438e+00
5.497046470642089844e+00
5.497352600097656250e+00
5.497657775878906250e+00
5.497963905334472656e+00
5.498268604278564453e+00
5.498574256896972656e+00
5.498878955841064453e+00
5.499183654785156250e+00
5.499488830566406250e+00
5.499792575836181641e+00
5.500097274780273438e+00
5.500400543212890625e+00
5.500705242156982422e+00
5.501009941101074219e+00
5.501313209533691406e+00
5.501616477966308594e+00
5.501920223236083984e+00
5.502223491668701172e+00
5.502527236938476562e+00
5.502830505371093750e+00
5.503132820129394531e+00
5.503435611724853516e+00
5.503738880157470703e+00
5.504041671752929688e+00
5.504343509674072266e+00
5.504646301269531250e+00
5.504948616027832031e+00
5.505250453948974609e+00
5.505552291870117188e+00
5.505854129791259766e+00
5.506155490875244141e+00
5.506456851959228516e+00
5.506758689880371094e+00
5.507059097290039062e+00
5.507360458374023438e+00
5.507661342620849609e+00
5.507961750030517578e+00
5.508262634277343750e+00
5.508563518524169922e+00
5.508863925933837891e+00
5.509164333343505859e+00
5.509465217590332031e+00
5.509765625000000000e+00
5.510065078735351562e+00
5.510365009307861328e+00
5.510663986206054688e+00
5.510963916778564453e+00
5.511262893676757812e+00
5.511562347412109375e+00
5.511861801147460938e+00
5.512160301208496094e+00
5.512459754943847656e+00
5.512758731842041016e+00
5.513056755065917969e+00
5.513356208801269531e+00
5.513653755187988281e+00
5.513952255249023438e+00
5.514250755310058594e+00
5.514548778533935547e+00
5.514846801757812500e+00
5.515144348144531250e+00
5.515441417694091797e+00
5.515738964080810547e+00
5.516036033630371094e+00
5.516334056854248047e+00
5.516630649566650391e+00
5.516928672790527344e+00
5.517225265502929688e+00
5.517521858215332031e+00
5.517818927764892578e+00
5.518115520477294922e+00
5.518412590026855469e+00
5.518708705902099609e+00
5.519005298614501953e+00
5.519301414489746094e+00
5.519597053527832031e+00
5.519893646240234375e+00
5.520189285278320312e+00
5.520484924316406250e+00
5.520780086517333984e+00
5.521075725555419922e+00
5.521370887756347656e+00
5.521666526794433594e+00
5.521961688995361328e+00
5.522256851196289062e+00
5.522551536560058594e+00
5.522845745086669922e+00
5.523141384124755859e+00
5.523435592651367188e+00
5.523730278015136719e+00
5.524024963378906250e+00
5.524318695068359375e+00
5.524613380432128906e+00
5.524907112121582031e+00
5.525201797485351562e+00
5.525495529174804688e+00
5.525789260864257812e+00
5.526082992553710938e+00
5.526376724243164062e+00
5.526670455932617188e+00
5.526963710784912109e+00
5.527256965637207031e+00
5.527549743652343750e+00
5.527843475341796875e+00
5.528135776519775391e+00
5.528429031372070312e+00
5.528721809387207031e+00
5.529014110565185547e+00
5.529306888580322266e+00
5.529599189758300781e+00
5.529891967773437500e+00
5.530183792114257812e+00
5.530476570129394531e+00
5.530768394470214844e+00
5.531060695648193359e+00
5.531352996826171875e+00
5.531644821166992188e+00
5.531936168670654297e+00
5.532227516174316406e+00
5.532519340515136719e+00
5.532811164855957031e+00
5.533102512359619141e+00
5.533393859863281250e+00
5.533684730529785156e+00
5.533975601196289062e+00
5.534266471862792969e+00
5.534557342529296875e+00
5.534848213195800781e+00
5.535139083862304688e+00
5.535429954528808594e+00
5.535720348358154297e+00
5.536010742187500000e+00
5.536301612854003906e+00
5.536591529846191406e+00
5.536881446838378906e+00
5.537171840667724609e+00
5.537461757659912109e+00
5.537752151489257812e+00
5.538041591644287109e+00
5.538331985473632812e+00
5.538620948791503906e+00
5.538910865783691406e+00
5.539199829101562500e+00
5.539489269256591797e+00
5.539778709411621094e+00
5.540068626403808594e+00
5.540357589721679688e+00
5.540647029876708984e+00
5.540935516357421875e+00
5.541224479675292969e+00
5.541512489318847656e+00
5.541801929473876953e+00
5.542091369628906250e+00
5.542379379272460938e+00
5.542668342590332031e+00
5.542956352233886719e+00
5.543245315551757812e+00
5.543533325195312500e+00
5.543821334838867188e+00
5.544109344482421875e+00
5.544397830963134766e+00
5.544685840606689453e+00
5.544973373413085938e+00
5.545261383056640625e+00
5.545549392700195312e+00
5.545836448669433594e+00
5.546123981475830078e+00
5.546411514282226562e+00
5.546699523925781250e+00
5.546987056732177734e+00
5.547274112701416016e+00
5.547561168670654297e+00
5.547847747802734375e+00
5.548134803771972656e+00
5.548421859741210938e+00
5.548708915710449219e+00
5.548995971679687500e+00
5.549283027648925781e+00
5.549569606781005859e+00
5.549856185913085938e+00
5.550142765045166016e+00
5.550429344177246094e+00
5.550716400146484375e+00
5.551002502441406250e+00
5.551288604736328125e+00
5.551575183868408203e+00
5.551860809326171875e+00
5.552146911621093750e+00
5.552433013916015625e+00
5.552719116210937500e+00
5.553005218505859375e+00
5.553291797637939453e+00
5.553577899932861328e+00
5.553863525390625000e+00
5.554149627685546875e+00
5.554434776306152344e+00
5.554720401763916016e+00
5.555006027221679688e+00
5.555290699005126953e+00
5.555576324462890625e+00
5.555861949920654297e+00
5.556147098541259766e+00
5.556432247161865234e+00
5.556717395782470703e+00
5.557003021240234375e+00
5.557288169860839844e+00
5.557572841644287109e+00
5.557857990264892578e+00
5.558142662048339844e+00
5.558427810668945312e+00
5.558712005615234375e+00
5.558996677398681641e+00
5.559281349182128906e+00
5.559565544128417969e+00
5.559850215911865234e+00
5.560134887695312500e+00
5.560419082641601562e+00
5.560703277587890625e+00
5.560987472534179688e+00
5.561271667480468750e+00
5.561555862426757812e+00
5.561840057373046875e+00
5.562124252319335938e+00
5.562407970428466797e+00
5.562691688537597656e+00
5.562975883483886719e+00
5.563260078430175781e+00
5.563543319702148438e+00
5.563827514648437500e+00
5.564110755920410156e+00
5.564394950866699219e+00
5.564678192138671875e+00
5.564961433410644531e+00
5.565244674682617188e+00
5.565528392791748047e+00
5.565812110900878906e+00
5.566095352172851562e+00
5.566378593444824219e+00
5.566661834716796875e+00
5.566945075988769531e+00
5.567228317260742188e+00
5.567511081695556641e+00
5.567794799804687500e+00
5.568078041076660156e+00
5.568361282348632812e+00
5.568643569946289062e+00
5.568925857543945312e+00
5.569209098815917969e+00
5.569492340087890625e+00
5.569774627685546875e+00
5.570056915283203125e+00
5.570340156555175781e+00
5.570622920989990234e+00
5.570905685424804688e+00
5.571187973022460938e+00
5.571471214294433594e+00
5.571753501892089844e+00
5.572035312652587891e+00
5.572317600250244141e+00
5.572599411010742188e+00
5.572881698608398438e+00
5.573163986206054688e+00
5.573446273803710938e+00
5.573728561401367188e+00
5.574010848999023438e+00
5.574292659759521484e+00
5.574574947357177734e+00
5.574856758117675781e+00
5.575139045715332031e+00
5.575421333312988281e+00
5.575702667236328125e+00
5.575984954833984375e+00
5.576266288757324219e+00
5.576548099517822266e+00
5.576830863952636719e+00
5.577112197875976562e+00
5.577394008636474609e+00
5.577675819396972656e+00
5.577957153320312500e+00
5.578238487243652344e+00
5.578520774841308594e+00
5.578801631927490234e+00
5.579082965850830078e+00
5.579365253448486328e+00
5.579646110534667969e+00
5.579927444458007812e+00
5.580208778381347656e+00
5.580489158630371094e+00
5.580770969390869141e+00
5.581052303314208984e+00
5.581333160400390625e+00
5.581614494323730469e+00
5.581895828247070312e+00
5.582177162170410156e+00
5.582458496093750000e+00
5.582738876342773438e+00
5.583020210266113281e+00
5.583301067352294922e+00
5.583581924438476562e+00
5.583862781524658203e+00
5.584144592285156250e+00
5.584424972534179688e+00
5.584705829620361328e+00
5.584986209869384766e+00
5.585267066955566406e+00
5.585547924041748047e+00
5.585829257965087891e+00
5.586110115051269531e+00
5.586391448974609375e+00
5.586671829223632812e+00
5.586952209472656250e+00
5.587233066558837891e+00
5.587513923645019531e+00
5.587794303894042969e+00
5.588074684143066406e+00
5.588355541229248047e+00
5.588635921478271484e+00
5.588915824890136719e+00
5.589196681976318359e+00
5.589477062225341797e+00
5.589757442474365234e+00
5.590037822723388672e+00
5.590318679809570312e+00
5.590598583221435547e+00
5.590878963470458984e+00
5.591159343719482422e+00
5.591439247131347656e+00
5.591720581054687500e+00
5.592000484466552734e+00
5.592280387878417969e+00
5.592560768127441406e+00
5.592841148376464844e+00
5.593121051788330078e+00
5.593400955200195312e+00
5.593681335449218750e+00
5.593961238861083984e+00
5.594241619110107422e+00
5.594521522521972656e+00
5.594801902770996094e+00
5.595082283020019531e+00
5.595362186431884766e+00
5.595641613006591797e+00
5.595921516418457031e+00
5.596201896667480469e+00
5.596482276916503906e+00
5.596761226654052734e+00
5.597041130065917969e+00
5.597321510314941406e+00
5.597601413726806641e+00
5.597881317138671875e+00
5.598161220550537109e+00
5.598441123962402344e+00
5.598720550537109375e+00
5.599000930786132812e+00
5.599280834197998047e+00
5.599560737609863281e+00
5.599839687347412109e+00
5.600119590759277344e+00
5.600399494171142578e+00
5.600679397583007812e+00
5.600959300994873047e+00
5.601238727569580078e+00
5.601518630981445312e+00
5.601798057556152344e+00
5.602077960968017578e+00
5.602357387542724609e+00
5.602637290954589844e+00
5.602916717529296875e+00
5.603196144104003906e+00
5.603475570678710938e+00
5.603754997253417969e+00
5.604034423828125000e+00
5.604314327239990234e+00
5.604594230651855469e+00
5.604873657226562500e+00
5.605153560638427734e+00
5.605432510375976562e+00
5.605711936950683594e+00
5.605991840362548828e+00
5.606271266937255859e+00
5.606550693511962891e+00
5.606830120086669922e+00
5.607110023498535156e+00
5.607389450073242188e+00
5.607668876647949219e+00
5.607948303222656250e+00
5.608228206634521484e+00
5.608507633209228516e+00
5.608787536621093750e+00
5.609065532684326172e+00
5.609345436096191406e+00
5.609624862670898438e+00
5.609904289245605469e+00
5.610183715820312500e+00
5.610464096069335938e+00
5.610743522644042969e+00
5.611022949218750000e+00
5.611302375793457031e+00
5.611582279205322266e+00
5.611861228942871094e+00
5.612140655517578125e+00
5.612420558929443359e+00
5.612700462341308594e+00
5.612979412078857422e+00
5.613258361816406250e+00
5.613537788391113281e+00
5.613817214965820312e+00
5.614097118377685547e+00
5.614376068115234375e+00
5.614655494689941406e+00
5.614935874938964844e+00
5.615215301513671875e+00
5.615493774414062500e+00
5.615773200988769531e+00
5.616053104400634766e+00
5.616332530975341797e+00
5.616611480712890625e+00
5.616890907287597656e+00
5.617170333862304688e+00
5.617449283599853516e+00
5.617729187011718750e+00
5.618007659912109375e+00
5.618287086486816406e+00
5.618566513061523438e+00
5.618845939636230469e+00
5.619125366210937500e+00
5.619404792785644531e+00
5.619683265686035156e+00
5.619963169097900391e+00
5.620242595672607422e+00
5.620522022247314453e+00
5.620801925659179688e+00
5.621080875396728516e+00
5.621360301971435547e+00
5.621639728546142578e+00
5.621918678283691406e+00
5.622198104858398438e+00
5.622477531433105469e+00
5.622756958007812500e+00
5.623036384582519531e+00
5.623316287994384766e+00
5.623595237731933594e+00
5.623874664306640625e+00
5.624154567718505859e+00
5.624433994293212891e+00
5.624713897705078125e+00
5.624993324279785156e+00
5.625272750854492188e+00
5.625552177429199219e+00
5.625831604003906250e+00
5.626111030578613281e+00
5.626391410827636719e+00
5.626670360565185547e+00
5.626949787139892578e+00
5.627228736877441406e+00
5.627509117126464844e+00
5.627788543701171875e+00
5.628067970275878906e+00
5.628347396850585938e+00
5.628626823425292969e+00
5.628906726837158203e+00
5.629185676574707031e+00
5.629465103149414062e+00
5.629745006561279297e+00
5.630024909973144531e+00
5.630304336547851562e+00
5.630583763122558594e+00
5.630863189697265625e+00
5.631143093109130859e+00
5.631422519683837891e+00
5.631702423095703125e+00
5.631982326507568359e+00
5.632261753082275391e+00
5.632541656494140625e+00
5.632821559906005859e+00
5.633100986480712891e+00
5.633381366729736328e+00
5.633660316467285156e+00
5.633939743041992188e+00
5.634220123291015625e+00
5.634500026702880859e+00
5.634779930114746094e+00
5.635059356689453125e+00
5.635339260101318359e+00
5.635619163513183594e+00
5.635899066925048828e+00
5.636178970336914062e+00
5.636458873748779297e+00
5.636739253997802734e+00
5.637019157409667969e+00
5.637298583984375000e+00
5.637578010559082031e+00
5.637858390808105469e+00
5.638137817382812500e+00
5.638417720794677734e+00
5.638697624206542969e+00
5.638977050781250000e+00
5.639257431030273438e+00
5.639536857604980469e+00
5.639817237854003906e+00
5.640096664428710938e+00
5.640377044677734375e+00
5.640656471252441406e+00
5.640935897827148438e+00
5.641216278076171875e+00
5.641496181488037109e+00
5.641776561737060547e+00
5.642056465148925781e+00
5.642335891723632812e+00
5.642616271972656250e+00
5.642896175384521484e+00
5.643176555633544922e+00
5.643456459045410156e+00
5.643736839294433594e+00
5.644016742706298828e+00
5.644297599792480469e+00
5.644577026367187500e+00
5.644857406616210938e+00
5.645137786865234375e+00
5.645417690277099609e+00
5.645698547363281250e+00
5.645978927612304688e+00
5.646258354187011719e+00
5.646538734436035156e+00
5.646819114685058594e+00
5.647099494934082031e+00
5.647379875183105469e+00
5.647660255432128906e+00
5.647940635681152344e+00
5.648221492767333984e+00
5.648501396179199219e+00
5.648781776428222656e+00
5.649062156677246094e+00
5.649342536926269531e+00
5.649622917175292969e+00
5.649903297424316406e+00
5.650183677673339844e+00
5.650464057922363281e+00
5.650744915008544922e+00
5.651025772094726562e+00
5.651305675506591797e+00
5.651586532592773438e+00
5.651867389678955078e+00
5.652148246765136719e+00
5.652428627014160156e+00
5.652709007263183594e+00
5.652989387512207031e+00
5.653270244598388672e+00
5.653552055358886719e+00
5.653832435607910156e+00
5.654113292694091797e+00
5.654394149780273438e+00
5.654674530029296875e+00
5.654954910278320312e+00
5.655236244201660156e+00
5.655516624450683594e+00
5.655797958374023438e+00
5.656078815460205078e+00
5.656359672546386719e+00
5.656641006469726562e+00
5.656921863555908203e+00
5.657202720642089844e+00
5.657483577728271484e+00
5.657764434814453125e+00
5.658045768737792969e+00
5.658327102661132812e+00
5.658607482910156250e+00
5.658888816833496094e+00
5.659170150756835938e+00
5.659451007843017578e+00
5.659731864929199219e+00
5.660013198852539062e+00
5.660293579101562500e+00
5.660574913024902344e+00
5.660856723785400391e+00
5.661137580871582031e+00
5.661418914794921875e+00
5.661700248718261719e+00
5.661981582641601562e+00
5.662262439727783203e+00
5.662544250488281250e+00
5.662825584411621094e+00
5.663106441497802734e+00
5.663388252258300781e+00
5.663669586181640625e+00
5.663950920104980469e+00
5.664232254028320312e+00
5.664513587951660156e+00
5.664795398712158203e+00
5.665077209472656250e+00
5.665358066558837891e+00
5.665639877319335938e+00
5.665921211242675781e+00
5.666203498840332031e+00
5.666484832763671875e+00
5.666766166687011719e+00
5.667047977447509766e+00
5.667329311370849609e+00
5.667611122131347656e+00
5.667893409729003906e+00
5.668174743652343750e+00
5.668456554412841797e+00
5.668738365173339844e+00
5.669019699096679688e+00
5.669301986694335938e+00
5.669583797454833984e+00
5.669865608215332031e+00
5.670147418975830078e+00
5.670429229736328125e+00
5.670711517333984375e+00
5.670993804931640625e+00
5.671275615692138672e+00
5.671557426452636719e+00
5.671839714050292969e+00
5.672122001647949219e+00
5.672403812408447266e+00
5.672686100006103516e+00
5.672967910766601562e+00
5.673250675201416016e+00
5.673532962799072266e+00
5.673815727233886719e+00
5.674098014831542969e+00
5.674380302429199219e+00
5.674662590026855469e+00
5.674944877624511719e+00
5.675226688385009766e+00
5.675508975982666016e+00
5.675791740417480469e+00
5.676073551177978516e+00
5.676356315612792969e+00
5.676638603210449219e+00
5.676920890808105469e+00
5.677203655242919922e+00
5.677485942840576172e+00
5.677768707275390625e+00
5.678050994873046875e+00
5.678333282470703125e+00
5.678616046905517578e+00
5.678898811340332031e+00
5.679181098937988281e+00
5.679464340209960938e+00
5.679746627807617188e+00
5.680028915405273438e+00
5.680312156677246094e+00
5.680593967437744141e+00
5.680877685546875000e+00
5.681159973144531250e+00
5.681442737579345703e+00
5.681725978851318359e+00
5.682008743286132812e+00
5.682291507720947266e+00
5.682575225830078125e+00
5.682857513427734375e+00
5.683140754699707031e+00
5.683423995971679688e+00
5.683706283569335938e+00
5.683989524841308594e+00
5.684272766113281250e+00
5.684556007385253906e+00
5.684839248657226562e+00
5.685122489929199219e+00
5.685405731201171875e+00
5.685688972473144531e+00
5.685972213745117188e+00
5.686255455017089844e+00
5.686538696289062500e+00
5.686821937561035156e+00
5.687105178833007812e+00
5.687388420104980469e+00
5.687672615051269531e+00
5.687955379486083984e+00
5.688238620758056641e+00
5.688522815704345703e+00
5.688805580139160156e+00
5.689089298248291016e+00
5.689372062683105469e+00
5.689655780792236328e+00
5.689939498901367188e+00
5.690223217010498047e+00
5.690506458282470703e+00
5.690790176391601562e+00
5.691073417663574219e+00
5.691357612609863281e+00
5.691641330718994141e+00
5.691924095153808594e+00
5.692208290100097656e+00
5.692492008209228516e+00
5.692775726318359375e+00
5.693059444427490234e+00
5.693343639373779297e+00
5.693627357482910156e+00
5.693911075592041016e+00
5.694194793701171875e+00
5.694478988647460938e+00
5.694762229919433594e+00
5.695046424865722656e+00
5.695330619812011719e+00
5.695615291595458984e+00
5.695899009704589844e+00
5.696182727813720703e+00
5.696467399597167969e+00
5.696751117706298828e+00
5.697034835815429688e+00
5.697319030761718750e+00
5.697602748870849609e+00
5.697886466979980469e+00
5.698171615600585938e+00
5.698454856872558594e+00
5.698739051818847656e+00
5.699023723602294922e+00
5.699307441711425781e+00
5.699591636657714844e+00
5.699875831604003906e+00
5.700160026550292969e+00
5.700445175170898438e+00
5.700729370117187500e+00
5.701013565063476562e+00
5.701298236846923828e+00
5.701582431793212891e+00
5.701867103576660156e+00
5.702151775360107422e+00
5.702436447143554688e+00
5.702720165252685547e+00
5.703005313873291016e+00
5.703289985656738281e+00
5.703575134277343750e+00
5.703859806060791016e+00
5.704144477844238281e+00
5.704428672790527344e+00
5.704713344573974609e+00
5.704998016357421875e+00
5.705283164978027344e+00
5.705567836761474609e+00
5.705852985382080078e+00
5.706137657165527344e+00
5.706422805786132812e+00
5.706707477569580078e+00
5.706992149353027344e+00
5.707277297973632812e+00
5.707561969757080078e+00
5.707846641540527344e+00
5.708131790161132812e+00
5.708416938781738281e+00
5.708702087402343750e+00
5.708987236022949219e+00
5.709271907806396484e+00
5.709557533264160156e+00
5.709842205047607422e+00
5.710127830505371094e+00
5.710412979125976562e+00
5.710697650909423828e+00
5.710982799530029297e+00
5.711267948150634766e+00
5.711553573608398438e+00
5.711839199066162109e+00
5.712124347686767578e+00
5.712409496307373047e+00
5.712694644927978516e+00
5.712980270385742188e+00
5.713265419006347656e+00
5.713550567626953125e+00
5.713836669921875000e+00
5.714121818542480469e+00
5.714407920837402344e+00
5.714693069458007812e+00
5.714978218078613281e+00
5.715263366699218750e+00
5.715548992156982422e+00
5.715834617614746094e+00
5.716120243072509766e+00
5.716405868530273438e+00
5.716691017150878906e+00
5.716977119445800781e+00
5.717262744903564453e+00
5.717547893524169922e+00
5.717833518981933594e+00
5.718119144439697266e+00
5.718404769897460938e+00
5.718690872192382812e+00
5.718976974487304688e+00
5.719262123107910156e+00
5.719548225402832031e+00
5.719833374023437500e+00
5.720120429992675781e+00
5.720405578613281250e+00
5.720691680908203125e+00
5.720977783203125000e+00
5.721262931823730469e+00
5.721549510955810547e+00
5.721835613250732422e+00
5.722120761871337891e+00
5.722406864166259766e+00
5.722692489624023438e+00
5.722979068756103516e+00
5.723265171051025391e+00
5.723550796508789062e+00
5.723836421966552734e+00
5.724123001098632812e+00
5.724409103393554688e+00
5.724695205688476562e+00
5.724981307983398438e+00
5.725267410278320312e+00
5.725553989410400391e+00
5.725840091705322266e+00
5.726126670837402344e+00
5.726412773132324219e+00
5.726698875427246094e+00
5.726984977722167969e+00
5.727271556854248047e+00
5.727558135986328125e+00
5.727844238281250000e+00
5.728130340576171875e+00
5.728416919708251953e+00
5.728703498840332031e+00
5.728989601135253906e+00
5.729276657104492188e+00
5.729562759399414062e+00
5.729849815368652344e+00
5.730136394500732422e+00
5.730422973632812500e+00
5.730709075927734375e+00
5.730996131896972656e+00
5.731282234191894531e+00
5.731569290161132812e+00
5.731856346130371094e+00
5.732142448425292969e+00
5.732428550720214844e+00
5.732715129852294922e+00
5.733002185821533203e+00
5.733289241790771484e+00
5.733575344085693359e+00
5.733862400054931641e+00
5.734148979187011719e+00
5.734436035156250000e+00
5.734722137451171875e+00
5.735009193420410156e+00
5.735296249389648438e+00
5.735581874847412109e+00
5.735868453979492188e+00
5.736155509948730469e+00
5.736442565917968750e+00
5.736728668212890625e+00
5.737015724182128906e+00
5.737302303314208984e+00
5.737589836120605469e+00
5.737876892089843750e+00
5.738162994384765625e+00
5.738450050354003906e+00
5.738737583160400391e+00
5.739024162292480469e+00
5.739311695098876953e+00
5.739598274230957031e+00
5.739885330200195312e+00
5.740172386169433594e+00
5.740459442138671875e+00
5.740746498107910156e+00
5.741033554077148438e+00
5.741320610046386719e+00
5.741607666015625000e+00
5.741894721984863281e+00
5.742181777954101562e+00
5.742468833923339844e+00
5.742755889892578125e+00
5.743043422698974609e+00
5.743330001831054688e+00
5.743617057800292969e+00
5.743904113769531250e+00
5.744192123413085938e+00
5.744479179382324219e+00
5.744766235351562500e+00
5.745053291320800781e+00
5.745341300964355469e+00
5.745628356933593750e+00
5.745914936065673828e+00
5.746201992034912109e+00
5.746489524841308594e+00
5.746776580810546875e+00
5.747064113616943359e+00
5.747350692749023438e+00
5.747639179229736328e+00
5.747925758361816406e+00
5.748212814331054688e+00
5.748500347137451172e+00
5.748787879943847656e+00
5.749074935913085938e+00
5.749362945556640625e+00
5.749649524688720703e+00
5.749937057495117188e+00
5.750224113464355469e+00
5.750512123107910156e+00
5.750799655914306641e+00
5.751087188720703125e+00
5.751375198364257812e+00
5.751662254333496094e+00
5.751949787139892578e+00
5.752237319946289062e+00
5.752524375915527344e+00
5.752812385559082031e+00
5.753099918365478516e+00
5.753387451171875000e+00
5.753674507141113281e+00
5.753962516784667969e+00
5.754250049591064453e+00
5.754537582397460938e+00
5.754824638366699219e+00
5.755112648010253906e+00
5.755400657653808594e+00
5.755688667297363281e+00
5.755976200103759766e+00
5.756263732910156250e+00
5.756551265716552734e+00
5.756839752197265625e+00
5.757126808166503906e+00
5.757414340972900391e+00
5.757700920104980469e+00
5.757988929748535156e+00
5.758276939392089844e+00
5.758564472198486328e+00
5.758851528167724609e+00
5.759139060974121094e+00
5.759426116943359375e+00
5.759714126586914062e+00
5.760001659393310547e+00
5.760289669036865234e+00
5.760577201843261719e+00
5.760864734649658203e+00
5.761152267456054688e+00
5.761439800262451172e+00
5.761728286743164062e+00
5.762015342712402344e+00
5.762303352355957031e+00
5.762590885162353516e+00
5.762878417968750000e+00
5.763166427612304688e+00
5.763454437255859375e+00
5.763741493225097656e+00
5.764029502868652344e+00
5.764317512512207031e+00
5.764605522155761719e+00
5.764892578125000000e+00
5.765180587768554688e+00
5.765468597412109375e+00
5.765756130218505859e+00
5.766044139862060547e+00
5.766332149505615234e+00
5.766619682312011719e+00
5.766907691955566406e+00
5.767195701599121094e+00
5.767483711242675781e+00
5.767770767211914062e+00
5.768059730529785156e+00
5.768347263336181641e+00
5.768634796142578125e+00
5.768922805786132812e+00
5.769210815429687500e+00
5.769498348236083984e+00
5.769785881042480469e+00
5.770073890686035156e+00
5.770361423492431641e+00
5.770649909973144531e+00
5.770937919616699219e+00
5.771224975585937500e+00
5.771513462066650391e+00
5.771800994873046875e+00
5.772089004516601562e+00
5.772377014160156250e+00
5.772664546966552734e+00
5.772952079772949219e+00
5.773240089416503906e+00
5.773528099060058594e+00
5.773815631866455078e+00
5.774103641510009766e+00
5.774391174316406250e+00
5.774679660797119141e+00
5.774967193603515625e+00
5.775255203247070312e+00
5.775542259216308594e+00
5.775830268859863281e+00
5.776118278503417969e+00
5.776405334472656250e+00
5.776693344116210938e+00
5.776981353759765625e+00
5.777268886566162109e+00
5.777556896209716797e+00
5.777844429016113281e+00
5.778131484985351562e+00
5.778419494628906250e+00
5.778707504272460938e+00
5.778995037078857422e+00
5.779282569885253906e+00
5.779570579528808594e+00
5.779858589172363281e+00
5.780146598815917969e+00
5.780434131622314453e+00
5.780722141265869141e+00
5.781010150909423828e+00
5.781297683715820312e+00
5.781584739685058594e+00
5.781873703002929688e+00
5.782161712646484375e+00
5.782449722290039062e+00
5.782737255096435547e+00
5.783024787902832031e+00
5.783312797546386719e+00
5.783600330352783203e+00
5.783887863159179688e+00
5.784175872802734375e+00
5.784463405609130859e+00
5.784750938415527344e+00
5.785038948059082031e+00
5.785326957702636719e+00
5.785614967346191406e+00
5.785902023315429688e+00
5.786190509796142578e+00
5.786478042602539062e+00
5.786766052246093750e+00
5.787053108215332031e+00
5.787341117858886719e+00
5.787629127502441406e+00
5.787916183471679688e+00
5.788203716278076172e+00
5.788491249084472656e+00
5.788779258728027344e+00
5.789066314697265625e+00
5.789354324340820312e+00
5.789641380310058594e+00
5.789928913116455078e+00
5.790216445922851562e+00
5.790503501892089844e+00
5.790790557861328125e+00
5.791078567504882812e+00
5.791366577148437500e+00
5.791654109954833984e+00
5.791940689086914062e+00
5.792228698730468750e+00
5.792515754699707031e+00
5.792803764343261719e+00
5.793091773986816406e+00
5.793378829956054688e+00
5.793666362762451172e+00
5.793953895568847656e+00
5.794240951538085938e+00
5.794528961181640625e+00
5.794816493988037109e+00
5.795103549957275391e+00
5.795391082763671875e+00
5.795678138732910156e+00
5.795965194702148438e+00
5.796253204345703125e+00
5.796540260314941406e+00
5.796828269958496094e+00
5.797115325927734375e+00
5.797401905059814453e+00
5.797689437866210938e+00
5.797976493835449219e+00
5.798264503479003906e+00
5.798551559448242188e+00
5.798838615417480469e+00
5.799126625061035156e+00
5.799413681030273438e+00
5.799700736999511719e+00
5.799987792968750000e+00
5.800274848937988281e+00
5.800561904907226562e+00
5.800848960876464844e+00
5.801136493682861328e+00
5.801423072814941406e+00
5.801710128784179688e+00
5.801997184753417969e+00
5.802284240722656250e+00
5.802571296691894531e+00
5.802857398986816406e+00
5.803145408630371094e+00
5.803431987762451172e+00
5.803718566894531250e+00
5.804006099700927734e+00
5.804293155670166016e+00
5.804579734802246094e+00
5.804867267608642578e+00
5.805154323577880859e+00
5.805440902709960938e+00
5.805727958679199219e+00
5.806015968322753906e+00
5.806302070617675781e+00
5.806588649749755859e+00
5.806875228881835938e+00
5.807162761688232422e+00
5.807449340820312500e+00
5.807735919952392578e+00
5.808022975921630859e+00
5.808309555053710938e+00
5.808596134185791016e+00
5.808883666992187500e+00
5.809170246124267578e+00
5.809456825256347656e+00
5.809742927551269531e+00
5.810029506683349609e+00
5.810316085815429688e+00
5.810603141784667969e+00
5.810889244079589844e+00
5.811175823211669922e+00
5.811462402343750000e+00
5.811749458312988281e+00
5.812036037445068359e+00
5.812322616577148438e+00
5.812608718872070312e+00
5.812895774841308594e+00
5.813181877136230469e+00
5.813468933105468750e+00
5.813755035400390625e+00
5.814041137695312500e+00
5.814327239990234375e+00
5.814613342285156250e+00
5.814899921417236328e+00
5.815186500549316406e+00
5.815472602844238281e+00
5.815758705139160156e+00
5.816044807434082031e+00
5.816330909729003906e+00
5.816617012023925781e+00
5.816903591156005859e+00
5.817190170288085938e+00
5.817475795745849609e+00
5.817761421203613281e+00
5.818047523498535156e+00
5.818333625793457031e+00
5.818619251251220703e+00
5.818905830383300781e+00
5.819190979003906250e+00
5.819477558135986328e+00
5.819763183593750000e+00
5.820049285888671875e+00
5.820334911346435547e+00
5.820621490478515625e+00
5.820907115936279297e+00
5.821192741394042969e+00
5.821478843688964844e+00
5.821763992309570312e+00
5.822050094604492188e+00
5.822336196899414062e+00
5.822621345520019531e+00
5.822907447814941406e+00
5.823192596435546875e+00
5.823478698730468750e+00
5.823763847351074219e+00
5.824049472808837891e+00
5.824335098266601562e+00
5.824620723724365234e+00
5.824905872344970703e+00
5.825191497802734375e+00
5.825476646423339844e+00
5.825761795043945312e+00
5.826047897338867188e+00
5.826333045959472656e+00
5.826618194580078125e+00
5.826903343200683594e+00
5.827188968658447266e+00
5.827473640441894531e+00
5.827758789062500000e+00
5.828044414520263672e+00
5.828329086303710938e+00
5.828614711761474609e+00
5.828899383544921875e+00
5.829184532165527344e+00
5.829469680786132812e+00
5.829754352569580078e+00
5.830039024353027344e+00
5.830325126647949219e+00
5.830609798431396484e+00
5.830894470214843750e+00
5.831179141998291016e+00
5.831463813781738281e+00
5.831748962402343750e+00
5.832034111022949219e+00
5.832318305969238281e+00
5.832603454589843750e+00
5.832887649536132812e+00
5.833172798156738281e+00
5.833456993103027344e+00
5.833741188049316406e+00
5.834025382995605469e+00
5.834310531616210938e+00
5.834594726562500000e+00
5.834878921508789062e+00
5.835164546966552734e+00
5.835448265075683594e+00
5.835733413696289062e+00
5.836017131805419922e+00
5.836300849914550781e+00
5.836585521697998047e+00
5.836870193481445312e+00
5.837153434753417969e+00
5.837437629699707031e+00
5.837721824645996094e+00
5.838005542755126953e+00
5.838289737701416016e+00
5.838573932647705078e+00
5.838857173919677734e+00
5.839140892028808594e+00
5.839425086975097656e+00
5.839708805084228516e+00
5.839993000030517578e+00
5.840276718139648438e+00
5.840559959411621094e+00
5.840844154357910156e+00
5.841128349304199219e+00
5.841412067413330078e+00
5.841695785522460938e+00
5.841979503631591797e+00
5.842263221740722656e+00
5.842547416687011719e+00
5.842830657958984375e+00
5.843113899230957031e+00
5.843397140502929688e+00
5.843680381774902344e+00
5.843964099884033203e+00
5.844246864318847656e+00
5.844530105590820312e+00
5.844813346862792969e+00
5.845096588134765625e+00
5.845379829406738281e+00
5.845663070678710938e+00
5.845945358276367188e+00
5.846228599548339844e+00
5.846511840820312500e+00
5.846795082092285156e+00
5.847077369689941406e+00
5.847360610961914062e+00
5.847643852233886719e+00
5.847926139831542969e+00
5.848208904266357422e+00
5.848491668701171875e+00
5.848773956298828125e+00
5.849057197570800781e+00
5.849339962005615234e+00
5.849621772766113281e+00
5.849904537200927734e+00
5.850187301635742188e+00
5.850469589233398438e+00
5.850751876831054688e+00
5.851034641265869141e+00
5.851316928863525391e+00
5.851599693298339844e+00
5.851881980895996094e+00
5.852164268493652344e+00
5.852446556091308594e+00
5.852728843688964844e+00
5.853011131286621094e+00
5.853293418884277344e+00
5.853574752807617188e+00
5.853857040405273438e+00
5.854138851165771484e+00
5.854420661926269531e+00
5.854701995849609375e+00
5.854984283447265625e+00
5.855266094207763672e+00
5.855548381805419922e+00
5.855829238891601562e+00
5.856111526489257812e+00
5.856393337249755859e+00
5.856675148010253906e+00
5.856955528259277344e+00
5.857237815856933594e+00
5.857519626617431641e+00
5.857800960540771484e+00
5.858082771301269531e+00
5.858364105224609375e+00
5.858645439147949219e+00
5.858926296234130859e+00
5.859207153320312500e+00
5.859488487243652344e+00
5.859769821166992188e+00
5.860051155090332031e+00
5.860332489013671875e+00
5.860612869262695312e+00
5.860894203186035156e+00
5.861175060272216797e+00
5.861455440521240234e+00
5.861735820770263672e+00
5.862016201019287109e+00
5.862297058105468750e+00
5.862577438354492188e+00
5.862858772277832031e+00
5.863139152526855469e+00
5.863419532775878906e+00
5.863700389862060547e+00
5.863981246948242188e+00
5.864261150360107422e+00
5.864541530609130859e+00
5.864822387695312500e+00
5.865102291107177734e+00
5.865382671356201172e+00
5.865663528442382812e+00
5.865943431854248047e+00
5.866224288940429688e+00
5.866503715515136719e+00
5.866783618927001953e+00
5.867063522338867188e+00
5.867342948913574219e+00
5.867623329162597656e+00
5.867902278900146484e+00
5.868182182312011719e+00
5.868462562561035156e+00
5.868741512298583984e+00
5.869021892547607422e+00
5.869301795959472656e+00
5.869581222534179688e+00
5.869860649108886719e+00
5.870140075683593750e+00
5.870419502258300781e+00
5.870698451995849609e+00
5.870977878570556641e+00
5.871256828308105469e+00
5.871536254882812500e+00
5.871816635131835938e+00
5.872095108032226562e+00
5.872374534606933594e+00
5.872653484344482422e+00
5.872931957244873047e+00
5.873211860656738281e+00
5.873490333557128906e+00
5.873768806457519531e+00
5.874047756195068359e+00
5.874326229095458984e+00
5.874605178833007812e+00
5.874884605407714844e+00
5.875162601470947266e+00
5.875441551208496094e+00
5.875719547271728516e+00
5.875998020172119141e+00
5.876276493072509766e+00
5.876554489135742188e+00
5.876832962036132812e+00
5.877111434936523438e+00
5.877388954162597656e+00
5.877666950225830078e+00
5.877945423126220703e+00
5.878223419189453125e+00
5.878501892089843750e+00
5.878779411315917969e+00
5.879056930541992188e+00
5.879334449768066406e+00
5.879612445831298828e+00
5.879890441894531250e+00
5.880167484283447266e+00
5.880445003509521484e+00
5.880722999572753906e+00
5.881000041961669922e+00
5.881278038024902344e+00
5.881554603576660156e+00
5.881832599639892578e+00
5.882109642028808594e+00
5.882387161254882812e+00
5.882663726806640625e+00
5.882941246032714844e+00
5.883217811584472656e+00
5.883495330810546875e+00
5.883772373199462891e+00
5.884048938751220703e+00
5.884325981140136719e+00
5.884603023529052734e+00
5.884879589080810547e+00
5.885156154632568359e+00
5.885433197021484375e+00
5.885709762573242188e+00
5.885986328125000000e+00
5.886262893676757812e+00
5.886539459228515625e+00
5.886816024780273438e+00
5.887092590332031250e+00
5.887369155883789062e+00
5.887644767761230469e+00
5.887920379638671875e+00
5.888195991516113281e+00
5.888472557067871094e+00
5.888749122619628906e+00
5.889025688171386719e+00
5.889301300048828125e+00
5.889576911926269531e+00
5.889853000640869141e+00
5.890128612518310547e+00
5.890404701232910156e+00
5.890679836273193359e+00
5.890954971313476562e+00
5.891230583190917969e+00
5.891506195068359375e+00
5.891782283782958984e+00
5.892057418823242188e+00
5.892332553863525391e+00
5.892607688903808594e+00
5.892882823944091797e+00
5.893157958984375000e+00
5.893433570861816406e+00
5.893708229064941406e+00
5.893982887268066406e+00
5.894257545471191406e+00
5.894532203674316406e+00
5.894806861877441406e+00
5.895081043243408203e+00
5.895355701446533203e+00
5.895630359649658203e+00
5.895905017852783203e+00
5.896179199218750000e+00
5.896453857421875000e+00
5.896728515625000000e+00
5.897002220153808594e+00
5.897276878356933594e+00
5.897551059722900391e+00
5.897824764251708984e+00
5.898098945617675781e+00
5.898373603820800781e+00
5.898648262023925781e+00
5.898921966552734375e+00
5.899195671081542969e+00
5.899469375610351562e+00
5.899743080139160156e+00
5.900017261505126953e+00
5.900290489196777344e+00
5.900564670562744141e+00
5.900838375091552734e+00
5.901111602783203125e+00
5.901384830474853516e+00
5.901658058166503906e+00
5.901931762695312500e+00
5.902204513549804688e+00
5.902477741241455078e+00
5.902750968933105469e+00
5.903023719787597656e+00
5.903297424316406250e+00
5.903570175170898438e+00
5.903842926025390625e+00
5.904115676879882812e+00
5.904388427734375000e+00
5.904661178588867188e+00
5.904932975769042969e+00
5.905206203460693359e+00
5.905478477478027344e+00
5.905750274658203125e+00
5.906023025512695312e+00
5.906294822692871094e+00
5.906567573547363281e+00
5.906839370727539062e+00
5.907111167907714844e+00
5.907383441925048828e+00
5.907655715942382812e+00
5.907927989959716797e+00
5.908199787139892578e+00
5.908471584320068359e+00
5.908743381500244141e+00
5.909014701843261719e+00
5.909286499023437500e+00
5.909557819366455078e+00
5.909829139709472656e+00
5.910100936889648438e+00
5.910372257232666016e+00
5.910643577575683594e+00
5.910915374755859375e+00
5.911186695098876953e+00
5.911457061767578125e+00
5.911728858947753906e+00
5.911999702453613281e+00
5.912271499633789062e+00
5.912542343139648438e+00
5.912812709808349609e+00
5.913083553314208984e+00
5.913354873657226562e+00
5.913625240325927734e+00
5.913896083831787109e+00
5.914166450500488281e+00
5.914437294006347656e+00
5.914707183837890625e+00
5.914978027343750000e+00
5.915248870849609375e+00
5.915518760681152344e+00
5.915789604187011719e+00
5.916058540344238281e+00
5.916329383850097656e+00
5.916599273681640625e+00
5.916869163513183594e+00
5.917139053344726562e+00
5.917408466339111328e+00
5.917677879333496094e+00
5.917947769165039062e+00
5.918217658996582031e+00
5.918486595153808594e+00
5.918756008148193359e+00
5.919025897979736328e+00
5.919295310974121094e+00
5.919563293457031250e+00
5.919833183288574219e+00
5.920102119445800781e+00
5.920372009277343750e+00
5.920640945434570312e+00
5.920909404754638672e+00
5.921178340911865234e+00
5.921447753906250000e+00
5.921716690063476562e+00
5.921985149383544922e+00
5.922254085540771484e+00
5.922522544860839844e+00
5.922790527343750000e+00
5.923059463500976562e+00
5.923327922821044922e+00
5.923595428466796875e+00
5.923863410949707031e+00
5.924132347106933594e+00
5.924400329589843750e+00
5.924668312072753906e+00
5.924936294555664062e+00
5.925204277038574219e+00
5.925472259521484375e+00
5.925739765167236328e+00
5.926007747650146484e+00
5.926275730133056641e+00
5.926543712615966797e+00
5.926811218261718750e+00
5.927078247070312500e+00
5.927345752716064453e+00
5.927613258361816406e+00
5.927880764007568359e+00
5.928148269653320312e+00
5.928415298461914062e+00
5.928681850433349609e+00
5.928949832916259766e+00
5.929216384887695312e+00
5.929483413696289062e+00
5.929750442504882812e+00
5.930017471313476562e+00
5.930284500122070312e+00
5.930551052093505859e+00
5.930817604064941406e+00
5.931084632873535156e+00
5.931350708007812500e+00
5.931617259979248047e+00
5.931883811950683594e+00
5.932150363922119141e+00
5.932416439056396484e+00
5.932682514190673828e+00
5.932948589324951172e+00
5.933214187622070312e+00
5.933481216430664062e+00
5.933746337890625000e+00
5.934012413024902344e+00
5.934278488159179688e+00
5.934544563293457031e+00
5.934809684753417969e+00
5.935075759887695312e+00
5.935340881347656250e+00
5.935606479644775391e+00
5.935871124267578125e+00
5.936136722564697266e+00
5.936402320861816406e+00
5.936667442321777344e+00
5.936932086944580078e+00
5.937197685241699219e+00
5.937462329864501953e+00
5.937727451324462891e+00
5.937991619110107422e+00
5.938256263732910156e+00
5.938521385192871094e+00
5.938785552978515625e+00
5.939050197601318359e+00
5.939314842224121094e+00
5.939579010009765625e+00
5.939843177795410156e+00
5.940107345581054688e+00
5.940372467041015625e+00
5.940636157989501953e+00
5.940899848937988281e+00
5.941164016723632812e+00
5.941428184509277344e+00
5.941692352294921875e+00
5.941955566406250000e+00
5.942219734191894531e+00
5.942483425140380859e+00
5.942747592926025391e+00
5.943011283874511719e+00
5.943274497985839844e+00
5.943537712097167969e+00
5.943800926208496094e+00
5.944064140319824219e+00
5.944327354431152344e+00
5.944591522216796875e+00
5.944855213165283203e+00
5.945117950439453125e+00
5.945381164550781250e+00
5.945644378662109375e+00
5.945906639099121094e+00
5.946168899536132812e+00
5.946432113647460938e+00
5.946694850921630859e+00
5.946958065032958984e+00
5.947220802307128906e+00
5.947483062744140625e+00
5.947745323181152344e+00
5.948008537292480469e+00
5.948270797729492188e+00
5.948533058166503906e+00
5.948794841766357422e+00
5.949057102203369141e+00
5.949318885803222656e+00
5.949581146240234375e+00
5.949842929840087891e+00
5.950105190277099609e+00
5.950366973876953125e+00
5.950628280639648438e+00
5.950890541076660156e+00
5.951151847839355469e+00
5.951413631439208984e+00
5.951674461364746094e+00
5.951935768127441406e+00
5.952197551727294922e+00
5.952458381652832031e+00
5.952719688415527344e+00
5.952980995178222656e+00
5.953241348266601562e+00
5.953502655029296875e+00
5.953763961791992188e+00
5.954024791717529297e+00
5.954285621643066406e+00
5.954545974731445312e+00
5.954806327819824219e+00
5.955066680908203125e+00
5.955327033996582031e+00
5.955588340759277344e+00
5.955848217010498047e+00
5.956108570098876953e+00
5.956369400024414062e+00
5.956628799438476562e+00
5.956889152526855469e+00
5.957149028778076172e+00
5.957408905029296875e+00
5.957668781280517578e+00
5.957929134368896484e+00
5.958189010620117188e+00
5.958448886871337891e+00
5.958708763122558594e+00
5.958968162536621094e+00
5.959227561950683594e+00
5.959486961364746094e+00
5.959745883941650391e+00
5.960005283355712891e+00
5.960265159606933594e+00
5.960524082183837891e+00
5.960783004760742188e+00
5.961042404174804688e+00
5.961300849914550781e+00
5.961559295654296875e+00
5.961818695068359375e+00
5.962077140808105469e+00
5.962336063385009766e+00
5.962594509124755859e+00
5.962853908538818359e+00
5.963112831115722656e+00
5.963372230529785156e+00
5.963630199432373047e+00
5.963888168334960938e+00
5.964146614074707031e+00
5.964404582977294922e+00
5.964663028717041016e+00
5.964920997619628906e+00
5.965178489685058594e+00
5.965436458587646484e+00
5.965694904327392578e+00
5.965951919555664062e+00
5.966210365295410156e+00
5.966467857360839844e+00
5.966725349426269531e+00
5.966982841491699219e+00
5.967240333557128906e+00
5.967497825622558594e+00
5.967755317687988281e+00
5.968013763427734375e+00
5.968270778656005859e+00
5.968527793884277344e+00
5.968784809112548828e+00
5.969041824340820312e+00
5.969299316406250000e+00
5.969556331634521484e+00
5.969813346862792969e+00
5.970069885253906250e+00
5.970326423645019531e+00
5.970582962036132812e+00
5.970840454101562500e+00
5.971096992492675781e+00
5.971353054046630859e+00
5.971609115600585938e+00
5.971865653991699219e+00
5.972122192382812500e+00
5.972378730773925781e+00
5.972634792327880859e+00
5.972890377044677734e+00
5.973146438598632812e+00
5.973402023315429688e+00
5.973658561706542969e+00
5.973913669586181641e+00
5.974169731140136719e+00
5.974424839019775391e+00
5.974680423736572266e+00
5.974935531616210938e+00
5.975191116333007812e+00
5.975446701049804688e+00
5.975702285766601562e+00
5.975957393646240234e+00
5.976212024688720703e+00
5.976467609405517578e+00
5.976722717285156250e+00
5.976978302001953125e+00
5.977233409881591797e+00
5.977488040924072266e+00
5.977743148803710938e+00
5.977998256683349609e+00
5.978252410888671875e+00
5.978507041931152344e+00
5.978762626647949219e+00
5.979016304016113281e+00
5.979270935058593750e+00
5.979525566101074219e+00
5.979780197143554688e+00
5.980033874511718750e+00
5.980288505554199219e+00
5.980542659759521484e+00
5.980796813964843750e+00
5.981050968170166016e+00
5.981305122375488281e+00
5.981558799743652344e+00
5.981812477111816406e+00
5.982066631317138672e+00
5.982319831848144531e+00
5.982573032379150391e+00
5.982826709747314453e+00
5.983079910278320312e+00
5.983334064483642578e+00
5.983587741851806641e+00
5.983840942382812500e+00
5.984093666076660156e+00
5.984346389770507812e+00
5.984600067138671875e+00
5.984852790832519531e+00
5.985105514526367188e+00
5.985358715057373047e+00
5.985611915588378906e+00
5.985865116119384766e+00
5.986118316650390625e+00
5.986370563507080078e+00
5.986623764038085938e+00
5.986875534057617188e+00
5.987128257751464844e+00
5.987380981445312500e+00
5.987632751464843750e+00
5.987885475158691406e+00
5.988137722015380859e+00
5.988389968872070312e+00
5.988642215728759766e+00
5.988893985748291016e+00
5.989146232604980469e+00
5.989398002624511719e+00
5.989649772644042969e+00
5.989901542663574219e+00
5.990153789520263672e+00
5.990405082702636719e+00
5.990655899047851562e+00
5.990908145904541016e+00
5.991160392761230469e+00
5.991411209106445312e+00
5.991662979125976562e+00
5.991914272308349609e+00
5.992165088653564453e+00
5.992416381835937500e+00
5.992668151855468750e+00
5.992918968200683594e+00
5.993170261383056641e+00
5.993421554565429688e+00
5.993673324584960938e+00
5.993923664093017578e+00
5.994174003601074219e+00
5.994424819946289062e+00
5.994676113128662109e+00
5.994926452636718750e+00
5.995177268981933594e+00
5.995428085327148438e+00
5.995678901672363281e+00
5.995928287506103516e+00
5.996179103851318359e+00
5.996428489685058594e+00
5.996679306030273438e+00
5.996929168701171875e+00
5.997179508209228516e+00
5.997429847717285156e+00
5.997679233551025391e+00
5.997929096221923828e+00
5.998179435729980469e+00
5.998428344726562500e+00
5.998677253723144531e+00
5.998927593231201172e+00
5.999176979064941406e+00
5.999425888061523438e+00
5.999675273895263672e+00
5.999924659729003906e+00
6.000174522399902344e+00
6.000424385070800781e+00
6.000673294067382812e+00
6.000923156738281250e+00
6.001172065734863281e+00
6.001420974731445312e+00
6.001670360565185547e+00
6.001919746398925781e+00
6.002168655395507812e+00
6.002417087554931641e+00
6.002665996551513672e+00
6.002914428710937500e+00
6.003163337707519531e+00
6.003412246704101562e+00
6.003660678863525391e+00
6.003909111022949219e+00
6.004157066345214844e+00
6.004405975341796875e+00
6.004653930664062500e+00
6.004901885986328125e+00
6.005149841308593750e+00
6.005398273468017578e+00
6.005645751953125000e+00
6.005894660949707031e+00
6.006143093109130859e+00
6.006390571594238281e+00
6.006638526916503906e+00
6.006886959075927734e+00
6.007134437561035156e+00
6.007381439208984375e+00
6.007629394531250000e+00
6.007877349853515625e+00
6.008124351501464844e+00
6.008372306823730469e+00
6.008619785308837891e+00
6.008866786956787109e+00
6.009114265441894531e+00
6.009361267089843750e+00
6.009608268737792969e+00
6.009855747222900391e+00
6.010103225708007812e+00
6.010349273681640625e+00
6.010596752166748047e+00
6.010843276977539062e+00
6.011090278625488281e+00
6.011337280273437500e+00
6.011584281921386719e+00
6.011830329895019531e+00
6.012077331542968750e+00
6.012323379516601562e+00
6.012570381164550781e+00
6.012816429138183594e+00
6.013062477111816406e+00
6.013309478759765625e+00
6.013556480407714844e+00
6.013801574707031250e+00
6.014048576354980469e+00
6.014294624328613281e+00
6.014540672302246094e+00
6.014787197113037109e+00
6.015033245086669922e+00
6.015278816223144531e+00
6.015524864196777344e+00
6.015770435333251953e+00
6.016016006469726562e+00
6.016262054443359375e+00
6.016507148742675781e+00
6.016752243041992188e+00
6.016997814178466797e+00
6.017243385314941406e+00
6.017488956451416016e+00
6.017734050750732422e+00
6.017979621887207031e+00
6.018224716186523438e+00
6.018470764160156250e+00
6.018715381622314453e+00
6.018959999084472656e+00
6.019205093383789062e+00
6.019450187683105469e+00
6.019694805145263672e+00
6.019940376281738281e+00
6.020184993743896484e+00
6.020429611206054688e+00
6.020674705505371094e+00
6.020918846130371094e+00
6.021162986755371094e+00
6.021408081054687500e+00
6.021652221679687500e+00
6.021897315979003906e+00
6.022140979766845703e+00
6.022385120391845703e+00
6.022629737854003906e+00
6.022873878479003906e+00
6.023118019104003906e+00
6.023362636566162109e+00
6.023606777191162109e+00
6.023850440979003906e+00
6.024094581604003906e+00
6.024338722229003906e+00
6.024582862854003906e+00
6.024827003479003906e+00
6.025070190429687500e+00
6.025313854217529297e+00
6.025557518005371094e+00
6.025800704956054688e+00
6.026044845581054688e+00
6.026288032531738281e+00
6.026531219482421875e+00
6.026774883270263672e+00
6.027017593383789062e+00
6.027261734008789062e+00
6.027504920959472656e+00
6.027747631072998047e+00
6.027991294860839844e+00
6.028234481811523438e+00
6.028477191925048828e+00
6.028720855712890625e+00
6.028963088989257812e+00
6.029206752777099609e+00
6.029449939727783203e+00
6.029692649841308594e+00
6.029934883117675781e+00
6.030178070068359375e+00
6.030421257019042969e+00
6.030663013458251953e+00
6.030906200408935547e+00
6.031148433685302734e+00
6.031391143798828125e+00
6.031633853912353516e+00
6.031875610351562500e+00
6.032117843627929688e+00
6.032360076904296875e+00
6.032602787017822266e+00
6.032844543457031250e+00
6.033086776733398438e+00
6.033329010009765625e+00
6.033571243286132812e+00
6.033812999725341797e+00
6.034054756164550781e+00
6.034296989440917969e+00
6.034538745880126953e+00
6.034781455993652344e+00
6.035022735595703125e+00
6.035264492034912109e+00
6.035506248474121094e+00
6.035747051239013672e+00
6.035988330841064453e+00
6.036230087280273438e+00
6.036472320556640625e+00
6.036713600158691406e+00
6.036954879760742188e+00
6.037196159362792969e+00
6.037437438964843750e+00
6.037678241729736328e+00
6.037919521331787109e+00
6.038160324096679688e+00
6.038401603698730469e+00
6.038642406463623047e+00
6.038883686065673828e+00
6.039124488830566406e+00
6.039365768432617188e+00
6.039607048034667969e+00
6.039847850799560547e+00
6.040088176727294922e+00
6.040328979492187500e+00
6.040569782257080078e+00
6.040810108184814453e+00
6.041050910949707031e+00
6.041292190551757812e+00
6.041532039642333984e+00
6.041772842407226562e+00
6.042013168334960938e+00
6.042253494262695312e+00
6.042494297027587891e+00
6.042734146118164062e+00
6.042974472045898438e+00
6.043214321136474609e+00
6.043454170227050781e+00
6.043694496154785156e+00
6.043934822082519531e+00
6.044175148010253906e+00
6.044414520263671875e+00
6.044654369354248047e+00
6.044895172119140625e+00
6.045135021209716797e+00
6.045373916625976562e+00
6.045613765716552734e+00
6.045853614807128906e+00
6.046093940734863281e+00
6.046332836151123047e+00
6.046572685241699219e+00
6.046812057495117188e+00
6.047051906585693359e+00
6.047291755676269531e+00
6.047531604766845703e+00
6.047770977020263672e+00
6.048010349273681641e+00
6.048249721527099609e+00
6.048489570617675781e+00
6.048728942871093750e+00
6.048968315124511719e+00
6.049206733703613281e+00
6.049445152282714844e+00
6.049684524536132812e+00
6.049923419952392578e+00
6.050162315368652344e+00
6.050401210784912109e+00
6.050640106201171875e+00
6.050878524780273438e+00
6.051117897033691406e+00
6.051356792449951172e+00
6.051594734191894531e+00
6.051834106445312500e+00
6.052072525024414062e+00
6.052310943603515625e+00
6.052549839019775391e+00
6.052788257598876953e+00
6.053026199340820312e+00
6.053264617919921875e+00
6.053503990173339844e+00
6.053742408752441406e+00
6.053980827331542969e+00
6.054219722747802734e+00
6.054457187652587891e+00
6.054695129394531250e+00
6.054934024810791016e+00
6.055172920227050781e+00
6.055410861968994141e+00
6.055649280548095703e+00
6.055887222290039062e+00
6.056125640869140625e+00
6.056363105773925781e+00
6.056600570678710938e+00
6.056839466094970703e+00
6.057077407836914062e+00
6.057314872741699219e+00
6.057552337646484375e+00
6.057790279388427734e+00
6.058028221130371094e+00
6.058265686035156250e+00
6.058502674102783203e+00
6.058740139007568359e+00
6.058978080749511719e+00
6.059215545654296875e+00
6.059453010559082031e+00
6.059690475463867188e+00
6.059927940368652344e+00
6.060165882110595703e+00
6.060402870178222656e+00
6.060641288757324219e+00
6.060877799987792969e+00
6.061115264892578125e+00
6.061352729797363281e+00
6.061590194702148438e+00
6.061826705932617188e+00
6.062064170837402344e+00
6.062300682067871094e+00
6.062537193298339844e+00
6.062774658203125000e+00
6.063012123107910156e+00
6.063248634338378906e+00
6.063485145568847656e+00
6.063721656799316406e+00
6.063958168029785156e+00
6.064195156097412109e+00
6.064432144165039062e+00
6.064668655395507812e+00
6.064906120300292969e+00
6.065142154693603516e+00
6.065379142761230469e+00
6.065615653991699219e+00
6.065852642059326172e+00
6.066088676452636719e+00
6.066325664520263672e+00
6.066561698913574219e+00
6.066798210144042969e+00
6.067033767700195312e+00
6.067270278930664062e+00
6.067507266998291016e+00
6.067743301391601562e+00
6.067979335784912109e+00
6.068215370178222656e+00
6.068451881408691406e+00
6.068687915802001953e+00
6.068924427032470703e+00
6.069160461425781250e+00
6.069396495819091797e+00
6.069632530212402344e+00
6.069868564605712891e+00
6.070104598999023438e+00
6.070340156555175781e+00
6.070576190948486328e+00
6.070811271667480469e+00
6.071047782897949219e+00
6.071283340454101562e+00
6.071518898010253906e+00
6.071754932403564453e+00
6.071990966796875000e+00
6.072226047515869141e+00
6.072462081909179688e+00
6.072698116302490234e+00
6.072933673858642578e+00
6.073169231414794922e+00
6.073404788970947266e+00
6.073639869689941406e+00
6.073875427246093750e+00
6.074111461639404297e+00
6.074346542358398438e+00
6.074581146240234375e+00
6.074816703796386719e+00
6.075052261352539062e+00
6.075288295745849609e+00
6.075523853302001953e+00
6.075758934020996094e+00
6.075993537902832031e+00
6.076230049133300781e+00
6.076463699340820312e+00
6.076699256896972656e+00
6.076933860778808594e+00
6.077169418334960938e+00
6.077404022216796875e+00
6.077638626098632812e+00
6.077874183654785156e+00
6.078109264373779297e+00
6.078343868255615234e+00
6.078578948974609375e+00
6.078814506530761719e+00
6.079048633575439453e+00
6.079283714294433594e+00
6.079518318176269531e+00
6.079752922058105469e+00
6.079989433288574219e+00
6.080223083496093750e+00
6.080458641052246094e+00
6.080692768096923828e+00
6.080927848815917969e+00
6.081162452697753906e+00
6.081397056579589844e+00
6.081631660461425781e+00
6.081866264343261719e+00
6.082100868225097656e+00
6.082334995269775391e+00
6.082569122314453125e+00
6.082803726196289062e+00
6.083038330078125000e+00
6.083273410797119141e+00
6.083507537841796875e+00
6.083742618560791016e+00
6.083976745605468750e+00
6.084211349487304688e+00
6.084445953369140625e+00
6.084680557250976562e+00
6.084914207458496094e+00
6.085148811340332031e+00
6.085382938385009766e+00
6.085617065429687500e+00
6.085851192474365234e+00
6.086085319519042969e+00
6.086319446563720703e+00
6.086553573608398438e+00
6.086787223815917969e+00
6.087021350860595703e+00
6.087254524230957031e+00
6.087489128112792969e+00
6.087723255157470703e+00
6.087957382202148438e+00
6.088191986083984375e+00
6.088425159454345703e+00
6.088659286499023438e+00
6.088893413543701172e+00
6.089126586914062500e+00
6.089360237121582031e+00
6.089593887329101562e+00
6.089827537536621094e+00
6.090062141418457031e+00
6.090294837951660156e+00
6.090529441833496094e+00
6.090763092041015625e+00
6.090995788574218750e+00
6.091229915618896484e+00
6.091464042663574219e+00
6.091697692871093750e+00
6.091930866241455078e+00
6.092164039611816406e+00
6.092397689819335938e+00
6.092631816864013672e+00
6.092864990234375000e+00
6.093098640441894531e+00
6.093332290649414062e+00
6.093565940856933594e+00
6.093799591064453125e+00
6.094032764434814453e+00
6.094265937805175781e+00
6.094499588012695312e+00
6.094732284545898438e+00
6.094966411590576172e+00
6.095199584960937500e+00
6.095432281494140625e+00
6.095665931701660156e+00
6.095900058746337891e+00
6.096133232116699219e+00
6.096366405487060547e+00
6.096599578857421875e+00
6.096832752227783203e+00
6.097065448760986328e+00
6.097298622131347656e+00
6.097531795501708984e+00
6.097764968872070312e+00
6.097998619079589844e+00
6.098231792449951172e+00
6.098464965820312500e+00
6.098697662353515625e+00
6.098930835723876953e+00
6.099163532257080078e+00
6.099396705627441406e+00
6.099629878997802734e+00
6.099862575531005859e+00
6.100095748901367188e+00
6.100329399108886719e+00
6.100562095642089844e+00
6.100794792175292969e+00
6.101028442382812500e+00
6.101260662078857422e+00
6.101493835449218750e+00
6.101726531982421875e+00
6.101959228515625000e+00
6.102192401885986328e+00
6.102425098419189453e+00
6.102658271789550781e+00
6.102890968322753906e+00
6.103123664855957031e+00
6.103355884552001953e+00
6.103589057922363281e+00
6.103821754455566406e+00
6.104054450988769531e+00
6.104287147521972656e+00
6.104519844055175781e+00
6.104752540588378906e+00
6.104985237121582031e+00
6.105216979980468750e+00
6.105449676513671875e+00
6.105682373046875000e+00
6.105915069580078125e+00
6.106147289276123047e+00
6.106380462646484375e+00
6.106612682342529297e+00
6.106845378875732422e+00
6.107077598571777344e+00
6.107310295104980469e+00
6.107542991638183594e+00
6.107775688171386719e+00
6.108007907867431641e+00
6.108240127563476562e+00
6.108472824096679688e+00
6.108705043792724609e+00
6.108937263488769531e+00
6.109169006347656250e+00
6.109401702880859375e+00
6.109634399414062500e+00
6.109867095947265625e+00
6.110099315643310547e+00
6.110331535339355469e+00
6.110563755035400391e+00
6.110796928405761719e+00
6.111029148101806641e+00
6.111261367797851562e+00
6.111493587493896484e+00
6.111725807189941406e+00
6.111958026885986328e+00
6.112190723419189453e+00
6.112422466278076172e+00
6.112654685974121094e+00
6.112887382507324219e+00
6.113118648529052734e+00
6.113351821899414062e+00
6.113584041595458984e+00
6.113816261291503906e+00
6.114048480987548828e+00
6.114281177520751953e+00
6.114513397216796875e+00
6.114745140075683594e+00
6.114977359771728516e+00
6.115209102630615234e+00
6.115441322326660156e+00
6.115673065185546875e+00
6.115905761718750000e+00
6.116137504577636719e+00
6.116370201110839844e+00
6.116601943969726562e+00
6.116834640502929688e+00
6.117066383361816406e+00
6.117298603057861328e+00
6.117530822753906250e+00
6.117762565612792969e+00
6.117994308471679688e+00
6.118226051330566406e+00
6.118458271026611328e+00
6.118690490722656250e+00
6.118922710418701172e+00
6.119153976440429688e+00
6.119386672973632812e+00
6.119619369506835938e+00
6.119850635528564453e+00
6.120082855224609375e+00
6.120314598083496094e+00
6.120546340942382812e+00
6.120778083801269531e+00
6.121009826660156250e+00
6.121241569519042969e+00
6.121473789215087891e+00
6.121705055236816406e+00
6.121937274932861328e+00
6.122169494628906250e+00
6.122401237487792969e+00
6.122632503509521484e+00
6.122864723205566406e+00
6.123096466064453125e+00
6.123327732086181641e+00
6.123559951782226562e+00
6.123791217803955078e+00
6.124023437500000000e+00
6.124256134033203125e+00
6.124487876892089844e+00
6.124719619750976562e+00
6.124951362609863281e+00
6.125183105468750000e+00
6.125414848327636719e+00
6.125646591186523438e+00
6.125878334045410156e+00
6.126110553741455078e+00
6.126341819763183594e+00
6.126573562622070312e+00
6.126805305480957031e+00
6.127037048339843750e+00
6.127268791198730469e+00
6.127501010894775391e+00
6.127732276916503906e+00
6.127964019775390625e+00
6.128195762634277344e+00
6.128427505493164062e+00
6.128659248352050781e+00
6.128891468048095703e+00
6.129122734069824219e+00
6.129354476928710938e+00
6.129586219787597656e+00
6.129817962646484375e+00
6.130050182342529297e+00
6.130281448364257812e+00
6.130512714385986328e+00
6.130745410919189453e+00
6.130976676940917969e+00
6.131208419799804688e+00
6.131440639495849609e+00
6.131672382354736328e+00
6.131904125213623047e+00
6.132135868072509766e+00
6.132367134094238281e+00
6.132598876953125000e+00
6.132830619812011719e+00
6.133062362670898438e+00
6.133294105529785156e+00
6.133525371551513672e+00
6.133757591247558594e+00
6.133988380432128906e+00
6.134220123291015625e+00
6.134451866149902344e+00
6.134683132171630859e+00
6.134915351867675781e+00
6.135146141052246094e+00
6.135378837585449219e+00
6.135610103607177734e+00
6.135841369628906250e+00
6.136073589324951172e+00
6.136305809020996094e+00
6.136537551879882812e+00
6.136770248413085938e+00
6.137001514434814453e+00
6.137232780456542969e+00
6.137465000152587891e+00
6.137696266174316406e+00
6.137927055358886719e+00
6.138158798217773438e+00
6.138391017913818359e+00
6.138622283935546875e+00
6.138854026794433594e+00
6.139084815979003906e+00
6.139317035675048828e+00
6.139549255371093750e+00
6.139780998229980469e+00
6.140012741088867188e+00
6.140244007110595703e+00
6.140475273132324219e+00
6.140707015991210938e+00
6.140938758850097656e+00
6.141170024871826172e+00
6.141402244567871094e+00
6.141633033752441406e+00
6.141864776611328125e+00
6.142096519470214844e+00
6.142329216003417969e+00
6.142560482025146484e+00
6.142791748046875000e+00
6.143023490905761719e+00
6.143255710601806641e+00
6.143487930297851562e+00
6.143718719482421875e+00
6.143950939178466797e+00
6.144182205200195312e+00
6.144413948059082031e+00
6.144645214080810547e+00
6.144877433776855469e+00
6.145109653472900391e+00
6.145340919494628906e+00
6.145572185516357422e+00
6.145803928375244141e+00
6.146035671234130859e+00
6.146267414093017578e+00
6.146498680114746094e+00
6.146731376647949219e+00
6.146963119506835938e+00
6.147194862365722656e+00
6.147426605224609375e+00
6.147658348083496094e+00
6.147890090942382812e+00
6.148121833801269531e+00
6.148352622985839844e+00
6.148584842681884766e+00
6.148816108703613281e+00
6.149047851562500000e+00
6.149279594421386719e+00
6.149510860443115234e+00
6.149743080139160156e+00
6.149975776672363281e+00
6.150207042694091797e+00
6.150438308715820312e+00
6.150670051574707031e+00
6.150902271270751953e+00
6.151134490966796875e+00
6.151366233825683594e+00
6.151597499847412109e+00
6.151829719543457031e+00
6.152061462402343750e+00
6.152293205261230469e+00
6.152524948120117188e+00
6.152756690979003906e+00
6.152988433837890625e+00
6.153220176696777344e+00
6.153451919555664062e+00
6.153684139251708984e+00
6.153916358947753906e+00
6.154147148132324219e+00
6.154379844665527344e+00
6.154611587524414062e+00
6.154843330383300781e+00
6.155075550079345703e+00
6.155306816101074219e+00
6.155538558959960938e+00
6.155770301818847656e+00
6.156002521514892578e+00
6.156234264373779297e+00
6.156465530395507812e+00
6.156698226928710938e+00
6.156929969787597656e+00
6.157161712646484375e+00
6.157393455505371094e+00
6.157626152038574219e+00
6.157857418060302734e+00
6.158089637756347656e+00
6.158321380615234375e+00
6.158553123474121094e+00
6.158785820007324219e+00
6.159016609191894531e+00
6.159248828887939453e+00
6.159481048583984375e+00
6.159711837768554688e+00
6.159944534301757812e+00
6.160177230834960938e+00
6.160408973693847656e+00
6.160640716552734375e+00
6.160872936248779297e+00
6.161105155944824219e+00
6.161336898803710938e+00
6.161569118499755859e+00
6.161800384521484375e+00
6.162033081054687500e+00
6.162264823913574219e+00
6.162496089935302734e+00
6.162728309631347656e+00
6.162960052490234375e+00
6.163192272186279297e+00
6.163424491882324219e+00
6.163656711578369141e+00
6.163888931274414062e+00
6.164121627807617188e+00
6.164353847503662109e+00
6.164585590362548828e+00
6.164817333221435547e+00
6.165049552917480469e+00
6.165281295776367188e+00
6.165513992309570312e+00
6.165745735168457031e+00
6.165977478027343750e+00
6.166210174560546875e+00
6.166442394256591797e+00
6.166674137115478516e+00
6.166905879974365234e+00
6.167138099670410156e+00
6.167370796203613281e+00
6.167603492736816406e+00
6.167835712432861328e+00
6.168067932128906250e+00
6.168300628662109375e+00
6.168533325195312500e+00
6.168765068054199219e+00
6.168997764587402344e+00
6.169229984283447266e+00
6.169463157653808594e+00
6.169694900512695312e+00
6.169927120208740234e+00
6.170159339904785156e+00
6.170391559600830078e+00
6.170623779296875000e+00
6.170855522155761719e+00
6.171087741851806641e+00
6.171319961547851562e+00
6.171552658081054688e+00
6.171785354614257812e+00
6.172017097473144531e+00
6.172249794006347656e+00
6.172482490539550781e+00
6.172714710235595703e+00
6.172946929931640625e+00
6.173179626464843750e+00
6.173411369323730469e+00
6.173644065856933594e+00
6.173876762390136719e+00
6.174109458923339844e+00
6.174342155456542969e+00
6.174574375152587891e+00
6.174806594848632812e+00
6.175039291381835938e+00
6.175271511077880859e+00
6.175504207611083984e+00
6.175736427307128906e+00
6.175969123840332031e+00
6.176201343536376953e+00
6.176434516906738281e+00
6.176667213439941406e+00
6.176898956298828125e+00
6.177131652832031250e+00
6.177364349365234375e+00
6.177596569061279297e+00
6.177828788757324219e+00
6.178061485290527344e+00
6.178294658660888672e+00
6.178526878356933594e+00
6.178759574890136719e+00
6.178992271423339844e+00
6.179225444793701172e+00
6.179458618164062500e+00
6.179691314697265625e+00
6.179924011230468750e+00
6.180156707763671875e+00
6.180389404296875000e+00
6.180623054504394531e+00
6.180854797363281250e+00
6.181087970733642578e+00
6.181321144104003906e+00
6.181553363800048828e+00
6.181786537170410156e+00
6.182019233703613281e+00
6.182251930236816406e+00
6.182484626770019531e+00
6.182717323303222656e+00
6.182950019836425781e+00
6.183182716369628906e+00
6.183415412902832031e+00
6.183648586273193359e+00
6.183881759643554688e+00
6.184113979339599609e+00
6.184347152709960938e+00
6.184580802917480469e+00
6.184813499450683594e+00
6.185046195983886719e+00
6.185279369354248047e+00
6.185512542724609375e+00
6.185745239257812500e+00
6.185977935791015625e+00
6.186212062835693359e+00
6.186444282531738281e+00
6.186676979064941406e+00
6.186910629272460938e+00
6.187143325805664062e+00
6.187376976013183594e+00
6.187609672546386719e+00
6.187842369079589844e+00
6.188076019287109375e+00
6.188308715820312500e+00
6.188542366027832031e+00
6.188774585723876953e+00
6.189007759094238281e+00
6.189241886138916016e+00
6.189474582672119141e+00
6.189706802368164062e+00
6.189939975738525391e+00
6.190174102783203125e+00
6.190406799316406250e+00
6.190639495849609375e+00
6.190872192382812500e+00
6.191105842590332031e+00
6.191339492797851562e+00
6.191572189331054688e+00
6.191806316375732422e+00
6.192039489746093750e+00
6.192272663116455078e+00
6.192505836486816406e+00
6.192739009857177734e+00
6.192972660064697266e+00
6.193205833435058594e+00
6.193438529968261719e+00
6.193671226501464844e+00
6.193905830383300781e+00
6.194138526916503906e+00
6.194371223449707031e+00
6.194604873657226562e+00
6.194838523864746094e+00
6.195072174072265625e+00
6.195305824279785156e+00
6.195539474487304688e+00
6.195773124694824219e+00
6.196006774902343750e+00
6.196239948272705078e+00
6.196474075317382812e+00
6.196707725524902344e+00
6.196941375732421875e+00
6.197174549102783203e+00
6.197408199310302734e+00
6.197641849517822266e+00
6.197875022888183594e+00
6.198109626770019531e+00
6.198343276977539062e+00
6.198576927185058594e+00
6.198810100555419922e+00
6.199044227600097656e+00
6.199276924133300781e+00
6.199510574340820312e+00
6.199743747711181641e+00
6.199977874755859375e+00
6.200211524963378906e+00
6.200446128845214844e+00
6.200679302215576172e+00
6.200913429260253906e+00
6.201147079467773438e+00
6.201381206512451172e+00
6.201614856719970703e+00
6.201848983764648438e+00
6.202082633972167969e+00
6.202316284179687500e+00
6.202549934387207031e+00
6.202783107757568359e+00
6.203016281127929688e+00
6.203250885009765625e+00
6.203485488891601562e+00
6.203719139099121094e+00
6.203953742980957031e+00
6.204186916351318359e+00
6.204421043395996094e+00
6.204654693603515625e+00
6.204888343811035156e+00
6.205122470855712891e+00
6.205357074737548828e+00
6.205591201782226562e+00
6.205824375152587891e+00
6.206058979034423828e+00
6.206293106079101562e+00
6.206526756286621094e+00
6.206761360168457031e+00
6.206995010375976562e+00
6.207228660583496094e+00
6.207463264465332031e+00
6.207697391510009766e+00
6.207931041717529297e+00
6.208165168762207031e+00
6.208399295806884766e+00
6.208633422851562500e+00
6.208867073059082031e+00
6.209100723266601562e+00
6.209335327148437500e+00
6.209568977355957031e+00
6.209803581237792969e+00
6.210037231445312500e+00
6.210271835327148438e+00
6.210506439208984375e+00
6.210740089416503906e+00
6.210974216461181641e+00
6.211208343505859375e+00
6.211442947387695312e+00
6.211676597595214844e+00
6.211911201477050781e+00
6.212145805358886719e+00
6.212380409240722656e+00
6.212614059448242188e+00
6.212848663330078125e+00
6.213083267211914062e+00
6.213317871093750000e+00
6.213551998138427734e+00
6.213786602020263672e+00
6.214020729064941406e+00
6.214255332946777344e+00
6.214488983154296875e+00
6.214723587036132812e+00
6.214958190917968750e+00
6.215192794799804688e+00
6.215427398681640625e+00
6.215662002563476562e+00
6.215896606445312500e+00
6.216131210327148438e+00
6.216364860534667969e+00
6.216600418090820312e+00
6.216834068298339844e+00
6.217068672180175781e+00
6.217303276062011719e+00
6.217537403106689453e+00
6.217772006988525391e+00
6.218007087707519531e+00
6.218241691589355469e+00
6.218476295471191406e+00
6.218710899353027344e+00
6.218945503234863281e+00
6.219180107116699219e+00
6.219414234161376953e+00
6.219649314880371094e+00
6.219883918762207031e+00
6.220118522644042969e+00
6.220353603363037109e+00
6.220587730407714844e+00
6.220821857452392578e+00
6.221056938171386719e+00
6.221291542053222656e+00
6.221526145935058594e+00
6.221761226654052734e+00
6.221995353698730469e+00
6.222229957580566406e+00
6.222465515136718750e+00
6.222700595855712891e+00
6.222935199737548828e+00
6.223169326782226562e+00
6.223403930664062500e+00
6.223639488220214844e+00
6.223874092102050781e+00
6.224109172821044922e+00
6.224344253540039062e+00
6.224578857421875000e+00
6.224813938140869141e+00
6.225049018859863281e+00
6.225284576416015625e+00
6.225518226623535156e+00
6.225753784179687500e+00
6.225988388061523438e+00
6.226223468780517578e+00
6.226458549499511719e+00
6.226693153381347656e+00
6.226927757263183594e+00
6.227162361145019531e+00
6.227397918701171875e+00
6.227633476257324219e+00
6.227868556976318359e+00
6.228103637695312500e+00
6.228338241577148438e+00
6.228574275970458984e+00
6.228808879852294922e+00
6.229043960571289062e+00
6.229279994964599609e+00
6.229514122009277344e+00
6.229749202728271484e+00
6.229984760284423828e+00
6.230219364166259766e+00
6.230454444885253906e+00
6.230689525604248047e+00
6.230924606323242188e+00
6.231160163879394531e+00
6.231395244598388672e+00
6.231630325317382812e+00
6.231865882873535156e+00
6.232101440429687500e+00
6.232336044311523438e+00
6.232571601867675781e+00
6.232807636260986328e+00
6.233042716979980469e+00
6.233277320861816406e+00
6.233511924743652344e+00
6.233747482299804688e+00
6.233983039855957031e+00
6.234217166900634766e+00
6.234453201293945312e+00
6.234688758850097656e+00
6.234924316406250000e+00
6.235159873962402344e+00
6.235394954681396484e+00
6.235630035400390625e+00
6.235864639282226562e+00
6.236100196838378906e+00
6.236336231231689453e+00
6.236571311950683594e+00
6.236806392669677734e+00
6.237042427062988281e+00
6.237277984619140625e+00
6.237512588500976562e+00
6.237748146057128906e+00
6.237983703613281250e+00
6.238219261169433594e+00
6.238454341888427734e+00
6.238689422607421875e+00
6.238925457000732422e+00
6.239160537719726562e+00
6.239396095275878906e+00
6.239630699157714844e+00
6.239867210388183594e+00
6.240102291107177734e+00
6.240338325500488281e+00
6.240573883056640625e+00
6.240809440612792969e+00
6.241044998168945312e+00
6.241280555725097656e+00
6.241516590118408203e+00
6.241752147674560547e+00
6.241987228393554688e+00
6.242222785949707031e+00
6.242458343505859375e+00
6.242693424224853516e+00
6.242928981781005859e+00
6.243164062500000000e+00
6.243399620056152344e+00
6.243634700775146484e+00
6.243871212005615234e+00
6.244106769561767578e+00
6.244342327117919922e+00
6.244577884674072266e+00
6.244812965393066406e+00
6.245049476623535156e+00
6.245284557342529297e+00
6.245520114898681641e+00
6.245756149291992188e+00
6.245991230010986328e+00
6.246226787567138672e+00
6.246462821960449219e+00
6.246698379516601562e+00
6.246933937072753906e+00
6.247169494628906250e+00
6.247405052185058594e+00
6.247641563415527344e+00
6.247877120971679688e+00
6.248112678527832031e+00
6.248349189758300781e+00
6.248584747314453125e+00
6.248820304870605469e+00
6.249055862426757812e+00
6.249292373657226562e+00
6.249527931213378906e+00
6.249763488769531250e+00
6.249999046325683594e+00
6.250234603881835938e+00
6.250471115112304688e+00
6.250706672668457031e+00
6.250942707061767578e+00
6.251177787780761719e+00
6.251413345336914062e+00
6.251648902893066406e+00
6.251884937286376953e+00
6.252120018005371094e+00
6.252356529235839844e+00
6.252592086791992188e+00
6.252827644348144531e+00
6.253063678741455078e+00
6.253299713134765625e+00
6.253535270690917969e+00
6.253771781921386719e+00
6.254007339477539062e+00
6.254242897033691406e+00
6.254479408264160156e+00
6.254714965820312500e+00
6.254950523376464844e+00
6.255187034606933594e+00
6.255422592163085938e+00
6.255659103393554688e+00
6.255894184112548828e+00
6.256129741668701172e+00
6.256365776062011719e+00
6.256602287292480469e+00
6.256837844848632812e+00
6.257073402404785156e+00
6.257309436798095703e+00
6.257545471191406250e+00
6.257781505584716797e+00
6.258017063140869141e+00
6.258253097534179688e+00
6.258488178253173828e+00
6.258724212646484375e+00
6.258960247039794922e+00
6.259196281433105469e+00
6.259431838989257812e+00
6.259667396545410156e+00
6.259903430938720703e+00
6.260139465332031250e+00
6.260375976562500000e+00
6.260612010955810547e+00
6.260848045349121094e+00
6.261084556579589844e+00
6.261320114135742188e+00
6.261555671691894531e+00
6.261791706085205078e+00
6.262027740478515625e+00
6.262264251708984375e+00
6.262500286102294922e+00
6.262736320495605469e+00
6.262971878051757812e+00
6.263207912445068359e+00
6.263443470001220703e+00
6.263679981231689453e+00
6.263916015625000000e+00
6.264151573181152344e+00
6.264387130737304688e+00
6.264622688293457031e+00
6.264858245849609375e+00
6.265094757080078125e+00
6.265330791473388672e+00
6.265566825866699219e+00
6.265802383422851562e+00
6.266038894653320312e+00
6.266274452209472656e+00
6.266510963439941406e+00
6.266746520996093750e+00
6.266982078552246094e+00
6.267217636108398438e+00
6.267454147338867188e+00
6.267689704895019531e+00
6.267925739288330078e+00
6.268161773681640625e+00
6.268397331237792969e+00
6.268633365631103516e+00
6.268869400024414062e+00
6.269105434417724609e+00
6.269341468811035156e+00
6.269576549530029297e+00
6.269812583923339844e+00
6.270048141479492188e+00
6.270283699035644531e+00
6.270520210266113281e+00
6.270756721496582031e+00
6.270992279052734375e+00
6.271227836608886719e+00
6.271463871002197266e+00
6.271699905395507812e+00
6.271935462951660156e+00
6.272171020507812500e+00
6.272407531738281250e+00
6.272643089294433594e+00
6.272878646850585938e+00
6.273114681243896484e+00
6.273350715637207031e+00
6.273585796356201172e+00
6.273821830749511719e+00
6.274058341979980469e+00
6.274294853210449219e+00
6.274529933929443359e+00
6.274766445159912109e+00
6.275002956390380859e+00
6.275238990783691406e+00
6.275474548339843750e+00
6.275710105895996094e+00
6.275946617126464844e+00
6.276182174682617188e+00
6.276417732238769531e+00
6.276653289794921875e+00
6.276889324188232422e+00
6.277124881744384766e+00
6.277359962463378906e+00
6.277596473693847656e+00
6.277832031250000000e+00
6.278067588806152344e+00
6.278303146362304688e+00
6.278538703918457031e+00
6.278775215148925781e+00
6.279010295867919922e+00
6.279246330261230469e+00
6.279482841491699219e+00
6.279718399047851562e+00
6.279953956604003906e+00
6.280189990997314453e+00
6.280425548553466797e+00
6.280660629272460938e+00
6.280897617340087891e+00
6.281133651733398438e+00
6.281368732452392578e+00
6.281604290008544922e+00
6.281840324401855469e+00
6.282075405120849609e+00
6.282311439514160156e+00
6.282546997070312500e+00
6.282783031463623047e+00
6.283019065856933594e+00
6.283255577087402344e+00
6.283491134643554688e+00
6.283726692199707031e+00
6.283962249755859375e+00
6.284197807312011719e+00
6.284434318542480469e+00
6.284668922424316406e+00
6.284904479980468750e+00
6.285140037536621094e+00
6.285376071929931641e+00
6.285611629486083984e+00
6.285847187042236328e+00
6.286082744598388672e+00
6.286318778991699219e+00
6.286554336547851562e+00
6.286789894104003906e+00
6.287025451660156250e+00
6.287261009216308594e+00
6.287496566772460938e+00
6.287732124328613281e+00
6.287967681884765625e+00
6.288203716278076172e+00
6.288438796997070312e+00
6.288674354553222656e+00
6.288909912109375000e+00
6.289145469665527344e+00
6.289381027221679688e+00
6.289616107940673828e+00
6.289851188659667969e+00
6.290087699890136719e+00
6.290323257446289062e+00
6.290558338165283203e+00
6.290794372558593750e+00
6.291029453277587891e+00
6.291264533996582031e+00
6.291500091552734375e+00
6.291735649108886719e+00
6.291971206665039062e+00
6.292205810546875000e+00
6.292441368103027344e+00
6.292676448822021484e+00
6.292912006378173828e+00
6.293147563934326172e+00
6.293382644653320312e+00
6.293617725372314453e+00
6.293853759765625000e+00
6.294088363647460938e+00
6.294323921203613281e+00
6.294559478759765625e+00
6.294794559478759766e+00
6.295029163360595703e+00
6.295265197753906250e+00
6.295500278472900391e+00
6.295735359191894531e+00
6.295970916748046875e+00
6.296205520629882812e+00
6.296440124511718750e+00
6.296675205230712891e+00
6.296911239624023438e+00
6.297146797180175781e+00
6.297381401062011719e+00
6.297616481781005859e+00
6.297851562500000000e+00
6.298086643218994141e+00
6.298321723937988281e+00
6.298556804656982422e+00
6.298791408538818359e+00
6.299026489257812500e+00
6.299262046813964844e+00
6.299497127532958984e+00
6.299731731414794922e+00
6.299966812133789062e+00
6.300202369689941406e+00
6.300436973571777344e+00
6.300671577453613281e+00
6.300907135009765625e+00
6.301141262054443359e+00
6.301376819610595703e+00
6.301610946655273438e+00
6.301845550537109375e+00
6.302081108093261719e+00
6.302315711975097656e+00
6.302550315856933594e+00
6.302784919738769531e+00
6.303020000457763672e+00
6.303254604339599609e+00
6.303488731384277344e+00
6.303724288940429688e+00
6.303958892822265625e+00
6.304193973541259766e+00
6.304429054260253906e+00
6.304663658142089844e+00
6.304898262023925781e+00
6.305132389068603516e+00
6.305367469787597656e+00
6.305602073669433594e+00
6.305836677551269531e+00
6.306071281433105469e+00
6.306305885314941406e+00
6.306540489196777344e+00
6.306775569915771484e+00
6.307009696960449219e+00
6.307244300842285156e+00
6.307478904724121094e+00
6.307713508605957031e+00
6.307947635650634766e+00
6.308181762695312500e+00
6.308415889739990234e+00
6.308650493621826172e+00
6.308884620666503906e+00
6.309118747711181641e+00
6.309353351593017578e+00
6.309587478637695312e+00
6.309822559356689453e+00
6.310055732727050781e+00
6.310289859771728516e+00
6.310524463653564453e+00
6.310758590698242188e+00
6.310993194580078125e+00
6.311227798461914062e+00
6.311461448669433594e+00
6.311696052551269531e+00
6.311930179595947266e+00
6.312164306640625000e+00
6.312398910522460938e+00
6.312632560729980469e+00
6.312866687774658203e+00
6.313100814819335938e+00
6.313334465026855469e+00
6.313569068908691406e+00
6.313802719116210938e+00
6.314036369323730469e+00
6.314270019531250000e+00
6.314504146575927734e+00
6.314737796783447266e+00
6.314971923828125000e+00
6.315205574035644531e+00
6.315440177917480469e+00
6.315672874450683594e+00
6.315906524658203125e+00
6.316141128540039062e+00
6.316374301910400391e+00
6.316607952117919922e+00
6.316841125488281250e+00
6.317075252532958984e+00
6.317309379577636719e+00
6.317542552947998047e+00
6.317776679992675781e+00
6.318009853363037109e+00
6.318243026733398438e+00
6.318476676940917969e+00
6.318710327148437500e+00
6.318943023681640625e+00
6.319176673889160156e+00
6.319410324096679688e+00
6.319643497467041016e+00
6.319877624511718750e+00
6.320110797882080078e+00
6.320343971252441406e+00
6.320576667785644531e+00
6.320810317993164062e+00
6.321043491363525391e+00
6.321276664733886719e+00
6.321510314941406250e+00
6.321743488311767578e+00
6.321976184844970703e+00
6.322209358215332031e+00
6.322442054748535156e+00
6.322674751281738281e+00
6.322908401489257812e+00
6.323141098022460938e+00
6.323374271392822266e+00
6.323606967926025391e+00
6.323839664459228516e+00
6.324072837829589844e+00
6.324306011199951172e+00
6.324538707733154297e+00
6.324770927429199219e+00
6.325004577636718750e+00
6.325237274169921875e+00
6.325470924377441406e+00
6.325703144073486328e+00
6.325935840606689453e+00
6.326168537139892578e+00
6.326401710510253906e+00
6.326634407043457031e+00
6.326867103576660156e+00
6.327099800109863281e+00
6.327331542968750000e+00
6.327563762664794922e+00
6.327797412872314453e+00
6.328029155731201172e+00
6.328261375427246094e+00
6.328494071960449219e+00
6.328725814819335938e+00
6.328958988189697266e+00
6.329191207885742188e+00
6.329423427581787109e+00
6.329655647277832031e+00
6.329887866973876953e+00
6.330121040344238281e+00
6.330352783203125000e+00
6.330584526062011719e+00
6.330817222595214844e+00
6.331048488616943359e+00
6.331280708312988281e+00
6.331512928009033203e+00
6.331745147705078125e+00
6.331977367401123047e+00
6.332208633422851562e+00
6.332441329956054688e+00
6.332673549652099609e+00
6.332905292510986328e+00
6.333137512207031250e+00
6.333369255065917969e+00
6.333600997924804688e+00
6.333833217620849609e+00
6.334064483642578125e+00
6.334296226501464844e+00
6.334527492523193359e+00
6.334759712219238281e+00
6.334990978240966797e+00
6.335222244262695312e+00
6.335453033447265625e+00
6.335685253143310547e+00
6.335916996002197266e+00
6.336148262023925781e+00
6.336379528045654297e+00
6.336609840393066406e+00
6.336842536926269531e+00
6.337072849273681641e+00
6.337305068969726562e+00
6.337535858154296875e+00
6.337767124176025391e+00
6.337998867034912109e+00
6.338230133056640625e+00
6.338460445404052734e+00
6.338692665100097656e+00
6.338922977447509766e+00
6.339154720306396484e+00
6.339385509490966797e+00
6.339615821838378906e+00
6.339847087860107422e+00
6.340078353881835938e+00
6.340309143066406250e+00
6.340539932250976562e+00
6.340770721435546875e+00
6.341001510620117188e+00
6.341231346130371094e+00
6.341463088989257812e+00
6.341692924499511719e+00
6.341923713684082031e+00
6.342154502868652344e+00
6.342384338378906250e+00
6.342615127563476562e+00
6.342844963073730469e+00
6.343075752258300781e+00
6.343306541442871094e+00
6.343537330627441406e+00
6.343768119812011719e+00
6.343997955322265625e+00
6.344229221343994141e+00
6.344458580017089844e+00
6.344688415527343750e+00
6.344918727874755859e+00
6.345149040222167969e+00
6.345378875732421875e+00
6.345608711242675781e+00
6.345839023590087891e+00
6.346068859100341797e+00
6.346299171447753906e+00
6.346529006958007812e+00
6.346758842468261719e+00
6.346988677978515625e+00
6.347219467163085938e+00
6.347449302673339844e+00
6.347679138183593750e+00
6.347907543182373047e+00
6.348137855529785156e+00
6.348367691040039062e+00
6.348596572875976562e+00
6.348826408386230469e+00
6.349055290222167969e+00
6.349285125732421875e+00
6.349514007568359375e+00
6.349744319915771484e+00
6.349972248077392578e+00
6.350202083587646484e+00
6.350431442260742188e+00
6.350660324096679688e+00
6.350889205932617188e+00
6.351118564605712891e+00
6.351346969604492188e+00
6.351576328277587891e+00
6.351804733276367188e+00
6.352034568786621094e+00
6.352262496948242188e+00
6.352491378784179688e+00
6.352720737457275391e+00
6.352949142456054688e+00
6.353178024291992188e+00
6.353406906127929688e+00
6.353635787963867188e+00
6.353864669799804688e+00
6.354093074798583984e+00
6.354320526123046875e+00
6.354549407958984375e+00
6.354778289794921875e+00
6.355006217956542969e+00
6.355235099792480469e+00
6.355463504791259766e+00
6.355691432952880859e+00
6.355919837951660156e+00
6.356147766113281250e+00
6.356375694274902344e+00
6.356604576110839844e+00
6.356832504272460938e+00
6.357060432434082031e+00
6.357288837432861328e+00
6.357517719268798828e+00
6.357744693756103516e+00
6.357973098754882812e+00
6.358201026916503906e+00
6.358428955078125000e+00
6.358655929565429688e+00
6.358883857727050781e+00
6.359112262725830078e+00
6.359339714050292969e+00
6.359566688537597656e+00
6.359794616699218750e+00
6.360022068023681641e+00
6.360249042510986328e+00
6.360476493835449219e+00
6.360704421997070312e+00
6.360931396484375000e+00
6.361157894134521484e+00
6.361385345458984375e+00
6.361612319946289062e+00
6.361839294433593750e+00
6.362065792083740234e+00
6.362293720245361328e+00
6.362520217895507812e+00
6.362747192382812500e+00
6.362975120544433594e+00
6.363202095031738281e+00
6.363429069519042969e+00
6.363656044006347656e+00
6.363883018493652344e+00
6.364109039306640625e+00
6.364336490631103516e+00
6.364562988281250000e+00
6.364789009094238281e+00
6.365015983581542969e+00
6.365242004394531250e+00
6.365468025207519531e+00
6.365695476531982422e+00
6.365921020507812500e+00
6.366147041320800781e+00
6.366373538970947266e+00
6.366599559783935547e+00
6.366824626922607422e+00
6.367051601409912109e+00
6.367277145385742188e+00
6.367503166198730469e+00
6.367729187011718750e+00
6.367955684661865234e+00
6.368181228637695312e+00
6.368407249450683594e+00
6.368633270263671875e+00
6.368857860565185547e+00
6.369084835052490234e+00
6.369309902191162109e+00
6.369535923004150391e+00
6.369760990142822266e+00
6.369986534118652344e+00
6.370211601257324219e+00
6.370437145233154297e+00
6.370662689208984375e+00
6.370887279510498047e+00
6.371112823486328125e+00
6.371337890625000000e+00
6.371562957763671875e+00
6.371788024902343750e+00
6.372014045715332031e+00
6.372238159179687500e+00
6.372462272644042969e+00
6.372688293457031250e+00
6.372912406921386719e+00
6.373138427734375000e+00
6.373362541198730469e+00
6.373587608337402344e+00
6.373811244964599609e+00
6.374037265777587891e+00
6.374261856079101562e+00
6.374485015869140625e+00
6.374709606170654297e+00
6.374934196472167969e+00
6.375157833099365234e+00
6.375381946563720703e+00
6.375607013702392578e+00
6.375830650329589844e+00
6.376055717468261719e+00
6.376279354095458984e+00
6.376502990722656250e+00
6.376726150512695312e+00
6.376950263977050781e+00
6.377174377441406250e+00
6.377398014068603516e+00
6.377621650695800781e+00
6.377844810485839844e+00
6.378068447113037109e+00
6.378292083740234375e+00
6.378515243530273438e+00
6.378738403320312500e+00
6.378962516784667969e+00
6.379185676574707031e+00
6.379409790039062500e+00
6.379631996154785156e+00
6.379856109619140625e+00
6.380078792572021484e+00
6.380302429199218750e+00
6.380524635314941406e+00
6.380748748779296875e+00
6.380970954895019531e+00
6.381195068359375000e+00
6.381416797637939453e+00
6.381640434265136719e+00
6.381862640380859375e+00
6.382085800170898438e+00
6.382306575775146484e+00
6.382530212402343750e+00
6.382751941680908203e+00
6.382974147796630859e+00
6.383195877075195312e+00
6.383418560028076172e+00
6.383640289306640625e+00
6.383862972259521484e+00
6.384084701538085938e+00
6.384306907653808594e+00
6.384528160095214844e+00
6.384750366210937500e+00
6.384972095489501953e+00
6.385195255279541016e+00
6.385415554046630859e+00
6.385639190673828125e+00
6.385859966278076172e+00
6.386082649230957031e+00
6.386302947998046875e+00
6.386526107788085938e+00
6.386746406555175781e+00
6.386968612670898438e+00
6.387189865112304688e+00
6.387411594390869141e+00
6.387631416320800781e+00
6.387852668762207031e+00
6.388073921203613281e+00
6.388295173645019531e+00
6.388516426086425781e+00
6.388737678527832031e+00
6.388957500457763672e+00
6.389179706573486328e+00
6.389399528503417969e+00
6.389621734619140625e+00
6.389841079711914062e+00
6.390062332153320312e+00
6.390281677246093750e+00
6.390503883361816406e+00
6.390721797943115234e+00
6.390943527221679688e+00
6.391162395477294922e+00
6.391385078430175781e+00
6.391601562500000000e+00
6.391827106475830078e+00
6.392042160034179688e+00
6.392267704010009766e+00
6.392480850219726562e+00
6.392709732055664062e+00
6.392917633056640625e+00
6.393151760101318359e+00
6.393353462219238281e+00
6.393595218658447266e+00
6.393785476684570312e+00
6.394043922424316406e+00
6.394212722778320312e+00
6.394496917724609375e+00
6.394632339477539062e+00
6.394962310791015625e+00
6.395036697387695312e+00
6.395445823669433594e+00
6.395415306091308594e+00
6.395964622497558594e+00
6.395748138427734375e+00
6.396544933319091797e+00
6.396003246307373047e+00
6.397227287292480469e+00
6.396150588989257812e+00
6.398024559020996094e+00
6.396238327026367188e+00
6.398759841918945312e+00
6.396595954895019531e+00
6.398920536041259766e+00
6.397655487060546875e+00
6.398437023162841797e+00
6.399055480957031250e+00
6.398115158081054688e+00
6.399937629699707031e+00
6.398568153381347656e+00
6.399946212768554688e+00
6.399687767028808594e+00
6.399642944335937500e+00
6.400722503662109375e+00
6.399779796600341797e+00
6.401112556457519531e+00
6.400564193725585938e+00
6.400988578796386719e+00
6.401566505432128906e+00
6.401010513305664062e+00
6.402141571044921875e+00
6.401594638824462891e+00
6.402194976806640625e+00
6.402474403381347656e+00
6.402250289916992188e+00
6.403110027313232422e+00
6.402688026428222656e+00
6.403349399566650391e+00
6.403415679931640625e+00
6.403462409973144531e+00
6.404089450836181641e+00
6.403791427612304688e+00
6.404456138610839844e+00
6.404417037963867188e+00
6.404629707336425781e+00
6.405076026916503906e+00
6.404925346374511719e+00
6.405513763427734375e+00
6.405452728271484375e+00
6.405777454376220703e+00
6.406056880950927734e+00
6.406064510345458984e+00
6.406557083129882812e+00
6.406501293182373047e+00
6.406896591186523438e+00
6.407057762145996094e+00
6.407186508178710938e+00
6.407580852508544922e+00
6.407575130462646484e+00
6.407976150512695312e+00
6.408076286315917969e+00
6.408301353454589844e+00
6.408592224121093750e+00
6.408664703369140625e+00
6.409034729003906250e+00
6.409112930297851562e+00
6.409401893615722656e+00
6.409607887268066406e+00
6.409759521484375000e+00
6.410077095031738281e+00
6.410167694091796875e+00
6.410481452941894531e+00
6.410633087158203125e+00
6.410848140716552734e+00
6.411104202270507812e+00
6.411237239837646484e+00
6.411535263061523438e+00
6.411671638488769531e+00
6.411929130554199219e+00
6.412128925323486328e+00
6.412314414978027344e+00
6.412575721740722656e+00
6.412722587585449219e+00
6.412994384765625000e+00
6.413161277770996094e+00
6.413389205932617188e+00
6.413610458374023438e+00
6.413786888122558594e+00
6.414041519165039062e+00
6.414206504821777344e+00
6.414451599121093750e+00
6.414640903472900391e+00
6.414852142333984375e+00
6.415076255798339844e+00
6.415258884429931641e+00
6.415501594543457031e+00
6.415679454803466797e+00
6.415911674499511719e+00
6.416110992431640625e+00
6.416316032409667969e+00
6.416542053222656250e+00
6.416728019714355469e+00
6.416960716247558594e+00
6.417149543762207031e+00
6.417372226715087891e+00
6.417574405670166016e+00
6.417780876159667969e+00
6.417998790740966797e+00
6.418191909790039062e+00
6.418417453765869141e+00
6.418610572814941406e+00
6.418829917907714844e+00
6.419033527374267578e+00
6.419239521026611328e+00
6.419454574584960938e+00
6.419651508331298828e+00
6.419872283935546875e+00
6.420068740844726562e+00
6.420284271240234375e+00
6.420486927032470703e+00
6.420695304870605469e+00
6.420906066894531250e+00
6.421106338500976562e+00
6.421322345733642578e+00
6.421521663665771484e+00
6.421735763549804688e+00
6.421938896179199219e+00
6.422147750854492188e+00
6.422355175018310547e+00
6.422558784484863281e+00
6.422770500183105469e+00
6.422972202301025391e+00
6.423183441162109375e+00
6.423386096954345703e+00
6.423595428466796875e+00
6.423801422119140625e+00
6.424006462097167969e+00
6.424214839935302734e+00
6.424417495727539062e+00
6.424627304077148438e+00
6.424830436706542969e+00
6.425039291381835938e+00
6.425242900848388672e+00
6.425450325012207031e+00
6.425654888153076172e+00
6.425860404968261719e+00
6.426067829132080078e+00
6.426270484924316406e+00
6.426480293273925781e+00
6.426681518554687500e+00
6.426890373229980469e+00
6.427092552185058594e+00
6.427299499511718750e+00
6.427503108978271484e+00
6.427710533142089844e+00
6.427914619445800781e+00
6.428119182586669922e+00
6.428324699401855469e+00
6.428528308868408203e+00
6.428735256195068359e+00
6.428938388824462891e+00
6.429143905639648438e+00
6.429347991943359375e+00
6.429552078247070312e+00
6.429756164550781250e+00
6.429960250854492188e+00
6.430164813995361328e+00
6.430369377136230469e+00
6.430573463439941406e+00
6.430776596069335938e+00
6.430981159210205078e+00
6.431184768676757812e+00
6.431389331817626953e+00
6.431592464447021484e+00
6.431796073913574219e+00
6.432000160217285156e+00
6.432203769683837891e+00
6.432407379150390625e+00
6.432610511779785156e+00
6.432813644409179688e+00
6.433016777038574219e+00
6.433220863342285156e+00
6.433423042297363281e+00
6.433625698089599609e+00
6.433828830718994141e+00
6.434032440185546875e+00
6.434234619140625000e+00
6.434436798095703125e+00
6.434639930725097656e+00
6.434841156005859375e+00
6.435044765472412109e+00
6.435246467590332031e+00
6.435449600219726562e+00
6.435650825500488281e+00
6.435854434967041016e+00
6.436054706573486328e+00
6.436258792877197266e+00
6.436459064483642578e+00
6.436663150787353516e+00
6.436861991882324219e+00
6.437065601348876953e+00
6.437265872955322266e+00
6.437468051910400391e+00
6.437669277191162109e+00
6.437870979309082031e+00
6.438071250915527344e+00
6.438273429870605469e+00
6.438474655151367188e+00
6.438674926757812500e+00
6.438877105712890625e+00
6.439077377319335938e+00
6.439279556274414062e+00
6.439478874206542969e+00
6.439681053161621094e+00
6.439878940582275391e+00
6.440082550048828125e+00
6.440279483795166016e+00
6.440483570098876953e+00
6.440680503845214844e+00
6.440884590148925781e+00
6.441081523895263672e+00
6.441285610198974609e+00
6.441480159759521484e+00
6.441687583923339844e+00
6.441879272460937500e+00
6.442088603973388672e+00
6.442277908325195312e+00
6.442488670349121094e+00
6.442675113677978516e+00
6.442890644073486328e+00
6.443072319030761719e+00
6.443291664123535156e+00
6.443467140197753906e+00
6.443695068359375000e+00
6.443860054016113281e+00
6.444099426269531250e+00
6.444251060485839844e+00
6.444506168365478516e+00
6.444637298583984375e+00
6.444917678833007812e+00
6.445016860961914062e+00
6.445337295532226562e+00
6.445387840270996094e+00
6.445766925811767578e+00
6.445743083953857422e+00
6.446217060089111328e+00
6.446074485778808594e+00
6.446697235107421875e+00
6.446366786956787109e+00
6.447223186492919922e+00
6.446604251861572266e+00
6.447824478149414062e+00
6.446758747100830078e+00
6.448517322540283203e+00
6.446834564208984375e+00
6.449264049530029297e+00
6.446943283081054688e+00
6.449842929840087891e+00
6.447382926940917969e+00
6.449885368347167969e+00
6.448407649993896484e+00
6.449417114257812500e+00
6.449714660644531250e+00
6.449016094207763672e+00
6.450697898864746094e+00
6.449168205261230469e+00
6.450992107391357422e+00
6.449972152709960938e+00
6.450752258300781250e+00
6.451044082641601562e+00
6.450557231903076172e+00
6.451826095581054688e+00
6.450819969177246094e+00
6.452075004577636719e+00
6.451554298400878906e+00
6.451985359191894531e+00
6.452425479888916016e+00
6.451988697052001953e+00
6.453028202056884766e+00
6.452371597290039062e+00
6.453226089477539062e+00
6.453072547912597656e+00
6.453252315521240234e+00
6.453777790069580078e+00
6.453429222106933594e+00
6.454237461090087891e+00
6.453880310058593750e+00
6.454448699951171875e+00
6.454500198364257812e+00
6.454591751098632812e+00
6.455085754394531250e+00
6.454857826232910156e+00
6.455491065979003906e+00
6.455317497253417969e+00
6.455730438232421875e+00
6.455878257751464844e+00
6.455944538116455078e+00
6.456385612487792969e+00
6.456266403198242188e+00
6.456762313842773438e+00
6.456712722778320312e+00
6.457037925720214844e+00
6.457213401794433594e+00
6.457308769226074219e+00
6.457676887512207031e+00
6.457649230957031250e+00
6.458054542541503906e+00
6.458073139190673828e+00
6.458364486694335938e+00
6.458536148071289062e+00
6.458666801452636719e+00
6.458975315093994141e+00
6.459013938903808594e+00
6.459358215332031250e+00
6.459419250488281250e+00
6.459693431854248047e+00
6.459851741790771484e+00
6.460018634796142578e+00
6.460274696350097656e+00
6.460367202758789062e+00
6.460662841796875000e+00
6.460752964019775391e+00
6.461019515991210938e+00
6.461163520812988281e+00
6.461360931396484375e+00
6.461575984954833984e+00
6.461711883544921875e+00
6.461970329284667969e+00
6.462084293365478516e+00
6.462340354919433594e+00
6.462478160858154297e+00
6.462696075439453125e+00
6.462878227233886719e+00
6.463050842285156250e+00
6.463272094726562500e+00
6.463415145874023438e+00
6.463653564453125000e+00
6.463794708251953125e+00
6.464019775390625000e+00
6.464181900024414062e+00
6.464380741119384766e+00
6.464572906494140625e+00
6.464741706848144531e+00
6.464956283569335938e+00
6.465111732482910156e+00
6.465331554412841797e+00
6.465489864349365234e+00
6.465700149536132812e+00
6.465871810913085938e+00
6.466065883636474609e+00
6.466255187988281250e+00
6.466431140899658203e+00
6.466634750366210938e+00
6.466800689697265625e+00
6.467010498046875000e+00
6.467175483703613281e+00
6.467380523681640625e+00
6.467551231384277344e+00
6.467746734619140625e+00
6.467928886413574219e+00
6.468113899230957031e+00
6.468304634094238281e+00
6.468482017517089844e+00
6.468679904937744141e+00
6.468852519989013672e+00
6.469051361083984375e+00
6.469224929809570312e+00
6.469421386718750000e+00
6.469598293304443359e+00
6.469790458679199219e+00
6.469971656799316406e+00
6.470157623291015625e+00
6.470344066619873047e+00
6.470524787902832031e+00
6.470715522766113281e+00
6.470893859863281250e+00
6.471086025238037109e+00
6.471262931823730469e+00
6.471454620361328125e+00
6.471632957458496094e+00
6.471823215484619141e+00
6.472002983093261719e+00
6.472190856933593750e+00
6.472373008728027344e+00
6.472558498382568359e+00
6.472742557525634766e+00
6.472926616668701172e+00
6.473111152648925781e+00
6.473294258117675781e+00
6.473479270935058594e+00
6.473660469055175781e+00
6.473846435546875000e+00
6.474027156829833984e+00
6.474213123321533203e+00
6.474394798278808594e+00
6.474579811096191406e+00
6.474761009216308594e+00
6.474946975708007812e+00
6.475128173828125000e+00
6.475313663482666016e+00
6.475494384765625000e+00
6.475679397583007812e+00
6.475860595703125000e+00
6.476044178009033203e+00
6.476225852966308594e+00
6.476408958435058594e+00
6.476590156555175781e+00
6.476773738861083984e+00
6.476954460144042969e+00
6.477138996124267578e+00
6.477319717407226562e+00
6.477504730224609375e+00
6.477683067321777344e+00
6.477869510650634766e+00
6.478047370910644531e+00
6.478232383728027344e+00
6.478410243988037109e+00
6.478595733642578125e+00
6.478773117065429688e+00
6.478958129882812500e+00
6.479135513305664062e+00
6.479322433471679688e+00
6.479498386383056641e+00
6.479684829711914062e+00
6.479859828948974609e+00
6.480047702789306641e+00
6.480220317840576172e+00
6.480411052703857422e+00
6.480579853057861328e+00
6.480773448944091797e+00
6.480941772460937500e+00
6.481137275695800781e+00
6.481299877166748047e+00
6.481501102447509766e+00
6.481656074523925781e+00
6.481866836547851562e+00
6.482009887695312500e+00
6.482234001159667969e+00
6.482361793518066406e+00
6.482604026794433594e+00
6.482707023620605469e+00
6.482981681823730469e+00
6.483045101165771484e+00
6.483369350433349609e+00
6.483369827270507812e+00
6.483772277832031250e+00
6.483674526214599609e+00
6.484199523925781250e+00
6.483944416046142578e+00
6.484671592712402344e+00
6.484161376953125000e+00
6.485213279724121094e+00
6.484292984008789062e+00
6.485861301422119141e+00
6.484313011169433594e+00
6.486637592315673828e+00
6.484234809875488281e+00
6.487451553344726562e+00
6.484271049499511719e+00
6.487908363342285156e+00
6.484900474548339844e+00
6.487533092498779297e+00
6.486302375793457031e+00
6.486673355102539062e+00
6.487797737121582031e+00
6.486213684082031250e+00
6.488581657409667969e+00
6.486648559570312500e+00
6.488393783569335938e+00
6.487835884094238281e+00
6.487811565399169922e+00
6.488986968994140625e+00
6.487686157226562500e+00
6.489416122436523438e+00
6.488337039947509766e+00
6.489171504974365234e+00
6.489368438720703125e+00
6.488911628723144531e+00
6.490112781524658203e+00
6.489161968231201172e+00
6.490270614624023438e+00
6.489904880523681641e+00
6.490123748779296875e+00
6.490710258483886719e+00
6.490159034729003906e+00
6.491164207458496094e+00
6.490615844726562500e+00
6.491228580474853516e+00
6.491323947906494141e+00
6.491225242614746094e+00
6.491919517517089844e+00
6.491475105285644531e+00
6.492197990417480469e+00
6.492013931274414062e+00
6.492281913757324219e+00
6.492613792419433594e+00
6.492434501647949219e+00
6.493045330047607422e+00
6.492800712585449219e+00
6.493269443511962891e+00
6.493315696716308594e+00
6.493427276611328125e+00
6.493811130523681641e+00
6.493678569793701172e+00
6.494165420532226562e+00
6.494077682495117188e+00
6.494396209716796875e+00
6.494549751281738281e+00
6.494613647460937500e+00
6.494980335235595703e+00
6.494918823242187500e+00
6.495303630828857422e+00
6.495317935943603516e+00
6.495555877685546875e+00
6.495752334594726562e+00
6.495817661285400391e+00
6.496139526367187500e+00
6.496143341064453125e+00
6.496457099914550781e+00
6.496531486511230469e+00
6.496732711791992188e+00
6.496932983398437500e+00
6.497020721435546875e+00
6.497301578521728516e+00
6.497354507446289062e+00
6.497622966766357422e+00
6.497726917266845703e+00
6.497918128967285156e+00
6.498106956481933594e+00
6.498220920562744141e+00
6.498465538024902344e+00
6.498553276062011719e+00
6.498793125152587891e+00
6.498910903930664062e+00
6.499102115631103516e+00
6.499276161193847656e+00
6.499413967132568359e+00
6.499631404876708984e+00
6.499742031097412109e+00
6.499964714050292969e+00
6.500088691711425781e+00
6.500283718109130859e+00
6.500445365905761719e+00
6.500600814819335938e+00
6.500794887542724609e+00
6.500926971435546875e+00
6.501132488250732422e+00
6.501265525817871094e+00
6.501459598541259766e+00
6.501611232757568359e+00
6.501781463623046875e+00
6.501956939697265625e+00
6.502106666564941406e+00
6.502297878265380859e+00
6.502438068389892578e+00
6.502629756927490234e+00
6.502777099609375000e+00
6.502956390380859375e+00
6.503118038177490234e+00
6.503281593322753906e+00
6.503458023071289062e+00
6.503608703613281250e+00
6.503792285919189453e+00
6.503942489624023438e+00
6.504123687744140625e+00
6.504278182983398438e+00
6.504451274871826172e+00
6.504614830017089844e+00
6.504778861999511719e+00
6.504950523376464844e+00
6.505106449127197266e+00
6.505282402038574219e+00
6.505436897277832031e+00
6.505613803863525391e+00
6.505769729614257812e+00
6.505941867828369141e+00
6.506102561950683594e+00
6.506268978118896484e+00
6.506436824798583984e+00
6.506597518920898438e+00
6.506768226623535156e+00
6.506926059722900391e+00
6.507098674774169922e+00
6.507256507873535156e+00
6.507426261901855469e+00
6.507587432861328125e+00
6.507755279541015625e+00
6.507918357849121094e+00
6.508081912994384766e+00
6.508247852325439453e+00
6.508410930633544922e+00
6.508577346801757812e+00
6.508738517761230469e+00
6.508905887603759766e+00
6.509066581726074219e+00
6.509233474731445312e+00
6.509393692016601562e+00
6.509560585021972656e+00
6.509721755981445312e+00
6.509886741638183594e+00
6.510049819946289062e+00
6.510212898254394531e+00
6.510377883911132812e+00
6.510539054870605469e+00
6.510704040527343750e+00
6.510865688323974609e+00
6.511030197143554688e+00
6.511192321777343750e+00
6.511356353759765625e+00
6.511518478393554688e+00
6.511682510375976562e+00
6.511844635009765625e+00
6.512006759643554688e+00
6.512169837951660156e+00
6.512331962585449219e+00
6.512495517730712891e+00
6.512656211853027344e+00
6.512821197509765625e+00
6.512980461120605469e+00
6.513146400451660156e+00
6.513303756713867188e+00
6.513470649719238281e+00
6.513628005981445312e+00
6.513793945312500000e+00
6.513952255249023438e+00
6.514117240905761719e+00
6.514273643493652344e+00
6.514441490173339844e+00
6.514595985412597656e+00
6.514766693115234375e+00
6.514918804168701172e+00
6.515089035034179688e+00
6.515242576599121094e+00
6.515411853790283203e+00
6.515564918518066406e+00
6.515733242034912109e+00
6.515885829925537109e+00
6.516055107116699219e+00
6.516206741333007812e+00
6.516377449035644531e+00
6.516528129577636719e+00
6.516700744628906250e+00
6.516847610473632812e+00
6.517022132873535156e+00
6.517167568206787109e+00
6.517344474792480469e+00
6.517486572265625000e+00
6.517667770385742188e+00
6.517803192138671875e+00
6.517991065979003906e+00
6.518118858337402344e+00
6.518316268920898438e+00
6.518431186676025391e+00
6.518645286560058594e+00
6.518741130828857422e+00
6.518977165222167969e+00
6.519044876098632812e+00
6.519313335418701172e+00
6.519341468811035156e+00
6.519659996032714844e+00
6.519626617431640625e+00
6.520022392272949219e+00
6.519890785217285156e+00
6.520406723022460938e+00
6.520124435424804688e+00
6.520830154418945312e+00
6.520309925079345703e+00
6.521316051483154297e+00
6.520423889160156250e+00
6.521893978118896484e+00
6.520434379577636719e+00
6.522593498229980469e+00
6.520335197448730469e+00
6.523381710052490234e+00
6.520239830017089844e+00
6.524012565612792969e+00
6.520517826080322266e+00
6.523986816406250000e+00
6.521566390991210938e+00
6.523203849792480469e+00
6.523097515106201172e+00
6.522394180297851562e+00
6.524297714233398438e+00
6.522257804870605469e+00
6.524622440338134766e+00
6.522993087768554688e+00
6.524171829223632812e+00
6.524192333221435547e+00
6.523650169372558594e+00
6.525111198425292969e+00
6.523696422576904297e+00
6.525312423706054688e+00
6.524414539337158203e+00
6.525001525878906250e+00
6.525372982025146484e+00
6.524773120880126953e+00
6.526000976562500000e+00
6.525036811828613281e+00
6.526088714599609375e+00
6.525737762451171875e+00
6.525923728942871094e+00
6.526477336883544922e+00
6.525931835174560547e+00
6.526896476745605469e+00
6.526315689086914062e+00
6.526966094970703125e+00
6.526938915252685547e+00
6.526943683624267578e+00
6.527507781982421875e+00
6.527101516723632812e+00
6.527825832366943359e+00
6.527515411376953125e+00
6.527929306030273438e+00
6.528053283691406250e+00
6.528012275695800781e+00
6.528513908386230469e+00
6.528244972229003906e+00
6.528792381286621094e+00
6.528651237487792969e+00
6.528938770294189453e+00
6.529118537902832031e+00
6.529094219207763672e+00
6.529517173767089844e+00
6.529364109039306641e+00
6.529787063598632812e+00
6.529747009277343750e+00
6.529977798461914062e+00
6.530162811279296875e+00
6.530181884765625000e+00
6.530524253845214844e+00
6.530462265014648438e+00
6.530803680419921875e+00
6.530817031860351562e+00
6.531029701232910156e+00
6.531192302703857422e+00
6.531262397766113281e+00
6.531538009643554688e+00
6.531541824340820312e+00
6.531830310821533203e+00
6.531871318817138672e+00
6.532084465026855469e+00
6.532221317291259766e+00
6.532335281372070312e+00
6.532557964324951172e+00
6.532609939575195312e+00
6.532861232757568359e+00
6.532920360565185547e+00
6.533134460449218750e+00
6.533249855041503906e+00
6.533399105072021484e+00
6.533578872680664062e+00
6.533674240112304688e+00
6.533887863159179688e+00
6.533968925476074219e+00
6.534177780151367188e+00
6.534280776977539062e+00
6.534455299377441406e+00
6.534599781036376953e+00
6.534731864929199219e+00
6.534912586212158203e+00
6.535017967224121094e+00
6.535212516784667969e+00
6.535316944122314453e+00
6.535501480102539062e+00
6.535623550415039062e+00
6.535783767700195312e+00
6.535932540893554688e+00
6.536067962646484375e+00
6.536237716674804688e+00
6.536356925964355469e+00
6.536535263061523438e+00
6.536654472351074219e+00
6.536825656890869141e+00
6.536955833435058594e+00
6.537111282348632812e+00
6.537257671356201172e+00
6.537398338317871094e+00
6.537557125091552734e+00
6.537688255310058594e+00
6.537854194641113281e+00
6.537982940673828125e+00
6.538146495819091797e+00
6.538278579711914062e+00
6.538436889648437500e+00
6.538576602935791016e+00
6.538724899291992188e+00
6.538874149322509766e+00
6.539013862609863281e+00
6.539169788360595703e+00
6.539305210113525391e+00
6.539463043212890625e+00
6.539597988128662109e+00
6.539753913879394531e+00
6.539892196655273438e+00
6.540044784545898438e+00
6.540185928344726562e+00
6.540336132049560547e+00
6.540479183197021484e+00
6.540625572204589844e+00
6.540772438049316406e+00
6.540915489196777344e+00
6.541065216064453125e+00
6.541205406188964844e+00
6.541357517242431641e+00
6.541496276855468750e+00
6.541648387908935547e+00
6.541788101196289062e+00
6.541938304901123047e+00
6.542078971862792969e+00
6.542226791381835938e+00
6.542370796203613281e+00
6.542515754699707031e+00
6.542661666870117188e+00
6.542804718017578125e+00
6.542951583862304688e+00
6.543093681335449219e+00
6.543241500854492188e+00
6.543383598327636719e+00
6.543530464172363281e+00
6.543672561645507812e+00
6.543820858001708984e+00
6.543960571289062500e+00
6.544109344482421875e+00
6.544249534606933594e+00
6.544397354125976562e+00
6.544539451599121094e+00
6.544685363769531250e+00
6.544828891754150391e+00
6.544971942901611328e+00
6.545117378234863281e+00
6.545260429382324219e+00
6.545405387878417969e+00
6.545547485351562500e+00
6.545692443847656250e+00
6.545835971832275391e+00
6.545979499816894531e+00
6.546122074127197266e+00
6.546266555786132812e+00
6.546410083770751953e+00
6.546553611755371094e+00
6.546695232391357422e+00
6.546840190887451172e+00
6.546982765197753906e+00
6.547126770019531250e+00
6.547268867492675781e+00
6.547411918640136719e+00
6.547554016113281250e+00
6.547698497772216797e+00
6.547839164733886719e+00
6.547983169555664062e+00
6.548124313354492188e+00
6.548269271850585938e+00
6.548408508300781250e+00
6.548554897308349609e+00
6.548692703247070312e+00
6.548840522766113281e+00
6.548976421356201172e+00
6.549127101898193359e+00
6.549260139465332031e+00
6.549412727355957031e+00
6.549542427062988281e+00
6.549699783325195312e+00
6.549823760986328125e+00
6.549987792968750000e+00
6.550102710723876953e+00
6.550277233123779297e+00
6.550378799438476562e+00
6.550569057464599609e+00
6.550651550292968750e+00
6.550867080688476562e+00
6.550916671752929688e+00
6.551173210144042969e+00
6.551168441772460938e+00
6.551495552062988281e+00
6.551399707794189453e+00
6.551842689514160156e+00
6.551597118377685547e+00
6.552235603332519531e+00
6.551738739013671875e+00
6.552701950073242188e+00
6.551787853240966797e+00
6.553291320800781250e+00
6.551691055297851562e+00
6.554063320159912109e+00
6.551414489746093750e+00
6.555012702941894531e+00
6.551088333129882812e+00
6.555787563323974609e+00
6.551305770874023438e+00
6.555513858795166016e+00
6.552754402160644531e+00
6.554093837738037109e+00
6.554806709289550781e+00
6.552934646606445312e+00
6.555976867675781250e+00
6.553150177001953125e+00
6.555543422698974609e+00
6.554654598236083984e+00
6.554409980773925781e+00
6.556099891662597656e+00
6.554071903228759766e+00
6.556314468383789062e+00
6.555006027221679688e+00
6.555524826049804688e+00
6.556338787078857422e+00
6.555039405822753906e+00
6.556876182556152344e+00
6.555580139160156250e+00
6.556453704833984375e+00
6.556701660156250000e+00
6.555974960327148438e+00
6.557394027709960938e+00
6.556254386901855469e+00
6.557265281677246094e+00
6.557147026062011719e+00
6.556882858276367188e+00
6.557892799377441406e+00
6.556978225708007812e+00
6.558003902435302734e+00
6.557653903961181641e+00
6.557751655578613281e+00
6.558382987976074219e+00
6.557742595672607422e+00
6.558676719665527344e+00
6.558214187622070312e+00
6.558578968048095703e+00
6.558876037597656250e+00
6.558529376983642578e+00
6.559291362762451172e+00
6.558832645416259766e+00
6.559355258941650391e+00
6.559387207031250000e+00
6.559325218200683594e+00
6.559864521026611328e+00
6.559509277343750000e+00
6.560071945190429688e+00
6.559939384460449219e+00
6.560115337371826172e+00
6.560415267944335938e+00
6.560232639312744141e+00
6.560729026794433594e+00
6.560545921325683594e+00
6.560864925384521484e+00
6.560968875885009766e+00
6.560976028442382812e+00
6.561335563659667969e+00
6.561201095581054688e+00
6.561564445495605469e+00
6.561553001403808594e+00
6.561712741851806641e+00
6.561923027038574219e+00
6.561899185180664062e+00
6.562216281890869141e+00
6.562180042266845703e+00
6.562421321868896484e+00
6.562518596649169922e+00
6.562606811523437500e+00
6.562839031219482422e+00
6.562841892242431641e+00
6.563094139099121094e+00
6.563137054443359375e+00
6.563305854797363281e+00
6.563451766967773438e+00
6.563521862030029297e+00
6.563737869262695312e+00
6.563780307769775391e+00
6.563981533050537109e+00
6.564072608947753906e+00
6.564204692840576172e+00
6.564367294311523438e+00
6.564443111419677734e+00
6.564636230468750000e+00
6.564710617065429688e+00
6.564877510070800781e+00
6.564995765686035156e+00
6.565113067626953125e+00
6.565276145935058594e+00
6.565361976623535156e+00
6.565536975860595703e+00
6.565630912780761719e+00
6.565781593322753906e+00
6.565908908843994141e+00
6.566022872924804688e+00
6.566180229187011719e+00
6.566275119781494141e+00
6.566438674926757812e+00
6.566542148590087891e+00
6.566684722900390625e+00
6.566813945770263672e+00
6.566930770874023438e+00
6.567082405090332031e+00
6.567185401916503906e+00
6.567340850830078125e+00
6.567449092864990234e+00
6.567591667175292969e+00
6.567717075347900391e+00
6.567840099334716797e+00
6.567982673645019531e+00
6.568093299865722656e+00
6.568243026733398438e+00
6.568352699279785156e+00
6.568495750427246094e+00
6.568617343902587891e+00
6.568746089935302734e+00
6.568880081176757812e+00
6.568999290466308594e+00
6.569140434265136719e+00
6.569255828857421875e+00
6.569395065307617188e+00
6.569516181945800781e+00
6.569647789001464844e+00
6.569777011871337891e+00
6.569900989532470703e+00
6.570035934448242188e+00
6.570156097412109375e+00
6.570293426513671875e+00
6.570413589477539062e+00
6.570548057556152344e+00
6.570673942565917969e+00
6.570802211761474609e+00
6.570931911468505859e+00
6.571055412292480469e+00
6.571187973022460938e+00
6.571310520172119141e+00
6.571442604064941406e+00
6.571565628051757812e+00
6.571697711944580078e+00
6.571822643280029297e+00
6.571952819824218750e+00
6.572078704833984375e+00
6.572207450866699219e+00
6.572333335876464844e+00
6.572463035583496094e+00
6.572587966918945312e+00
6.572718620300292969e+00
6.572842121124267578e+00
6.572973251342773438e+00
6.573095321655273438e+00
6.573226928710937500e+00
6.573349952697753906e+00
6.573481559753417969e+00
6.573603630065917969e+00
6.573736190795898438e+00
6.573857307434082031e+00
6.573990821838378906e+00
6.574110984802246094e+00
6.574243545532226562e+00
6.574365139007568359e+00
6.574497222900390625e+00
6.574618816375732422e+00
6.574750423431396484e+00
6.574872970581054688e+00
6.575003623962402344e+00
6.575126647949218750e+00
6.575256347656250000e+00
6.575379371643066406e+00
6.575510025024414062e+00
6.575630187988281250e+00
6.575762748718261719e+00
6.575881481170654297e+00
6.576016426086425781e+00
6.576131820678710938e+00
6.576270103454589844e+00
6.576381683349609375e+00
6.576524734497070312e+00
6.576631069183349609e+00
6.576780319213867188e+00
6.576878547668457031e+00
6.577037811279296875e+00
6.577123641967773438e+00
6.577296257019042969e+00
6.577365398406982422e+00
6.577558517456054688e+00
6.577604293823242188e+00
6.577825069427490234e+00
6.577835083007812500e+00
6.578103065490722656e+00
6.578055381774902344e+00
6.578391075134277344e+00
6.578257560729980469e+00
6.578703403472900391e+00
6.578433036804199219e+00
6.579049110412597656e+00
6.578562736511230469e+00
6.579450607299804688e+00
6.578622817993164062e+00
6.579938888549804688e+00
6.578574180603027344e+00
6.580557823181152344e+00
6.578381538391113281e+00
6.581322669982910156e+00
6.578070640563964844e+00
6.582120895385742188e+00
6.577894687652587891e+00
6.582528114318847656e+00
6.578409671783447266e+00
6.582013130187988281e+00
6.579878807067871094e+00
6.580790042877197266e+00
6.581608772277832031e+00
6.579812049865722656e+00
6.582660198211669922e+00
6.579795837402343750e+00
6.582610607147216797e+00
6.580821990966796875e+00
6.581778049468994141e+00
6.582208633422851562e+00
6.581057071685791016e+00
6.583068370819091797e+00
6.581114768981933594e+00
6.583062171936035156e+00
6.581955909729003906e+00
6.582521438598632812e+00
6.582998275756835938e+00
6.582136631011962891e+00
6.583599090576171875e+00
6.582345485687255859e+00
6.583583354949951172e+00
6.583063125610351562e+00
6.583262443542480469e+00
6.583843231201171875e+00
6.583117485046386719e+00
6.584267616271972656e+00
6.583403110504150391e+00
6.584275245666503906e+00
6.584008216857910156e+00
6.584115982055664062e+00
6.584613800048828125e+00
6.584106445312500000e+00
6.584958076477050781e+00
6.584393978118896484e+00
6.585029125213623047e+00
6.584885120391845703e+00
6.585000991821289062e+00
6.585367679595947266e+00
6.585081100463867188e+00
6.585675239562988281e+00
6.585358142852783203e+00
6.585800170898437500e+00
6.585770606994628906e+00
6.585855484008789062e+00
6.586182594299316406e+00
6.585973262786865234e+00
6.586483478546142578e+00
6.586218833923339844e+00
6.586661815643310547e+00
6.586561203002929688e+00
6.586784362792968750e+00
6.586916446685791016e+00
6.586934089660644531e+00
6.587209701538085938e+00
6.587166786193847656e+00
6.587416172027587891e+00
6.587477207183837891e+00
6.587566375732421875e+00
6.587820053100585938e+00
6.587707519531250000e+00
6.588147163391113281e+00
6.587878704071044922e+00
6.588435173034667969e+00
6.588087081909179688e+00
6.588700771331787109e+00
6.588302612304687500e+00
6.588978767395019531e+00
6.588481426239013672e+00
6.589315891265869141e+00
6.588580131530761719e+00
6.589753627777099609e+00
6.588568210601806641e+00
6.590317249298095703e+00
6.588429450988769531e+00
6.591009140014648438e+00
6.588188648223876953e+00
6.591759681701660156e+00
6.587997913360595703e+00
6.592309474945068359e+00
6.588212966918945312e+00
6.592203140258789062e+00
6.589201450347900391e+00
6.591315269470214844e+00
6.590732574462890625e+00
6.590280532836914062e+00
6.592039108276367188e+00
6.589842796325683594e+00
6.592533111572265625e+00
6.590292930603027344e+00
6.592156410217285156e+00
6.591379165649414062e+00
6.591440677642822266e+00
6.592452049255371094e+00
6.591075420379638672e+00
6.592960357666015625e+00
6.591382503509521484e+00
6.592808246612548828e+00
6.592196464538574219e+00
6.592375755310058594e+00
6.593039512634277344e+00
6.592153549194335938e+00
6.593506813049316406e+00
6.592396736145019531e+00
6.593509197235107422e+00
6.593009948730468750e+00
6.593287467956542969e+00
6.593677043914794922e+00
6.593174934387207031e+00
6.594114303588867188e+00
6.593358993530273438e+00
6.594240188598632812e+00
6.593811035156250000e+00
6.594183921813964844e+00
6.594338893890380859e+00
6.594154357910156250e+00
6.594753265380859375e+00
6.594294548034667969e+00
6.594970703125000000e+00
6.594620704650878906e+00
6.595044136047363281e+00
6.595035552978515625e+00
6.595090866088867188e+00
6.595417976379394531e+00
6.595216751098632812e+00
6.595692634582519531e+00
6.595458507537841797e+00
6.595859527587890625e+00
6.595782279968261719e+00
6.595979690551757812e+00
6.596119403839111328e+00
6.596115112304687500e+00
6.596413135528564453e+00
6.596310615539550781e+00
6.596640110015869141e+00
6.596569538116455078e+00
6.596816062927246094e+00
6.596861839294433594e+00
6.596979141235351562e+00
6.597150802612304688e+00
6.597161293029785156e+00
6.597408294677734375e+00
6.597383499145507812e+00
6.597625732421875000e+00
6.597636222839355469e+00
6.597816467285156250e+00
6.597907066345214844e+00
6.598001956939697266e+00
6.598171234130859375e+00
6.598201274871826172e+00
6.598416328430175781e+00
6.598423957824707031e+00
6.598637580871582031e+00
6.598669052124023438e+00
6.598840713500976562e+00
6.598926067352294922e+00
6.599040985107421875e+00
6.599181175231933594e+00
6.599245071411132812e+00
6.599426269531250000e+00
6.599462985992431641e+00
6.599657058715820312e+00
6.599694728851318359e+00
6.599873542785644531e+00
6.599935531616210938e+00
6.600084781646728516e+00
6.600179672241210938e+00
6.600293636322021484e+00
6.600422382354736328e+00
6.600507736206054688e+00
6.600658416748046875e+00
6.600729942321777344e+00
6.600887298583984375e+00
6.600959777832031250e+00
6.601108551025390625e+00
6.601195812225341797e+00
6.601325035095214844e+00
6.601431846618652344e+00
6.601540088653564453e+00
6.601668834686279297e+00
6.601757049560546875e+00
6.601902484893798828e+00
6.601978302001953125e+00
6.602133750915527344e+00
6.602202415466308594e+00
6.602360725402832031e+00
6.602430343627929688e+00
6.602586269378662109e+00
6.602657318115234375e+00
6.602810859680175781e+00
6.602884769439697266e+00
6.603038787841796875e+00
6.603109359741210938e+00
6.603267669677734375e+00
6.603329181671142578e+00
6.603503227233886719e+00
6.603542804718017578e+00
6.603743553161621094e+00
6.603746414184570312e+00
6.603995323181152344e+00
6.603939056396484375e+00
6.604262828826904297e+00
6.604112625122070312e+00
6.604552268981933594e+00
6.604261398315429688e+00
6.604873657226562500e+00
6.604373931884765625e+00
6.605231761932373047e+00
6.604454040527343750e+00
6.605607986450195312e+00
6.604550361633300781e+00
6.605915546417236328e+00
6.604789733886718750e+00
6.606003284454345703e+00
6.605304241180419922e+00
6.605813503265380859e+00
6.606021881103515625e+00
6.605536937713623047e+00
6.606677055358886719e+00
6.605439186096191406e+00
6.607038497924804688e+00
6.605698585510253906e+00
6.607028007507324219e+00
6.606285572052001953e+00
6.606802940368652344e+00
6.606953620910644531e+00
6.606637001037597656e+00
6.607449531555175781e+00
6.606711387634277344e+00
6.607684135437011719e+00
6.607029914855957031e+00
6.607737541198730469e+00
6.607439994812011719e+00
6.607781410217285156e+00
6.607781410217285156e+00
6.607933521270751953e+00
6.608003616333007812e+00
6.608187198638916016e+00
6.608164787292480469e+00
6.608453750610351562e+00
6.608358383178710938e+00
6.608650207519531250e+00
6.608636379241943359e+00
6.608768463134765625e+00
6.608976364135742188e+00
6.608860492706298828e+00
6.609304428100585938e+00
6.608999252319335938e+00
6.609559059143066406e+00
6.609223842620849609e+00
6.609731674194335938e+00
6.609516620635986328e+00
6.609857559204101562e+00
6.609826087951660156e+00
6.609994888305664062e+00
6.610099792480468750e+00
6.610185146331787109e+00
6.610317707061767578e+00
6.610429286956787109e+00
6.610489368438720703e+00
6.610702037811279297e+00
6.610648155212402344e+00
6.610973358154296875e+00
6.610820770263671875e+00
6.611220359802246094e+00
6.611020088195800781e+00
6.611445426940917969e+00
6.611233711242675781e+00
6.611663818359375000e+00
6.611442565917968750e+00
6.611896514892578125e+00
6.611629009246826172e+00
6.612158775329589844e+00
6.611783504486083984e+00
6.612454414367675781e+00
6.611903190612792969e+00
6.612786293029785156e+00
6.611991405487060547e+00
6.613150596618652344e+00
6.612045288085937500e+00
6.613553047180175781e+00
6.612059593200683594e+00
6.613996505737304688e+00
6.612037658691406250e+00
6.614472389221191406e+00
6.612005233764648438e+00
6.614929199218750000e+00
6.612050533294677734e+00
6.615232467651367188e+00
6.612329483032226562e+00
6.615214824676513672e+00
6.612963676452636719e+00
6.614836215972900391e+00
6.613878250122070312e+00
6.614306449890136719e+00
6.614805221557617188e+00
6.613918781280517578e+00
6.615482807159423828e+00
6.613859653472900391e+00
6.615778923034667969e+00
6.614179611206054688e+00
6.615708351135253906e+00
6.614796638488769531e+00
6.615428447723388672e+00
6.615509986877441406e+00
6.615170955657958984e+00
6.616107463836669922e+00
6.615115165710449219e+00
6.616458415985107422e+00
6.615324020385742188e+00
6.616549968719482422e+00
6.615756988525390625e+00
6.616466045379638672e+00
6.616294384002685547e+00
6.616348743438720703e+00
6.616803169250488281e+00
6.616319179534912109e+00
6.617183208465576172e+00
6.616442680358886719e+00
6.617401123046875000e+00
6.616719245910644531e+00
6.617487907409667969e+00
6.617095947265625000e+00
6.617506027221679688e+00
6.617503166198730469e+00
6.617527008056640625e+00
6.617874145507812500e+00
6.617611408233642578e+00
6.618173122406005859e+00
6.617774009704589844e+00
6.618388175964355469e+00
6.618014335632324219e+00
6.618537902832031250e+00
6.618302822113037109e+00
6.618655681610107422e+00
6.618610382080078125e+00
6.618771076202392578e+00
6.618904590606689453e+00
6.618907451629638672e+00
6.619171142578125000e+00
6.619079589843750000e+00
6.619400978088378906e+00
6.619284629821777344e+00
6.619600772857666016e+00
6.619519233703613281e+00
6.619774818420410156e+00
6.619768619537353516e+00
6.619940757751464844e+00
6.620023250579833984e+00
6.620103836059570312e+00
6.620274543762207031e+00
6.620274543762207031e+00
6.620519638061523438e+00
6.620453834533691406e+00
6.620753765106201172e+00
6.620643615722656250e+00
6.620980739593505859e+00
6.620838165283203125e+00
6.621201992034912109e+00
6.621036052703857422e+00
6.621422767639160156e+00
6.621230125427246094e+00
6.621649742126464844e+00
6.621417045593261719e+00
6.621888160705566406e+00
6.621587276458740234e+00
6.622145652770996094e+00
6.621734142303466797e+00
6.622432708740234375e+00
6.621846199035644531e+00
6.622762203216552734e+00
6.621905326843261719e+00
6.623157501220703125e+00
6.621887207031250000e+00
6.623643398284912109e+00
6.621765136718750000e+00
6.624241352081298828e+00
6.621529579162597656e+00
6.624932765960693359e+00
6.621255874633789062e+00
6.625559806823730469e+00
6.621210098266601562e+00
6.625753879547119141e+00
6.621805191040039062e+00
6.625183105468750000e+00
6.623137474060058594e+00
6.624089241027832031e+00
6.624653816223144531e+00
6.623170852661132812e+00
6.625677585601806641e+00
6.622955322265625000e+00
6.625877380371093750e+00
6.623570442199707031e+00
6.625349998474121094e+00
6.624689102172851562e+00
6.624620914459228516e+00
6.625693321228027344e+00
6.624266624450683594e+00
6.626152038574218750e+00
6.624531269073486328e+00
6.626026153564453125e+00
6.625264167785644531e+00
6.625618934631347656e+00
6.626060009002685547e+00
6.625354766845703125e+00
6.626554965972900391e+00
6.625479698181152344e+00
6.626641273498535156e+00
6.625967979431152344e+00
6.626461029052734375e+00
6.626588821411132812e+00
6.626286983489990234e+00
6.627079010009765625e+00
6.626331806182861328e+00
6.627309799194335938e+00
6.626635551452636719e+00
6.627319335937500000e+00
6.627093315124511719e+00
6.627257347106933594e+00
6.627536773681640625e+00
6.627286911010742188e+00
6.627837181091308594e+00
6.627481460571289062e+00
6.627972126007080078e+00
6.627819538116455078e+00
6.627999782562255859e+00
6.628217697143554688e+00
6.628018379211425781e+00
6.628580093383789062e+00
6.628102302551269531e+00
6.628860473632812500e+00
6.628272056579589844e+00
6.629064559936523438e+00
6.628497600555419922e+00
6.629241943359375000e+00
6.628716468811035156e+00
6.629461288452148438e+00
6.628862380981445312e+00
6.629778385162353516e+00
6.628892898559570312e+00
6.630229949951171875e+00
6.628782272338867188e+00
6.630827426910400391e+00
6.628539085388183594e+00
6.631544589996337891e+00
6.628230094909667969e+00
6.632256507873535156e+00
6.628060817718505859e+00
6.632645606994628906e+00
6.628413200378417969e+00
6.632309913635253906e+00
6.629532814025878906e+00
6.631295204162597656e+00
6.631047248840332031e+00
6.630281448364257812e+00
6.632225990295410156e+00
6.629900932312011719e+00
6.632604598999023438e+00
6.630357742309570312e+00
6.632192611694335938e+00
6.631378173828125000e+00
6.631487369537353516e+00
6.632377624511718750e+00
6.631092071533203125e+00
6.632882595062255859e+00
6.631298065185546875e+00
6.632797241210937500e+00
6.631982326507568359e+00
6.632401466369628906e+00
6.632760047912597656e+00
6.632122993469238281e+00
6.633265972137451172e+00
6.632214546203613281e+00
6.633380413055419922e+00
6.632658958435058594e+00
6.633228302001953125e+00
6.633236885070800781e+00
6.633074760437011719e+00
6.633704185485839844e+00
6.633113861083984375e+00
6.633941173553466797e+00
6.633386611938476562e+00
6.633978843688964844e+00
6.633793354034423828e+00
6.633952140808105469e+00
6.634192943572998047e+00
6.633994579315185547e+00
6.634482860565185547e+00
6.634164333343505859e+00
6.634647369384765625e+00
6.634439468383789062e+00
6.634735107421875000e+00
6.634755134582519531e+00
6.634823322296142578e+00
6.635039329528808594e+00
6.634963035583496094e+00
6.635264396667480469e+00
6.635163307189941406e+00
6.635433673858642578e+00
6.635404109954833984e+00
6.635578155517578125e+00
6.635652542114257812e+00
6.635728836059570312e+00
6.635883808135986328e+00
6.635902404785156250e+00
6.636089324951171875e+00
6.636102676391601562e+00
6.636273384094238281e+00
6.636318206787109375e+00
6.636449813842773438e+00
6.636536598205566406e+00
6.636629104614257812e+00
6.636747837066650391e+00
6.636814594268798828e+00
6.636951446533203125e+00
6.637011051177978516e+00
6.637146949768066406e+00
6.637211799621582031e+00
6.637339591979980469e+00
6.637414932250976562e+00
6.637530326843261719e+00
6.637618064880371094e+00
6.637722015380859375e+00
6.637819290161132812e+00
6.637914180755615234e+00
6.638019561767578125e+00
6.638108253479003906e+00
6.638220787048339844e+00
6.638300895690917969e+00
6.638422012329101562e+00
6.638495445251464844e+00
6.638622760772705078e+00
6.638688564300537109e+00
6.638820648193359375e+00
6.638883590698242188e+00
6.639018058776855469e+00
6.639079570770263672e+00
6.639214515686035156e+00
6.639277458190917969e+00
6.639410495758056641e+00
6.639476299285888672e+00
6.639606952667236328e+00
6.639674186706542969e+00
6.639804363250732422e+00
6.639868736267089844e+00
6.640006065368652344e+00
6.640060424804687500e+00
6.640210151672363281e+00
6.640245914459228516e+00
6.640423774719238281e+00
6.640423774719238281e+00
6.640643119812011719e+00
6.640592575073242188e+00
6.640875816345214844e+00
6.640744686126708984e+00
6.641129016876220703e+00
6.640872955322265625e+00
6.641407966613769531e+00
6.640972137451171875e+00
6.641724109649658203e+00
6.641030311584472656e+00
6.642080307006835938e+00
6.641059875488281250e+00
6.642444610595703125e+00
6.641124725341796875e+00
6.642712116241455078e+00
6.641362190246582031e+00
6.642741203308105469e+00
6.641870498657226562e+00
6.642524242401123047e+00
6.642529010772705078e+00
6.642271041870117188e+00
6.643093109130859375e+00
6.642202377319335938e+00
6.643395423889160156e+00
6.642432212829589844e+00
6.643406391143798828e+00
6.642903327941894531e+00
6.643276214599609375e+00
6.643404483795166016e+00
6.643218517303466797e+00
6.643759250640869141e+00
6.643347740173339844e+00
6.643923759460449219e+00
6.643640041351318359e+00
6.643979072570800781e+00
6.643970489501953125e+00
6.644056320190429688e+00
6.644223690032958984e+00
6.644237518310546875e+00
6.644365310668945312e+00
6.644513130187988281e+00
6.644450187683105469e+00
6.644803524017333984e+00
6.644566535949707031e+00
6.645028114318847656e+00
6.644771099090576172e+00
6.645163059234619141e+00
6.645053386688232422e+00
6.645242214202880859e+00
6.645362854003906250e+00
6.645325660705566406e+00
6.645639419555664062e+00
6.645463943481445312e+00
6.645849704742431641e+00
6.645668983459472656e+00
6.646003723144531250e+00
6.645911216735839844e+00
6.646139144897460938e+00
6.646155834197998047e+00
6.646291732788085938e+00
6.646369934082031250e+00
6.646479606628417969e+00
6.646544933319091797e+00
6.646701335906982422e+00
6.646697998046875000e+00
6.646934509277343750e+00
6.646848678588867188e+00
6.647162437438964844e+00
6.647009849548339844e+00
6.647376060485839844e+00
6.647184371948242188e+00
6.647581100463867188e+00
6.647360801696777344e+00
6.647790908813476562e+00
6.647523880004882812e+00
6.648025989532470703e+00
6.647653579711914062e+00
6.648301601409912109e+00
6.647737503051757812e+00
6.648631572723388672e+00
6.647759914398193359e+00
6.649030685424804688e+00
6.647713661193847656e+00
6.649504661560058594e+00
6.647597312927246094e+00
6.650047302246093750e+00
6.647445201873779297e+00
6.650582313537597656e+00
6.647386550903320312e+00
6.650909423828125000e+00
6.647656440734863281e+00
6.650771617889404297e+00
6.648417472839355469e+00
6.650179862976074219e+00
6.649483203887939453e+00
6.649512767791748047e+00
6.650427818298339844e+00
6.649161815643310547e+00
6.650938034057617188e+00
6.649294853210449219e+00
6.650940895080566406e+00
6.649848461151123047e+00
6.650628566741943359e+00
6.650556087493896484e+00
6.650333404541015625e+00
6.651119232177734375e+00
6.650296688079833984e+00
6.651371479034423828e+00
6.650571823120117188e+00
6.651344776153564453e+00
6.651043415069580078e+00
6.651219367980957031e+00
6.651520729064941406e+00
6.651181221008300781e+00
6.651851654052734375e+00
6.651321887969970703e+00
6.651991844177246094e+00
6.651630401611328125e+00
6.652002811431884766e+00
6.652012825012207031e+00
6.652000427246093750e+00
6.652359008789062500e+00
6.652073860168457031e+00
6.652604103088378906e+00
6.652257919311523438e+00
6.652740955352783203e+00
6.652532100677490234e+00
6.652813911437988281e+00
6.652839660644531250e+00
6.652882575988769531e+00
6.653125286102294922e+00
6.652994155883789062e+00
6.653355598449707031e+00
6.653166294097900391e+00
6.653526306152343750e+00
6.653391838073730469e+00
6.653657436370849609e+00
6.653639793395996094e+00
6.653780460357666016e+00
6.653884887695312500e+00
6.653915882110595703e+00
6.654107093811035156e+00
6.654080390930175781e+00
6.654300689697265625e+00
6.654274940490722656e+00
6.654466629028320312e+00
6.654489040374755859e+00
6.654621124267578125e+00
6.654712200164794922e+00
6.654770851135253906e+00
6.654931068420410156e+00
6.654932022094726562e+00
6.655138015747070312e+00
6.655104160308837891e+00
6.655330181121826172e+00
6.655290603637695312e+00
6.655510902404785156e+00
6.655485153198242188e+00
6.655685424804687500e+00
6.655683517456054688e+00
6.655861854553222656e+00
6.655879974365234375e+00
6.656044006347656250e+00
6.656065940856933594e+00
6.656235694885253906e+00
6.656243324279785156e+00
6.656438827514648438e+00
6.656404972076416016e+00
6.656660079956054688e+00
6.656546592712402344e+00
6.656900405883789062e+00
6.656667232513427734e+00
6.657166957855224609e+00
6.656755924224853516e+00
6.657473564147949219e+00
6.656795501708984375e+00
6.657837390899658203e+00
6.656765937805175781e+00
6.658289909362792969e+00
6.656626701354980469e+00
6.658874034881591797e+00
6.656335830688476562e+00
6.659630298614501953e+00
6.655869483947753906e+00
6.660535812377929688e+00
6.655339241027832031e+00
6.661339282989501953e+00
6.655182361602783203e+00
6.661432743072509766e+00
6.656058311462402344e+00
6.660344600677490234e+00
6.657980918884277344e+00
6.658634185791015625e+00
6.659944534301757812e+00
6.657439231872558594e+00
6.660948753356933594e+00
6.657448768615722656e+00
6.660678863525390625e+00
6.658584594726562500e+00
6.659622669219970703e+00
6.660031318664550781e+00
6.658745765686035156e+00
6.660874366760253906e+00
6.658738136291503906e+00
6.660780906677246094e+00
6.659564018249511719e+00
6.660129547119140625e+00
6.660597324371337891e+00
6.659619331359863281e+00
6.661195755004882812e+00
6.659724235534667969e+00
6.661139488220214844e+00
6.660397052764892578e+00
6.660713195800781250e+00
6.661185741424560547e+00
6.660411357879638672e+00
6.661656379699707031e+00
6.660537719726562500e+00
6.661674499511718750e+00
6.661058425903320312e+00
6.661426544189453125e+00
6.661679267883300781e+00
6.661245346069335938e+00
6.662096023559570312e+00
6.661357402801513672e+00
6.662203788757324219e+00
6.661739349365234375e+00
6.662117481231689453e+00
6.662214279174804688e+00
6.662042617797851562e+00
6.662584781646728516e+00
6.662137031555175781e+00
6.662753582000732422e+00
6.662422657012939453e+00
6.662769317626953125e+00
6.662801742553710938e+00
6.662761688232421875e+00
6.663141250610351562e+00
6.662841320037841797e+00
6.663363456726074219e+00
6.663047313690185547e+00
6.663469791412353516e+00
6.663341045379638672e+00
6.663528919219970703e+00
6.663643836975097656e+00
6.663614273071289062e+00
6.663891792297363281e+00
6.663772583007812500e+00
6.664061546325683594e+00
6.664002418518066406e+00
6.664175510406494141e+00
6.664266586303710938e+00
6.664278984069824219e+00
6.664521217346191406e+00
6.664409160614013672e+00
6.664736747741699219e+00
6.664581298828125000e+00
6.664913177490234375e+00
6.664789199829101562e+00
6.665065765380859375e+00
6.665007591247558594e+00
6.665220260620117188e+00
6.665209293365478516e+00
6.665401458740234375e+00
6.665377616882324219e+00
6.665620803833007812e+00
6.665505409240722656e+00
6.665879249572753906e+00
6.665593147277832031e+00
6.666178226470947266e+00
6.665643692016601562e+00
6.666518211364746094e+00
6.665649890899658203e+00
6.666912555694580078e+00
6.665593147277832031e+00
6.667384147644042969e+00
6.665453910827636719e+00
6.667955398559570312e+00
6.665235519409179688e+00
6.668584823608398438e+00
6.665044784545898438e+00
6.669064521789550781e+00
6.665182113647460938e+00
6.668986320495605469e+00
6.665991783142089844e+00
6.668187618255615234e+00
6.667338848114013672e+00
6.667179584503173828e+00
6.668574810028076172e+00
6.666629791259765625e+00
6.669133186340332031e+00
6.666867256164550781e+00
6.668862342834472656e+00
6.667773246765136719e+00
6.668159961700439453e+00
6.668790340423583984e+00
6.667678833007812500e+00
6.669362068176269531e+00
6.667783260345458984e+00
6.669305801391601562e+00
6.668429374694824219e+00
6.668874740600585938e+00
6.669219970703125000e+00
6.668549060821533203e+00
6.669719696044921875e+00
6.668637275695800781e+00
6.669772148132324219e+00
6.669115543365478516e+00
6.669543266296386719e+00
6.669718742370605469e+00
6.669353485107421875e+00
6.670149803161621094e+00
6.669431686401367188e+00
6.670277118682861328e+00
6.669787883758544922e+00
6.670192718505859375e+00
6.670254707336425781e+00
6.670106410980224609e+00
6.670631408691406250e+00
6.670179367065429688e+00
6.670813560485839844e+00
6.670444011688232422e+00
6.670836448669433594e+00
6.670811653137207031e+00
6.670823574066162109e+00
6.671150207519531250e+00
6.670893192291259766e+00
6.671372413635253906e+00
6.671090126037597656e+00
6.671476364135742188e+00
6.671379089355468750e+00
6.671523094177246094e+00
6.671683788299560547e+00
6.671596050262451172e+00
6.671929836273193359e+00
6.671745300292968750e+00
6.672096252441406250e+00
6.671969413757324219e+00
6.672205448150634766e+00
6.672230720520019531e+00
6.672300338745117188e+00
6.672482490539550781e+00
6.672425746917724609e+00
6.672689437866210938e+00
6.672599792480468750e+00
6.672849655151367188e+00
6.672814846038818359e+00
6.672980785369873047e+00
6.673046112060546875e+00
6.673108577728271484e+00
6.673268795013427734e+00
6.673254013061523438e+00
6.673464775085449219e+00
6.673429965972900391e+00
6.673633575439453125e+00
6.673627853393554688e+00
6.673784255981445312e+00
6.673838615417480469e+00
6.673932075500488281e+00
6.674045562744140625e+00
6.674088001251220703e+00
6.674240112304687500e+00
6.674260139465332031e+00
6.674418926239013672e+00
6.674445629119873047e+00
6.674585342407226562e+00
6.674640178680419922e+00
6.674745082855224609e+00
6.674839019775390625e+00
6.674903869628906250e+00
6.675036430358886719e+00
6.675067901611328125e+00
6.675227642059326172e+00
6.675236701965332031e+00
6.675415515899658203e+00
6.675410270690917969e+00
6.675599575042724609e+00
6.675584793090820312e+00
6.675785541534423828e+00
6.675754547119140625e+00
6.675978660583496094e+00
6.675912380218505859e+00
6.676188945770263672e+00
6.676050662994384766e+00
6.676423072814941406e+00
6.676156997680664062e+00
6.676696777343750000e+00
6.676216125488281250e+00
6.677031517028808594e+00
6.676202297210693359e+00
6.677451133728027344e+00
6.676093578338623047e+00
6.677967071533203125e+00
6.675914287567138672e+00
6.678495407104492188e+00
6.675843238830566406e+00
6.678745269775390625e+00
6.676231384277343750e+00
6.678432464599609375e+00
6.677143573760986328e+00
6.677783012390136719e+00
6.678108215332031250e+00
6.677335739135742188e+00
6.678660392761230469e+00
6.677410125732421875e+00
6.678666114807128906e+00
6.677955627441406250e+00
6.678387641906738281e+00
6.678551673889160156e+00
6.678261756896972656e+00
6.678850650787353516e+00
6.678485393524169922e+00
6.678844451904296875e+00
6.678907394409179688e+00
6.678793430328369141e+00
6.679218292236328125e+00
6.678943157196044922e+00
6.679286003112792969e+00
6.679307460784912109e+00
6.679226398468017578e+00
6.679683685302734375e+00
6.679268360137939453e+00
6.679875850677490234e+00
6.679524421691894531e+00
6.679882049560546875e+00
6.679914474487304688e+00
6.679841041564941406e+00
6.680258750915527344e+00
6.679916381835937500e+00
6.680445194244384766e+00
6.680156707763671875e+00
6.680498123168945312e+00
6.680477142333984375e+00
6.680533409118652344e+00
6.680751323699951172e+00
6.680656433105468750e+00
6.680925369262695312e+00
6.680873394012451172e+00
6.681034088134765625e+00
6.681118011474609375e+00
6.681153297424316406e+00
6.681320667266845703e+00
6.681331634521484375e+00
6.681464195251464844e+00
6.681558609008789062e+00
6.681579589843750000e+00
6.681783199310302734e+00
6.681720733642578125e+00
6.681965827941894531e+00
6.681909561157226562e+00
6.682106018066406250e+00
6.682130813598632812e+00
6.682226657867431641e+00
6.682352066040039062e+00
6.682365417480468750e+00
6.682545661926269531e+00
6.682537555694580078e+00
6.682706832885742188e+00
6.682734489440917969e+00
6.682854175567626953e+00
6.682932853698730469e+00
6.683010578155517578e+00
6.683115959167480469e+00
6.683187007904052734e+00
6.683279514312744141e+00
6.683379650115966797e+00
6.683434009552001953e+00
6.683573246002197266e+00
6.683593273162841797e+00
6.683758735656738281e+00
6.683762550354003906e+00
6.683930397033691406e+00
6.683945178985595703e+00
6.684096336364746094e+00
6.684130191802978516e+00
6.684262275695800781e+00
6.684311389923095703e+00
6.684435844421386719e+00
6.684482574462890625e+00
6.684619903564453125e+00
6.684643268585205078e+00
6.684812545776367188e+00
6.684797286987304688e+00
6.685009002685546875e+00
6.684950828552246094e+00
6.685206413269042969e+00
6.685100555419921875e+00
6.685409545898437500e+00
6.685244560241699219e+00
6.685623168945312500e+00
6.685374736785888672e+00
6.685854911804199219e+00
6.685478687286376953e+00
6.686118602752685547e+00
6.685542583465576172e+00
6.686432361602783203e+00
6.685545921325683594e+00
6.686821937561035156e+00
6.685457229614257812e+00
6.687322139739990234e+00
6.685234069824218750e+00
6.687988281250000000e+00
6.684823513031005859e+00
6.688860893249511719e+00
6.684210777282714844e+00
6.689900398254394531e+00
6.683545112609863281e+00
6.690789222717285156e+00
6.683372020721435547e+00
6.690781593322753906e+00
6.684465885162353516e+00
6.689346790313720703e+00
6.686791419982910156e+00
6.687197685241699219e+00
6.689110279083251953e+00
6.685768604278564453e+00
6.690107345581054688e+00
6.686058044433593750e+00
6.689255714416503906e+00
6.687944412231445312e+00
6.687427520751953125e+00
6.689918518066406250e+00
6.686387062072753906e+00
6.690421104431152344e+00
6.687117099761962891e+00
6.689295291900634766e+00
6.688960075378417969e+00
6.687840938568115234e+00
6.690340042114257812e+00
6.687458992004394531e+00
6.690357685089111328e+00
6.688381195068359375e+00
6.689426422119140625e+00
6.689709663391113281e+00
6.688673019409179688e+00
6.690377235412597656e+00
6.688837051391601562e+00
6.690127849578857422e+00
6.689692497253417969e+00
6.689561843872070312e+00
6.690457344055175781e+00
6.689419746398925781e+00
6.690602302551269531e+00
6.689918041229248047e+00
6.690255165100097656e+00
6.690662384033203125e+00
6.689946651458740234e+00
6.691114902496337891e+00
6.690088748931884766e+00
6.691074371337890625e+00
6.690637588500976562e+00
6.690803050994873047e+00
6.691206932067871094e+00
6.690695762634277344e+00
6.691483497619628906e+00
6.690926551818847656e+00
6.691458702087402344e+00
6.691358089447021484e+00
6.691363334655761719e+00
6.691730976104736328e+00
6.691427230834960938e+00
6.691889762878417969e+00
6.691710472106933594e+00
6.691876411437988281e+00
6.692086219787597656e+00
6.691863059997558594e+00
6.692380905151367188e+00
6.691990852355957031e+00
6.692515373229980469e+00
6.692265033721923828e+00
6.692543506622314453e+00
6.692585945129394531e+00
6.692588806152343750e+00
6.692836761474609375e+00
6.692734718322753906e+00
6.692976951599121094e+00
6.692979812622070312e+00
6.693046569824218750e+00
6.693254470825195312e+00
6.693125724792480469e+00
6.693485736846923828e+00
6.693268775939941406e+00
6.693650245666503906e+00
6.693474769592285156e+00
6.693768501281738281e+00
6.693702697753906250e+00
6.693892002105712891e+00
6.693900585174560547e+00
6.694063186645507812e+00
6.694041252136230469e+00
6.694291591644287109e+00
6.694131851196289062e+00
6.694556713104248047e+00
6.694201469421386719e+00
6.694836139678955078e+00
6.694266319274902344e+00
6.695116043090820312e+00
6.694334030151367188e+00
6.695404052734375000e+00
6.694386959075927734e+00
6.695717334747314453e+00
6.694416046142578125e+00
6.696061134338378906e+00
6.694434165954589844e+00
6.696382999420166016e+00
6.694521903991699219e+00
6.696554183959960938e+00
6.694813251495361328e+00
6.696456432342529297e+00
6.695373535156250000e+00
6.696130752563476562e+00
6.696088314056396484e+00
6.695774078369140625e+00
6.696728706359863281e+00
6.695602416992187500e+00
6.697092056274414062e+00
6.695754051208496094e+00
6.697099208831787109e+00
6.696226596832275391e+00
6.696855545043945312e+00
6.696841239929199219e+00
6.696597099304199219e+00
6.697361946105957031e+00
6.696530342102050781e+00
6.697629451751708984e+00
6.696739196777343750e+00
6.697634220123291016e+00
6.697156906127929688e+00
6.697503089904785156e+00
6.697626590728759766e+00
6.697411537170410156e+00
6.697990894317626953e+00
6.697468757629394531e+00
6.698185920715332031e+00
6.697686195373535156e+00
6.698241233825683594e+00
6.698003292083740234e+00
6.698240756988525391e+00
6.698333740234375000e+00
6.698268890380859375e+00
6.698605537414550781e+00
6.698373317718505859e+00
6.698795795440673828e+00
6.698552608489990234e+00
6.698922157287597656e+00
6.698780059814453125e+00
6.699019908905029297e+00
6.699018478393554688e+00
6.699119091033935547e+00
6.699244976043701172e+00
6.699238777160644531e+00
6.699449062347412109e+00
6.699382305145263672e+00
6.699629783630371094e+00
6.699549198150634766e+00
6.699790000915527344e+00
6.699732780456542969e+00
6.699934959411621094e+00
6.699928760528564453e+00
6.700074195861816406e+00
6.700128555297851562e+00
6.700211524963378906e+00
6.700326919555664062e+00
6.700352668762207031e+00
6.700518131256103516e+00
6.700504302978515625e+00
6.700696945190429688e+00
6.700667858123779297e+00
6.700860977172851562e+00
6.700843811035156250e+00
6.701015472412109375e+00
6.701030254364013672e+00
6.701166629791259766e+00
6.701219081878662109e+00
6.701313018798828125e+00
6.701405525207519531e+00
6.701464653015136719e+00
6.701590061187744141e+00
6.701622962951660156e+00
6.701765537261962891e+00
6.701786994934082031e+00
6.701935768127441406e+00
6.701956748962402344e+00
6.702102661132812500e+00
6.702129840850830078e+00
6.702264785766601562e+00
6.702302932739257812e+00
6.702427864074707031e+00
6.702476501464843750e+00
6.702592849731445312e+00
6.702648162841796875e+00
6.702758789062500000e+00
6.702817916870117188e+00
6.702927589416503906e+00
6.702989578247070312e+00
6.703096866607666016e+00
6.703159809112548828e+00
6.703266143798828125e+00
6.703329086303710938e+00
6.703433990478515625e+00
6.703497886657714844e+00
6.703603267669677734e+00
6.703667163848876953e+00
6.703770637512207031e+00
6.703835487365722656e+00
6.703940391540527344e+00
6.704004764556884766e+00
6.704111576080322266e+00
6.704173088073730469e+00
6.704283714294433594e+00
6.704340457916259766e+00
6.704458236694335938e+00
6.704504966735839844e+00
6.704633712768554688e+00
6.704665660858154297e+00
6.704812049865722656e+00
6.704822063446044922e+00
6.704998016357421875e+00
6.704972743988037109e+00
6.705192565917968750e+00
6.705114364624023438e+00
6.705396652221679688e+00
6.705244064331054688e+00
6.705620765686035156e+00
6.705350875854492188e+00
6.705875396728515625e+00
6.705425739288330078e+00
6.706177234649658203e+00
6.705454826354980469e+00
6.706542491912841797e+00
6.705425739288330078e+00
6.706966876983642578e+00
6.705349922180175781e+00
6.707391262054443359e+00
6.705307483673095703e+00
6.707707405090332031e+00
6.705392837524414062e+00
6.707859516143798828e+00
6.705645084381103516e+00
6.707836151123046875e+00
6.706110000610351562e+00
6.707592964172363281e+00
6.706791877746582031e+00
6.707204341888427734e+00
6.707506179809570312e+00
6.706900596618652344e+00
6.708023071289062500e+00
6.706853866577148438e+00
6.708230972290039062e+00
6.707120895385742188e+00
6.708162307739257812e+00
6.707579612731933594e+00
6.708009243011474609e+00
6.708019256591796875e+00
6.707952022552490234e+00
6.708326339721679688e+00
6.708046913146972656e+00
6.708504676818847656e+00
6.708238601684570312e+00
6.708628654479980469e+00
6.708438873291015625e+00
6.708772659301757812e+00
6.708600997924804688e+00
6.708947181701660156e+00
6.708747863769531250e+00
6.709112167358398438e+00
6.708932399749755859e+00
6.709222316741943359e+00
6.709178924560546875e+00
6.709280490875244141e+00
6.709456443786621094e+00
6.709334373474121094e+00
6.709711074829101562e+00
6.709432125091552734e+00
6.709903240203857422e+00
6.709599494934082031e+00
6.710027217864990234e+00
6.709823608398437500e+00
6.710115432739257812e+00
6.710064888000488281e+00
6.710206031799316406e+00
6.710286617279052734e+00
6.710328102111816406e+00
6.710474967956542969e+00
6.710480690002441406e+00
6.710638999938964844e+00
6.710651397705078125e+00
6.710794448852539062e+00
6.710820198059082031e+00
6.710960388183593750e+00
6.710975646972656250e+00
6.711139678955078125e+00
6.711119174957275391e+00
6.711325645446777344e+00
6.711260795593261719e+00
6.711506843566894531e+00
6.711414337158203125e+00
6.711676120758056641e+00
6.711578845977783203e+00
6.711833000183105469e+00
6.711750984191894531e+00
6.711986064910888672e+00
6.711922645568847656e+00
6.712143898010253906e+00
6.712089061737060547e+00
6.712310791015625000e+00
6.712244033813476562e+00
6.712488174438476562e+00
6.712387561798095703e+00
6.712676048278808594e+00
6.712523937225341797e+00
6.712870597839355469e+00
6.712653160095214844e+00
6.713072776794433594e+00
6.712776184082031250e+00
6.713284015655517578e+00
6.712885856628417969e+00
6.713512420654296875e+00
6.712973594665527344e+00
6.713768959045410156e+00
6.713027954101562500e+00
6.714066982269287109e+00
6.713033676147460938e+00
6.714424133300781250e+00
6.712970733642578125e+00
6.714862823486328125e+00
6.712822914123535156e+00
6.715391159057617188e+00
6.712592124938964844e+00
6.715989112854003906e+00
6.712342262268066406e+00
6.716534614562988281e+00
6.712259292602539062e+00
6.716766357421875000e+00
6.712634086608886719e+00
6.716418266296386719e+00
6.713601589202880859e+00
6.715562820434570312e+00
6.714882373809814453e+00
6.714657306671142578e+00
6.715978145599365234e+00
6.714145660400390625e+00
6.716544151306152344e+00
6.714225292205810547e+00
6.716494560241699219e+00
6.714838981628417969e+00
6.716027259826660156e+00
6.715686798095703125e+00
6.715518474578857422e+00
6.716407775878906250e+00
6.715283393859863281e+00
6.716778755187988281e+00
6.715431213378906250e+00
6.716784954071044922e+00
6.715879440307617188e+00
6.716578960418701172e+00
6.716436386108398438e+00
6.716372489929199219e+00
6.716901779174804688e+00
6.716321945190429688e+00
6.717171669006347656e+00
6.716471195220947266e+00
6.717260360717773438e+00
6.716766357421875000e+00
6.717249393463134766e+00
6.717113971710205078e+00
6.717232227325439453e+00
6.717427253723144531e+00
6.717279434204101562e+00
6.717661857604980469e+00
6.717411041259765625e+00
6.717816352844238281e+00
6.717607498168945312e+00
6.717921733856201172e+00
6.717833995819091797e+00
6.718015670776367188e+00
6.718057632446289062e+00
6.718123435974121094e+00
6.718260288238525391e+00
6.718254089355468750e+00
6.718441486358642578e+00
6.718407154083251953e+00
6.718605518341064453e+00
6.718569755554199219e+00
6.718763351440429688e+00
6.718736648559570312e+00
6.718921184539794922e+00
6.718904018402099609e+00
6.719079971313476562e+00
6.719069957733154297e+00
6.719234466552734375e+00
6.719237327575683594e+00
6.719389915466308594e+00
6.719407081604003906e+00
6.719543457031250000e+00
6.719576835632324219e+00
6.719696998596191406e+00
6.719746589660644531e+00
6.719854354858398438e+00
6.719910621643066406e+00
6.720020771026611328e+00
6.720061302185058594e+00
6.720202445983886719e+00
6.720193386077880859e+00
6.720407485961914062e+00
6.720300197601318359e+00
6.720641613006591797e+00
6.720370292663574219e+00
6.720920562744140625e+00
6.720389842987060547e+00
6.721260547637939453e+00
6.720331192016601562e+00
6.721697330474853516e+00
6.720154762268066406e+00
6.722278118133544922e+00
6.719803810119628906e+00
6.723060607910156250e+00
6.719249248504638672e+00
6.724015235900878906e+00
6.718629837036132812e+00
6.724818229675292969e+00
6.718523979187011719e+00
6.724674224853515625e+00
6.719735145568847656e+00
6.723133563995361328e+00
6.722028255462646484e+00
6.721159934997558594e+00
6.723967552185058594e+00
6.720206737518310547e+00
6.724409103393554688e+00
6.720926284790039062e+00
6.723323822021484375e+00
6.722697257995605469e+00
6.721885204315185547e+00
6.724079608917236328e+00
6.721406936645507812e+00
6.724198818206787109e+00
6.722207069396972656e+00
6.723320007324218750e+00
6.723537921905517578e+00
6.722465991973876953e+00
6.724334716796875000e+00
6.722473144531250000e+00
6.724180698394775391e+00
6.723292350769042969e+00
6.723525047302246094e+00
6.724223136901855469e+00
6.723127365112304688e+00
6.724621772766113281e+00
6.723391056060791016e+00
6.724395275115966797e+00
6.724105834960937500e+00
6.723968029022216797e+00
6.724754333496093750e+00
6.723828792572021484e+00
6.724971294403076172e+00
6.724165916442871094e+00
6.724779129028320312e+00
6.724756240844726562e+00
6.724529266357421875e+00
6.725218772888183594e+00
6.724542617797851562e+00
6.725345134735107422e+00
6.724880218505859375e+00
6.725225448608398438e+00
6.725339889526367188e+00
6.725121021270751953e+00
6.725672245025634766e+00
6.725217819213867188e+00
6.725780010223388672e+00
6.725518226623535156e+00
6.725743770599365234e+00
6.725879192352294922e+00
6.725731849670410156e+00
6.726145744323730469e+00
6.725854873657226562e+00
6.726264953613281250e+00
6.726108074188232422e+00
6.726292610168457031e+00
6.726404666900634766e+00
6.726333618164062500e+00
6.726641654968261719e+00
6.726456642150878906e+00
6.726788520812988281e+00
6.726670265197753906e+00
6.726864814758300781e+00
6.726922988891601562e+00
6.726935386657714844e+00
6.727150440216064453e+00
6.727054595947265625e+00
6.727317333221435547e+00
6.727234840393066406e+00
6.727427959442138672e+00
6.727454185485839844e+00
6.727524280548095703e+00
6.727666854858398438e+00
6.727645874023437500e+00
6.727843284606933594e+00
6.727805137634277344e+00
6.727982521057128906e+00
6.727997779846191406e+00
6.728098869323730469e+00
6.728199005126953125e+00
6.728219985961914062e+00
6.728386878967285156e+00
6.728360176086425781e+00
6.728552818298339844e+00
6.728521823883056641e+00
6.728700637817382812e+00
6.728692531585693359e+00
6.728849411010742188e+00
6.728858947753906250e+00
6.729010581970214844e+00
6.729002952575683594e+00
6.729198455810546875e+00
6.729114532470703125e+00
6.729424476623535156e+00
6.729185104370117188e+00
6.729700565338134766e+00
6.729196548461914062e+00
6.730047225952148438e+00
6.729120731353759766e+00
6.730511665344238281e+00
6.728900909423828125e+00
6.731168746948242188e+00
6.728460311889648438e+00
6.732098579406738281e+00
6.727792739868164062e+00
6.733187675476074219e+00
6.727288246154785156e+00
6.733603000640869141e+00
6.728051185607910156e+00
6.732189178466796875e+00
6.730437278747558594e+00
6.729952812194824219e+00
6.732581615447998047e+00
6.729074478149414062e+00
6.732754707336425781e+00
6.730252265930175781e+00
6.731195926666259766e+00
6.732191085815429688e+00
6.730041980743408203e+00
6.732831954956054688e+00
6.730654716491699219e+00
6.731770515441894531e+00
6.732268810272216797e+00
6.730687618255615234e+00
6.732995033264160156e+00
6.731077194213867188e+00
6.732205867767333984e+00
6.732470512390136719e+00
6.731241226196289062e+00
6.733231544494628906e+00
6.731472015380859375e+00
6.732682228088378906e+00
6.732658386230468750e+00
6.731823921203613281e+00
6.733459472656250000e+00
6.731873512268066406e+00
6.733165740966796875e+00
6.732825756072998047e+00
6.732434749603271484e+00
6.733649253845214844e+00
6.732328414916992188e+00
6.733598709106445312e+00
6.733044624328613281e+00
6.733026504516601562e+00
6.733829498291015625e+00
6.732824325561523438e+00
6.733959674835205078e+00
6.733323574066162109e+00
6.733560562133789062e+00
6.734020709991455078e+00
6.733328819274902344e+00
6.734277725219726562e+00
6.733644485473632812e+00
6.734054565429687500e+00
6.734231948852539062e+00
6.733833789825439453e+00
6.734579086303710938e+00
6.733997821807861328e+00
6.734524250030517578e+00
6.734463214874267578e+00
6.734348297119140625e+00
6.734855651855468750e+00
6.734399795532226562e+00
6.734944343566894531e+00
6.734731674194335938e+00
6.734850883483886719e+00
6.735110759735107422e+00
6.734848022460937500e+00
6.735301494598388672e+00
6.735065460205078125e+00
6.735308647155761719e+00
6.735384464263916016e+00
6.735312461853027344e+00
6.735621452331542969e+00
6.735451221466064453e+00
6.735715866088867188e+00
6.735699653625488281e+00
6.735755920410156250e+00
6.735940456390380859e+00
6.735856056213378906e+00
6.736089229583740234e+00
6.736046791076660156e+00
6.736171245574951172e+00
6.736267566680908203e+00
6.736263275146484375e+00
6.736447334289550781e+00
6.736416339874267578e+00
6.736565113067626953e+00
6.736612319946289062e+00
6.736668586730957031e+00
6.736796855926513672e+00
6.736802577972412109e+00
6.736942291259765625e+00
6.736973285675048828e+00
6.737061500549316406e+00
6.737152099609375000e+00
6.737191200256347656e+00
6.737311363220214844e+00
6.737346649169921875e+00
6.737443923950195312e+00
6.737520217895507812e+00
6.737572193145751953e+00
6.737687110900878906e+00
6.737716674804687500e+00
6.737833499908447266e+00
6.737880229949951172e+00
6.737966060638427734e+00
6.738050460815429688e+00
6.738101482391357422e+00
6.738208770751953125e+00
6.738253116607666016e+00
6.738351821899414062e+00
6.738416671752929688e+00
6.738486289978027344e+00
6.738581657409667969e+00
6.738626003265380859e+00
6.738736152648925781e+00
6.738779067993164062e+00
6.738879203796386719e+00
6.738939762115478516e+00
6.739016532897949219e+00
6.739103317260742188e+00
6.739158630371093750e+00
6.739257812500000000e+00
6.739311218261718750e+00
6.739404678344726562e+00
6.739468097686767578e+00
6.739546775817871094e+00
6.739628314971923828e+00
6.739688873291015625e+00
6.739783287048339844e+00
6.739838600158691406e+00
6.739933967590332031e+00
6.739992618560791016e+00
6.740080833435058594e+00
6.740148544311523438e+00
6.740227699279785156e+00
6.740302085876464844e+00
6.740377902984619141e+00
6.740450859069824219e+00
6.740533828735351562e+00
6.740596771240234375e+00
6.740692138671875000e+00
6.740737915039062500e+00
6.740852355957031250e+00
6.740879058837890625e+00
6.741015434265136719e+00
6.741016864776611328e+00
6.741182804107666016e+00
6.741147041320800781e+00
6.741359710693359375e+00
6.741265296936035156e+00
6.741554260253906250e+00
6.741358757019042969e+00
6.741779804229736328e+00
6.741414070129394531e+00
6.742055416107177734e+00
6.741405010223388672e+00
6.742413520812988281e+00
6.741291046142578125e+00
6.742904663085937500e+00
6.741015434265136719e+00
6.743587493896484375e+00
6.740541458129882812e+00
6.744437694549560547e+00
6.740030288696289062e+00
6.745074272155761719e+00
6.740120887756347656e+00
6.744707107543945312e+00
6.741433143615722656e+00
6.743263721466064453e+00
6.743317127227783203e+00
6.741905212402343750e+00
6.744513988494873047e+00
6.741641521453857422e+00
6.744421958923339844e+00
6.742576599121093750e+00
6.743482589721679688e+00
6.743817329406738281e+00
6.742779731750488281e+00
6.744403839111328125e+00
6.742929458618164062e+00
6.744190216064453125e+00
6.743641376495361328e+00
6.743746280670166016e+00
6.744233131408691406e+00
6.743661880493164062e+00
6.744371891021728516e+00
6.743976116180419922e+00
6.744273185729980469e+00
6.744326591491699219e+00
6.744286537170410156e+00
6.744496345520019531e+00
6.744484901428222656e+00
6.744558334350585938e+00
6.744690895080566406e+00
6.744693756103515625e+00
6.744782447814941406e+00
6.744932651519775391e+00
6.744837760925292969e+00
6.745130538940429688e+00
6.744992256164550781e+00
6.745201110839843750e+00
6.745260238647460938e+00
6.745210170745849609e+00
6.745520591735839844e+00
6.745300769805908203e+00
6.745644092559814453e+00
6.745539188385009766e+00
6.745654106140136719e+00
6.745835304260253906e+00
6.745676994323730469e+00
6.746049880981445312e+00
6.745825767517089844e+00
6.746119976043701172e+00
6.746096611022949219e+00
6.746125221252441406e+00
6.746364593505859375e+00
6.746186256408691406e+00
6.746534347534179688e+00
6.746363639831542969e+00
6.746600151062011719e+00
6.746611595153808594e+00
6.746642589569091797e+00
6.746838569641113281e+00
6.746738433837890625e+00
6.746996879577636719e+00
6.746904373168945312e+00
6.747095584869384766e+00
6.747105598449707031e+00
6.747186660766601562e+00
6.747294425964355469e+00
6.747307777404785156e+00
6.747447967529296875e+00
6.747460365295410156e+00
6.747578620910644531e+00
6.747621536254882812e+00
6.747712135314941406e+00
6.747772216796875000e+00
6.747859954833984375e+00
6.747909545898437500e+00
6.748012542724609375e+00
6.748051643371582031e+00
6.748155117034912109e+00
6.748206138610839844e+00
6.748286247253417969e+00
6.748370170593261719e+00
6.748413085937500000e+00
6.748531818389892578e+00
6.748549938201904297e+00
6.748676300048828125e+00
6.748702049255371094e+00
6.748809337615966797e+00
6.748866081237792969e+00
6.748936176300048828e+00
6.749028205871582031e+00
6.749069690704345703e+00
6.749179840087890625e+00
6.749216079711914062e+00
6.749320983886718750e+00
6.749372482299804688e+00
6.749454498291015625e+00
6.749528408050537109e+00
6.749591827392578125e+00
6.749679565429687500e+00
6.749733448028564453e+00
6.749825477600097656e+00
6.749880313873291016e+00
6.749969482421875000e+00
6.750027656555175781e+00
6.750112533569335938e+00
6.750173568725585938e+00
6.750258445739746094e+00
6.750317573547363281e+00
6.750407695770263672e+00
6.750461578369140625e+00
6.750555515289306641e+00
6.750604152679443359e+00
6.750702857971191406e+00
6.750749588012695312e+00
6.750849723815917969e+00
6.750893592834472656e+00
6.750995159149169922e+00
6.751038074493408203e+00
6.751143455505371094e+00
6.751180648803710938e+00
6.751296043395996094e+00
6.751317501068115234e+00
6.751453399658203125e+00
6.751448154449462891e+00
6.751618385314941406e+00
6.751570701599121094e+00
6.751791000366210938e+00
6.751681804656982422e+00
6.751979827880859375e+00
6.751774311065673828e+00
6.752192497253417969e+00
6.751836776733398438e+00
6.752440929412841797e+00
6.751851558685302734e+00
6.752753257751464844e+00
6.751790046691894531e+00
6.753162384033203125e+00
6.751605987548828125e+00
6.753720283508300781e+00
6.751250267028808594e+00
6.754462242126464844e+00
6.750733852386474609e+00
6.755288600921630859e+00
6.750323295593261719e+00
6.755702018737792969e+00
6.750741958618164062e+00
6.754910469055175781e+00
6.752504348754882812e+00
6.753019809722900391e+00
6.754753112792968750e+00
6.751387596130371094e+00
6.756037712097167969e+00
6.751220226287841797e+00
6.755599975585937500e+00
6.752717494964599609e+00
6.753935813903808594e+00
6.754698753356933594e+00
6.752611637115478516e+00
6.755650520324707031e+00
6.752709388732910156e+00
6.755154132843017578e+00
6.753955364227294922e+00
6.754057884216308594e+00
6.755147933959960938e+00
6.753582954406738281e+00
6.755352020263671875e+00
6.754179954528808594e+00
6.754693031311035156e+00
6.755222797393798828e+00
6.754075050354003906e+00
6.755807876586914062e+00
6.754177570343017578e+00
6.755609512329101562e+00
6.754936218261718750e+00
6.755040168762207031e+00
6.755701065063476562e+00
6.754780769348144531e+00
6.755957603454589844e+00
6.755080223083496094e+00
6.755744934082031250e+00
6.755664825439453125e+00
6.755477428436279297e+00
6.756074905395507812e+00
6.755539894104003906e+00
6.756101608276367188e+00
6.755934715270996094e+00
6.755912780761718750e+00
6.756389617919921875e+00
6.755814552307128906e+00
6.756645202636718750e+00
6.755975723266601562e+00
6.756651878356933594e+00
6.756320476531982422e+00
6.756576538085937500e+00
6.756640434265136719e+00
6.756613254547119141e+00
6.756793975830078125e+00
6.756829261779785156e+00
6.756786346435546875e+00
6.757155418395996094e+00
6.756733894348144531e+00
6.757462024688720703e+00
6.756751060485839844e+00
6.757674694061279297e+00
6.756862163543701172e+00
6.757818222045898438e+00
6.757007598876953125e+00
6.757974624633789062e+00
6.757093429565429688e+00
6.758230209350585938e+00
6.757053375244140625e+00
6.758624553680419922e+00
6.756875991821289062e+00
6.759148597717285156e+00
6.756593227386474609e+00
6.759752273559570312e+00
6.756277084350585938e+00
6.760349273681640625e+00
6.756043910980224609e+00
6.760776519775390625e+00
6.756097793579101562e+00
6.760787963867187500e+00
6.756665706634521484e+00
6.760228157043457031e+00
6.757737636566162109e+00
6.759306907653808594e+00
6.758952140808105469e+00
6.758478164672851562e+00
6.759890556335449219e+00
6.758059024810791016e+00
6.760344505310058594e+00
6.758135318756103516e+00
6.760307312011718750e+00
6.758636474609375000e+00
6.759925842285156250e+00
6.759356498718261719e+00
6.759465217590332031e+00
6.760031223297119141e+00
6.759170532226562500e+00
6.760466098785400391e+00
6.759164810180664062e+00
6.760591506958007812e+00
6.759453773498535156e+00
6.760460853576660156e+00
6.759937286376953125e+00
6.760215759277343750e+00
6.760444641113281250e+00
6.760027885437011719e+00
6.760830402374267578e+00
6.760018348693847656e+00
6.761007308959960938e+00
6.760215759277343750e+00
6.761002063751220703e+00
6.760558128356933594e+00
6.760902404785156250e+00
6.760936260223388672e+00
6.760821819305419922e+00
6.761249065399169922e+00
6.760836124420166016e+00
6.761449813842773438e+00
6.760963916778564453e+00
6.761542320251464844e+00
6.761183261871337891e+00
6.761569023132324219e+00
6.761440277099609375e+00
6.761580467224121094e+00
6.761688232421875000e+00
6.761623859405517578e+00
6.761896133422851562e+00
6.761713027954101562e+00
6.762056827545166016e+00
6.761845588684082031e+00
6.762181282043457031e+00
6.762009143829345703e+00
6.762280941009521484e+00
6.762189388275146484e+00
6.762371063232421875e+00
6.762372970581054688e+00
6.762463092803955078e+00
6.762550354003906250e+00
6.762563705444335938e+00
6.762716293334960938e+00
6.762679100036621094e+00
6.762868404388427734e+00
6.762805938720703125e+00
6.763010025024414062e+00
6.762943267822265625e+00
6.763142108917236328e+00
6.763090133666992188e+00
6.763265609741210938e+00
6.763242244720458984e+00
6.763385772705078125e+00
6.763397216796875000e+00
6.763504981994628906e+00
6.763550281524658203e+00
6.763627052307128906e+00
6.763698577880859375e+00
6.763752460479736328e+00
6.763843536376953125e+00
6.763882637023925781e+00
6.763986587524414062e+00
6.764017105102539062e+00
6.764126777648925781e+00
6.764152526855468750e+00
6.764263153076171875e+00
6.764289855957031250e+00
6.764399528503417969e+00
6.764426231384277344e+00
6.764537334442138672e+00
6.764561653137207031e+00
6.764678478240966797e+00
6.764694213867187500e+00
6.764820575714111328e+00
6.764826297760009766e+00
6.764964103698730469e+00
6.764956951141357422e+00
6.765107631683349609e+00
6.765084266662597656e+00
6.765254497528076172e+00
6.765210628509521484e+00
6.765405654907226562e+00
6.765330314636230469e+00
6.765561103820800781e+00
6.765444755554199219e+00
6.765725612640380859e+00
6.765549659729003906e+00
6.765903949737548828e+00
6.765639305114746094e+00
6.766098976135253906e+00
6.765706539154052734e+00
6.766322135925292969e+00
6.765741348266601562e+00
6.766584873199462891e+00
6.765729904174804688e+00
6.766907215118408203e+00
6.765654563903808594e+00
6.767304897308349609e+00
6.765501499176025391e+00
6.767789840698242188e+00
6.765285015106201172e+00
6.768315792083740234e+00
6.765102863311767578e+00
6.768718719482421875e+00
6.765168190002441406e+00
6.768731117248535156e+00
6.765689849853515625e+00
6.768267154693603516e+00
6.766558170318603516e+00
6.767642021179199219e+00
6.767372131347656250e+00
6.767267227172851562e+00
6.767817974090576172e+00
6.767313957214355469e+00
6.767867088317871094e+00
6.767663478851318359e+00
6.767727851867675781e+00
6.768049240112304688e+00
6.767680168151855469e+00
6.768229007720947266e+00
6.767896652221679688e+00
6.768136501312255859e+00
6.768327236175537109e+00
6.767932415008544922e+00
6.768757343292236328e+00
6.767852306365966797e+00
6.768977642059326172e+00
6.768039703369140625e+00
6.768928050994873047e+00
6.768464088439941406e+00
6.768708705902099609e+00
6.768955707550048828e+00
6.768521308898925781e+00
6.769330024719238281e+00
6.768513679504394531e+00
6.769494056701660156e+00
6.768721103668212891e+00
6.769465446472167969e+00
6.769072532653808594e+00
6.769358634948730469e+00
6.769432067871093750e+00
6.769297599792480469e+00
6.769695281982421875e+00
6.769364356994628906e+00
6.769820213317871094e+00
6.769556045532226562e+00
6.769847869873046875e+00
6.769811630249023438e+00
6.769856452941894531e+00
6.770048618316650391e+00
6.769914150238037109e+00
6.770215988159179688e+00
6.770046234130859375e+00
6.770311832427978516e+00
6.770240306854248047e+00
6.770361900329589844e+00
6.770458698272705078e+00
6.770411014556884766e+00
6.770663738250732422e+00
6.770485401153564453e+00
6.770834922790527344e+00
6.770596981048583984e+00
6.770967960357666016e+00
6.770742416381835938e+00
6.771079540252685547e+00
6.770897865295410156e+00
6.771185398101806641e+00
6.771044731140136719e+00
6.771309852600097656e+00
6.771171569824218750e+00
6.771458148956298828e+00
6.771273612976074219e+00
6.771631240844726562e+00
6.771354675292968750e+00
6.771825790405273438e+00
6.771417617797851562e+00
6.772035598754882812e+00
6.771458625793457031e+00
6.772269248962402344e+00
6.771473884582519531e+00
6.772533893585205078e+00
6.771447658538818359e+00
6.772849559783935547e+00
6.771360397338867188e+00
6.773239612579345703e+00
6.771195411682128906e+00
6.773719787597656250e+00
6.770944595336914062e+00
6.774271965026855469e+00
6.770664215087890625e+00
6.774785995483398438e+00
6.770526885986328125e+00
6.775024414062500000e+00
6.770806312561035156e+00
6.774730205535888672e+00
6.771646976470947266e+00
6.773939132690429688e+00
6.772823810577392578e+00
6.773030281066894531e+00
6.773906707763671875e+00
6.772400379180908203e+00
6.774569034576416016e+00
6.772274017333984375e+00
6.774684906005859375e+00
6.772663116455078125e+00
6.774354934692382812e+00
6.773367404937744141e+00
6.773856639862060547e+00
6.774088859558105469e+00
6.773481845855712891e+00
6.774584770202636719e+00
6.773400306701660156e+00
6.774765014648437500e+00
6.773617744445800781e+00
6.774691581726074219e+00
6.774020195007324219e+00
6.774513244628906250e+00
6.774450302124023438e+00
6.774374961853027344e+00
6.774789810180664062e+00
6.774356842041015625e+00
6.774995803833007812e+00
6.774469852447509766e+00
6.775088310241699219e+00
6.774670600891113281e+00
6.775120735168457031e+00
6.774903774261474609e+00
6.775147438049316406e+00
6.775125980377197266e+00
6.775199890136718750e+00
6.775314331054687500e+00
6.775285720825195312e+00
6.775468349456787109e+00
6.775398254394531250e+00
6.775606155395507812e+00
6.775524139404296875e+00
6.775736808776855469e+00
6.775650501251220703e+00
6.775869369506835938e+00
6.775774002075195312e+00
6.776001930236816406e+00
6.775899887084960938e+00
6.776130676269531250e+00
6.776031970977783203e+00
6.776249885559082031e+00
6.776175498962402344e+00
6.776356220245361328e+00
6.776329040527343750e+00
6.776454448699951172e+00
6.776487350463867188e+00
6.776552677154541016e+00
6.776644706726074219e+00
6.776655673980712891e+00
6.776795387268066406e+00
6.776769161224365234e+00
6.776932239532470703e+00
6.776896476745605469e+00
6.777057170867919922e+00
6.777038574218750000e+00
6.777164459228515625e+00
6.777196884155273438e+00
6.777255058288574219e+00
6.777371406555175781e+00
6.777326583862304688e+00
6.777564048767089844e+00
6.777377605438232422e+00
6.777784347534179688e+00
6.777396678924560547e+00
6.778044700622558594e+00
6.777368545532226562e+00
6.778365612030029297e+00
6.777265548706054688e+00
6.778779983520507812e+00
6.777050018310546875e+00
6.779319763183593750e+00
6.776703834533691406e+00
6.779984474182128906e+00
6.776287555694580078e+00
6.780611038208007812e+00
6.776108741760253906e+00
6.780735492706298828e+00
6.776718139648437500e+00
6.779885292053222656e+00
6.778267860412597656e+00
6.778370857238769531e+00
6.780013084411621094e+00
6.777142524719238281e+00
6.781041145324707031e+00
6.776930809020996094e+00
6.780894279479980469e+00
6.777894496917724609e+00
6.779791355133056641e+00
6.779405593872070312e+00
6.778633117675781250e+00
6.780497550964355469e+00
6.778244495391845703e+00
6.780644416809082031e+00
6.778787136077880859e+00
6.780043601989746094e+00
6.779770851135253906e+00
6.779357910156250000e+00
6.780488491058349609e+00
6.779213428497314453e+00
6.780528545379638672e+00
6.779731750488281250e+00
6.780062198638916016e+00
6.780515670776367188e+00
6.779589653015136719e+00
6.781066417694091797e+00
6.779538154602050781e+00
6.781095504760742188e+00
6.779993534088134766e+00
6.780742645263671875e+00
6.780638694763183594e+00
6.780405998229980469e+00
6.781085968017578125e+00
6.780397415161132812e+00
6.781138420104980469e+00
6.780761718750000000e+00
6.780906677246093750e+00
6.781267166137695312e+00
6.780691146850585938e+00
6.781626701354980469e+00
6.780711650848388672e+00
6.781714439392089844e+00
6.780985832214355469e+00
6.781620025634765625e+00
6.781344413757324219e+00
6.781544685363769531e+00
6.781589508056640625e+00
6.781646728515625000e+00
6.781631469726562500e+00
6.781936645507812500e+00
6.781523704528808594e+00
6.782325744628906250e+00
6.781373977661132812e+00
6.782706260681152344e+00
6.781266212463378906e+00
6.783036231994628906e+00
6.781198501586914062e+00
6.783358097076416016e+00
6.781101703643798828e+00
6.783756256103515625e+00
6.780898571014404297e+00
6.784288406372070312e+00
6.780570030212402344e+00
6.784916400909423828e+00
6.780243873596191406e+00
6.785408020019531250e+00
6.780239582061767578e+00
6.785367012023925781e+00
6.780920982360839844e+00
6.784568786621093750e+00
6.782253265380859375e+00
6.783348083496093750e+00
6.783686637878417969e+00
6.782358169555664062e+00
6.784641265869140625e+00
6.782011032104492188e+00
6.784870147705078125e+00
6.782371520996093750e+00
6.784455776214599609e+00
6.783204078674316406e+00
6.783768653869628906e+00
6.784081935882568359e+00
6.783246040344238281e+00
6.784650325775146484e+00
6.783134460449218750e+00
6.784781455993652344e+00
6.783432483673095703e+00
6.784575462341308594e+00
6.783961296081542969e+00
6.784259796142578125e+00
6.784486770629882812e+00
6.784043312072753906e+00
6.784843444824218750e+00
6.784033775329589844e+00
6.784987449645996094e+00
6.784221649169921875e+00
6.784966468811035156e+00
6.784532546997070312e+00
6.784869194030761719e+00
6.784871101379394531e+00
6.784789085388183594e+00
6.785155773162841797e+00
6.784786224365234375e+00
6.785345077514648438e+00
6.784882545471191406e+00
6.785436630249023438e+00
6.785063743591308594e+00
6.785459518432617188e+00
6.785292625427246094e+00
6.785458087921142578e+00
6.785527706146240234e+00
6.785470008850097656e+00
6.785735130310058594e+00
6.785521030426025391e+00
6.785895347595214844e+00
6.785624504089355469e+00
6.786003112792968750e+00
6.785775184631347656e+00
6.786069869995117188e+00
6.785959720611572266e+00
6.786112785339355469e+00
6.786153793334960938e+00
6.786158561706542969e+00
6.786337852478027344e+00
6.786222457885742188e+00
6.786496162414550781e+00
6.786317825317382812e+00
6.786621570587158203e+00
6.786445617675781250e+00
6.786718845367431641e+00
6.786594867706298828e+00
6.786797046661376953e+00
6.786756515502929688e+00
6.786870956420898438e+00
6.786918640136718750e+00
6.786951065063476562e+00
6.787072181701660156e+00
6.787041664123535156e+00
6.787210464477539062e+00
6.787148475646972656e+00
6.787332534790039062e+00
6.787268638610839844e+00
6.787442207336425781e+00
6.787398338317871094e+00
6.787543296813964844e+00
6.787535667419433594e+00
6.787641525268554688e+00
6.787675857543945312e+00
6.787738323211669922e+00
6.787816524505615234e+00
6.787834167480468750e+00
6.787959098815917969e+00
6.787926673889160156e+00
6.788107872009277344e+00
6.788011074066162109e+00
6.788268566131591797e+00
6.788078308105468750e+00
6.788448810577392578e+00
6.788119316101074219e+00
6.788664817810058594e+00
6.788115501403808594e+00
6.788935661315917969e+00
6.788048267364501953e+00
6.789280891418457031e+00
6.787900447845458984e+00
6.789706707000732422e+00
6.787705898284912109e+00
6.790114402770996094e+00
6.787654399871826172e+00
6.790225028991699219e+00
6.788067340850830078e+00
6.789794921875000000e+00
6.788949012756347656e+00
6.789102554321289062e+00
6.789792060852050781e+00
6.788701057434082031e+00
6.790152072906494141e+00
6.788858413696289062e+00
6.789973258972167969e+00
6.789439678192138672e+00
6.789568901062011719e+00
6.790011405944824219e+00
6.789390563964843750e+00
6.790209293365478516e+00
6.789627552032470703e+00
6.790065765380859375e+00
6.790057182312011719e+00
6.789882659912109375e+00
6.790366649627685547e+00
6.789919853210449219e+00
6.790399551391601562e+00
6.790221691131591797e+00
6.790263175964355469e+00
6.790568351745605469e+00
6.790218353271484375e+00
6.790739536285400391e+00
6.790389060974121094e+00
6.790708065032958984e+00
6.790706634521484375e+00
6.790612220764160156e+00
6.790991783142089844e+00
6.790633201599121094e+00
6.791105747222900391e+00
6.790834426879882812e+00
6.791072845458984375e+00
6.791121959686279297e+00
6.791028022766113281e+00
6.791354656219482422e+00
6.791082382202148438e+00
6.791463375091552734e+00
6.791262626647949219e+00
6.791473865509033203e+00
6.791494369506835938e+00
6.791485309600830078e+00
6.791679382324218750e+00
6.791565895080566406e+00
6.791789054870605469e+00
6.791712760925292969e+00
6.791843414306640625e+00
6.791885375976562500e+00
6.791903972625732422e+00
6.792029380798339844e+00
6.792010307312011719e+00
6.792126655578613281e+00
6.792153358459472656e+00
6.792200565338134766e+00
6.792307376861572266e+00
6.792281150817871094e+00
6.792440414428710938e+00
6.792392730712890625e+00
6.792541503906250000e+00
6.792529106140136719e+00
6.792624473571777344e+00
6.792670726776123047e+00
6.792716026306152344e+00
6.792797088623046875e+00
6.792827606201171875e+00
6.792899131774902344e+00
6.792963981628417969e+00
6.792977809906005859e+00
6.793114662170410156e+00
6.793050765991210938e+00
6.793270111083984375e+00
6.793119430541992188e+00
6.793429374694824219e+00
6.793181896209716797e+00
6.793601512908935547e+00
6.793221473693847656e+00
6.793810844421386719e+00
6.793208122253417969e+00
6.794092178344726562e+00
6.793105125427246094e+00
6.794489860534667969e+00
6.792855262756347656e+00
6.795072555541992188e+00
6.792395591735839844e+00
6.795907974243164062e+00
6.791688442230224609e+00
6.796977519989013672e+00
6.790918827056884766e+00
6.797837734222412109e+00
6.790872573852539062e+00
6.797339439392089844e+00
6.792599678039550781e+00
6.795008659362792969e+00
6.795492649078369141e+00
6.792620658874511719e+00
6.797391891479492188e+00
6.792116641998291016e+00
6.796910285949707031e+00
6.793933868408203125e+00
6.794637680053710938e+00
6.796444892883300781e+00
6.792910099029541016e+00
6.797425270080566406e+00
6.793291091918945312e+00
6.796216964721679688e+00
6.795331001281738281e+00
6.794270992279052734e+00
6.797041893005371094e+00
6.793583869934082031e+00
6.796992301940917969e+00
6.794685363769531250e+00
6.795590400695800781e+00
6.796362876892089844e+00
6.794475555419921875e+00
6.797065734863281250e+00
6.794710159301757812e+00
6.796424388885498047e+00
6.795917510986328125e+00
6.795414924621582031e+00
6.796850681304931641e+00
6.795181274414062500e+00
6.796790122985839844e+00
6.795870304107666016e+00
6.796112060546875000e+00
6.796726226806640625e+00
6.795710563659667969e+00
6.796977996826171875e+00
6.796033382415771484e+00
6.796595573425292969e+00
6.796724319458007812e+00
6.796175479888916016e+00
6.797145843505859375e+00
6.796234130859375000e+00
6.797035217285156250e+00
6.796733379364013672e+00
6.796681404113769531e+00
6.797237396240234375e+00
6.796540260314941406e+00
6.797388076782226562e+00
6.796793460845947266e+00
6.797210693359375000e+00
6.797235012054443359e+00
6.797010421752929688e+00
6.797548294067382812e+00
6.797039985656738281e+00
6.797593116760253906e+00
6.797309398651123047e+00
6.797481536865234375e+00
6.797628402709960938e+00
6.797425270080566406e+00
6.797814369201660156e+00
6.797541618347167969e+00
6.797832489013671875e+00
6.797782421112060547e+00
6.797792911529541016e+00
6.798008918762207031e+00
6.797825813293457031e+00
6.798126220703125000e+00
6.797978878021240234e+00
6.798138618469238281e+00
6.798197269439697266e+00
6.798135757446289062e+00
6.798380851745605469e+00
6.798202514648437500e+00
6.798479557037353516e+00
6.798355579376220703e+00
6.798506259918212891e+00
6.798546791076660156e+00
6.798531532287597656e+00
6.798711299896240234e+00
6.798606395721435547e+00
6.798814773559570312e+00
6.798742294311523438e+00
6.798873901367187500e+00
6.798903465270996094e+00
6.798929214477539062e+00
6.799046516418457031e+00
6.799015522003173828e+00
6.799150466918945312e+00
6.799139976501464844e+00
6.799223899841308594e+00
6.799281120300292969e+00
6.799295425415039062e+00
6.799411773681640625e+00
6.799385070800781250e+00
6.799520969390869141e+00
6.799500465393066406e+00
6.799607276916503906e+00
6.799629211425781250e+00
6.799689292907714844e+00
6.799754142761230469e+00
6.799778461456298828e+00
6.799865722656250000e+00
6.799885272979736328e+00
6.799962043762207031e+00
6.800004005432128906e+00
6.800052642822265625e+00
6.800126075744628906e+00
6.800143718719482422e+00
6.800242424011230469e+00
6.800244331359863281e+00
6.800350189208984375e+00
6.800349712371826172e+00
6.800450801849365234e+00
6.800460338592529297e+00
6.800549507141113281e+00
6.800571441650390625e+00
6.800653457641601562e+00
6.800673484802246094e+00
6.800765991210937500e+00
6.800766944885253906e+00
6.800888538360595703e+00
6.800849914550781250e+00
6.801020145416259766e+00
6.800924301147460938e+00
6.801162242889404297e+00
6.800989151000976562e+00
6.801316261291503906e+00
6.801033973693847656e+00
6.801492691040039062e+00
6.801051139831542969e+00
6.801708221435546875e+00
6.801019668579101562e+00
6.801985263824462891e+00
6.800909996032714844e+00
6.802363395690917969e+00
6.800676822662353516e+00
6.802887916564941406e+00
6.800281524658203125e+00
6.803578853607177734e+00
6.799759387969970703e+00
6.804309844970703125e+00
6.799399375915527344e+00
6.804583072662353516e+00
6.799865722656250000e+00
6.803740024566650391e+00
6.801482677459716797e+00
6.802046298980712891e+00
6.803336620330810547e+00
6.800784111022949219e+00
6.804193496704101562e+00
6.800858497619628906e+00
6.803618431091308594e+00
6.802196025848388672e+00
6.802224159240722656e+00
6.803716659545898438e+00
6.801306247711181641e+00
6.804239273071289062e+00
6.801646709442138672e+00
6.803534507751464844e+00
6.802912712097167969e+00
6.802396297454833984e+00
6.804053306579589844e+00
6.801869392395019531e+00
6.804267883300781250e+00
6.802363395690917969e+00
6.803597450256347656e+00
6.803423404693603516e+00
6.802783012390136719e+00
6.804212570190429688e+00
6.802546501159667969e+00
6.804275512695312500e+00
6.803013801574707031e+00
6.803794384002685547e+00
6.803777694702148438e+00
6.803303718566894531e+00
6.804289340972900391e+00
6.803235054016113281e+00
6.804318428039550781e+00
6.803597450256347656e+00
6.804044723510742188e+00
6.804084777832031250e+00
6.803815841674804688e+00
6.804388523101806641e+00
6.803854942321777344e+00
6.804415225982666016e+00
6.804126739501953125e+00
6.804299354553222656e+00
6.804434776306152344e+00
6.804249763488769531e+00
6.804604530334472656e+00
6.804366111755371094e+00
6.804615974426269531e+00
6.804599285125732422e+00
6.804573059082031250e+00
6.804819107055664062e+00
6.804601669311523438e+00
6.804927825927734375e+00
6.804750442504882812e+00
6.804930686950683594e+00
6.804970741271972656e+00
6.804909706115722656e+00
6.805170059204101562e+00
6.804950714111328125e+00
6.805284023284912109e+00
6.805080413818359375e+00
6.805316925048828125e+00
6.805271148681640625e+00
6.805320262908935547e+00
6.805458068847656250e+00
6.805352687835693359e+00
6.805593490600585938e+00
6.805446624755859375e+00
6.805671691894531250e+00
6.805586814880371094e+00
6.805716514587402344e+00
6.805741310119628906e+00
6.805766105651855469e+00
6.805877685546875000e+00
6.805846691131591797e+00
6.805978298187255859e+00
6.805960655212402344e+00
6.806051731109619141e+00
6.806090354919433594e+00
6.806118965148925781e+00
6.806216239929199219e+00
6.806200027465820312e+00
6.806324958801269531e+00
6.806303501129150391e+00
6.806410312652587891e+00
6.806424140930175781e+00
6.806484222412109375e+00
6.806550979614257812e+00
6.806558132171630859e+00
6.806668281555175781e+00
6.806643486022949219e+00
6.806774139404296875e+00
6.806744575500488281e+00
6.806867599487304688e+00
6.806852340698242188e+00
6.806954860687255859e+00
6.806964874267578125e+00
6.807041168212890625e+00
6.807071685791015625e+00
6.807134628295898438e+00
6.807173252105712891e+00
6.807237625122070312e+00
6.807267189025878906e+00
6.807345867156982422e+00
6.807355880737304688e+00
6.807459831237792969e+00
6.807438850402832031e+00
6.807575225830078125e+00
6.807520389556884766e+00
6.807690143585205078e+00
6.807600975036621094e+00
6.807806968688964844e+00
6.807677268981933594e+00
6.807930469512939453e+00
6.807749748229980469e+00
6.808064937591552734e+00
6.807804584503173828e+00
6.808218479156494141e+00
6.807835102081298828e+00
6.808403968811035156e+00
6.807827949523925781e+00
6.808634757995605469e+00
6.807762145996093750e+00
6.808938980102539062e+00
6.807610511779785156e+00
6.809351921081542969e+00
6.807328701019287109e+00
6.809921741485595703e+00
6.806876182556152344e+00
6.810693264007568359e+00
6.806249618530273438e+00
6.811596870422363281e+00
6.805648326873779297e+00
6.812237739562988281e+00
6.805697441101074219e+00
6.811786651611328125e+00
6.807124137878417969e+00
6.809906005859375000e+00
6.809549331665039062e+00
6.807764530181884766e+00
6.811466693878173828e+00
6.806804180145263672e+00
6.811773300170898438e+00
6.807612419128417969e+00
6.810393333435058594e+00
6.809600830078125000e+00
6.808561801910400391e+00
6.811234474182128906e+00
6.807770729064941406e+00
6.811426162719726562e+00
6.808517456054687500e+00
6.810268402099609375e+00
6.810134887695312500e+00
6.808897972106933594e+00
6.811321258544921875e+00
6.808471679687500000e+00
6.811296463012695312e+00
6.809260368347167969e+00
6.810292243957519531e+00
6.810590744018554688e+00
6.809270858764648438e+00
6.811460018157958984e+00
6.809064388275146484e+00
6.811365127563476562e+00
6.809776306152343750e+00
6.810576915740966797e+00
6.810831069946289062e+00
6.809844017028808594e+00
6.811470985412597656e+00
6.809743404388427734e+00
6.811395168304443359e+00
6.810296058654785156e+00
6.810843944549560547e+00
6.811058521270751953e+00
6.810363292694091797e+00
6.811518669128417969e+00
6.810331344604492188e+00
6.811487197875976562e+00
6.810739994049072266e+00
6.811145782470703125e+00
6.811289787292480469e+00
6.810846328735351562e+00
6.811646938323974609e+00
6.810830593109130859e+00
6.811693191528320312e+00
6.811098098754882812e+00
6.811526298522949219e+00
6.811468124389648438e+00
6.811368942260742188e+00
6.811738014221191406e+00
6.811373710632324219e+00
6.811822891235351562e+00
6.811559677124023438e+00
6.811763763427734375e+00
6.811833381652832031e+00
6.811680316925048828e+00
6.812074184417724609e+00
6.811667442321777344e+00
6.812218189239501953e+00
6.811756134033203125e+00
6.812274932861328125e+00
6.811903476715087891e+00
6.812310695648193359e+00
6.812032699584960938e+00
6.812398910522460938e+00
6.812085151672363281e+00
6.812585830688476562e+00
6.812028884887695312e+00
6.812875747680664062e+00
6.811887264251708984e+00
6.813229560852050781e+00
6.811713695526123047e+00
6.813571453094482422e+00
6.811613082885742188e+00
6.813776969909667969e+00
6.811730384826660156e+00
6.813705921173095703e+00
6.812156677246093750e+00
6.813342094421386719e+00
6.812789916992187500e+00
6.812890052795410156e+00
6.813370227813720703e+00
6.812598228454589844e+00
6.813705444335937500e+00
6.812590599060058594e+00
6.813745498657226562e+00
6.812862873077392578e+00
6.813560009002685547e+00
6.813285350799560547e+00
6.813317298889160156e+00
6.813670158386230469e+00
6.813186645507812500e+00
6.813882827758789062e+00
6.813243389129638672e+00
6.813910484313964844e+00
6.813463211059570312e+00
6.813814163208007812e+00
6.813753128051757812e+00
6.813712120056152344e+00
6.813999176025390625e+00
6.813700675964355469e+00
6.814135551452636719e+00
6.813802242279052734e+00
6.814170837402343750e+00
6.813984870910644531e+00
6.814149856567382812e+00
6.814187049865722656e+00
6.814141750335693359e+00
6.814351081848144531e+00
6.814189910888671875e+00
6.814453125000000000e+00
6.814298152923583984e+00
6.814502716064453125e+00
6.814443111419677734e+00
6.814528465270996094e+00
6.814596652984619141e+00
6.814564704895019531e+00
6.814728736877441406e+00
6.814630985260009766e+00
6.814823150634765625e+00
6.814729690551757812e+00
6.814889430999755859e+00
6.814853191375732422e+00
6.814937591552734375e+00
6.814983844757080078e+00
6.814985275268554688e+00
6.815107822418212891e+00
6.815048694610595703e+00
6.815213203430175781e+00
6.815131187438964844e+00
6.815300464630126953e+00
6.815231323242187500e+00
6.815372467041015625e+00
6.815341949462890625e+00
6.815437316894531250e+00
6.815455913543701172e+00
6.815504074096679688e+00
6.815564155578613281e+00
6.815577507019042969e+00
6.815666198730468750e+00
6.815658092498779297e+00
6.815758705139160156e+00
6.815746307373046875e+00
6.815845489501953125e+00
6.815841197967529297e+00
6.815928936004638672e+00
6.815937995910644531e+00
6.816010951995849609e+00
6.816034317016601562e+00
6.816092967987060547e+00
6.816129684448242188e+00
6.816175460815429688e+00
6.816221237182617188e+00
6.816264629364013672e+00
6.816309452056884766e+00
6.816356658935546875e+00
6.816392898559570312e+00
6.816453933715820312e+00
6.816472053527832031e+00
6.816555023193359375e+00
6.816544532775878906e+00
6.816661834716796875e+00
6.816610336303710938e+00
6.816776752471923828e+00
6.816670417785644531e+00
6.816896438598632812e+00
6.816725730895996094e+00
6.817019939422607422e+00
6.816784858703613281e+00
6.817123413085937500e+00
6.816886901855468750e+00
6.817152023315429688e+00
6.817109107971191406e+00
6.817009449005126953e+00
6.817543029785156250e+00
6.816644668579101562e+00
6.818165779113769531e+00
6.816164493560791016e+00
6.818799972534179688e+00
6.815780162811279297e+00
6.819248199462890625e+00
6.815650463104248047e+00
6.819410324096679688e+00
6.815807342529296875e+00
6.819320678710937500e+00
6.816154479980468750e+00
6.819128990173339844e+00
6.816509246826171875e+00
6.819008350372314453e+00
6.816738128662109375e+00
6.819030761718750000e+00
6.816839218139648438e+00
6.819133758544921875e+00
6.816929340362548828e+00
6.819169044494628906e+00
6.817199707031250000e+00
6.818929672241210938e+00
6.817845821380615234e+00
6.818280220031738281e+00
6.818871974945068359e+00
6.817374706268310547e+00
6.819906234741210938e+00
6.816719532012939453e+00
6.820398330688476562e+00
6.816791534423828125e+00
6.820092201232910156e+00
6.817601680755615234e+00
6.819247722625732422e+00
6.818726539611816406e+00
6.818340301513671875e+00
6.819706916809082031e+00
6.817730903625488281e+00
6.820249557495117188e+00
6.817621231079101562e+00
6.820245265960693359e+00
6.818032264709472656e+00
6.819769382476806641e+00
6.818838119506835938e+00
6.819025039672851562e+00
6.819762229919433594e+00
6.818358421325683594e+00
6.820421218872070312e+00
6.818120002746582031e+00
6.820529460906982422e+00
6.818484783172607422e+00
6.820066452026367188e+00
6.819289684295654297e+00
6.819355964660644531e+00
6.820122718811035156e+00
6.818836212158203125e+00
6.820593357086181641e+00
6.818787574768066406e+00
6.820563793182373047e+00
6.819185733795166016e+00
6.820199012756347656e+00
6.819767951965332031e+00
6.819791793823242188e+00
6.820258140563964844e+00
6.819570541381835938e+00
6.820516109466552734e+00
6.819592475891113281e+00
6.820556640625000000e+00
6.819791793823242188e+00
6.820477485656738281e+00
6.820062637329101562e+00
6.820366382598876953e+00
6.820327758789062500e+00
6.820284843444824219e+00
6.820544242858886719e+00
6.820266723632812500e+00
6.820684909820556641e+00
6.820327758789062500e+00
6.820749282836914062e+00
6.820460796356201172e+00
6.820758819580078125e+00
6.820627689361572266e+00
6.820757865905761719e+00
6.820784568786621094e+00
6.820784568786621094e+00
6.820897579193115234e+00
6.820858001708984375e+00
6.820966720581054688e+00
6.820966243743896484e+00
6.821012496948242188e+00
6.821079254150390625e+00
6.821073532104492188e+00
6.821168899536132812e+00
6.821160316467285156e+00
6.821228981018066406e+00
6.821274757385253906e+00
6.821271896362304688e+00
6.821398735046386719e+00
6.821309566497802734e+00
6.821519374847412109e+00
6.821355819702148438e+00
6.821634292602539062e+00
6.821408271789550781e+00
6.821741104125976562e+00
6.821465492248535156e+00
6.821848869323730469e+00
6.821519374847412109e+00
6.821959018707275391e+00
6.821568489074707031e+00
6.822077751159667969e+00
6.821610450744628906e+00
6.822205543518066406e+00
6.821642875671386719e+00
6.822342872619628906e+00
6.821678161621093750e+00
6.822466850280761719e+00
6.821755409240722656e+00
6.822515487670898438e+00
6.821960449218750000e+00
6.822407245635986328e+00
6.822330951690673828e+00
6.822153091430664062e+00
6.822777748107910156e+00
6.821899414062500000e+00
6.823126316070556641e+00
6.821797370910644531e+00
6.823274612426757812e+00
6.821921825408935547e+00
6.823200225830078125e+00
6.822249889373779297e+00
6.822977542877197266e+00
6.822649002075195312e+00
6.822777748107910156e+00
6.822943687438964844e+00
6.822721958160400391e+00
6.823075294494628906e+00
6.822808265686035156e+00
6.823087215423583984e+00
6.822969436645507812e+00
6.823069572448730469e+00
6.823115348815917969e+00
6.823117733001708984e+00
6.823184013366699219e+00
6.823252677917480469e+00
6.823187828063964844e+00
6.823429107666015625e+00
6.823176383972167969e+00
6.823589324951171875e+00
6.823194026947021484e+00
6.823700904846191406e+00
6.823268413543701172e+00
6.823760032653808594e+00
6.823381423950195312e+00
6.823803424835205078e+00
6.823491096496582031e+00
6.823868751525878906e+00
6.823561191558837891e+00
6.823982238769531250e+00
6.823580265045166016e+00
6.824145317077636719e+00
6.823550224304199219e+00
6.824352264404296875e+00
6.823489189147949219e+00
6.824581146240234375e+00
6.823404312133789062e+00
6.824832439422607422e+00
6.823295593261718750e+00
6.825117588043212891e+00
6.823145866394042969e+00
6.825458526611328125e+00
6.822930335998535156e+00
6.825878143310546875e+00
6.822638034820556641e+00
6.826373100280761719e+00
6.822305679321289062e+00
6.826863288879394531e+00
6.822072982788085938e+00
6.827141284942626953e+00
6.822190284729003906e+00
6.826930999755859375e+00
6.822887420654296875e+00
6.826111793518066406e+00
6.824087142944335938e+00
6.824966430664062500e+00
6.825373649597167969e+00
6.823980331420898438e+00
6.826294898986816406e+00
6.823506832122802734e+00
6.826603889465332031e+00
6.823674201965332031e+00
6.826288223266601562e+00
6.824374198913574219e+00
6.825566291809082031e+00
6.825306892395019531e+00
6.824803352355957031e+00
6.826107025146484375e+00
6.824325561523437500e+00
6.826520442962646484e+00
6.824296474456787109e+00
6.826474189758300781e+00
6.824691772460937500e+00
6.826080322265625000e+00
6.825329303741455078e+00
6.825561046600341797e+00
6.825973033905029297e+00
6.825147628784179688e+00
6.826424121856689453e+00
6.824983596801757812e+00
6.826597213745117188e+00
6.825099945068359375e+00
6.826513290405273438e+00
6.825428485870361328e+00
6.826271533966064453e+00
6.825850009918212891e+00
6.825998783111572266e+00
6.826242923736572266e+00
6.825799465179443359e+00
6.826524734497070312e+00
6.825735569000244141e+00
6.826668739318847656e+00
6.825806140899658203e+00
6.826688766479492188e+00
6.825984001159667969e+00
6.826628684997558594e+00
6.826212882995605469e+00
6.826540946960449219e+00
6.826444625854492188e+00
6.826472282409667969e+00
6.826641082763671875e+00
6.826449871063232422e+00
6.826781749725341797e+00
6.826486587524414062e+00
6.826869010925292969e+00
6.826570510864257812e+00
6.826914310455322266e+00
6.826692581176757812e+00
6.826931476593017578e+00
6.826832294464111328e+00
6.826936721801757812e+00
6.826976776123046875e+00
6.826942443847656250e+00
6.827118873596191406e+00
6.826953411102294922e+00
6.827250480651855469e+00
6.826976299285888672e+00
6.827373504638671875e+00
6.827006340026855469e+00
6.827486991882324219e+00
6.827044486999511719e+00
6.827595710754394531e+00
6.827083110809326172e+00
6.827708721160888672e+00
6.827115058898925781e+00
6.827832221984863281e+00
6.827131271362304688e+00
6.827977180480957031e+00
6.827125549316406250e+00
6.828151702880859375e+00
6.827086448669433594e+00
6.828361511230468750e+00
6.827016830444335938e+00
6.828596591949462891e+00
6.826940536499023438e+00
6.828811168670654297e+00
6.826939582824707031e+00
6.828884601593017578e+00
6.827173233032226562e+00
6.828640460968017578e+00
6.827785968780517578e+00
6.828007698059082031e+00
6.828702926635742188e+00
6.827201366424560547e+00
6.829593658447265625e+00
6.826609611511230469e+00
6.830106735229492188e+00
6.826517105102539062e+00
6.830051422119140625e+00
6.827029228210449219e+00
6.829438209533691406e+00
6.827991008758544922e+00
6.828541755676269531e+00
6.829018115997314453e+00
6.827775001525878906e+00
6.829732894897460938e+00
6.827430248260498047e+00
6.829962730407714844e+00
6.827581405639648438e+00
6.829743862152099609e+00
6.828096389770507812e+00
6.829293251037597656e+00
6.828707695007324219e+00
6.828886985778808594e+00
6.829158782958984375e+00
6.828713417053222656e+00
6.829343318939208984e+00
6.828799724578857422e+00
6.829298019409179688e+00
6.829056739807128906e+00
6.829157352447509766e+00
6.829331398010253906e+00
6.829066276550292969e+00
6.829498291015625000e+00
6.829116821289062500e+00
6.829516410827636719e+00
6.829304695129394531e+00
6.829419136047363281e+00
6.829574584960937500e+00
6.829281330108642578e+00
6.829843044281005859e+00
6.829182624816894531e+00
6.830046653747558594e+00
6.829169273376464844e+00
6.830158233642578125e+00
6.829240798950195312e+00
6.830196380615234375e+00
6.829369544982910156e+00
6.830199241638183594e+00
6.829506874084472656e+00
6.830220222473144531e+00
6.829605579376220703e+00
6.830297946929931641e+00
6.829634189605712891e+00
6.830454349517822266e+00
6.829578399658203125e+00
6.830695152282714844e+00
6.829439640045166016e+00
6.831015110015869141e+00
6.829226970672607422e+00
6.831405639648437500e+00
6.828953266143798828e+00
6.831856727600097656e+00
6.828632354736328125e+00
6.832343101501464844e+00
6.828305244445800781e+00
6.832803249359130859e+00
6.828065872192382812e+00
6.833101749420166016e+00
6.828086853027343750e+00
6.833042144775390625e+00
6.828551769256591797e+00
6.832485675811767578e+00
6.829480648040771484e+00
6.831554412841796875e+00
6.830623626708984375e+00
6.830593109130859375e+00
6.831608772277832031e+00
6.829936027526855469e+00
6.832184791564941406e+00
6.829737663269042969e+00
6.832283973693847656e+00
6.829986572265625000e+00
6.831987857818603516e+00
6.830543518066406250e+00
6.831488609313964844e+00
6.831191062927246094e+00
6.831007003784179688e+00
6.831727981567382812e+00
6.830713748931884766e+00
6.832033634185791016e+00
6.830675125122070312e+00
6.832092285156250000e+00
6.830861091613769531e+00
6.831962585449218750e+00
6.831184864044189453e+00
6.831748962402343750e+00
6.831539154052734375e+00
6.831550598144531250e+00
6.831839084625244141e+00
6.831439018249511719e+00
6.832033634185791016e+00
6.831439971923828125e+00
6.832118034362792969e+00
6.831538200378417969e+00
6.832120895385742188e+00
6.831696510314941406e+00
6.832079887390136719e+00
6.831876754760742188e+00
6.832033634185791016e+00
6.832047939300537109e+00
6.832011699676513672e+00
6.832188606262207031e+00
6.832024574279785156e+00
6.832292079925537109e+00
6.832074165344238281e+00
6.832365036010742188e+00
6.832149982452392578e+00
6.832416057586669922e+00
6.832240581512451172e+00
6.832458019256591797e+00
6.832337379455566406e+00
6.832497119903564453e+00
6.832428932189941406e+00
6.832544803619384766e+00
6.832513332366943359e+00
6.832602024078369141e+00
6.832588195800781250e+00
6.832672119140625000e+00
6.832649707794189453e+00
6.832752227783203125e+00
6.832698822021484375e+00
6.832845687866210938e+00
6.832736015319824219e+00
6.832950592041015625e+00
6.832758903503417969e+00
6.833072662353515625e+00
6.832763671875000000e+00
6.833218097686767578e+00
6.832738876342773438e+00
6.833393096923828125e+00
6.832678794860839844e+00
6.833611488342285156e+00
6.832580566406250000e+00
6.833863735198974609e+00
6.832480430603027344e+00
6.834076881408691406e+00
6.832511901855468750e+00
6.834060668945312500e+00
6.832880973815917969e+00
6.833657264709472656e+00
6.833589553833007812e+00
6.833054065704345703e+00
6.834267616271972656e+00
6.832674026489257812e+00
6.834552764892578125e+00
6.832756996154785156e+00
6.834375381469726562e+00
6.833241462707519531e+00
6.833931446075439453e+00
6.833827495574951172e+00
6.833575725555419922e+00
6.834156990051269531e+00
6.833580017089843750e+00
6.834111213684082031e+00
6.833865165710449219e+00
6.833907127380371094e+00
6.834154129028320312e+00
6.833814620971679688e+00
6.834250450134277344e+00
6.833964824676513672e+00
6.834121227264404297e+00
6.834300994873046875e+00
6.833908081054687500e+00
6.834618568420410156e+00
6.833811759948730469e+00
6.834752559661865234e+00
6.833912372589111328e+00
6.834704399108886719e+00
6.834143638610839844e+00
6.834590911865234375e+00
6.834380149841308594e+00
6.834523677825927734e+00
6.834521293640136719e+00
6.834576606750488281e+00
6.834549903869628906e+00
6.834710121154785156e+00
6.834539413452148438e+00
6.834839820861816406e+00
6.834563255310058594e+00
6.834913253784179688e+00
6.834652900695800781e+00
6.834925651550292969e+00
6.834786891937255859e+00
6.834914207458496094e+00
6.834916114807128906e+00
6.834933280944824219e+00
6.834997177124023438e+00
6.835009574890136719e+00
6.835023880004882812e+00
6.835131645202636719e+00
6.835020065307617188e+00
6.835271358489990234e+00
6.835011005401611328e+00
6.835403442382812500e+00
6.835015296936035156e+00
6.835518836975097656e+00
6.835032463073730469e+00
6.835637092590332031e+00
6.835029125213623047e+00
6.835791587829589844e+00
6.834976196289062500e+00
6.836016654968261719e+00
6.834835529327392578e+00
6.836348056793212891e+00
6.834574699401855469e+00
6.836816787719726562e+00
6.834172248840332031e+00
6.837437629699707031e+00
6.833640098571777344e+00
6.838164329528808594e+00
6.833101272583007812e+00
6.838761329650878906e+00
6.832932949066162109e+00
6.838706970214843750e+00
6.833665847778320312e+00
6.837586402893066406e+00
6.835349559783935547e+00
6.835836410522460938e+00
6.837187767028808594e+00
6.834447383880615234e+00
6.838260650634765625e+00
6.834108352661132812e+00
6.838118553161621094e+00
6.834945678710937500e+00
6.836973190307617188e+00
6.836408615112304688e+00
6.835654258728027344e+00
6.837608337402343750e+00
6.834959030151367188e+00
6.837954521179199219e+00
6.835198402404785156e+00
6.837428569793701172e+00
6.836108207702636719e+00
6.836527824401855469e+00
6.837073802947998047e+00
6.835880279541015625e+00
6.837567329406738281e+00
6.835822582244873047e+00
6.837450981140136719e+00
6.836292266845703125e+00
6.836962699890136719e+00
6.836938858032226562e+00
6.836504936218261719e+00
6.837384223937988281e+00
6.836373329162597656e+00
6.837447643280029297e+00
6.836606502532958984e+00
6.837204456329345703e+00
6.837038993835449219e+00
6.836881160736083984e+00
6.837426185607910156e+00
6.836706161499023438e+00
6.837599754333496094e+00
6.836776733398437500e+00
6.837536811828613281e+00
6.837043762207031250e+00
6.837342262268066406e+00
6.837366104125976562e+00
6.837168693542480469e+00
6.837606430053710938e+00
6.837122440338134766e+00
6.837697029113769531e+00
6.837226867675781250e+00
6.837655067443847656e+00
6.837427139282226562e+00
6.837560653686523438e+00
6.837636470794677734e+00
6.837495803833007812e+00
6.837784290313720703e+00
6.837512969970703125e+00
6.837843894958496094e+00
6.837615013122558594e+00
6.837831497192382812e+00
6.837770462036132812e+00
6.837788581848144531e+00
6.837933540344238281e+00
6.837758064270019531e+00
6.838068008422851562e+00
6.837763786315917969e+00
6.838160514831542969e+00
6.837811470031738281e+00
6.838214874267578125e+00
6.837886810302734375e+00
6.838255882263183594e+00
6.837959289550781250e+00
6.838312149047851562e+00
6.838007926940917969e+00
6.838407516479492188e+00
6.838007926940917969e+00
6.838559150695800781e+00
6.837942123413085938e+00
6.838787078857421875e+00
6.837792396545410156e+00
6.839109897613525391e+00
6.837537765502929688e+00
6.839546203613281250e+00
6.837163925170898438e+00
6.840106964111328125e+00
6.836688518524169922e+00
6.840720176696777344e+00
6.836270332336425781e+00
6.841110706329345703e+00
6.836310386657714844e+00
6.840801239013671875e+00
6.837230205535888672e+00
6.839603900909423828e+00
6.838803768157958984e+00
6.838147163391113281e+00
6.840166091918945312e+00
6.837302684783935547e+00
6.840628623962402344e+00
6.837504386901855469e+00
6.840044975280761719e+00
6.838598251342773438e+00
6.838875770568847656e+00
6.839866638183593750e+00
6.837952613830566406e+00
6.840526580810546875e+00
6.837862491607666016e+00
6.840284347534179688e+00
6.838590621948242188e+00
6.839444160461425781e+00
6.839617252349853516e+00
6.838630676269531250e+00
6.840325355529785156e+00
6.838353633880615234e+00
6.840386867523193359e+00
6.838718414306640625e+00
6.839915752410888672e+00
6.839424610137939453e+00
6.839327812194824219e+00
6.840033054351806641e+00
6.839003562927246094e+00
6.840271949768066406e+00
6.839082717895507812e+00
6.840134143829345703e+00
6.839454650878906250e+00
6.839824676513671875e+00
6.839866638183593750e+00
6.839591979980468750e+00
6.840109825134277344e+00
6.839572906494140625e+00
6.840140342712402344e+00
6.839738845825195312e+00
6.840035438537597656e+00
6.839978218078613281e+00
6.839928627014160156e+00
6.840159416198730469e+00
6.839918613433837891e+00
6.840223312377929688e+00
6.840023994445800781e+00
6.840190887451171875e+00
6.840193748474121094e+00
6.840129852294921875e+00
6.840355873107910156e+00
6.840109825134277344e+00
6.840455532073974609e+00
6.840164184570312500e+00
6.840477466583251953e+00
6.840286254882812500e+00
6.840449810028076172e+00
6.840435028076171875e+00
6.840417385101318359e+00
6.840569496154785156e+00
6.840414047241210938e+00
6.840662956237792969e+00
6.840459346771240234e+00
6.840710163116455078e+00
6.840544700622558594e+00
6.840726852416992188e+00
6.840647697448730469e+00
6.840733528137207031e+00
6.840746879577636719e+00
6.840756416320800781e+00
6.840824127197265625e+00
6.840805053710937500e+00
6.840876102447509766e+00
6.840878963470458984e+00
6.840904235839843750e+00
6.840970993041992188e+00
6.840922355651855469e+00
6.841068267822265625e+00
6.840936660766601562e+00
6.841163635253906250e+00
6.840957641601562500e+00
6.841252326965332031e+00
6.840984344482421875e+00
6.841338634490966797e+00
6.841012954711914062e+00
6.841426372528076172e+00
6.841032028198242188e+00
6.841525554656982422e+00
6.841035842895507812e+00
6.841651916503906250e+00
6.841002464294433594e+00
6.841822624206542969e+00
6.840918064117431641e+00
6.842057228088378906e+00
6.840754508972167969e+00
6.842385292053222656e+00
6.840481758117675781e+00
6.842846870422363281e+00
6.840062141418457031e+00
6.843478202819824219e+00
6.839481353759765625e+00
6.844263076782226562e+00
6.838823318481445312e+00
6.845012187957763672e+00
6.838441371917724609e+00
6.845183372497558594e+00
6.838975906372070312e+00
6.844150543212890625e+00
6.840723037719726562e+00
6.842160224914550781e+00
6.842879772186279297e+00
6.840411186218261719e+00
6.844242095947265625e+00
6.839863777160644531e+00
6.844179630279541016e+00
6.840746879577636719e+00
6.842856884002685547e+00
6.842438697814941406e+00
6.841297149658203125e+00
6.843770027160644531e+00
6.840581893920898438e+00
6.843973159790039062e+00
6.841074943542480469e+00
6.843099594116210938e+00
6.842325210571289062e+00
6.841907024383544922e+00
6.843436717987060547e+00
6.841259002685546875e+00
6.843747615814208984e+00
6.841512680053710938e+00
6.843226432800292969e+00
6.842375278472900391e+00
6.842406272888183594e+00
6.843204498291015625e+00
6.841907978057861328e+00
6.843527317047119141e+00
6.841999530792236328e+00
6.843280792236328125e+00
6.842529296875000000e+00
6.842786788940429688e+00
6.843087196350097656e+00
6.842445850372314453e+00
6.843357086181640625e+00
6.842455863952636719e+00
6.843289375305175781e+00
6.842737197875976562e+00
6.843055725097656250e+00
6.843068599700927734e+00
6.842879295349121094e+00
6.843266487121582031e+00
6.842871189117431641e+00
6.843298912048339844e+00
6.843000411987304688e+00
6.843248367309570312e+00
6.843153953552246094e+00
6.843219280242919922e+00
6.843254089355468750e+00
6.843254566192626953e+00
6.843294143676757812e+00
6.843331813812255859e+00
6.843323707580566406e+00
6.843389034271240234e+00
6.843391418457031250e+00
6.843404769897460938e+00
6.843498229980468750e+00
6.843391418457031250e+00
6.843609333038330078e+00
6.843401432037353516e+00
6.843678474426269531e+00
6.843465805053710938e+00
6.843686103820800781e+00
6.843584060668945312e+00
6.843657493591308594e+00
6.843719482421875000e+00
6.843631267547607422e+00
6.843828678131103516e+00
6.843649387359619141e+00
6.843885421752929688e+00
6.843723297119140625e+00
6.843891143798828125e+00
6.843839168548583984e+00
6.843872070312500000e+00
6.843962669372558594e+00
6.843859195709228516e+00
6.844067096710205078e+00
6.843872547149658203e+00
6.844140052795410156e+00
6.843919754028320312e+00
6.844188690185546875e+00
6.843979835510253906e+00
6.844229698181152344e+00
6.844035625457763672e+00
6.844289302825927734e+00
6.844065189361572266e+00
6.844380378723144531e+00
6.844053268432617188e+00
6.844521522521972656e+00
6.843989372253417969e+00
6.844717979431152344e+00
6.843865394592285156e+00
6.844983100891113281e+00
6.843670845031738281e+00
6.845316886901855469e+00
6.843419075012207031e+00
6.845689773559570312e+00
6.843193054199218750e+00
6.845949172973632812e+00
6.843211174011230469e+00
6.845843315124511719e+00
6.843685150146484375e+00
6.845286846160888672e+00
6.844470024108886719e+00
6.844622135162353516e+00
6.845122337341308594e+00
6.844264030456542969e+00
6.845347881317138672e+00
6.844368934631347656e+00
6.845161914825439453e+00
6.844787597656250000e+00
6.844810962677001953e+00
6.845201492309570312e+00
6.844622611999511719e+00
6.845324516296386719e+00
6.844766616821289062e+00
6.845134258270263672e+00
6.845125198364257812e+00
6.844848155975341797e+00
6.845448493957519531e+00
6.844709396362304688e+00
6.845558166503906250e+00
6.844831466674804688e+00
6.845422744750976562e+00
6.845152854919433594e+00
6.845181941986083984e+00
6.845474720001220703e+00
6.845032215118408203e+00
6.845632553100585938e+00
6.845077991485595703e+00
6.845602035522460938e+00
6.845279216766357422e+00
6.845469474792480469e+00
6.845520019531250000e+00
6.845358848571777344e+00
6.845677375793457031e+00
6.845370769500732422e+00
6.845696926116943359e+00
6.845508575439453125e+00
6.845620632171630859e+00
6.845699787139892578e+00
6.845540046691894531e+00
6.845856666564941406e+00
6.845520019531250000e+00
6.845930099487304688e+00
6.845589637756347656e+00
6.845916748046875000e+00
6.845723152160644531e+00
6.845870494842529297e+00
6.845862388610839844e+00
6.845848083496093750e+00
6.845954895019531250e+00
6.845885753631591797e+00
6.845986366271972656e+00
6.845983505249023438e+00
6.845963001251220703e+00
6.846117973327636719e+00
6.845919132232666016e+00
6.846260070800781250e+00
6.845882415771484375e+00
6.846385955810546875e+00
6.845866680145263672e+00
6.846493721008300781e+00
6.845861434936523438e+00
6.846601486206054688e+00
6.845840930938720703e+00
6.846738815307617188e+00
6.845773696899414062e+00
6.846939086914062500e+00
6.845631599426269531e+00
6.847228050231933594e+00
6.845401287078857422e+00
6.847598552703857422e+00
6.845113754272460938e+00
6.847985267639160156e+00
6.844892978668212891e+00
6.848194122314453125e+00
6.844991683959960938e+00
6.847941875457763672e+00
6.845666408538818359e+00
6.847084999084472656e+00
6.846849918365478516e+00
6.845899581909179688e+00
6.848114013671875000e+00
6.844869136810302734e+00
6.849012374877929688e+00
6.844370841979980469e+00
6.849256038665771484e+00
6.844610214233398438e+00
6.848777770996093750e+00
6.845465660095214844e+00
6.847893238067626953e+00
6.846458911895751953e+00
6.847141742706298828e+00
6.847084522247314453e+00
6.846904277801513672e+00
6.847128868103027344e+00
6.847208499908447266e+00
6.846730232238769531e+00
6.847788810729980469e+00
6.846251487731933594e+00
6.848251819610595703e+00
6.846062660217285156e+00
6.848316192626953125e+00
6.846318721771240234e+00
6.847970962524414062e+00
6.846892356872558594e+00
6.847432136535644531e+00
6.847513198852539062e+00
6.846979141235351562e+00
6.847931385040283203e+00
6.846805572509765625e+00
6.848036766052246094e+00
6.846928596496582031e+00
6.847898960113525391e+00
6.847215175628662109e+00
6.847691059112548828e+00
6.847483634948730469e+00
6.847577095031738281e+00
6.847608566284179688e+00
6.847640991210937500e+00
6.847545623779296875e+00
6.847877025604248047e+00
6.847350120544433594e+00
6.848196029663085938e+00
6.847114562988281250e+00
6.848513603210449219e+00
6.846914291381835938e+00
6.848773479461669922e+00
6.846778869628906250e+00
6.848977565765380859e+00
6.846691608428955078e+00
6.849157333374023438e+00
6.846600055694580078e+00
6.849373817443847656e+00
6.846462249755859375e+00
6.849648475646972656e+00
6.846272468566894531e+00
6.849954605102539062e+00
6.846106529235839844e+00
6.850171089172363281e+00
6.846106529235839844e+00
6.850131988525390625e+00
6.846434593200683594e+00
6.849719524383544922e+00
6.847114086151123047e+00
6.849017143249511719e+00
6.847975254058837891e+00
6.848258018493652344e+00
6.848762989044189453e+00
6.847677230834960938e+00
6.849290847778320312e+00
6.847400665283203125e+00
6.849486351013183594e+00
6.847450256347656250e+00
6.849375724792480469e+00
6.847762107849121094e+00
6.849061489105224609e+00
6.848209381103515625e+00
6.848683357238769531e+00
6.848656177520751953e+00
6.848368644714355469e+00
6.848994255065917969e+00
6.848195075988769531e+00
6.849180221557617188e+00
6.848172664642333984e+00
6.849225044250488281e+00
6.848277091979980469e+00
6.849162101745605469e+00
6.848461151123046875e+00
6.849047660827636719e+00
6.848672866821289062e+00
6.848926067352294922e+00
6.848873138427734375e+00
6.848830223083496094e+00
6.849034786224365234e+00
6.848777770996093750e+00
6.849153518676757812e+00
6.848765373229980469e+00
6.849231243133544922e+00
6.848791599273681641e+00
6.849277019500732422e+00
6.848843097686767578e+00
6.849300861358642578e+00
6.848913192749023438e+00
6.849311351776123047e+00
6.848994255065917969e+00
6.849317550659179688e+00
6.849079132080078125e+00
6.849319458007812500e+00
6.849164962768554688e+00
6.849320411682128906e+00
6.849249839782714844e+00
6.849324703216552734e+00
6.849330902099609375e+00
6.849333286285400391e+00
6.849408149719238281e+00
6.849344253540039062e+00
6.849481582641601562e+00
6.849360466003417969e+00
6.849552154541015625e+00
6.849379539489746094e+00
6.849619865417480469e+00
6.849400520324707031e+00
6.849687099456787109e+00
6.849422454833984375e+00
6.849752426147460938e+00
6.849440574645996094e+00
6.849820137023925781e+00
6.849455833435058594e+00
6.849895477294921875e+00
6.849463462829589844e+00
6.849981307983398438e+00
6.849459648132324219e+00
6.850082397460937500e+00
6.849435806274414062e+00
6.850207328796386719e+00
6.849385261535644531e+00
6.850362777709960938e+00
6.849298477172851562e+00
6.850564002990722656e+00
6.849164009094238281e+00
6.850820064544677734e+00
6.848968505859375000e+00
6.851146697998046875e+00
6.848708152770996094e+00
6.851540565490722656e+00
6.848406314849853516e+00
6.851951122283935547e+00
6.848147392272949219e+00
6.852248668670654297e+00
6.848112583160400391e+00
6.852204799652099609e+00
6.848511219024658203e+00
6.851661205291748047e+00
6.849374771118164062e+00
6.850744724273681641e+00
6.850434303283691406e+00
6.849829196929931641e+00
6.851308345794677734e+00
6.849250793457031250e+00
6.851741313934326172e+00
6.849169254302978516e+00
6.851652622222900391e+00
6.849567413330078125e+00
6.851147174835205078e+00
6.850257873535156250e+00
6.850489616394042969e+00
6.850953578948974609e+00
6.849966049194335938e+00
6.851418495178222656e+00
6.849752902984619141e+00
6.851542949676513672e+00
6.849884033203125000e+00
6.851354122161865234e+00
6.850266456604003906e+00
6.850991249084472656e+00
6.850737571716308594e+00
6.850622653961181641e+00
6.851138114929199219e+00
6.850385665893554688e+00
6.851368904113769531e+00
6.850339889526367188e+00
6.851406097412109375e+00
6.850470542907714844e+00
6.851291656494140625e+00
6.850711345672607422e+00
6.851101875305175781e+00
6.850984573364257812e+00
6.850922584533691406e+00
6.851216316223144531e+00
6.850808143615722656e+00
6.851368904113769531e+00
6.850785255432128906e+00
6.851430892944335938e+00
6.850847244262695312e+00
6.851418495178222656e+00
6.850968360900878906e+00
6.851364135742187500e+00
6.851112365722656250e+00
6.851302146911621094e+00
6.851250648498535156e+00
6.851257324218750000e+00
6.851359844207763672e+00
6.851250171661376953e+00
6.851429462432861328e+00
6.851284980773925781e+00
6.851458549499511719e+00
6.851357460021972656e+00
6.851449966430664062e+00
6.851466178894042969e+00
6.851410865783691406e+00
6.851601600646972656e+00
6.851343154907226562e+00
6.851767063140869141e+00
6.851243972778320312e+00
6.851964950561523438e+00
6.851107597351074219e+00
6.852210998535156250e+00
6.850912094116210938e+00
6.852530479431152344e+00
6.850632667541503906e+00
6.852949619293212891e+00
6.850247383117675781e+00
6.853468418121337891e+00
6.849807739257812500e+00
6.853964805603027344e+00
6.849539756774902344e+00
6.854097843170166016e+00
6.849856376647949219e+00
6.853496551513671875e+00
6.850909233093261719e+00
6.852340698242187500e+00
6.852161884307861328e+00
6.851362228393554688e+00
6.852898120880126953e+00
6.851104736328125000e+00
6.852839469909667969e+00
6.851597785949707031e+00
6.852193355560302734e+00
6.852424621582031250e+00
6.851518630981445312e+00
6.852974891662597656e+00
6.851338386535644531e+00
6.852912902832031250e+00
6.851745605468750000e+00
6.852396011352539062e+00
6.852390289306640625e+00
6.851868152618408203e+00
6.852848052978515625e+00
6.851686954498291016e+00
6.852891921997070312e+00
6.851922988891601562e+00
6.852603912353515625e+00
6.852361679077148438e+00
6.852271556854248047e+00
6.852688312530517578e+00
6.852161884307861328e+00
6.852737426757812500e+00
6.852322578430175781e+00
6.852570533752441406e+00
6.852619171142578125e+00
6.852360725402832031e+00
6.852870941162109375e+00
6.852264881134033203e+00
6.852962493896484375e+00
6.852338790893554688e+00
6.852910041809082031e+00
6.852509021759033203e+00
6.852819919586181641e+00
6.852655410766601562e+00
6.852801322937011719e+00
6.852695465087890625e+00
6.852897167205810547e+00
6.852625846862792969e+00
6.853084564208984375e+00
6.852489471435546875e+00
6.853307723999023438e+00
6.852350234985351562e+00
6.853514671325683594e+00
6.852238655090332031e+00
6.853695869445800781e+00
6.852140903472900391e+00
6.853887557983398438e+00
6.852004051208496094e+00
6.854141235351562500e+00
6.851787567138671875e+00
6.854492187500000000e+00
6.851474761962890625e+00
6.854920387268066406e+00
6.851137161254882812e+00
6.855299949645996094e+00
6.850959777832031250e+00
6.855389595031738281e+00
6.851201057434082031e+00
6.854973316192626953e+00
6.851969718933105469e+00
6.854094505310058594e+00
6.853049278259277344e+00
6.853101253509521484e+00
6.854024887084960938e+00
6.852385044097900391e+00
6.854587554931640625e+00
6.852159023284912109e+00
6.854620933532714844e+00
6.852450370788574219e+00
6.854201316833496094e+00
6.853096485137939453e+00
6.853567123413085938e+00
6.853801250457763672e+00
6.853026390075683594e+00
6.854287147521972656e+00
6.852784156799316406e+00
6.854434967041015625e+00
6.852879524230957031e+00
6.854274272918701172e+00
6.853227615356445312e+00
6.853936195373535156e+00
6.853667259216308594e+00
6.853602409362792969e+00
6.854017257690429688e+00
6.853418350219726562e+00
6.854178428649902344e+00
6.853433132171630859e+00
6.854142189025878906e+00
6.853627204895019531e+00
6.853958129882812500e+00
6.853933811187744141e+00
6.853701114654541016e+00
6.854271411895751953e+00
6.853446960449218750e+00
6.854580879211425781e+00
6.853229999542236328e+00
6.854860305786132812e+00
6.853033065795898438e+00
6.855141639709472656e+00
6.852810859680175781e+00
6.855489253997802734e+00
6.852492332458496094e+00
6.855976104736328125e+00
6.852017402648925781e+00
6.856637001037597656e+00
6.851433753967285156e+00
6.857311725616455078e+00
6.851059913635253906e+00
6.857488632202148438e+00
6.851521492004394531e+00
6.856529712677001953e+00
6.853125095367431641e+00
6.854667663574218750e+00
6.855108261108398438e+00
6.853051185607910156e+00
6.856341361999511719e+00
6.852560997009277344e+00
6.856244087219238281e+00
6.853364944458007812e+00
6.855052947998046875e+00
6.854806423187255859e+00
6.853762626647949219e+00
6.855833053588867188e+00
6.853265762329101562e+00
6.855864524841308594e+00
6.853774070739746094e+00
6.855054378509521484e+00
6.854811668395996094e+00
6.854124069213867188e+00
6.855595588684082031e+00
6.853754997253417969e+00
6.855659484863281250e+00
6.854112625122070312e+00
6.855108261108398438e+00
6.854859352111816406e+00
6.854445457458496094e+00
6.855457782745361328e+00
6.854147911071777344e+00
6.855569362640380859e+00
6.854362964630126953e+00
6.855226516723632812e+00
6.854890823364257812e+00
6.854747295379638672e+00
6.855358600616455078e+00
6.854478836059570312e+00
6.855519294738769531e+00
6.854560852050781250e+00
6.855347156524658203e+00
6.854905128479003906e+00
6.855024814605712891e+00
6.855278491973876953e+00
6.854783535003662109e+00
6.855486869812011719e+00
6.854764938354492188e+00
6.855457305908203125e+00
6.854955673217773438e+00
6.855274677276611328e+00
6.855232238769531250e+00
6.855079174041748047e+00
6.855452537536621094e+00
6.854995250701904297e+00
6.855529308319091797e+00
6.855062961578369141e+00
6.855468750000000000e+00
6.855236530303955078e+00
6.855344772338867188e+00
6.855425834655761719e+00
6.855247497558593750e+00
6.855555534362792969e+00
6.855231285095214844e+00
6.855590820312500000e+00
6.855305671691894531e+00
6.855552673339843750e+00
6.855432033538818359e+00
6.855486869812011719e+00
6.855560302734375000e+00
6.855443000793457031e+00
6.855649471282958984e+00
6.855450153350830078e+00
6.855686187744140625e+00
6.855505943298339844e+00
6.855678558349609375e+00
6.855590820312500000e+00
6.855656623840332031e+00
6.855683326721191406e+00
6.855640411376953125e+00
6.855756282806396484e+00
6.855652332305908203e+00
6.855801105499267578e+00
6.855690002441406250e+00
6.855821609497070312e+00
6.855746746063232422e+00
6.855827331542968750e+00
6.855811595916748047e+00
6.855833053588867188e+00
6.855872154235839844e+00
6.855844497680664062e+00
6.855921745300292969e+00
6.855869293212890625e+00
6.855957984924316406e+00
6.855906486511230469e+00
6.855984687805175781e+00
6.855951309204101562e+00
6.856007099151611328e+00
6.855999946594238281e+00
6.856026649475097656e+00
6.856047153472900391e+00
6.856050014495849609e+00
6.856091499328613281e+00
6.856077194213867188e+00
6.856129169464111328e+00
6.856111526489257812e+00
6.856163978576660156e+00
6.856147766113281250e+00
6.856193542480468750e+00
6.856187820434570312e+00
6.856222152709960938e+00
6.856228828430175781e+00
6.856249809265136719e+00
6.856269836425781250e+00
6.856275558471679688e+00
6.856310844421386719e+00
6.856304645538330078e+00
6.856350421905517578e+00
6.856334209442138672e+00
6.856389999389648438e+00
6.856364250183105469e+00
6.856429100036621094e+00
6.856394767761230469e+00
6.856468200683593750e+00
6.856422901153564453e+00
6.856509208679199219e+00
6.856450080871582031e+00
6.856552124023437500e+00
6.856472969055175781e+00
6.856598377227783203e+00
6.856490135192871094e+00
6.856654167175292969e+00
6.856498718261718750e+00
6.856719970703125000e+00
6.856492996215820312e+00
6.856801509857177734e+00
6.856467247009277344e+00
6.856904983520507812e+00
6.856429100036621094e+00
6.857006072998046875e+00
6.856418609619140625e+00
6.857034683227539062e+00
6.856556892395019531e+00
6.856815814971923828e+00
6.857028961181640625e+00
6.856218814849853516e+00
6.857845306396484375e+00
6.855383872985839844e+00
6.858753204345703125e+00
6.854614257812500000e+00
6.859460353851318359e+00
6.854170799255371094e+00
6.859753608703613281e+00
6.854193687438964844e+00
6.859608650207519531e+00
6.854586601257324219e+00
6.859185218811035156e+00
6.855205535888671875e+00
6.858546257019042969e+00
6.856065750122070312e+00
6.857615947723388672e+00
6.857225418090820312e+00
6.856418132781982422e+00
6.858509063720703125e+00
6.855320930480957031e+00
6.859375953674316406e+00
6.854959011077880859e+00
6.859263896942138672e+00
6.855676651000976562e+00
6.858191490173339844e+00
6.857036590576171875e+00
6.856938838958740234e+00
6.858107566833496094e+00
6.856328964233398438e+00
6.858350276947021484e+00
6.856534004211425781e+00
6.857928276062011719e+00
6.857150554656982422e+00
6.857362747192382812e+00
6.857686996459960938e+00
6.857030868530273438e+00
6.857946395874023438e+00
6.856953144073486328e+00
6.858010292053222656e+00
6.857031822204589844e+00
6.857927322387695312e+00
6.857266426086425781e+00
6.857658386230468750e+00
6.857698440551757812e+00
6.857219696044921875e+00
6.858222961425781250e+00
6.856793403625488281e+00
6.858630180358886719e+00
6.856574535369873047e+00
6.858793258666992188e+00
6.856597423553466797e+00
6.858774185180664062e+00
6.856722831726074219e+00
6.858766555786132812e+00
6.856755256652832031e+00
6.858906745910644531e+00
6.856648445129394531e+00
6.859120845794677734e+00
6.856556892395019531e+00
6.859185218811035156e+00
6.856698513031005859e+00
6.858952999114990234e+00
6.857130050659179688e+00
6.858482837677001953e+00
6.857725143432617188e+00
6.857948303222656250e+00
6.858307838439941406e+00
6.857503414154052734e+00
6.858726501464843750e+00
6.857272148132324219e+00
6.858864784240722656e+00
6.857342720031738281e+00
6.858684539794921875e+00
6.857698440551757812e+00
6.858283042907714844e+00
6.858191013336181641e+00
6.857869148254394531e+00
6.858592987060546875e+00
6.857654571533203125e+00
6.858728408813476562e+00
6.857737541198730469e+00
6.858577728271484375e+00
6.858049392700195312e+00
6.858271121978759766e+00
6.858420372009277344e+00
6.857988357543945312e+00
6.858695030212402344e+00
6.857856273651123047e+00
6.858798027038574219e+00
6.857897758483886719e+00
6.858738899230957031e+00
6.858073234558105469e+00
6.858574867248535156e+00
6.858318805694580078e+00
6.858378410339355469e+00
6.858560562133789062e+00
6.858221054077148438e+00
6.858734130859375000e+00
6.858150482177734375e+00
6.858814239501953125e+00
6.858177185058593750e+00
6.858804225921630859e+00
6.858277320861816406e+00
6.858745098114013672e+00
6.858401775360107422e+00
6.858684539794921875e+00
6.858507156372070312e+00
6.858661651611328125e+00
6.858565330505371094e+00
6.858680725097656250e+00
6.858585357666015625e+00
6.858738899230957031e+00
6.858567714691162109e+00
6.858827590942382812e+00
6.858527183532714844e+00
6.858940124511718750e+00
6.858458042144775391e+00
6.859081745147705078e+00
6.858360290527343750e+00
6.859256744384765625e+00
6.858221054077148438e+00
6.859481811523437500e+00
6.858026981353759766e+00
6.859770774841308594e+00
6.857758045196533203e+00
6.860145568847656250e+00
6.857407569885253906e+00
6.860590934753417969e+00
6.857018947601318359e+00
6.861024856567382812e+00
6.856739044189453125e+00
6.861232280731201172e+00
6.856812477111816406e+00
6.860980033874511719e+00
6.857396125793457031e+00
6.860249042510986328e+00
6.858335018157958984e+00
6.859333992004394531e+00
6.859270095825195312e+00
6.858581542968750000e+00
6.859918594360351562e+00
6.858203411102294922e+00
6.860138893127441406e+00
6.858259201049804688e+00
6.859958648681640625e+00
6.858631134033203125e+00
6.859565258026123047e+00
6.859094619750976562e+00
6.859184265136718750e+00
6.859453678131103516e+00
6.858969211578369141e+00
6.859614372253417969e+00
6.858970642089843750e+00
6.859570503234863281e+00
6.859139442443847656e+00
6.859418869018554688e+00
6.859362125396728516e+00
6.859265327453613281e+00
6.859543323516845703e+00
6.859185218811035156e+00
6.859631538391113281e+00
6.859200477600097656e+00
6.859630584716796875e+00
6.859296798706054688e+00
6.859573364257812500e+00
6.859422683715820312e+00
6.859508514404296875e+00
6.859539985656738281e+00
6.859461784362792969e+00
6.859629154205322266e+00
6.859440803527832031e+00
6.859691619873046875e+00
6.859445571899414062e+00
6.859737396240234375e+00
6.859461307525634766e+00
6.859776496887207031e+00
6.859474658966064453e+00
6.859824657440185547e+00
6.859478950500488281e+00
6.859884262084960938e+00
6.859473228454589844e+00
6.859952926635742188e+00
6.859455108642578125e+00
6.860033988952636719e+00
6.859429359436035156e+00
6.860119819641113281e+00
6.859393119812011719e+00
6.860220909118652344e+00
6.859341621398925781e+00
6.860342979431152344e+00
6.859262943267822266e+00
6.860501766204833984e+00
6.859140396118164062e+00
6.860714912414550781e+00
6.858958721160888672e+00
6.861004829406738281e+00
6.858699798583984375e+00
6.861376762390136719e+00
6.858376026153564453e+00
6.861796855926513672e+00
6.858061790466308594e+00
6.862141609191894531e+00
6.857932567596435547e+00
6.862181663513183594e+00
6.858218669891357422e+00
6.861716747283935547e+00
6.858988285064697266e+00
6.860842704772949219e+00
6.859993934631347656e+00
6.859923362731933594e+00
6.860862731933593750e+00
6.859298706054687500e+00
6.861340522766113281e+00
6.859119892120361328e+00
6.861341476440429688e+00
6.859389305114746094e+00
6.860943794250488281e+00
6.859936714172363281e+00
6.860385894775390625e+00
6.860516548156738281e+00
6.859918594360351562e+00
6.860916137695312500e+00
6.859710216522216797e+00
6.861036300659179688e+00
6.859792709350585938e+00
6.860890388488769531e+00
6.860088348388671875e+00
6.860599517822265625e+00
6.860449314117431641e+00
6.860310554504394531e+00
6.860742092132568359e+00
6.860145568847656250e+00
6.860883235931396484e+00
6.860141754150390625e+00
6.860868453979492188e+00
6.860275268554687500e+00
6.860743999481201172e+00
6.860473155975341797e+00
6.860588550567626953e+00
6.860663890838623047e+00
6.860470294952392578e+00
6.860798358917236328e+00
6.860424995422363281e+00
6.860857963562011719e+00
6.860451221466064453e+00
6.860853195190429688e+00
6.860534667968750000e+00
6.860807895660400391e+00
6.860641479492187500e+00
6.860748767852783203e+00
6.860751628875732422e+00
6.860697746276855469e+00
6.860842704772949219e+00
6.860672950744628906e+00
6.860907554626464844e+00
6.860675334930419922e+00
6.860942363739013672e+00
6.860705375671386719e+00
6.860955715179443359e+00
6.860753059387207031e+00
6.860952854156494141e+00
6.860813617706298828e+00
6.860946655273437500e+00
6.860872268676757812e+00
6.860942840576171875e+00
6.860925674438476562e+00
6.860946655273437500e+00
6.860967159271240234e+00
6.860960960388183594e+00
6.861002445220947266e+00
6.860984325408935547e+00
6.861028194427490234e+00
6.861015319824218750e+00
6.861046791076660156e+00
6.861050605773925781e+00
6.861059188842773438e+00
6.861093521118164062e+00
6.861065387725830078e+00
6.861142635345458984e+00
6.861066818237304688e+00
6.861197948455810547e+00
6.861059188842773438e+00
6.861264705657958984e+00
6.861035823822021484e+00
6.861350059509277344e+00
6.860991001129150391e+00
6.861461639404296875e+00
6.860911369323730469e+00
6.861618995666503906e+00
6.860774517059326172e+00
6.861846923828125000e+00
6.860549926757812500e+00
6.862190246582031250e+00
6.860183238983154297e+00
6.862707138061523438e+00
6.859608650207519531e+00
6.863469600677490234e+00
6.858764171600341797e+00
6.864496231079101562e+00
6.857739448547363281e+00
6.865532398223876953e+00
6.857046604156494141e+00
6.865774154663085938e+00
6.857682704925537109e+00
6.864351272583007812e+00
6.859940528869628906e+00
6.861810684204101562e+00
6.862476348876953125e+00
6.859858036041259766e+00
6.863683700561523438e+00
6.859665870666503906e+00
6.862995147705078125e+00
6.861124992370605469e+00
6.861215114593505859e+00
6.862890243530273438e+00
6.859923839569091797e+00
6.863529682159423828e+00
6.860141754150390625e+00
6.862631797790527344e+00
6.861584663391113281e+00
6.861107826232910156e+00
6.862953186035156250e+00
6.860263824462890625e+00
6.863246440887451172e+00
6.860621929168701172e+00
6.862480163574218750e+00
6.861690044403076172e+00
6.861474037170410156e+00
6.862523078918457031e+00
6.861074447631835938e+00
6.862540245056152344e+00
6.861493110656738281e+00
6.861925125122070312e+00
6.862230777740478516e+00
6.861338615417480469e+00
6.862638950347900391e+00
6.861268043518066406e+00
6.862475395202636719e+00
6.861693382263183594e+00
6.861983776092529297e+00
6.862232208251953125e+00
6.861593246459960938e+00
6.862501144409179688e+00
6.861575603485107422e+00
6.862381935119628906e+00
6.861876487731933594e+00
6.862071990966796875e+00
6.862215995788574219e+00
6.861857891082763672e+00
6.862361907958984375e+00
6.861882686614990234e+00
6.862272262573242188e+00
6.862098693847656250e+00
6.862068176269531250e+00
6.862345695495605469e+00
6.861910820007324219e+00
6.862482547760009766e+00
6.861901283264160156e+00
6.862470626831054688e+00
6.862010002136230469e+00
6.862387180328369141e+00
6.862138748168945312e+00
6.862334728240966797e+00
6.862195968627929688e+00
6.862379550933837891e+00
6.862142562866210938e+00
6.862534523010253906e+00
6.861990928649902344e+00
6.862766742706298828e+00
6.861783027648925781e+00
6.863034248352050781e+00
6.861554145812988281e+00
6.863322257995605469e+00
6.861298084259033203e+00
6.863657951354980469e+00
6.860985279083251953e+00
6.864067077636718750e+00
6.860602855682373047e+00
6.864528656005859375e+00
6.860226631164550781e+00
6.864899635314941406e+00
6.860060691833496094e+00
6.864940643310546875e+00
6.860325336456298828e+00
6.864516258239746094e+00
6.860987186431884766e+00
6.863833427429199219e+00
6.861736297607421875e+00
6.863251686096191406e+00
6.862239360809326172e+00
6.863051414489746094e+00
6.862297058105468750e+00
6.863279342651367188e+00
6.862025737762451172e+00
6.863609313964843750e+00
6.861868858337402344e+00
6.863565444946289062e+00
6.862230300903320312e+00
6.862962722778320312e+00
6.863061904907226562e+00
6.862111091613769531e+00
6.863887786865234375e+00
6.861543655395507812e+00
6.864192485809326172e+00
6.861652851104736328e+00
6.863761901855468750e+00
6.862392902374267578e+00
6.862908363342285156e+00
6.863270759582519531e+00
6.862201690673828125e+00
6.863784790039062500e+00
6.862005710601806641e+00
6.863763809204101562e+00
6.862307548522949219e+00
6.863375663757324219e+00
6.862808227539062500e+00
6.862960815429687500e+00
6.863179206848144531e+00
6.862770080566406250e+00
6.863282203674316406e+00
6.862822532653808594e+00
6.863208770751953125e+00
6.862966537475585938e+00
6.863126754760742188e+00
6.863050460815429688e+00
6.863143444061279297e+00
6.863020896911621094e+00
6.863250255584716797e+00
6.862937927246093750e+00
6.863364696502685547e+00
6.862901687622070312e+00
6.863390445709228516e+00
6.862979888916015625e+00
6.863307952880859375e+00
6.863144874572753906e+00
6.863166809082031250e+00
6.863332748413085938e+00
6.863042831420898438e+00
6.863465309143066406e+00
6.862998008728027344e+00
6.863508224487304688e+00
6.863044738769531250e+00
6.863471984863281250e+00
6.863146781921386719e+00
6.863407135009765625e+00
6.863251686096191406e+00
6.863362312316894531e+00
6.863321304321289062e+00
6.863357543945312500e+00
6.863342285156250000e+00
6.863397598266601562e+00
6.863332748413085938e+00
6.863455295562744141e+00
6.863325119018554688e+00
6.863497734069824219e+00
6.863339424133300781e+00
6.863512039184570312e+00
6.863381862640380859e+00
6.863502502441406250e+00
6.863441944122314453e+00
6.863482952117919922e+00
6.863505363464355469e+00
6.863471031188964844e+00
6.863553047180175781e+00
6.863479137420654297e+00
6.863579273223876953e+00
6.863504886627197266e+00
6.863589763641357422e+00
6.863542556762695312e+00
6.863593101501464844e+00
6.863582611083984375e+00
6.863603591918945312e+00
6.863611698150634766e+00
6.863624095916748047e+00
6.863628387451171875e+00
6.863658905029296875e+00
6.863629817962646484e+00
6.863704681396484375e+00
6.863622665405273438e+00
6.863759040832519531e+00
6.863607406616210938e+00
6.863820075988769531e+00
6.863584518432617188e+00
6.863891601562500000e+00
6.863549709320068359e+00
6.863982677459716797e+00
6.863491058349609375e+00
6.864106178283691406e+00
6.863387584686279297e+00
6.864287376403808594e+00
6.863211631774902344e+00
6.864562988281250000e+00
6.862917900085449219e+00
6.864990711212158203e+00
6.862446308135986328e+00
6.865639209747314453e+00
6.861745834350585938e+00
6.866539001464843750e+00
6.860874176025390625e+00
6.867494583129882812e+00
6.860273361206054688e+00
6.867743492126464844e+00
6.860889434814453125e+00
6.866333007812500000e+00
6.863098144531250000e+00
6.863822937011718750e+00
6.865540504455566406e+00
6.862044334411621094e+00
6.866565227508544922e+00
6.862098217010498047e+00
6.865629196166992188e+00
6.863766670227050781e+00
6.863730907440185547e+00
6.865500926971435547e+00
6.862609863281250000e+00
6.865883827209472656e+00
6.863035678863525391e+00
6.864831924438476562e+00
6.864428997039794922e+00
6.863491058349609375e+00
6.865455627441406250e+00
6.863064289093017578e+00
6.865323066711425781e+00
6.863756179809570312e+00
6.864348888397216797e+00
6.864818572998046875e+00
6.863528728485107422e+00
6.865305900573730469e+00
6.863540649414062500e+00
6.864934921264648438e+00
6.864242076873779297e+00
6.864175796508789062e+00
6.864959716796875000e+00
6.863735198974609375e+00
6.865125179290771484e+00
6.863923072814941406e+00
6.864719390869140625e+00
6.864495277404785156e+00
6.864176750183105469e+00
6.864952087402343750e+00
6.863955974578857422e+00
6.864975929260253906e+00
6.864179134368896484e+00
6.864641189575195312e+00
6.864612579345703125e+00
6.864274978637695312e+00
6.864915370941162109e+00
6.864165306091308594e+00
6.864903450012207031e+00
6.864357948303222656e+00
6.864658832550048828e+00
6.864676475524902344e+00
6.864407539367675781e+00
6.864888191223144531e+00
6.864342689514160156e+00
6.864881038665771484e+00
6.864485263824462891e+00
6.864714145660400391e+00
6.864715576171875000e+00
6.864543914794921875e+00
6.864875316619873047e+00
6.864494800567626953e+00
6.864886283874511719e+00
6.864590644836425781e+00
6.864781379699707031e+00
6.864753723144531250e+00
6.864666461944580078e+00
6.864881515502929688e+00
6.864624500274658203e+00
6.864910602569580078e+00
6.864683628082275391e+00
6.864854812622070312e+00
6.864798069000244141e+00
6.864777565002441406e+00
6.864900588989257812e+00
6.864741325378417969e+00
6.864943504333496094e+00
6.864771366119384766e+00
6.864925384521484375e+00
6.864849567413330078e+00
6.864880561828613281e+00
6.864933967590332031e+00
6.864848136901855469e+00
6.864985466003417969e+00
6.864858150482177734e+00
6.864992618560791016e+00
6.864905357360839844e+00
6.864973545074462891e+00
6.864971160888671875e+00
6.864950180053710938e+00
6.865026950836181641e+00
6.864946365356445312e+00
6.865056991577148438e+00
6.864970207214355469e+00
6.865061283111572266e+00
6.865013122558593750e+00
6.865051746368408203e+00
6.865064144134521484e+00
6.865045547485351562e+00
6.865106582641601562e+00
6.865051746368408203e+00
6.865136146545410156e+00
6.865076065063476562e+00
6.865146636962890625e+00
6.865107059478759766e+00
6.865149497985839844e+00
6.865146636962890625e+00
6.865152359008789062e+00
6.865180015563964844e+00
6.865162849426269531e+00
6.865207672119140625e+00
6.865180015563964844e+00
6.865229129791259766e+00
6.865202903747558594e+00
6.865242481231689453e+00
6.865232467651367188e+00
6.865255355834960938e+00
6.865261077880859375e+00
6.865265846252441406e+00
6.865287780761718750e+00
6.865281105041503906e+00
6.865312099456787109e+00
6.865300178527832031e+00
6.865332126617431641e+00
6.865321159362792969e+00
6.865347862243652344e+00
6.865346431732177734e+00
6.865365028381347656e+00
6.865370750427246094e+00
6.865381240844726562e+00
6.865397930145263672e+00
6.865396499633789062e+00
6.865421295166015625e+00
6.865414142608642578e+00
6.865442276000976562e+00
6.865431308746337891e+00
6.865463733673095703e+00
6.865452766418457031e+00
6.865485668182373047e+00
6.865473747253417969e+00
6.865505695343017578e+00
6.865494728088378906e+00
6.865522861480712891e+00
6.865515232086181641e+00
6.865543842315673828e+00
6.865533828735351562e+00
6.865568161010742188e+00
6.865548610687255859e+00
6.865593910217285156e+00
6.865562915802001953e+00
6.865624427795410156e+00
6.865570068359375000e+00
6.865658760070800781e+00
6.865573883056640625e+00
6.865699768066406250e+00
6.865568161010742188e+00
6.865754127502441406e+00
6.865546703338623047e+00
6.865825653076171875e+00
6.865500926971435547e+00
6.865930557250976562e+00
6.865415573120117188e+00
6.866085052490234375e+00
6.865266799926757812e+00
6.866321563720703125e+00
6.865011215209960938e+00
6.866692543029785156e+00
6.864592552185058594e+00
6.867264747619628906e+00
6.863945484161376953e+00
6.868085384368896484e+00
6.863086700439453125e+00
6.869012355804443359e+00
6.862381935119628906e+00
6.869402408599853516e+00
6.862702369689941406e+00
6.868404865264892578e+00
6.864442825317382812e+00
6.866379737854003906e+00
6.866491317749023438e+00
6.864773273468017578e+00
6.867516517639160156e+00
6.864549636840820312e+00
6.867062568664550781e+00
6.865601539611816406e+00
6.865815639495849609e+00
6.866791725158691406e+00
6.865037918090820312e+00
6.867069244384765625e+00
6.865331649780273438e+00
6.866370201110839844e+00
6.866272926330566406e+00
6.865469932556152344e+00
6.866970539093017578e+00
6.865159034729003906e+00
6.866916656494140625e+00
6.865587234497070312e+00
6.866316795349121094e+00
6.866293907165527344e+00
6.865740776062011719e+00
6.866708755493164062e+00
6.865624904632568359e+00
6.866626739501953125e+00
6.865924835205078125e+00
6.866280078887939453e+00
6.866309165954589844e+00
6.866024494171142578e+00
6.866471290588378906e+00
6.866052627563476562e+00
6.866354942321777344e+00
6.866295814514160156e+00
6.866122245788574219e+00
6.866542816162109375e+00
6.865996360778808594e+00
6.866604328155517578e+00
6.866087913513183594e+00
6.866464614868164062e+00
6.866317749023437500e+00
6.866265296936035156e+00
6.866518020629882812e+00
6.866168498992919922e+00
6.866572380065917969e+00
6.866229057312011719e+00
6.866488456726074219e+00
6.866385936737060547e+00
6.866371631622314453e+00
6.866508007049560547e+00
6.866338253021240234e+00
6.866518020629882812e+00
6.866414546966552734e+00
6.866444587707519531e+00
6.866544723510742188e+00
6.866359710693359375e+00
6.866638183593750000e+00
6.866343498229980469e+00
6.866659164428710938e+00
6.866388320922851562e+00
6.866630554199218750e+00
6.866460800170898438e+00
6.866604804992675781e+00
6.866502761840820312e+00
6.866627693176269531e+00
6.866488933563232422e+00
6.866699218750000000e+00
6.866437435150146484e+00
6.866803169250488281e+00
6.866367340087890625e+00
6.866912841796875000e+00
6.866291046142578125e+00
6.867033958435058594e+00
6.866193771362304688e+00
6.867187500000000000e+00
6.866047859191894531e+00
6.867412090301513672e+00
6.865809440612792969e+00
6.867753982543945312e+00
6.865430831909179688e+00
6.868267059326171875e+00
6.864858627319335938e+00
6.869008064270019531e+00
6.864050865173339844e+00
6.869983673095703125e+00
6.863097190856933594e+00
6.870981216430664062e+00
6.862439155578613281e+00
6.871266365051269531e+00
6.863036155700683594e+00
6.869828701019287109e+00
6.865471363067626953e+00
6.866850852966308594e+00
6.868605613708496094e+00
6.864231586456298828e+00
6.870354175567626953e+00
6.863796234130859375e+00
6.869520187377929688e+00
6.865806579589843750e+00
6.866926670074462891e+00
6.868421554565429688e+00
6.864980697631835938e+00
6.869370937347412109e+00
6.865226745605468750e+00
6.868150234222412109e+00
6.867058753967285156e+00
6.866267204284667969e+00
6.868535518646240234e+00
6.865555763244628906e+00
6.868426322937011719e+00
6.866437435150146484e+00
6.867137432098388672e+00
6.867835521697998047e+00
6.866089820861816406e+00
6.868355751037597656e+00
6.866253852844238281e+00
6.867679119110107422e+00
6.867277622222900391e+00
6.866682052612304688e+00
6.868071556091308594e+00
6.866345405578613281e+00
6.867981910705566406e+00
6.866866111755371094e+00
6.867249488830566406e+00
6.867657661437988281e+00
6.866648674011230469e+00
6.867985725402832031e+00
6.866703033447265625e+00
6.867653846740722656e+00
6.867260932922363281e+00
6.867084503173828125e+00
6.867753982543945312e+00
6.866827964782714844e+00
6.867794036865234375e+00
6.867040634155273438e+00
6.867458343505859375e+00
6.867465019226074219e+00
6.867111206054687500e+00
6.867722034454345703e+00
6.867055416107177734e+00
6.867640495300292969e+00
6.867290019989013672e+00
6.867377758026123047e+00
6.867567062377929688e+00
6.867202758789062500e+00
6.867664337158203125e+00
6.867252826690673828e+00
6.867553234100341797e+00
6.867450714111328125e+00
6.867380142211914062e+00
6.867620944976806641e+00
6.867305755615234375e+00
6.867642402648925781e+00
6.867386817932128906e+00
6.867539405822753906e+00
6.867541313171386719e+00
6.867425918579101562e+00
6.867647171020507812e+00
6.867401599884033203e+00
6.867649078369140625e+00
6.867474079132080078e+00
6.867575645446777344e+00
6.867587089538574219e+00
6.867503166198730469e+00
6.867664337158203125e+00
6.867490768432617188e+00
6.867673873901367188e+00
6.867544174194335938e+00
6.867632865905761719e+00
6.867623329162597656e+00
6.867592811584472656e+00
6.867682456970214844e+00
6.867585182189941406e+00
6.867699623107910156e+00
6.867615699768066406e+00
6.867685794830322266e+00
6.867667675018310547e+00
6.867663860321044922e+00
6.867712020874023438e+00
6.867660045623779297e+00
6.867733955383300781e+00
6.867681503295898438e+00
6.867733955383300781e+00
6.867720127105712891e+00
6.867725372314453125e+00
6.867756843566894531e+00
6.867724418640136719e+00
6.867783546447753906e+00
6.867737770080566406e+00
6.867794036865234375e+00
6.867765426635742188e+00
6.867793560028076172e+00
6.867796897888183594e+00
6.867794036865234375e+00
6.867824554443359375e+00
6.867800712585449219e+00
6.867844104766845703e+00
6.867818832397460938e+00
6.867854118347167969e+00
6.867844581604003906e+00
6.867858886718750000e+00
6.867871284484863281e+00
6.867866039276123047e+00
6.867891788482666016e+00
6.867879867553710938e+00
6.867907524108886719e+00
6.867897033691406250e+00
6.867917537689208984e+00
6.867920875549316406e+00
6.867924690246582031e+00
6.867941856384277344e+00
6.867934226989746094e+00
6.867964744567871094e+00
6.867945671081542969e+00
6.867981910705566406e+00
6.867962837219238281e+00
6.867995738983154297e+00
6.867978096008300781e+00
6.868008613586425781e+00
6.867995262145996094e+00
6.868025779724121094e+00
6.868008136749267578e+00
6.868046760559082031e+00
6.868019104003906250e+00
6.868072509765625000e+00
6.868021965026855469e+00
6.868103981018066406e+00
6.868020057678222656e+00
6.868141174316406250e+00
6.868007183074951172e+00
6.868191719055175781e+00
6.867980480194091797e+00
6.868260860443115234e+00
6.867931365966796875e+00
6.868357658386230469e+00
6.867846965789794922e+00
6.868505477905273438e+00
6.867708206176757812e+00
6.868731021881103516e+00
6.867478370666503906e+00
6.869080066680908203e+00
6.867133140563964844e+00
6.869566440582275391e+00
6.866703987121582031e+00
6.870054244995117188e+00
6.866424560546875000e+00
6.870128631591796875e+00
6.866729736328125000e+00
6.869482040405273438e+00
6.867713928222656250e+00
6.868362426757812500e+00
6.868964195251464844e+00
6.867293357849121094e+00
6.869840145111083984e+00
6.866880416870117188e+00
6.869818687438964844e+00
6.867406368255615234e+00
6.868955135345458984e+00
6.868507862091064453e+00
6.867864131927490234e+00
6.869435310363769531e+00
6.867288112640380859e+00
6.869606494903564453e+00
6.867573261260986328e+00
6.869006156921386719e+00
6.868411540985107422e+00
6.868178367614746094e+00
6.869129657745361328e+00
6.867742538452148438e+00
6.869276046752929688e+00
6.867921829223632812e+00
6.868899822235107422e+00
6.868445396423339844e+00
6.868414878845214844e+00
6.868871212005615234e+00
6.868179798126220703e+00
6.868962764739990234e+00
6.868271827697753906e+00
6.868788719177246094e+00
6.868512630462646484e+00
6.868582725524902344e+00
6.868689060211181641e+00
6.868497371673583984e+00
6.868735313415527344e+00
6.868530273437500000e+00
6.868700981140136719e+00
6.868596553802490234e+00
6.868672847747802734e+00
6.868639945983886719e+00
6.868676662445068359e+00
6.868653297424316406e+00
6.868691444396972656e+00
6.868670940399169922e+00
6.868691444396972656e+00
6.868708133697509766e+00
6.868681430816650391e+00
6.868744850158691406e+00
6.868680953979492188e+00
6.868764877319335938e+00
6.868704795837402344e+00
6.868757247924804688e+00
6.868745803833007812e+00
6.868746757507324219e+00
6.868780136108398438e+00
6.868746280670166016e+00
6.868796348571777344e+00
6.868768215179443359e+00
6.868793487548828125e+00
6.868800163269042969e+00
6.868789672851562500e+00
6.868829727172851562e+00
6.868791580200195312e+00
6.868845939636230469e+00
6.868811130523681641e+00
6.868844032287597656e+00
6.868840217590332031e+00
6.868837833404541016e+00
6.868871212005615234e+00
6.868832111358642578e+00
6.868898391723632812e+00
6.868837833404541016e+00
6.868916511535644531e+00
6.868853569030761719e+00
6.868926048278808594e+00
6.868878841400146484e+00
6.868924140930175781e+00
6.868908882141113281e+00
6.868920803070068359e+00
6.868939399719238281e+00
6.868917942047119141e+00
6.868966102600097656e+00
6.868921279907226562e+00
6.868986129760742188e+00
6.868929386138916016e+00
6.869002342224121094e+00
6.868944168090820312e+00
6.869012832641601562e+00
6.868961811065673828e+00
6.869023323059082031e+00
6.868979454040527344e+00
6.869031906127929688e+00
6.868997573852539062e+00
6.869043827056884766e+00
6.869011878967285156e+00
6.869056224822998047e+00
6.869027137756347656e+00
6.869067668914794922e+00
6.869043350219726562e+00
6.869079589843750000e+00
6.869059085845947266e+00
6.869090080261230469e+00
6.869074821472167969e+00
6.869103431701660156e+00
6.869087696075439453e+00
6.869116783142089844e+00
6.869099617004394531e+00
6.869135856628417969e+00
6.869105339050292969e+00
6.869159698486328125e+00
6.869108200073242188e+00
6.869187355041503906e+00
6.869104862213134766e+00
6.869223594665527344e+00
6.869094371795654297e+00
6.869266510009765625e+00
6.869073390960693359e+00
6.869322776794433594e+00
6.869035720825195312e+00
6.869395732879638672e+00
6.868975639343261719e+00
6.869501113891601562e+00
6.868875980377197266e+00
6.869657516479492188e+00
6.868719100952148438e+00
6.869890213012695312e+00
6.868468284606933594e+00
6.870240211486816406e+00
6.868089675903320312e+00
6.870741844177246094e+00
6.867569923400878906e+00
6.871385574340820312e+00
6.867002487182617188e+00
6.871967315673828125e+00
6.866721630096435547e+00
6.872013092041015625e+00
6.867158412933349609e+00
6.871243000030517578e+00
6.868236541748046875e+00
6.870118618011474609e+00
6.869307518005371094e+00
6.869301319122314453e+00
6.869919776916503906e+00
6.868995666503906250e+00
6.870054721832275391e+00
6.869031906127929688e+00
6.869992256164550781e+00
6.869090080261230469e+00
6.869969367980957031e+00
6.869092941284179688e+00
6.869954586029052734e+00
6.869147300720214844e+00
6.869837760925292969e+00
6.869369506835937500e+00
6.869560718536376953e+00
6.869728088378906250e+00
6.869240760803222656e+00
6.870034694671630859e+00
6.869059562683105469e+00
6.870135307312011719e+00
6.869115829467773438e+00
6.869992256164550781e+00
6.869380950927734375e+00
6.869711399078369141e+00
6.869705200195312500e+00
6.869446754455566406e+00
6.869942188262939453e+00
6.869315624237060547e+00
6.870007514953613281e+00
6.869354248046875000e+00
6.869922161102294922e+00
6.869500160217285156e+00
6.869778156280517578e+00
6.869662284851074219e+00
6.869663238525390625e+00
6.869764328002929688e+00
6.869626998901367188e+00
6.869786739349365234e+00
6.869656562805175781e+00
6.869765281677246094e+00
6.869706153869628906e+00
6.869753837585449219e+00
6.869725227355957031e+00
6.869782447814941406e+00
6.869705200195312500e+00
6.869839668273925781e+00
6.869670391082763672e+00
6.869890213012695312e+00
6.869659423828125000e+00
6.869905471801757812e+00
6.869690895080566406e+00
6.869878768920898438e+00
6.869757652282714844e+00
6.869831085205078125e+00
6.869831562042236328e+00
6.869792461395263672e+00
6.869878768920898438e+00
6.869784355163574219e+00
6.869898796081542969e+00
6.869799613952636719e+00
6.869899272918701172e+00
6.869826793670654297e+00
6.869900226593017578e+00
6.869842529296875000e+00
6.869915962219238281e+00
6.869842529296875000e+00
6.869945526123046875e+00
6.869835853576660156e+00
6.869981765747070312e+00
6.869829177856445312e+00
6.870009422302246094e+00
6.869832515716552734e+00
6.870028972625732422e+00
6.869841098785400391e+00
6.870042324066162109e+00
6.869852066040039062e+00
6.870059013366699219e+00
6.869852542877197266e+00
6.870090484619140625e+00
6.869837284088134766e+00
6.870139598846435547e+00
6.869802951812744141e+00
6.870213031768798828e+00
6.869745254516601562e+00
6.870309829711914062e+00
6.869658946990966797e+00
6.870437622070312500e+00
6.869532585144042969e+00
6.870612144470214844e+00
6.869352817535400391e+00
6.870852470397949219e+00
6.869091033935546875e+00
6.871202945709228516e+00
6.868697643280029297e+00
6.871709823608398438e+00
6.868124008178710938e+00
6.872428894042968750e+00
6.867324829101562500e+00
6.873373985290527344e+00
6.866349697113037109e+00
6.874397277832031250e+00
6.865512847900390625e+00
6.874974727630615234e+00
6.865546226501464844e+00
6.874277114868164062e+00
6.867113113403320312e+00
6.872078418731689453e+00
6.869778156280517578e+00
6.869429111480712891e+00
6.872160911560058594e+00
6.867688655853271484e+00
6.873154163360595703e+00
6.867600440979003906e+00
6.872424602508544922e+00
6.869021415710449219e+00
6.870623111724853516e+00
6.870900154113769531e+00
6.869002342224121094e+00
6.872072219848632812e+00
6.868460178375244141e+00
6.871999740600585938e+00
6.869121551513671875e+00
6.870950698852539062e+00
6.870380401611328125e+00
6.869741439819335938e+00
6.871376037597656250e+00
6.869131565093994141e+00
6.871574401855468750e+00
6.869373798370361328e+00
6.871021270751953125e+00
6.870161533355712891e+00
6.870198726654052734e+00
6.870937824249267578e+00
6.869638442993164062e+00
6.871266365051269531e+00
6.869613647460937500e+00
6.871060371398925781e+00
6.870042324066162109e+00
6.870539665222167969e+00
6.870607376098632812e+00
6.870062828063964844e+00
6.870978355407714844e+00
6.869877815246582031e+00
6.871015548706054688e+00
6.870023727416992188e+00
6.870774745941162109e+00
6.870365142822265625e+00
6.870439052581787109e+00
6.870694637298583984e+00
6.870202541351318359e+00
6.870861053466796875e+00
6.870162010192871094e+00
6.870828628540039062e+00
6.870299339294433594e+00
6.870665073394775391e+00
6.870511054992675781e+00
6.870481967926025391e+00
6.870693206787109375e+00
6.870368003845214844e+00
6.870778083801269531e+00
6.870367050170898438e+00
6.870754718780517578e+00
6.870456695556640625e+00
6.870664596557617188e+00
6.870584964752197266e+00
6.870561599731445312e+00
6.870697975158691406e+00
6.870495319366455078e+00
6.870759487152099609e+00
6.870484352111816406e+00
6.870768547058105469e+00
6.870525360107421875e+00
6.870736122131347656e+00
6.870594024658203125e+00
6.870691299438476562e+00
6.870662212371826172e+00
6.870656013488769531e+00
6.870712280273437500e+00
6.870641708374023438e+00
6.870733261108398438e+00
6.870660305023193359e+00
6.870728969573974609e+00
6.870699405670166016e+00
6.870705604553222656e+00
6.870755195617675781e+00
6.870669841766357422e+00
6.870816230773925781e+00
6.870631217956542969e+00
6.870881080627441406e+00
6.870590686798095703e+00
6.870952129364013672e+00
6.870545387268066406e+00
6.871033668518066406e+00
6.870482921600341797e+00
6.871145725250244141e+00
6.870385646820068359e+00
6.871311187744140625e+00
6.870229721069335938e+00
6.871560573577880859e+00
6.869993209838867188e+00
6.871902465820312500e+00
6.869692802429199219e+00
6.872242450714111328e+00
6.869482040405273438e+00
6.872344017028808594e+00
6.869605064392089844e+00
6.872024536132812500e+00
6.870159626007080078e+00
6.871342658996582031e+00
6.870998382568359375e+00
6.870522499084472656e+00
6.871826171875000000e+00
6.869872093200683594e+00
6.872294902801513672e+00
6.869693756103515625e+00
6.872188568115234375e+00
6.870077133178710938e+00
6.871589660644531250e+00
6.870830535888671875e+00
6.870797157287597656e+00
6.871606826782226562e+00
6.870180130004882812e+00
6.872054576873779297e+00
6.870007991790771484e+00
6.872006416320800781e+00
6.870305061340332031e+00
6.871559619903564453e+00
6.870881080627441406e+00
6.870976448059082031e+00
6.871448516845703125e+00
6.870539665222167969e+00
6.871769905090332031e+00
6.870409011840820312e+00
6.871763229370117188e+00
6.870579719543457031e+00
6.871500015258789062e+00
6.870921134948730469e+00
6.871156692504882812e+00
6.871260643005371094e+00
6.870890617370605469e+00
6.871475219726562500e+00
6.870788574218750000e+00
6.871518611907958984e+00
6.870840549468994141e+00
6.871428489685058594e+00
6.870993137359619141e+00
6.871280670166015625e+00
6.871160507202148438e+00
6.871155738830566406e+00
6.871283054351806641e+00
6.871090412139892578e+00
6.871335983276367188e+00
6.871092796325683594e+00
6.871329307556152344e+00
6.871142387390136719e+00
6.871291160583496094e+00
6.871208190917968750e+00
6.871252536773681641e+00
6.871259689331054688e+00
6.871236801147460938e+00
6.871285915374755859e+00
6.871245384216308594e+00
6.871287822723388672e+00
6.871272563934326172e+00
6.871276855468750000e+00
6.871305465698242188e+00
6.871268272399902344e+00
6.871333122253417969e+00
6.871267318725585938e+00
6.871349334716796875e+00
6.871279716491699219e+00
6.871352195739746094e+00
6.871302127838134766e+00
6.871349334716796875e+00
6.871325492858886719e+00
6.871346473693847656e+00
6.871349334716796875e+00
6.871351242065429688e+00
6.871364116668701172e+00
6.871365547180175781e+00
6.871366977691650391e+00
6.871391296386718750e+00
6.871356964111328125e+00
6.871427059173583984e+00
6.871341228485107422e+00
6.871467113494873047e+00
6.871319770812988281e+00
6.871511459350585938e+00
6.871296882629394531e+00
6.871560573577880859e+00
6.871266365051269531e+00
6.871615409851074219e+00
6.871229648590087891e+00
6.871680736541748047e+00
6.871178627014160156e+00
6.871768951416015625e+00
6.871099472045898438e+00
6.871887207031250000e+00
6.870985031127929688e+00
6.872057914733886719e+00
6.870806694030761719e+00
6.872299194335937500e+00
6.870548248291015625e+00
6.872638702392578125e+00
6.870186805725097656e+00
6.873091697692871094e+00
6.869736194610595703e+00
6.873604774475097656e+00
6.869309425354003906e+00
6.873999595642089844e+00
6.869156360626220703e+00
6.873974800109863281e+00
6.869529724121093750e+00
6.873393535614013672e+00
6.870335102081298828e+00
6.872561931610107422e+00
6.871136665344238281e+00
6.871938705444335938e+00
6.871571540832519531e+00
6.871753692626953125e+00
6.871595382690429688e+00
6.871885299682617188e+00
6.871440887451171875e+00
6.872030258178710938e+00
6.871396064758300781e+00
6.871954917907714844e+00
6.871611595153808594e+00
6.871618270874023438e+00
6.872046470642089844e+00
6.871168136596679688e+00
6.872478008270263672e+00
6.870875358581542969e+00
6.872653484344482422e+00
6.870909690856933594e+00
6.872489929199218750e+00
6.871248722076416016e+00
6.872080326080322266e+00
6.871730804443359375e+00
6.871633529663085938e+00
6.872138977050781250e+00
6.871346473693847656e+00
6.872334003448486328e+00
6.871297359466552734e+00
6.872302532196044922e+00
6.871428012847900391e+00
6.872148513793945312e+00
6.871605873107910156e+00
6.872003078460693359e+00
6.871732711791992188e+00
6.871942520141601562e+00
6.871768951416015625e+00
6.871968269348144531e+00
6.871738433837890625e+00
6.872030258178710938e+00
6.871702194213867188e+00
6.872068405151367188e+00
6.871711254119873047e+00
6.872055530548095703e+00
6.871771812438964844e+00
6.872002601623535156e+00
6.871855735778808594e+00
6.871937751770019531e+00
6.871931076049804688e+00
6.871899604797363281e+00
6.871966838836669922e+00
6.871906280517578125e+00
6.871959686279296875e+00
6.871952056884765625e+00
6.871922016143798828e+00
6.872016429901123047e+00
6.871878147125244141e+00
6.872076034545898438e+00
6.871847152709960938e+00
6.872119426727294922e+00
6.871834278106689453e+00
6.872142314910888672e+00
6.871840476989746094e+00
6.872155666351318359e+00
6.871848106384277344e+00
6.872174263000488281e+00
6.871842384338378906e+00
6.872214794158935547e+00
6.871806144714355469e+00
6.872291564941406250e+00
6.871725559234619141e+00
6.872417449951171875e+00
6.871592521667480469e+00
6.872607707977294922e+00
6.871387004852294922e+00
6.872882843017578125e+00
6.871079444885253906e+00
6.873282432556152344e+00
6.870624542236328125e+00
6.873860359191894531e+00
6.869964599609375000e+00
6.874673843383789062e+00
6.869074344635009766e+00
6.875695705413818359e+00
6.868100166320800781e+00
6.876605033874511719e+00
6.867606639862060547e+00
6.876575469970703125e+00
6.868518352508544922e+00
6.874838829040527344e+00
6.871035099029541016e+00
6.871984004974365234e+00
6.873891830444335938e+00
6.869635581970214844e+00
6.875521659851074219e+00
6.869046211242675781e+00
6.875082969665527344e+00
6.870464324951171875e+00
6.873032569885253906e+00
6.872754096984863281e+00
6.870963096618652344e+00
6.874293327331542969e+00
6.870194435119628906e+00
6.874263763427734375e+00
6.870945930480957031e+00
6.873025894165039062e+00
6.872394561767578125e+00
6.871685981750488281e+00
6.873410224914550781e+00
6.871167659759521484e+00
6.873421669006347656e+00
6.871619224548339844e+00
6.872691631317138672e+00
6.872466087341308594e+00
6.871954917907714844e+00
6.873009204864501953e+00
6.871732711791992188e+00
6.872954368591308594e+00
6.872057437896728516e+00
6.872495651245117188e+00
6.872573852539062500e+00
6.872060775756835938e+00
6.872877597808837891e+00
6.871957778930664062e+00
6.872813701629638672e+00
6.872191905975341797e+00
6.872509956359863281e+00
6.872529983520507812e+00
6.872245311737060547e+00
6.872721672058105469e+00
6.872183799743652344e+00
6.872694969177246094e+00
6.872320652008056641e+00
6.872520446777343750e+00
6.872527599334716797e+00
6.872366428375244141e+00
6.872645378112792969e+00
6.872340679168701172e+00
6.872621536254882812e+00
6.872446537017822266e+00
6.872496604919433594e+00
6.872602939605712891e+00
6.872378826141357422e+00
6.872710227966308594e+00
6.872340679168701172e+00
6.872722625732421875e+00
6.872396469116210938e+00
6.872651100158691406e+00
6.872509002685546875e+00
6.872555732727050781e+00
6.872607231140136719e+00
6.872503280639648438e+00
6.872645854949951172e+00
6.872519493103027344e+00
6.872617721557617188e+00
6.872597694396972656e+00
6.872541904449462891e+00
6.872699737548828125e+00
6.872458934783935547e+00
6.872792243957519531e+00
6.872400760650634766e+00
6.872855186462402344e+00
6.872373580932617188e+00
6.872893810272216797e+00
6.872363090515136719e+00
6.872929573059082031e+00
6.872340202331542969e+00
6.872992515563964844e+00
6.872283935546875000e+00
6.873095512390136719e+00
6.872183799743652344e+00
6.873242378234863281e+00
6.872059822082519531e+00
6.873390197753906250e+00
6.871996879577636719e+00
6.873417854309082031e+00
6.872139930725097656e+00
6.873165130615234375e+00
6.872612476348876953e+00
6.872589111328125000e+00
6.873297214508056641e+00
6.871958732604980469e+00
6.873820304870605469e+00
6.871675491333007812e+00
6.873849868774414062e+00
6.871972084045410156e+00
6.873317241668701172e+00
6.872741699218750000e+00
6.872480392456054688e+00
6.873600959777832031e+00
6.871768951416015625e+00
6.874114036560058594e+00
6.871553897857666016e+00
6.874017715454101562e+00
6.871953487396240234e+00
6.873391151428222656e+00
6.872745037078857422e+00
6.872574329376220703e+00
6.873531341552734375e+00
6.871965408325195312e+00
6.873952388763427734e+00
6.871819019317626953e+00
6.873872756958007812e+00
6.872138023376464844e+00
6.873407840728759766e+00
6.872720241546630859e+00
6.872823715209960938e+00
6.873276710510253906e+00
6.872393608093261719e+00
6.873586654663085938e+00
6.872259140014648438e+00
6.873586654663085938e+00
6.872408866882324219e+00
6.873353958129882812e+00
6.872715473175048828e+00
6.873044967651367188e+00
6.873023986816406250e+00
6.872803211212158203e+00
6.873219490051269531e+00
6.872703552246093750e+00
6.873265743255615234e+00
6.872743606567382812e+00
6.873195171356201172e+00
6.872868061065673828e+00
6.873078823089599609e+00
6.872998237609863281e+00
6.872982025146484375e+00
6.873085975646972656e+00
6.872944831848144531e+00
6.873106479644775391e+00
6.872973442077636719e+00
6.873074531555175781e+00
6.873044967651367188e+00
6.873012542724609375e+00
6.873127937316894531e+00
6.872953414916992188e+00
6.873193740844726562e+00
6.872919082641601562e+00
6.873230457305908203e+00
6.872916221618652344e+00
6.873233795166015625e+00
6.872947692871093750e+00
6.873210430145263672e+00
6.872999191284179688e+00
6.873173236846923828e+00
6.873057842254638672e+00
6.873134136199951172e+00
6.873113632202148438e+00
6.873100280761718750e+00
6.873159408569335938e+00
6.873081207275390625e+00
6.873191833496093750e+00
6.873072624206542969e+00
6.873211860656738281e+00
6.873076438903808594e+00
6.873222351074218750e+00
6.873086929321289062e+00
6.873229980468750000e+00
6.873099327087402344e+00
6.873233795166015625e+00
6.873115539550781250e+00
6.873243331909179688e+00
6.873121261596679688e+00
6.873259544372558594e+00
6.873119354248046875e+00
6.873285770416259766e+00
6.873104095458984375e+00
6.873329639434814453e+00
6.873072147369384766e+00
6.873391151428222656e+00
6.873012065887451172e+00
6.873487949371337891e+00
6.872914791107177734e+00
6.873629093170166016e+00
6.872763633728027344e+00
6.873842239379882812e+00
6.872521400451660156e+00
6.874164581298828125e+00
6.872155189514160156e+00
6.874643325805664062e+00
6.871611595153808594e+00
6.875332832336425781e+00
6.870878696441650391e+00
6.876184463500976562e+00
6.870125770568847656e+00
6.876858234405517578e+00
6.869914054870605469e+00
6.876587867736816406e+00
6.870955467224121094e+00
6.874961853027343750e+00
6.873016357421875000e+00
6.872896194458007812e+00
6.874813079833984375e+00
6.871710300445556641e+00
6.875311851501464844e+00
6.872005462646484375e+00
6.874407291412353516e+00
6.873311996459960938e+00
6.873062133789062500e+00
6.874415874481201172e+00
6.872420310974121094e+00
6.874505043029785156e+00
6.872834682464599609e+00
6.873720169067382812e+00
6.873759269714355469e+00
6.872898101806640625e+00
6.874306678771972656e+00
6.872766494750976562e+00
6.874072551727294922e+00
6.873330116271972656e+00
6.873389244079589844e+00
6.874012947082519531e+00
6.872912406921386719e+00
6.874231338500976562e+00
6.873024940490722656e+00
6.873882293701171875e+00
6.873563289642333984e+00
6.873333930969238281e+00
6.874049186706542969e+00
6.873046875000000000e+00
6.874120712280273438e+00
6.873209953308105469e+00
6.873797893524169922e+00
6.873631000518798828e+00
6.873390197753906250e+00
6.873968124389648438e+00
6.873212814331054688e+00
6.873998641967773438e+00
6.873351573944091797e+00
6.873765468597412109e+00
6.873656272888183594e+00
6.873484611511230469e+00
6.873894691467285156e+00
6.873363494873046875e+00
6.873921394348144531e+00
6.873455524444580078e+00
6.873772144317626953e+00
6.873657226562500000e+00
6.873587608337402344e+00
6.873820304870605469e+00
6.873501300811767578e+00
6.873855113983154297e+00
6.873551368713378906e+00
6.873775482177734375e+00
6.873673439025878906e+00
6.873665809631347656e+00
6.873778343200683594e+00
6.873612403869628906e+00
6.873801231384277344e+00
6.873646259307861328e+00
6.873750686645507812e+00
6.873733043670654297e+00
6.873678207397460938e+00
6.873809814453125000e+00
6.873641967773437500e+00
6.873832702636718750e+00
6.873664855957031250e+00
6.873800277709960938e+00
6.873730659484863281e+00
6.873744010925292969e+00
6.873802185058593750e+00
6.873703479766845703e+00
6.873842239379882812e+00
6.873702049255371094e+00
6.873841285705566406e+00
6.873737335205078125e+00
6.873813629150390625e+00
6.873784065246582031e+00
6.873785972595214844e+00
6.873821735382080078e+00
6.873779296875000000e+00
6.873832225799560547e+00
6.873797893524169922e+00
6.873821258544921875e+00
6.873834609985351562e+00
6.873796939849853516e+00
6.873874187469482422e+00
6.873778820037841797e+00
6.873902797698974609e+00
6.873772621154785156e+00
6.873921394348144531e+00
6.873779296875000000e+00
6.873929500579833984e+00
6.873789787292480469e+00
6.873942375183105469e+00
6.873789787292480469e+00
6.873969554901123047e+00
6.873769760131835938e+00
6.874023914337158203e+00
6.873715400695800781e+00
6.874115943908691406e+00
6.873620986938476562e+00
6.874258041381835938e+00
6.873466491699218750e+00
6.874474525451660156e+00
6.873236656188964844e+00
6.874782562255859375e+00
6.872926712036132812e+00
6.875174522399902344e+00
6.872584342956542969e+00
6.875522613525390625e+00
6.872395992279052734e+00
6.875567436218261719e+00
6.872591495513916016e+00
6.875164985656738281e+00
6.873190879821777344e+00
6.874484539031982422e+00
6.873935699462890625e+00
6.873847961425781250e+00
6.874512195587158203e+00
6.873477458953857422e+00
6.874736785888671875e+00
6.873479843139648438e+00
6.874580383300781250e+00
6.873777389526367188e+00
6.874245643615722656e+00
6.874099731445312500e+00
6.874003410339355469e+00
6.874252319335937500e+00
6.873970508575439453e+00
6.874205112457275391e+00
6.874106407165527344e+00
6.874077796936035156e+00
6.874222755432128906e+00
6.874029159545898438e+00
6.874229907989501953e+00
6.874085426330566406e+00
6.874146461486816406e+00
6.874209403991699219e+00
6.874044418334960938e+00
6.874310016632080078e+00
6.873999595642089844e+00
6.874343872070312500e+00
6.874008178710937500e+00
6.874326705932617188e+00
6.874065399169921875e+00
6.874262332916259766e+00
6.874150276184082031e+00
6.874187469482421875e+00
6.874236106872558594e+00
6.874116897583007812e+00
6.874309539794921875e+00
6.874077796936035156e+00
6.874341964721679688e+00
6.874082565307617188e+00
6.874337673187255859e+00
6.874118804931640625e+00
6.874305725097656250e+00
6.874172210693359375e+00
6.874270439147949219e+00
6.874210357666015625e+00
6.874258995056152344e+00
6.874228954315185547e+00
6.874264717102050781e+00
6.874235630035400391e+00
6.874280929565429688e+00
6.874239921569824219e+00
6.874291896820068359e+00
6.874252319335937500e+00
6.874291419982910156e+00
6.874268531799316406e+00
6.874289989471435547e+00
6.874280452728271484e+00
6.874297142028808594e+00
6.874279975891113281e+00
6.874315738677978516e+00
6.874272823333740234e+00
6.874338150024414062e+00
6.874270439147949219e+00
6.874351501464843750e+00
6.874275684356689453e+00
6.874353408813476562e+00
6.874293327331542969e+00
6.874344825744628906e+00
6.874316215515136719e+00
6.874337673187255859e+00
6.874337196350097656e+00
6.874339103698730469e+00
6.874344825744628906e+00
6.874351501464843750e+00
6.874339103698730469e+00
6.874378204345703125e+00
6.874323844909667969e+00
6.874411582946777344e+00
6.874302864074707031e+00
6.874450683593750000e+00
6.874275207519531250e+00
6.874496936798095703e+00
6.874236583709716797e+00
6.874556541442871094e+00
6.874178886413574219e+00
6.874647140502929688e+00
6.874080657958984375e+00
6.874788761138916016e+00
6.873919486999511719e+00
6.875012397766113281e+00
6.873653411865234375e+00
6.875369548797607422e+00
6.873219013214111328e+00
6.875938415527343750e+00
6.872522354125976562e+00
6.876833438873291016e+00
6.871442317962646484e+00
6.878160476684570312e+00
6.869951248168945312e+00
6.879790306091308594e+00
6.868501663208007812e+00
6.880788803100585938e+00
6.868574142456054688e+00
6.879402160644531250e+00
6.871480941772460938e+00
6.875539302825927734e+00
6.875678539276123047e+00
6.871944904327392578e+00
6.878145217895507812e+00
6.871086597442626953e+00
6.877405643463134766e+00
6.873205184936523438e+00
6.874542236328125000e+00
6.876049518585205078e+00
6.872436046600341797e+00
6.876965045928955078e+00
6.872828960418701172e+00
6.875513553619384766e+00
6.874881744384765625e+00
6.873469829559326172e+00
6.876390457153320312e+00
6.872876167297363281e+00
6.875989913940429688e+00
6.874082565307617188e+00
6.874370574951171875e+00
6.875670433044433594e+00
6.873226165771484375e+00
6.876131057739257812e+00
6.873541355133056641e+00
6.875219345092773438e+00
6.874788761138916016e+00
6.874026298522949219e+00
6.875679016113281250e+00
6.873652935028076172e+00
6.875540733337402344e+00
6.874244689941406250e+00
6.874720096588134766e+00
6.875080108642578125e+00
6.874103546142578125e+00
6.875371932983398438e+00
6.874190330505371094e+00
6.875000000000000000e+00
6.874752998352050781e+00
6.874441146850585938e+00
6.875195503234863281e+00
6.874242782592773438e+00
6.875155925750732422e+00
6.874511241912841797e+00
6.874767780303955078e+00
6.874944686889648438e+00
6.874417304992675781e+00
6.875171184539794922e+00
6.874380588531494141e+00
6.875058174133300781e+00
6.874628067016601562e+00
6.874770164489746094e+00
6.874915122985839844e+00
6.874569416046142578e+00
6.875027656555175781e+00
6.874585151672363281e+00
6.874933719635009766e+00
6.874755382537841797e+00
6.874763011932373047e+00
6.874921798706054688e+00
6.874662876129150391e+00
6.874969005584716797e+00
6.874697685241699219e+00
6.874889373779296875e+00
6.874825477600097656e+00
6.874770164489746094e+00
6.874944686889648438e+00
6.874701023101806641e+00
6.874985694885253906e+00
6.874719619750976562e+00
6.874946594238281250e+00
6.874797821044921875e+00
6.874873161315917969e+00
6.874878883361816406e+00
6.874825954437255859e+00
6.874912261962890625e+00
6.874837875366210938e+00
6.874888896942138672e+00
6.874897003173828125e+00
6.874832153320312500e+00
6.874970912933349609e+00
6.874780178070068359e+00
6.875023841857910156e+00
6.874758720397949219e+00
6.875043869018554688e+00
6.874766826629638672e+00
6.875045299530029297e+00
6.874781608581542969e+00
6.875054359436035156e+00
6.874771118164062500e+00
6.875102519989013672e+00
6.874713897705078125e+00
6.875203132629394531e+00
6.874600410461425781e+00
6.875363349914550781e+00
6.874425888061523438e+00
6.875585079193115234e+00
6.874191761016845703e+00
6.875881671905517578e+00
6.873874187469482422e+00
6.876284599304199219e+00
6.873451709747314453e+00
6.876802921295166016e+00
6.872948646545410156e+00
6.877374649047851562e+00
6.872519016265869141e+00
6.877709865570068359e+00
6.872554779052734375e+00
6.877336502075195312e+00
6.873410224914550781e+00
6.876125335693359375e+00
6.874875068664550781e+00
6.874649047851562500e+00
6.876224040985107422e+00
6.873661994934082031e+00
6.876824378967285156e+00
6.873591423034667969e+00
6.876435279846191406e+00
6.874395847320556641e+00
6.875381946563720703e+00
6.875511169433593750e+00
6.874373435974121094e+00
6.876249313354492188e+00
6.873991012573242188e+00
6.876232624053955078e+00
6.874376296997070312e+00
6.875583648681640625e+00
6.875181198120117188e+00
6.874799251556396484e+00
6.875856399536132812e+00
6.874374389648437500e+00
6.876019954681396484e+00
6.874511241912841797e+00
6.875662326812744141e+00
6.875041961669921875e+00
6.875097751617431641e+00
6.875581741333007812e+00
6.874702453613281250e+00
6.875813007354736328e+00
6.874679565429687500e+00
6.875662803649902344e+00
6.874972820281982422e+00
6.875298023223876953e+00
6.875360012054443359e+00
6.874967575073242188e+00
6.875607490539550781e+00
6.874852657318115234e+00
6.875607490539550781e+00
6.874971866607666016e+00
6.875421524047851562e+00
6.875213623046875000e+00
6.875189304351806641e+00
6.875431060791015625e+00
6.875044345855712891e+00
6.875521659851074219e+00
6.875039100646972656e+00
6.875474452972412109e+00
6.875148773193359375e+00
6.875346183776855469e+00
6.875297546386718750e+00
6.875220298767089844e+00
6.875412940979003906e+00
6.875154495239257812e+00
6.875453472137451172e+00
6.875166416168212891e+00
6.875422477722167969e+00
6.875233650207519531e+00
6.875352859497070312e+00
6.875321865081787109e+00
6.875284194946289062e+00
6.875391006469726562e+00
6.875248908996582031e+00
6.875420570373535156e+00
6.875253677368164062e+00
6.875411987304687500e+00
6.875288963317871094e+00
6.875380039215087891e+00
6.875337600708007812e+00
6.875343322753906250e+00
6.875381469726562500e+00
6.875323295593261719e+00
6.875408172607421875e+00
6.875321388244628906e+00
6.875416755676269531e+00
6.875337600708007812e+00
6.875408649444580078e+00
6.875362873077392578e+00
6.875394821166992188e+00
6.875387191772460938e+00
6.875384807586669922e+00
6.875410079956054688e+00
6.875380992889404297e+00
6.875423431396484375e+00
6.875385761260986328e+00
6.875429153442382812e+00
6.875394821166992188e+00
6.875432968139648438e+00
6.875407218933105469e+00
6.875432491302490234e+00
6.875420570373535156e+00
6.875434398651123047e+00
6.875435829162597656e+00
6.875434875488281250e+00
6.875448226928710938e+00
6.875438690185546875e+00
6.875460624694824219e+00
6.875441074371337891e+00
6.875472068786621094e+00
6.875446796417236328e+00
6.875479221343994141e+00
6.875453948974609375e+00
6.875487327575683594e+00
6.875462055206298828e+00
6.875491619110107422e+00
6.875474452972412109e+00
6.875494956970214844e+00
6.875484943389892578e+00
6.875499725341796875e+00
6.875496864318847656e+00
6.875502109527587891e+00
6.875508785247802734e+00
6.875507831573486328e+00
6.875518321990966797e+00
6.875510215759277344e+00
6.875530242919921875e+00
6.875514030456542969e+00
6.875541210174560547e+00
6.875517368316650391e+00
6.875555038452148438e+00
6.875519275665283203e+00
6.875568389892578125e+00
6.875523567199707031e+00
6.875581741333007812e+00
6.875521183013916016e+00
6.875597953796386719e+00
6.875517845153808594e+00
6.875616073608398438e+00
6.875510215759277344e+00
6.875642299652099609e+00
6.875496864318847656e+00
6.875676155090332031e+00
6.875474452972412109e+00
6.875721931457519531e+00
6.875434398651123047e+00
6.875788211822509766e+00
6.875371456146240234e+00
6.875885009765625000e+00
6.875271797180175781e+00
6.876030921936035156e+00
6.875115871429443359e+00
6.876248359680175781e+00
6.874878406524658203e+00
6.876571655273437500e+00
6.874534130096435547e+00
6.877010345458984375e+00
6.874114513397216797e+00
6.877470016479492188e+00
6.873787879943847656e+00
6.877678871154785156e+00
6.873822212219238281e+00
6.877460956573486328e+00
6.874214172363281250e+00
6.877014160156250000e+00
6.874732971191406250e+00
6.876527786254882812e+00
6.875271797180175781e+00
6.876074790954589844e+00
6.875699996948242188e+00
6.875803947448730469e+00
6.875875473022460938e+00
6.875756263732910156e+00
6.875874042510986328e+00
6.875761032104492188e+00
6.875904560089111328e+00
6.875669479370117188e+00
6.876056194305419922e+00
6.875489711761474609e+00
6.876277446746826172e+00
6.875300407409667969e+00
6.876438140869140625e+00
6.875247955322265625e+00
6.876372337341308594e+00
6.875452995300292969e+00
6.876070022583007812e+00
6.875821590423583984e+00
6.875724792480468750e+00
6.876139163970947266e+00
6.875521659851074219e+00
6.876264095306396484e+00
6.875527381896972656e+00
6.876186370849609375e+00
6.875677108764648438e+00
6.876027107238769531e+00
6.875825881958007812e+00
6.875939369201660156e+00
6.875860214233398438e+00
6.875991821289062500e+00
6.875772953033447266e+00
6.876113891601562500e+00
6.875679969787597656e+00
6.876185417175292969e+00
6.875669002532958984e+00
6.876154899597167969e+00
6.875759124755859375e+00
6.876041412353515625e+00
6.875903129577636719e+00
6.875918865203857422e+00
6.876012325286865234e+00
6.875863552093505859e+00
6.876039505004882812e+00
6.875889778137207031e+00
6.876001358032226562e+00
6.875955581665039062e+00
6.875958442687988281e+00
6.875994682312011719e+00
6.875957012176513672e+00
6.875986099243164062e+00
6.876002788543701172e+00
6.875931739807128906e+00
6.876081466674804688e+00
6.875862121582031250e+00
6.876153945922851562e+00
6.875816822052001953e+00
6.876195907592773438e+00
6.875802040100097656e+00
6.876219749450683594e+00
6.875792980194091797e+00
6.876250267028808594e+00
6.875761032104492188e+00
6.876317977905273438e+00
6.875678062438964844e+00
6.876447200775146484e+00
6.875528335571289062e+00
6.876650333404541016e+00
6.875304222106933594e+00
6.876933097839355469e+00
6.874994277954101562e+00
6.877312660217285156e+00
6.874579906463623047e+00
6.877815246582031250e+00
6.874049186706542969e+00
6.878434658050537109e+00
6.873456001281738281e+00
6.879051208496093750e+00
6.873029232025146484e+00
6.879303932189941406e+00
6.873213768005371094e+00
6.878714561462402344e+00
6.874327659606933594e+00
6.877255439758300781e+00
6.876016139984130859e+00
6.875606536865234375e+00
6.877479076385498047e+00
6.874537467956542969e+00
6.878116607666015625e+00
6.874429702758789062e+00
6.877757072448730469e+00
6.875200271606445312e+00
6.876719474792480469e+00
6.876333236694335938e+00
6.875641345977783203e+00
6.877209663391113281e+00
6.875056266784667969e+00
6.877460479736328125e+00
6.875148296356201172e+00
6.877087116241455078e+00
6.875748634338378906e+00
6.876387596130371094e+00
6.876474380493164062e+00
6.875766754150390625e+00
6.876956939697265625e+00
6.875503540039062500e+00
6.877027511596679688e+00
6.875651359558105469e+00
6.876738548278808594e+00
6.876066684722900391e+00
6.876293182373046875e+00
6.876509666442871094e+00
6.875931262969970703e+00
6.876771450042724609e+00
6.875803470611572266e+00
6.876772880554199219e+00
6.875929832458496094e+00
6.876560688018798828e+00
6.876210212707519531e+00
6.876268863677978516e+00
6.876497745513916016e+00
6.876041412353515625e+00
6.876668453216552734e+00
6.875963211059570312e+00
6.876677513122558594e+00
6.876043319702148438e+00
6.876551151275634766e+00
6.876219272613525391e+00
6.876372337341308594e+00
6.876404762268066406e+00
6.876220703125000000e+00
6.876532554626464844e+00
6.876150131225585938e+00
6.876567363739013672e+00
6.876174926757812500e+00
6.876522064208984375e+00
6.876262664794921875e+00
6.876429080963134766e+00
6.876374721527099609e+00
6.876332759857177734e+00
6.876469612121582031e+00
6.876265048980712891e+00
6.876529693603515625e+00
6.876238822937011719e+00
6.876548767089843750e+00
6.876250267028808594e+00
6.876539707183837891e+00
6.876277923583984375e+00
6.876520156860351562e+00
6.876310348510742188e+00
6.876506805419921875e+00
6.876326560974121094e+00
6.876517295837402344e+00
6.876317977905273438e+00
6.876556396484375000e+00
6.876275062561035156e+00
6.876637458801269531e+00
6.876182556152343750e+00
6.876770973205566406e+00
6.876028060913085938e+00
6.876982688903808594e+00
6.875777721405029297e+00
6.877307415008544922e+00
6.875392913818359375e+00
6.877796173095703125e+00
6.874817848205566406e+00
6.878494262695312500e+00
6.874048233032226562e+00
6.879342079162597656e+00
6.873266220092773438e+00
6.879969120025634766e+00
6.873064994812011719e+00
6.879632949829101562e+00
6.874122619628906250e+00
6.878004074096679688e+00
6.876186370849609375e+00
6.875893592834472656e+00
6.878090858459472656e+00
6.874514102935791016e+00
6.878807544708251953e+00
6.874596595764160156e+00
6.877996921539306641e+00
6.875982761383056641e+00
6.876363754272460938e+00
6.877542495727539062e+00
6.875184535980224609e+00
6.878152847290039062e+00
6.875237464904785156e+00
6.877502441406250000e+00
6.876325607299804688e+00
6.876274108886718750e+00
6.877434730529785156e+00
6.875530719757080078e+00
6.877718925476074219e+00
6.875746726989746094e+00
6.877123832702636719e+00
6.876594543457031250e+00
6.876266956329345703e+00
6.877307891845703125e+00
6.875861644744873047e+00
6.877395153045654297e+00
6.876094818115234375e+00
6.876955986022949219e+00
6.876648902893066406e+00
6.876438140869140625e+00
6.877057075500488281e+00
6.876219749450683594e+00
6.877103805541992188e+00
6.876345157623291016e+00
6.876885414123535156e+00
6.876628875732421875e+00
6.876624107360839844e+00
6.876852512359619141e+00
6.876494407653808594e+00
6.876917839050292969e+00
6.876517295837402344e+00
6.876852035522460938e+00
6.876633644104003906e+00
6.876729965209960938e+00
6.876769065856933594e+00
6.876619338989257812e+00
6.876866340637207031e+00
6.876567840576171875e+00
6.876892089843750000e+00
6.876598358154296875e+00
6.876835823059082031e+00
6.876698493957519531e+00
6.876732826232910156e+00
6.876818656921386719e+00
6.876638412475585938e+00
6.876899242401123047e+00
6.876610755920410156e+00
6.876898288726806641e+00
6.876666069030761719e+00
6.876825809478759766e+00
6.876766204833984375e+00
6.876735687255859375e+00
6.876853942871093750e+00
6.876687049865722656e+00
6.876881599426269531e+00
6.876706123352050781e+00
6.876844406127929688e+00
6.876778602600097656e+00
6.876773357391357422e+00
6.876863002777099609e+00
6.876711845397949219e+00
6.876924514770507812e+00
6.876682758331298828e+00
6.876947879791259766e+00
6.876687049865722656e+00
6.876949310302734375e+00
6.876699447631835938e+00
6.876952171325683594e+00
6.876698493957519531e+00
6.876983165740966797e+00
6.876662731170654297e+00
6.877052783966064453e+00
6.876582145690917969e+00
6.877175331115722656e+00
6.876440048217773438e+00
6.877369403839111328e+00
6.876214981079101562e+00
6.877663612365722656e+00
6.875866413116455078e+00
6.878117084503173828e+00
6.875328063964843750e+00
6.878803730010986328e+00
6.874530792236328125e+00
6.879792213439941406e+00
6.873463630676269531e+00
6.880993843078613281e+00
6.872430801391601562e+00
6.881800651550292969e+00
6.872376441955566406e+00
6.880976676940917969e+00
6.874335765838623047e+00
6.878164291381835938e+00
6.877559661865234375e+00
6.875205039978027344e+00
6.879837036132812500e+00
6.874094009399414062e+00
6.879755020141601562e+00
6.875380516052246094e+00
6.877636909484863281e+00
6.877811908721923828e+00
6.875465869903564453e+00
6.879262924194335938e+00
6.874995231628417969e+00
6.878714561462402344e+00
6.876335144042968750e+00
6.876919746398925781e+00
6.878108978271484375e+00
6.875577449798583984e+00
6.878775596618652344e+00
6.875709056854248047e+00
6.877963066101074219e+00
6.876971244812011719e+00
6.876585006713867188e+00
6.878153324127197266e+00
6.875869750976562500e+00
6.878319740295410156e+00
6.876277923583984375e+00
6.877516746520996094e+00
6.877294540405273438e+00
6.876557350158691406e+00
6.878015518188476562e+00
6.876212596893310547e+00
6.877955436706542969e+00
6.876631736755371094e+00
6.877302169799804688e+00
6.877365112304687500e+00
6.876656532287597656e+00
6.877812385559082031e+00
6.876488685607910156e+00
6.877711772918701172e+00
6.876826286315917969e+00
6.877243995666503906e+00
6.877340316772460938e+00
6.876812934875488281e+00
6.877642154693603516e+00
6.876707077026367188e+00
6.877579212188720703e+00
6.876931190490722656e+00
6.877266407012939453e+00
6.877281665802001953e+00
6.876962661743164062e+00
6.877507209777832031e+00
6.876864433288574219e+00
6.877497673034667969e+00
6.876992702484130859e+00
6.877308845520019531e+00
6.877225875854492188e+00
6.877097129821777344e+00
6.877405643463134766e+00
6.876995563507080078e+00
6.877440452575683594e+00
6.877045154571533203e+00
6.877345561981201172e+00
6.877187728881835938e+00
6.877202033996582031e+00
6.877328872680664062e+00
6.877107620239257812e+00
6.877387046813964844e+00
6.877105712890625000e+00
6.877357482910156250e+00
6.877179622650146484e+00
6.877276420593261719e+00
6.877278327941894531e+00
6.877202033996582031e+00
6.877344131469726562e+00
6.877177715301513672e+00
6.877353191375732422e+00
6.877204895019531250e+00
6.877315521240234375e+00
6.877266407012939453e+00
6.877264976501464844e+00
6.877322196960449219e+00
6.877235889434814453e+00
6.877347469329833984e+00
6.877239704132080078e+00
6.877338409423828125e+00
6.877274513244628906e+00
6.877307891845703125e+00
6.877316474914550781e+00
6.877282142639160156e+00
6.877348899841308594e+00
6.877271652221679688e+00
6.877361297607421875e+00
6.877285003662109375e+00
6.877351760864257812e+00
6.877313613891601562e+00
6.877334594726562500e+00
6.877343177795410156e+00
6.877317428588867188e+00
6.877368450164794922e+00
6.877314090728759766e+00
6.877377510070800781e+00
6.877324104309082031e+00
6.877378463745117188e+00
6.877342700958251953e+00
6.877368927001953125e+00
6.877367496490478516e+00
6.877359390258789062e+00
6.877389430999755859e+00
6.877353668212890625e+00
6.877406120300292969e+00
6.877353191375732422e+00
6.877414703369140625e+00
6.877360820770263672e+00
6.877418994903564453e+00
6.877369403839111328e+00
6.877422809600830078e+00
6.877379894256591797e+00
6.877427101135253906e+00
6.877385616302490234e+00
6.877438068389892578e+00
6.877385139465332031e+00
6.877455234527587891e+00
6.877376556396484375e+00
6.877483367919921875e+00
6.877354145050048828e+00
6.877526760101318359e+00
6.877315998077392578e+00
6.877589225769042969e+00
6.877253532409667969e+00
6.877683639526367188e+00
6.877160549163818359e+00
6.877813816070556641e+00
6.877036094665527344e+00
6.877970695495605469e+00
6.876917839050292969e+00
6.878070831298828125e+00
6.876950263977050781e+00
6.877929687500000000e+00
6.877304077148437500e+00
6.877474784851074219e+00
6.877851963043212891e+00
6.877017021179199219e+00
6.878158092498779297e+00
6.876971244812011719e+00
6.877961158752441406e+00
6.877398490905761719e+00
6.877444267272949219e+00
6.877946376800537109e+00
6.877021312713623047e+00
6.878232955932617188e+00
6.876970767974853516e+00
6.878071308135986328e+00
6.877341270446777344e+00
6.877586364746093750e+00
6.877830028533935547e+00
6.877195358276367188e+00
6.878051757812500000e+00
6.877172470092773438e+00
6.877919673919677734e+00
6.877442359924316406e+00
6.877637863159179688e+00
6.877719879150390625e+00
6.877470970153808594e+00
6.877799987792968750e+00
6.877516746520996094e+00
6.877685546875000000e+00
6.877700805664062500e+00
6.877522468566894531e+00
6.877834320068359375e+00
6.877499580383300781e+00
6.877783775329589844e+00
6.877639770507812500e+00
6.877619266510009766e+00
6.877819061279296875e+00
6.877486228942871094e+00
6.877905845642089844e+00
6.877482414245605469e+00
6.877861976623535156e+00
6.877588272094726562e+00
6.877741813659667969e+00
6.877722740173339844e+00
6.877639770507812500e+00
6.877792358398437500e+00
6.877634048461914062e+00
6.877763748168945312e+00
6.877706527709960938e+00
6.877695083618164062e+00
6.877783775329589844e+00
6.877652168273925781e+00
6.877811908721923828e+00
6.877667903900146484e+00
6.877783775329589844e+00
6.877726554870605469e+00
6.877732753753662109e+00
6.877786636352539062e+00
6.877702236175537109e+00
6.877806186676025391e+00
6.877725601196289062e+00
6.877772331237792969e+00
6.877793312072753906e+00
6.877707481384277344e+00
6.877874374389648438e+00
6.877641677856445312e+00
6.877948760986328125e+00
6.877586841583251953e+00
6.878012180328369141e+00
6.877538204193115234e+00
6.878084182739257812e+00
6.877464771270751953e+00
6.878199577331542969e+00
6.877329826354980469e+00
6.878395080566406250e+00
6.877102851867675781e+00
6.878692626953125000e+00
6.876785755157470703e+00
6.879053115844726562e+00
6.876482009887695312e+00
6.879296779632568359e+00
6.876466751098632812e+00
6.879051685333251953e+00
6.877130985260009766e+00
6.878033638000488281e+00
6.878487586975097656e+00
6.876557826995849609e+00
6.879932403564453125e+00
6.875364780426025391e+00
6.880763053894042969e+00
6.875053405761718750e+00
6.880551338195800781e+00
6.875837326049804688e+00
6.879382133483886719e+00
6.877269744873046875e+00
6.877977371215820312e+00
6.878479957580566406e+00
6.877156257629394531e+00
6.878858566284179688e+00
6.877220630645751953e+00
6.878448486328125000e+00
6.877837181091308594e+00
6.877800941467285156e+00
6.878388404846191406e+00
6.877478599548339844e+00
6.878450393676757812e+00
6.877711296081542969e+00
6.878001213073730469e+00
6.878329277038574219e+00
6.877363681793212891e+00
6.878901004791259766e+00
6.876971244812011719e+00
6.879093170166015625e+00
6.877010345458984375e+00
6.878873825073242188e+00
6.877379894256591797e+00
6.878456592559814453e+00
6.877794742584228516e+00
6.878133773803710938e+00
6.878002643585205078e+00
6.878086566925048828e+00
6.877915382385253906e+00
6.878304004669189453e+00
6.877635955810546875e+00
6.878618240356445312e+00
6.877360343933105469e+00
6.878846645355224609e+00
6.877221107482910156e+00
6.878913879394531250e+00
6.877239227294921875e+00
6.878857612609863281e+00
6.877329349517822266e+00
6.878794670104980469e+00
6.877364158630371094e+00
6.878847122192382812e+00
6.877240657806396484e+00
6.879078865051269531e+00
6.876942634582519531e+00
6.879467487335205078e+00
6.876516342163085938e+00
6.879953384399414062e+00
6.876036643981933594e+00
6.880443096160888672e+00
6.875611305236816406e+00
6.880834102630615234e+00
6.875352382659912109e+00
6.880993843078613281e+00
6.875402927398681641e+00
6.880787849426269531e+00
6.875853538513183594e+00
6.880169868469238281e+00
6.876667022705078125e+00
6.879267692565917969e+00
6.877630710601806641e+00
6.878342151641845703e+00
6.878492832183837891e+00
6.877610206604003906e+00
6.879091262817382812e+00
6.877176284790039062e+00
6.879383087158203125e+00
6.877037048339843750e+00
6.879391670227050781e+00
6.877161979675292969e+00
6.879159927368164062e+00
6.877485752105712891e+00
6.878776550292968750e+00
6.877916812896728516e+00
6.878337860107421875e+00
6.878355979919433594e+00
6.877943992614746094e+00
6.878708362579345703e+00
6.877668380737304688e+00
6.878922939300537109e+00
6.877546787261962891e+00
6.878973960876464844e+00
6.877585411071777344e+00
6.878879547119140625e+00
6.877749443054199219e+00
6.878684043884277344e+00
6.877984046936035156e+00
6.878444671630859375e+00
6.878232479095458984e+00
6.878220558166503906e+00
6.878441333770751953e+00
6.878049373626708984e+00
6.878587722778320312e+00
6.877945899963378906e+00
6.878665924072265625e+00
6.877910614013671875e+00
6.878684997558593750e+00
6.877926826477050781e+00
6.878663063049316406e+00
6.877975463867187500e+00
6.878614425659179688e+00
6.878040313720703125e+00
6.878561019897460938e+00
6.878105163574218750e+00
6.878507614135742188e+00
6.878167152404785156e+00
6.878463745117187500e+00
6.878219604492187500e+00
6.878427505493164062e+00
6.878261566162109375e+00
6.878397464752197266e+00
6.878298759460449219e+00
6.878375053405761719e+00
6.878331184387207031e+00
6.878356456756591797e+00
6.878361225128173828e+00
6.878339767456054688e+00
6.878386974334716797e+00
6.878324508666992188e+00
6.878413200378417969e+00
6.878306388854980469e+00
6.878438949584960938e+00
6.878293037414550781e+00
6.878465652465820312e+00
6.878273963928222656e+00
6.878502845764160156e+00
6.878248691558837891e+00
6.878541946411132812e+00
6.878214836120605469e+00
6.878596305847167969e+00
6.878162384033203125e+00
6.878668308258056641e+00
6.878090858459472656e+00
6.878767490386962891e+00
6.877985000610351562e+00
6.878915786743164062e+00
6.877823829650878906e+00
6.879121780395507812e+00
6.877589702606201172e+00
6.879424095153808594e+00
6.877240180969238281e+00
6.879862785339355469e+00
6.876742362976074219e+00
6.880475997924804688e+00
6.876070499420166016e+00
6.881265640258789062e+00
6.875295639038085938e+00
6.882054805755615234e+00
6.874746799468994141e+00
6.882335662841796875e+00
6.875059127807617188e+00
6.881428241729736328e+00
6.876665115356445312e+00
6.879361152648925781e+00
6.878958702087402344e+00
6.877231597900390625e+00
6.880711555480957031e+00
6.876152038574218750e+00
6.881075382232666016e+00
6.876597404479980469e+00
6.879960060119628906e+00
6.878185272216796875e+00
6.878185272216796875e+00
6.879831314086914062e+00
6.876908779144287109e+00
6.880550384521484375e+00
6.876816749572753906e+00
6.880036354064941406e+00
6.877817153930664062e+00
6.878755569458007812e+00
6.879162788391113281e+00
6.877587795257568359e+00
6.880008697509765625e+00
6.877193927764892578e+00
6.879949569702148438e+00
6.877678871154785156e+00
6.879175662994384766e+00
6.878622531890869141e+00
6.878256320953369141e+00
6.879415512084960938e+00
6.877721786499023438e+00
6.879662513732910156e+00
6.877783775329589844e+00
6.879343032836914062e+00
6.878292083740234375e+00
6.878746986389160156e+00
6.878885746002197266e+00
6.878250122070312500e+00
6.879243373870849609e+00
6.878081321716308594e+00
6.879243373870849609e+00
6.878249168395996094e+00
6.878973484039306641e+00
6.878594875335693359e+00
6.878634452819824219e+00
6.878905773162841797e+00
6.878410339355468750e+00
6.879045009613037109e+00
6.878381729125976562e+00
6.878988265991210938e+00
6.878520965576171875e+00
6.878814220428466797e+00
6.878723621368408203e+00
6.878632068634033203e+00
6.878887176513671875e+00
6.878527641296386719e+00
6.878951072692871094e+00
6.878533840179443359e+00
6.878909111022949219e+00
6.878623008728027344e+00
6.878806114196777344e+00
6.878746986389160156e+00
6.878695487976074219e+00
6.878852844238281250e+00
6.878625869750976562e+00
6.878907203674316406e+00
6.878613471984863281e+00
6.878903865814208984e+00
6.878651142120361328e+00
6.878859043121337891e+00
6.878717422485351562e+00
6.878799438476562500e+00
6.878785133361816406e+00
6.878749847412109375e+00
6.878836631774902344e+00
6.878724575042724609e+00
6.878862380981445312e+00
6.878727912902832031e+00
6.878858566284179688e+00
6.878754615783691406e+00
6.878836631774902344e+00
6.878795623779296875e+00
6.878801822662353516e+00
6.878843784332275391e+00
6.878765106201171875e+00
6.878890991210937500e+00
6.878732681274414062e+00
6.878933429718017578e+00
6.878705024719238281e+00
6.878973007202148438e+00
6.878679275512695312e+00
6.879013061523437500e+00
6.878648281097412109e+00
6.879062175750732422e+00
6.878605365753173828e+00
6.879132270812988281e+00
6.878535270690917969e+00
6.879235744476318359e+00
6.878421306610107422e+00
6.879392147064208984e+00
6.878242015838623047e+00
6.879628181457519531e+00
6.877976417541503906e+00
6.879960060119628906e+00
6.877621173858642578e+00
6.880370140075683594e+00
6.877239227294921875e+00
6.880722999572753906e+00
6.877058982849121094e+00
6.880709648132324219e+00
6.877413749694824219e+00
6.880077362060546875e+00
6.878334045410156250e+00
6.879059791564941406e+00
6.879340171813964844e+00
6.878246307373046875e+00
6.879880905151367188e+00
6.878065109252929688e+00
6.879726409912109375e+00
6.878551959991455078e+00
6.879042625427246094e+00
6.879349708557128906e+00
6.878314971923828125e+00
6.879913330078125000e+00
6.878018856048583984e+00
6.879905700683593750e+00
6.878308296203613281e+00
6.879398345947265625e+00
6.878933429718017578e+00
6.878774166107177734e+00
6.879486560821533203e+00
6.878402233123779297e+00
6.879682540893554688e+00
6.878438949584960938e+00
6.879493713378906250e+00
6.878768920898437500e+00
6.879132270812988281e+00
6.879128932952880859e+00
6.878867626190185547e+00
6.879295349121093750e+00
6.878846168518066406e+00
6.879219532012939453e+00
6.879024505615234375e+00
6.879014968872070312e+00
6.879246711730957031e+00
6.878843307495117188e+00
6.879370689392089844e+00
6.878808021545410156e+00
6.879343986511230469e+00
6.878917694091796875e+00
6.879204750061035156e+00
6.879087924957275391e+00
6.879058361053466797e+00
6.879217147827148438e+00
6.878990173339843750e+00
6.879243850708007812e+00
6.879029273986816406e+00
6.879173755645751953e+00
6.879147052764892578e+00
6.879048347473144531e+00
6.879287719726562500e+00
6.878930091857910156e+00
6.879403114318847656e+00
6.878851890563964844e+00
6.879470825195312500e+00
6.878818511962890625e+00
6.879508018493652344e+00
6.878800392150878906e+00
6.879547595977783203e+00
6.878771781921386719e+00
6.879609107971191406e+00
6.878727912902832031e+00
6.879675865173339844e+00
6.878705501556396484e+00
6.879676818847656250e+00
6.878814220428466797e+00
6.879486083984375000e+00
6.879165172576904297e+00
6.879027366638183594e+00
6.879774093627929688e+00
6.878356933593750000e+00
6.880500793457031250e+00
6.877665996551513672e+00
6.881137847900390625e+00
6.877169609069824219e+00
6.881496429443359375e+00
6.877035140991210938e+00
6.881449699401855469e+00
6.877326011657714844e+00
6.881012439727783203e+00
6.877919673919677734e+00
6.880390167236328125e+00
6.878544807434082031e+00
6.879875183105468750e+00
6.878939628601074219e+00
6.879654884338378906e+00
6.879025459289550781e+00
6.879688739776611328e+00
6.878938674926757812e+00
6.879803657531738281e+00
6.878851890563964844e+00
6.879849910736083984e+00
6.878888607025146484e+00
6.879749298095703125e+00
6.879070281982421875e+00
6.879534721374511719e+00
6.879323482513427734e+00
6.879298210144042969e+00
6.879545688629150391e+00
6.879126071929931641e+00
6.879688262939453125e+00
6.879029273986816406e+00
6.879765510559082031e+00
6.878977298736572266e+00
6.879823207855224609e+00
6.878929138183593750e+00
6.879896640777587891e+00
6.878855705261230469e+00
6.880003929138183594e+00
6.878750324249267578e+00
6.880130767822265625e+00
6.878633022308349609e+00
6.880259513854980469e+00
6.878516197204589844e+00
6.880394935607910156e+00
6.878383159637451172e+00
6.880562782287597656e+00
6.878205776214599609e+00
6.880795478820800781e+00
6.877950668334960938e+00
6.881122589111328125e+00
6.877599239349365234e+00
6.881542205810546875e+00
6.877182960510253906e+00
6.881988048553466797e+00
6.876809120178222656e+00
6.882305622100830078e+00
6.876671314239501953e+00
6.882281780242919922e+00
6.876970291137695312e+00
6.881761074066162109e+00
6.877762794494628906e+00
6.880807876586914062e+00
6.878851890563964844e+00
6.879714012145996094e+00
6.879896640777587891e+00
6.878815650939941406e+00
6.880620956420898438e+00
6.878311634063720703e+00
6.880912780761718750e+00
6.878236770629882812e+00
6.880800247192382812e+00
6.878516197204589844e+00
6.880403518676757812e+00
6.878996372222900391e+00
6.879896640777587891e+00
6.879503250122070312e+00
6.879440307617187500e+00
6.879903793334960938e+00
6.879135131835937500e+00
6.880132198333740234e+00
6.879007339477539062e+00
6.880191326141357422e+00
6.879031181335449219e+00
6.880123615264892578e+00
6.879158496856689453e+00
6.879981994628906250e+00
6.879328250885009766e+00
6.879819869995117188e+00
6.879498481750488281e+00
6.879671096801757812e+00
6.879639148712158203e+00
6.879558086395263672e+00
6.879737854003906250e+00
6.879487991333007812e+00
6.879796504974365234e+00
6.879457473754882812e+00
6.879824638366699219e+00
6.879453182220458984e+00
6.879830837249755859e+00
6.879467010498046875e+00
6.879825115203857422e+00
6.879487991333007812e+00
6.879817008972167969e+00
6.879507064819335938e+00
6.879812240600585938e+00
6.879520416259765625e+00
6.879811763763427734e+00
6.879531383514404297e+00
6.879817008972167969e+00
6.879535675048828125e+00
6.879826545715332031e+00
6.879534244537353516e+00
6.879841804504394531e+00
6.879527568817138672e+00
6.879861831665039062e+00
6.879517555236816406e+00
6.879884719848632812e+00
6.879506111145019531e+00
6.879914283752441406e+00
6.879485130310058594e+00
6.879951477050781250e+00
6.879457473754882812e+00
6.879995822906494141e+00
6.879417419433593750e+00
6.880054950714111328e+00
6.879364013671875000e+00
6.880131721496582031e+00
6.879286289215087891e+00
6.880237579345703125e+00
6.879179000854492188e+00
6.880379676818847656e+00
6.879027366638183594e+00
6.880576133728027344e+00
6.878817081451416016e+00
6.880839824676513672e+00
6.878533840179443359e+00
6.881190299987792969e+00
6.878167629241943359e+00
6.881623268127441406e+00
6.877750396728515625e+00
6.882076740264892578e+00
6.877385616302490234e+00
6.882391452789306641e+00
6.877296447753906250e+00
6.882284164428710938e+00
6.877741813659667969e+00
6.881567955017089844e+00
6.878746032714843750e+00
6.880410194396972656e+00
6.879976272583007812e+00
6.879270076751708984e+00
6.880964279174804688e+00
6.878559589385986328e+00
6.881403923034667969e+00
6.878459930419921875e+00
6.881212234497070312e+00
6.878928184509277344e+00
6.880542755126953125e+00
6.879700660705566406e+00
6.879751682281494141e+00
6.880414009094238281e+00
6.879174232482910156e+00
6.880816459655761719e+00
6.878994941711425781e+00
6.880803108215332031e+00
6.879214286804199219e+00
6.880455970764160156e+00
6.879668235778808594e+00
6.879975318908691406e+00
6.880147457122802734e+00
6.879568099975585938e+00
6.880472660064697266e+00
6.879373550415039062e+00
6.880560398101806641e+00
6.879415988922119141e+00
6.880429744720458984e+00
6.879637241363525391e+00
6.880160331726074219e+00
6.879931449890136719e+00
6.879879474639892578e+00
6.880188941955566406e+00
6.879675865173339844e+00
6.880346298217773438e+00
6.879595756530761719e+00
6.880377769470214844e+00
6.879634380340576172e+00
6.880305767059326172e+00
6.879755973815917969e+00
6.880174160003662109e+00
6.879910469055175781e+00
6.880032062530517578e+00
6.880052566528320312e+00
6.879922389984130859e+00
6.880148410797119141e+00
6.879865169525146484e+00
6.880188465118408203e+00
6.879868507385253906e+00
6.880170345306396484e+00
6.879922866821289062e+00
6.880110740661621094e+00
6.880013942718505859e+00
6.880020618438720703e+00
6.880128860473632812e+00
6.879908561706542969e+00
6.880259513854980469e+00
6.879779815673828125e+00
6.880408763885498047e+00
6.879628181457519531e+00
6.880591392517089844e+00
6.879435539245605469e+00
6.880829811096191406e+00
6.879169464111328125e+00
6.881160736083984375e+00
6.878796100616455078e+00
6.881611824035644531e+00
6.878300666809082031e+00
6.882173538208007812e+00
6.877763271331787109e+00
6.882665634155273438e+00
6.877482414245605469e+00
6.882679462432861328e+00
6.877902984619140625e+00
6.881866455078125000e+00
6.879121780395507812e+00
6.880453586578369141e+00
6.880615711212158203e+00
6.879113197326660156e+00
6.881699562072753906e+00
6.878430366516113281e+00
6.881945610046386719e+00
6.878655433654785156e+00
6.881320476531982422e+00
6.879600524902343750e+00
6.880241394042968750e+00
6.880666255950927734e+00
6.879395961761474609e+00
6.881199836730957031e+00
6.879272460937500000e+00
6.880953788757324219e+00
6.879846572875976562e+00
6.880204200744628906e+00
6.880658149719238281e+00
6.879503250122070312e+00
6.881166458129882812e+00
6.879296302795410156e+00
6.881095409393310547e+00
6.879652976989746094e+00
6.880581855773925781e+00
6.880244731903076172e+00
6.880062580108642578e+00
6.880629062652587891e+00
6.879893779754638672e+00
6.880589962005615234e+00
6.880141258239746094e+00
6.880207061767578125e+00
6.880609512329101562e+00
6.879740238189697266e+00
6.881041526794433594e+00
6.879404067993164062e+00
6.881290912628173828e+00
6.879261016845703125e+00
6.881381988525390625e+00
6.879213333129882812e+00
6.881453514099121094e+00
6.879124641418457031e+00
6.881599426269531250e+00
6.878959178924560547e+00
6.881799697875976562e+00
6.878806114196777344e+00
6.881908416748046875e+00
6.878838539123535156e+00
6.881748199462890625e+00
6.879186153411865234e+00
6.881274700164794922e+00
6.879781246185302734e+00
6.880647659301757812e+00
6.880408763885498047e+00
6.880095005035400391e+00
6.880884170532226562e+00
6.879741191864013672e+00
6.881137847900390625e+00
6.879622459411621094e+00
6.881145477294921875e+00
6.879746437072753906e+00
6.880922794342041016e+00
6.880065917968750000e+00
6.880550861358642578e+00
6.880468845367431641e+00
6.880152225494384766e+00
6.880840301513671875e+00
6.879850864410400391e+00
6.881063938140869141e+00
6.879750251770019531e+00
6.881067276000976562e+00
6.879876136779785156e+00
6.880867004394531250e+00
6.880159854888916016e+00
6.880570411682128906e+00
6.880471706390380859e+00
6.880298614501953125e+00
6.880705356597900391e+00
6.880140781402587891e+00
6.880805015563964844e+00
6.880124092102050781e+00
6.880770683288574219e+00
6.880225181579589844e+00
6.880650043487548828e+00
6.880381107330322266e+00
6.880498886108398438e+00
6.880548954010009766e+00
6.880343437194824219e+00
6.880710124969482422e+00
6.880202770233154297e+00
6.880854129791259766e+00
6.880074501037597656e+00
6.880995273590087891e+00
6.879939556121826172e+00
6.881150245666503906e+00
6.879779815673828125e+00
6.881352901458740234e+00
6.879555225372314453e+00
6.881647109985351562e+00
6.879214286804199219e+00
6.882093429565429688e+00
6.878693103790283203e+00
6.882756233215332031e+00
6.877953529357910156e+00
6.883642196655273438e+00
6.877100944519042969e+00
6.884491920471191406e+00
6.876606941223144531e+00
6.884576797485351562e+00
6.877310752868652344e+00
6.883113861083984375e+00
6.879480361938476562e+00
6.880603790283203125e+00
6.881959915161132812e+00
6.878622055053710938e+00
6.883269309997558594e+00
6.878267765045166016e+00
6.882737636566162109e+00
6.879604339599609375e+00
6.880922317504882812e+00
6.881510257720947266e+00
6.879288196563720703e+00
6.882577896118164062e+00
6.878927707672119141e+00
6.882192611694335938e+00
6.879903793334960938e+00
6.880846023559570312e+00
6.881322383880615234e+00
6.879652023315429688e+00
6.882109642028808594e+00
6.879411697387695312e+00
6.881827354431152344e+00
6.880132675170898438e+00
6.880858898162841797e+00
6.881155967712402344e+00
6.880003929138183594e+00
6.881739616394042969e+00
6.879805564880371094e+00
6.881583213806152344e+00
6.880273342132568359e+00
6.880932807922363281e+00
6.880973815917968750e+00
6.880315780639648438e+00
6.881417274475097656e+00
6.880112648010253906e+00
6.881379127502441406e+00
6.880369186401367188e+00
6.880985736846923828e+00
6.880825519561767578e+00
6.880562782287597656e+00
6.881169319152832031e+00
6.880368232727050781e+00
6.881217956542968750e+00
6.880478858947753906e+00
6.881009578704833984e+00
6.880760192871093750e+00
6.880727767944335938e+00
6.881014823913574219e+00
6.880553722381591797e+00
6.881102561950683594e+00
6.880572319030761719e+00
6.881010055541992188e+00
6.880736351013183594e+00
6.880829811096191406e+00
6.880928993225097656e+00
6.880680084228515625e+00
6.881041526794433594e+00
6.880639553070068359e+00
6.881025314331054688e+00
6.880719184875488281e+00
6.880917549133300781e+00
6.880856513977050781e+00
6.880791187286376953e+00
6.880978584289550781e+00
6.880712509155273438e+00
6.881027221679687500e+00
6.880715370178222656e+00
6.880996704101562500e+00
6.880785942077636719e+00
6.880917549133300781e+00
6.880886077880859375e+00
6.880834102630615234e+00
6.880966663360595703e+00
6.880787849426269531e+00
6.880999565124511719e+00
6.880790233612060547e+00
6.880988121032714844e+00
6.880832672119140625e+00
6.880943298339843750e+00
6.880892753601074219e+00
6.880897521972656250e+00
6.880943298339843750e+00
6.880868911743164062e+00
6.880971908569335938e+00
6.880866050720214844e+00
6.880975246429443359e+00
6.880887985229492188e+00
6.880955219268798828e+00
6.880921363830566406e+00
6.880933284759521484e+00
6.880957603454589844e+00
6.880912780761718750e+00
6.880984783172607422e+00
6.880906581878662109e+00
6.880996227264404297e+00
6.880912780761718750e+00
6.880999565124511719e+00
6.880925178527832031e+00
6.880993843078613281e+00
6.880944728851318359e+00
6.880987167358398438e+00
6.880960941314697266e+00
6.880986690521240234e+00
6.880973815917968750e+00
6.880990028381347656e+00
6.880981445312500000e+00
6.881000995635986328e+00
6.880978584289550781e+00
6.881019592285156250e+00
6.880970001220703125e+00
6.881044387817382812e+00
6.880950927734375000e+00
6.881080627441406250e+00
6.880922317504882812e+00
6.881129264831542969e+00
6.880879878997802734e+00
6.881197929382324219e+00
6.880812644958496094e+00
6.881294250488281250e+00
6.880711078643798828e+00
6.881435394287109375e+00
6.880549430847167969e+00
6.881650924682617188e+00
6.880299568176269531e+00
6.881972312927246094e+00
6.879924297332763672e+00
6.882446289062500000e+00
6.879393577575683594e+00
6.883057594299316406e+00
6.878805637359619141e+00
6.883591175079345703e+00
6.878547668457031250e+00
6.883493423461914062e+00
6.879217624664306641e+00
6.882357120513916016e+00
6.880735874176025391e+00
6.880790233612060547e+00
6.882121562957763672e+00
6.879829883575439453e+00
6.882550239562988281e+00
6.880005359649658203e+00
6.881890296936035156e+00
6.881023406982421875e+00
6.880818367004394531e+00
6.881951332092285156e+00
6.880260467529296875e+00
6.882065773010253906e+00
6.880580425262451172e+00
6.881409645080566406e+00
6.881376266479492188e+00
6.880661487579345703e+00
6.881910800933837891e+00
6.880453109741210938e+00
6.881794929504394531e+00
6.880882740020751953e+00
6.881217479705810547e+00
6.881512641906738281e+00
6.880718231201171875e+00
6.881822586059570312e+00
6.880681991577148438e+00
6.881635665893554688e+00
6.881065368652343750e+00
6.881193637847900391e+00
6.881505966186523438e+00
6.880885601043701172e+00
6.881664752960205078e+00
6.880922317504882812e+00
6.881494522094726562e+00
6.881202220916748047e+00
6.881200790405273438e+00
6.881473541259765625e+00
6.881031513214111328e+00
6.881542205810546875e+00
6.881093502044677734e+00
6.881402015686035156e+00
6.881301879882812500e+00
6.881203651428222656e+00
6.881478309631347656e+00
6.881104946136474609e+00
6.881511688232421875e+00
6.881160259246826172e+00
6.881410598754882812e+00
6.881307125091552734e+00
6.881273746490478516e+00
6.881436347961425781e+00
6.881197929382324219e+00
6.881476879119873047e+00
6.881221771240234375e+00
6.881430149078369141e+00
6.881307601928710938e+00
6.881353378295898438e+00
6.881387233734130859e+00
6.881312370300292969e+00
6.881409645080566406e+00
6.881335258483886719e+00
6.881373405456542969e+00
6.881403446197509766e+00
6.881311416625976562e+00
6.881479263305664062e+00
6.881258010864257812e+00
6.881529808044433594e+00
6.881237506866455078e+00
6.881552219390869141e+00
6.881238460540771484e+00
6.881561279296875000e+00
6.881237506866455078e+00
6.881593704223632812e+00
6.881199836730957031e+00
6.881670951843261719e+00
6.881104469299316406e+00
6.881814002990722656e+00
6.880936622619628906e+00
6.882037639617919922e+00
6.880681037902832031e+00
6.882361888885498047e+00
6.880306243896484375e+00
6.882833480834960938e+00
6.879757881164550781e+00
6.883518695831298828e+00
6.878967285156250000e+00
6.884484291076660156e+00
6.877907276153564453e+00
6.885682582855224609e+00
6.876798629760742188e+00
6.886634826660156250e+00
6.876457214355468750e+00
6.886215209960937500e+00
6.878034591674804688e+00
6.883644580841064453e+00
6.881383419036865234e+00
6.880159378051757812e+00
6.884499549865722656e+00
6.878006935119628906e+00
6.885407447814941406e+00
6.878571510314941406e+00
6.883546829223632812e+00
6.881321907043457031e+00
6.880582332611083984e+00
6.883845806121826172e+00
6.879039764404296875e+00
6.884152412414550781e+00
6.879956722259521484e+00
6.882323741912841797e+00
6.882175445556640625e+00
6.880291938781738281e+00
6.883553504943847656e+00
6.879837036132812500e+00
6.883081912994384766e+00
6.881056308746337891e+00
6.881501197814941406e+00
6.882616996765136719e+00
6.880369663238525391e+00
6.883124351501464844e+00
6.880592346191406250e+00
6.882331848144531250e+00
6.881743431091308594e+00
6.881166458129882812e+00
6.882671833038330078e+00
6.880698680877685547e+00
6.882636070251464844e+00
6.881187915802001953e+00
6.881868362426757812e+00
6.882040500640869141e+00
6.881145477294921875e+00
6.882502079010009766e+00
6.881047248840332031e+00
6.882269859313964844e+00
6.881545066833496094e+00
6.881664276123046875e+00
6.882133483886718750e+00
6.881243705749511719e+00
6.882330417633056641e+00
6.881313800811767578e+00
6.882060050964355469e+00
6.881727218627929688e+00
6.881625652313232422e+00
6.882108688354492188e+00
6.881384372711181641e+00
6.882191181182861328e+00
6.881479263305664062e+00
6.881975173950195312e+00
6.881784439086914062e+00
6.881673336029052734e+00
6.882045745849609375e+00
6.881522178649902344e+00
6.882092475891113281e+00
6.881602287292480469e+00
6.881937980651855469e+00
6.881813049316406250e+00
6.881737709045410156e+00
6.881990432739257812e+00
6.881631851196289062e+00
6.882031440734863281e+00
6.881677150726318359e+00
6.881937026977539062e+00
6.881819725036621094e+00
6.881797790527343750e+00
6.881954193115234375e+00
6.881712913513183594e+00
6.882002830505371094e+00
6.881728172302246094e+00
6.881956100463867188e+00
6.881817340850830078e+00
6.881865978240966797e+00
6.881914615631103516e+00
6.881798744201660156e+00
6.881968975067138672e+00
6.881788253784179688e+00
6.881961345672607422e+00
6.881834983825683594e+00
6.881910324096679688e+00
6.881906509399414062e+00
6.881856918334960938e+00
6.881961822509765625e+00
6.881830215454101562e+00
6.881981372833251953e+00
6.881843566894531250e+00
6.881964683532714844e+00
6.881883621215820312e+00
6.881937980651855469e+00
6.881921768188476562e+00
6.881918907165527344e+00
6.881947040557861328e+00
6.881920814514160156e+00
6.881940841674804688e+00
6.881954193115234375e+00
6.881912708282470703e+00
6.882005691528320312e+00
6.881870269775390625e+00
6.882074356079101562e+00
6.881815433502197266e+00
6.882156848907470703e+00
6.881747245788574219e+00
6.882271766662597656e+00
6.881637573242187500e+00
6.882453918457031250e+00
6.881457328796386719e+00
6.882715225219726562e+00
6.881217002868652344e+00
6.882955074310302734e+00
6.881100654602050781e+00
6.882920265197753906e+00
6.881350994110107422e+00
6.882474899291992188e+00
6.881996154785156250e+00
6.881761550903320312e+00
6.882758140563964844e+00
6.881147384643554688e+00
6.883207321166992188e+00
6.881005764007568359e+00
6.883050918579101562e+00
6.881459236145019531e+00
6.882371425628662109e+00
6.882254600524902344e+00
6.881591796875000000e+00
6.882918357849121094e+00
6.881161212921142578e+00
6.883095741271972656e+00
6.881292819976806641e+00
6.882725715637207031e+00
6.881863117218017578e+00
6.882081985473632812e+00
6.882498741149902344e+00
6.881563663482666016e+00
6.882856845855712891e+00
6.881427764892578125e+00
6.882797241210937500e+00
6.881684780120849609e+00
6.882428169250488281e+00
6.882128238677978516e+00
6.881999969482421875e+00
6.882501602172851562e+00
6.881741046905517578e+00
6.882639884948730469e+00
6.881742000579833984e+00
6.882535457611083984e+00
6.881941795349121094e+00
6.882300376892089844e+00
6.882198810577392578e+00
6.882077217102050781e+00
6.882388114929199219e+00
6.881963729858398438e+00
6.882446289062500000e+00
6.881981849670410156e+00
6.882392406463623047e+00
6.882084846496582031e+00
6.882285118103027344e+00
6.882207870483398438e+00
6.882185935974121094e+00
6.882297515869140625e+00
6.882137775421142578e+00
6.882332801818847656e+00
6.882143974304199219e+00
6.882323265075683594e+00
6.882184505462646484e+00
6.882288932800292969e+00
6.882234573364257812e+00
6.882254123687744141e+00
6.882274627685546875e+00
6.882233142852783203e+00
6.882297039031982422e+00
6.882232666015625000e+00
6.882302284240722656e+00
6.882246971130371094e+00
6.882295608520507812e+00
6.882268905639648438e+00
6.882286071777343750e+00
6.882287979125976562e+00
6.882279872894287109e+00
6.882303237915039062e+00
6.882280826568603516e+00
6.882311820983886719e+00
6.882287502288818359e+00
6.882316589355468750e+00
6.882298946380615234e+00
6.882318019866943359e+00
6.882311344146728516e+00
6.882321357727050781e+00
6.882320404052734375e+00
6.882327556610107422e+00
6.882324218750000000e+00
6.882337570190429688e+00
6.882327079772949219e+00
6.882349967956542969e+00
6.882326602935791016e+00
6.882366180419921875e+00
6.882323741912841797e+00
6.882381916046142578e+00
6.882325172424316406e+00
6.882393836975097656e+00
6.882325172424316406e+00
6.882404327392578125e+00
6.882328987121582031e+00
6.882411956787109375e+00
6.882336139678955078e+00
6.882417678833007812e+00
6.882346153259277344e+00
6.882420539855957031e+00
6.882356166839599609e+00
6.882425308227539062e+00
6.882364273071289062e+00
6.882432937622070312e+00
6.882369995117187500e+00
6.882442474365234375e+00
6.882369518280029297e+00
6.882460117340087891e+00
6.882362365722656250e+00
6.882485389709472656e+00
6.882346153259277344e+00
6.882522106170654297e+00
6.882316589355468750e+00
6.882575988769531250e+00
6.882267951965332031e+00
6.882650375366210938e+00
6.882189750671386719e+00
6.882767677307128906e+00
6.882063865661621094e+00
6.882943153381347656e+00
6.881871223449707031e+00
6.883211612701416016e+00
6.881569862365722656e+00
6.883620262145996094e+00
6.881138801574707031e+00
6.884183883666992188e+00
6.880617141723632812e+00
6.884779453277587891e+00
6.880234241485595703e+00
6.885005474090576172e+00
6.880395889282226562e+00
6.884527206420898438e+00
6.881152153015136719e+00
6.883646011352539062e+00
6.882086277008056641e+00
6.882788658142089844e+00
6.882905006408691406e+00
6.882152080535888672e+00
6.883418083190917969e+00
6.881839752197265625e+00
6.883568763732910156e+00
6.881866455078125000e+00
6.883311271667480469e+00
6.882270812988281250e+00
6.882787704467773438e+00
6.882768630981445312e+00
6.882373809814453125e+00
6.883062362670898438e+00
6.882273674011230469e+00
6.883015155792236328e+00
6.882475852966308594e+00
6.882796764373779297e+00
6.882682323455810547e+00
6.882681846618652344e+00
6.882726192474365234e+00
6.882737636566162109e+00
6.882637023925781250e+00
6.882855415344238281e+00
6.882587432861328125e+00
6.882839679718017578e+00
6.882697582244873047e+00
6.882682800292968750e+00
6.882878303527832031e+00
6.882528305053710938e+00
6.882990837097167969e+00
6.882500171661376953e+00
6.882951736450195312e+00
6.882612228393554688e+00
6.882820129394531250e+00
6.882756233215332031e+00
6.882711887359619141e+00
6.882846832275390625e+00
6.882678031921386719e+00
6.882863521575927734e+00
6.882700920104980469e+00
6.882854461669921875e+00
6.882711410522460938e+00
6.882869720458984375e+00
6.882695674896240234e+00
6.882898330688476562e+00
6.882685184478759766e+00
6.882904052734375000e+00
6.882718086242675781e+00
6.882863044738769531e+00
6.882792949676513672e+00
6.882791519165039062e+00
6.882873535156250000e+00
6.882735252380371094e+00
6.882921218872070312e+00
6.882722854614257812e+00
6.882920265197753906e+00
6.882755279541015625e+00
6.882892608642578125e+00
6.882797241210937500e+00
6.882868289947509766e+00
6.882824897766113281e+00
6.882866382598876953e+00
6.882826805114746094e+00
6.882885932922363281e+00
6.882816314697265625e+00
6.882905960083007812e+00
6.882818222045898438e+00
6.882914543151855469e+00
6.882827758789062500e+00
6.882913112640380859e+00
6.882845878601074219e+00
6.882907390594482422e+00
6.882860660552978516e+00
6.882911682128906250e+00
6.882865905761718750e+00
6.882925033569335938e+00
6.882863521575927734e+00
6.882944107055664062e+00
6.882856845855712891e+00
6.882960796356201172e+00
6.882854461669921875e+00
6.882972240447998047e+00
6.882856845855712891e+00
6.882983207702636719e+00
6.882857322692871094e+00
6.883002758026123047e+00
6.882848739624023438e+00
6.883032321929931641e+00
6.882823944091796875e+00
6.883080482482910156e+00
6.882780551910400391e+00
6.883152008056640625e+00
6.882712364196777344e+00
6.883248805999755859e+00
6.882610797882080078e+00
6.883385658264160156e+00
6.882460117340087891e+00
6.883584499359130859e+00
6.882232189178466797e+00
6.883882522583007812e+00
6.881882667541503906e+00
6.884335041046142578e+00
6.881350994110107422e+00
6.885007858276367188e+00
6.880577564239501953e+00
6.885945796966552734e+00
6.879569053649902344e+00
6.887040138244628906e+00
6.878615379333496094e+00
6.887762069702148438e+00
6.878500938415527344e+00
6.887155532836914062e+00
6.880039215087890625e+00
6.884871482849121094e+00
6.882846832275390625e+00
6.882030010223388672e+00
6.885399818420410156e+00
6.880198478698730469e+00
6.886360645294189453e+00
6.880284309387207031e+00
6.885320663452148438e+00
6.882080078125000000e+00
6.883129119873046875e+00
6.884257793426513672e+00
6.881352901458740234e+00
6.885371208190917969e+00
6.881035804748535156e+00
6.884918689727783203e+00
6.882117271423339844e+00
6.883456230163574219e+00
6.883672714233398438e+00
6.882113456726074219e+00
6.884586334228515625e+00
6.881767272949218750e+00
6.884385108947753906e+00
6.882427215576171875e+00
6.883472919464111328e+00
6.883416175842285156e+00
6.882636070251464844e+00
6.884003639221191406e+00
6.882401943206787109e+00
6.883928298950195312e+00
6.882742881774902344e+00
6.883449077606201172e+00
6.883270740509033203e+00
6.882989883422851562e+00
6.883611679077148438e+00
6.882825851440429688e+00
6.883632183074951172e+00
6.882943630218505859e+00
6.883457183837890625e+00
6.883161544799804688e+00
6.883262634277343750e+00
6.883343696594238281e+00
6.883132934570312500e+00
6.883445739746093750e+00
6.883082866668701172e+00
6.883476257324218750e+00
6.883096218109130859e+00
6.883449077606201172e+00
6.883163452148437500e+00
6.883373737335205078e+00
6.883268833160400391e+00
6.883271217346191406e+00
6.883385181427001953e+00
6.883182048797607422e+00
6.883465766906738281e+00
6.883153915405273438e+00
6.883467197418212891e+00
6.883206367492675781e+00
6.883400440216064453e+00
6.883301258087158203e+00
6.883311748504638672e+00
6.883394241333007812e+00
6.883251667022705078e+00
6.883441448211669922e+00
6.883246421813964844e+00
6.883436203002929688e+00
6.883285999298095703e+00
6.883398056030273438e+00
6.883343696594238281e+00
6.883354187011718750e+00
6.883392333984375000e+00
6.883328437805175781e+00
6.883423805236816406e+00
6.883316993713378906e+00
6.883448600769042969e+00
6.883312225341796875e+00
6.883464813232421875e+00
6.883310317993164062e+00
6.883481025695800781e+00
6.883309841156005859e+00
6.883492469787597656e+00
6.883315086364746094e+00
6.883501052856445312e+00
6.883321285247802734e+00
6.883511543273925781e+00
6.883318901062011719e+00
6.883539676666259766e+00
6.883290767669677734e+00
6.883601665496826172e+00
6.883219718933105469e+00
6.883716106414794922e+00
6.883095741271972656e+00
6.883884429931640625e+00
6.882930755615234375e+00
6.884083747863769531e+00
6.882773399353027344e+00
6.884217739105224609e+00
6.882782936096191406e+00
6.884079933166503906e+00
6.883165359497070312e+00
6.883526802062988281e+00
6.883885860443115234e+00
6.882802963256835938e+00
6.884517669677734375e+00
6.882414817810058594e+00
6.884622573852539062e+00
6.882671356201171875e+00
6.884098052978515625e+00
6.883464813232421875e+00
6.883228302001953125e+00
6.884344100952148438e+00
6.882531166076660156e+00
6.884798049926757812e+00
6.882414817810058594e+00
6.884592056274414062e+00
6.882918357849121094e+00
6.883903980255126953e+00
6.883700370788574219e+00
6.883181571960449219e+00
6.884301185607910156e+00
6.882813453674316406e+00
6.884450912475585938e+00
6.882913112640380859e+00
6.884180068969726562e+00
6.883320331573486328e+00
6.883739948272705078e+00
6.883745193481445312e+00
6.883419990539550781e+00
6.883955955505371094e+00
6.883360862731933594e+00
6.883918285369873047e+00
6.883500099182128906e+00
6.883745193481445312e+00
6.883686542510986328e+00
6.883602619171142578e+00
6.883777618408203125e+00
6.883595466613769531e+00
6.883727073669433594e+00
6.883715152740478516e+00
6.883588790893554688e+00
6.883874416351318359e+00
6.883465766906738281e+00
6.883966445922851562e+00
6.883440971374511719e+00
6.883946418762207031e+00
6.883527755737304688e+00
6.883831024169921875e+00
6.883684158325195312e+00
6.883682250976562500e+00
6.883835315704345703e+00
6.883572578430175781e+00
6.883923053741455078e+00
6.883542060852050781e+00
6.883930683135986328e+00
6.883582592010498047e+00
6.883880615234375000e+00
6.883656501770019531e+00
6.883818626403808594e+00
6.883724212646484375e+00
6.883782386779785156e+00
6.883750915527343750e+00
6.883791923522949219e+00
6.883733749389648438e+00
6.883837699890136719e+00
6.883686542510986328e+00
6.883903503417968750e+00
6.883632183074951172e+00
6.883965492248535156e+00
6.883589744567871094e+00
6.884016513824462891e+00
6.883559703826904297e+00
6.884055137634277344e+00
6.883539676666259766e+00
6.884091377258300781e+00
6.883510112762451172e+00
6.884147167205810547e+00
6.883454799652099609e+00
6.884235858917236328e+00
6.883354187011718750e+00
6.884379863739013672e+00
6.883189678192138672e+00
6.884601116180419922e+00
6.882942199707031250e+00
6.884919166564941406e+00
6.882584571838378906e+00
6.885362625122070312e+00
6.882096290588378906e+00
6.885951995849609375e+00
6.881475448608398438e+00
6.886659622192382812e+00
6.880808830261230469e+00
6.887318611145019531e+00
6.880383491516113281e+00
6.887504577636718750e+00
6.880695819854736328e+00
6.886726379394531250e+00
6.882027626037597656e+00
6.885038375854492188e+00
6.883916378021240234e+00
6.883241653442382812e+00
6.885462760925292969e+00
6.882161140441894531e+00
6.886044025421142578e+00
6.882154464721679688e+00
6.885552883148193359e+00
6.883060455322265625e+00
6.884394168853759766e+00
6.884273052215576172e+00
6.883285522460937500e+00
6.885127067565917969e+00
6.882769107818603516e+00
6.885279655456542969e+00
6.882976531982421875e+00
6.884797096252441406e+00
6.883665084838867188e+00
6.884041786193847656e+00
6.884406089782714844e+00
6.883440494537353516e+00
6.884833812713623047e+00
6.883245468139648438e+00
6.884825706481933594e+00
6.883460044860839844e+00
6.884484291076660156e+00
6.883903503417968750e+00
6.884033203125000000e+00
6.884331703186035156e+00
6.883691310882568359e+00
6.884572505950927734e+00
6.883581161499023438e+00
6.884567260742187500e+00
6.883699417114257812e+00
6.884380340576171875e+00
6.883947849273681641e+00
6.884126663208007812e+00
6.884206771850585938e+00
6.883913516998291016e+00
6.884377479553222656e+00
6.883817672729492188e+00
6.884420871734619141e+00
6.883849143981933594e+00
6.884348869323730469e+00
6.883973598480224609e+00
6.884214401245117188e+00
6.884128570556640625e+00
6.884077072143554688e+00
6.884260177612304688e+00
6.883984565734863281e+00
6.884329795837402344e+00
6.883964061737060547e+00
6.884330272674560547e+00
6.884010314941406250e+00
6.884273052215576172e+00
6.884096622467041016e+00
6.884189605712890625e+00
6.884192943572998047e+00
6.884113311767578125e+00
6.884269237518310547e+00
6.884061813354492188e+00
6.884316921234130859e+00
6.884049415588378906e+00
6.884322166442871094e+00
6.884072303771972656e+00
6.884301662445068359e+00
6.884114265441894531e+00
6.884264469146728516e+00
6.884168624877929688e+00
6.884227275848388672e+00
6.884215354919433594e+00
6.884201049804687500e+00
6.884249687194824219e+00
6.884186744689941406e+00
6.884271621704101562e+00
6.884191513061523438e+00
6.884272098541259766e+00
6.884211540222167969e+00
6.884260177612304688e+00
6.884242057800292969e+00
6.884238243103027344e+00
6.884280204772949219e+00
6.884207248687744141e+00
6.884326934814453125e+00
6.884171485900878906e+00
6.884383678436279297e+00
6.884122848510742188e+00
6.884457111358642578e+00
6.884054183959960938e+00
6.884554862976074219e+00
6.883952140808105469e+00
6.884694099426269531e+00
6.883797168731689453e+00
6.884902000427246094e+00
6.883558273315429688e+00
6.885214805603027344e+00
6.883195400238037109e+00
6.885676383972167969e+00
6.882666587829589844e+00
6.886308670043945312e+00
6.881999969482421875e+00
6.886999607086181641e+00
6.881453514099121094e+00
6.887320518493652344e+00
6.881611824035644531e+00
6.886666774749755859e+00
6.882836341857910156e+00
6.885118484497070312e+00
6.884516716003417969e+00
6.883633613586425781e+00
6.885635852813720703e+00
6.883058547973632812e+00
6.885667800903320312e+00
6.883563041687011719e+00
6.884830951690673828e+00
6.884564876556396484e+00
6.883941173553466797e+00
6.885184288024902344e+00
6.883723735809326172e+00
6.884993553161621094e+00
6.884240627288818359e+00
6.884298324584960938e+00
6.884944915771484375e+00
6.883749485015869141e+00
6.885238647460937500e+00
6.883793354034423828e+00
6.884913444519042969e+00
6.884356975555419922e+00
6.884278297424316406e+00
6.884965419769287109e+00
6.883845806121826172e+00
6.885185241699218750e+00
6.883903026580810547e+00
6.884924411773681641e+00
6.884343147277832031e+00
6.884454250335693359e+00
6.884795665740966797e+00
6.884138107299804688e+00
6.884968280792236328e+00
6.884151935577392578e+00
6.884817123413085938e+00
6.884422302246093750e+00
6.884529113769531250e+00
6.884705543518066406e+00
6.884337425231933594e+00
6.884814262390136719e+00
6.884356975555419922e+00
6.884711265563964844e+00
6.884535789489746094e+00
6.884521961212158203e+00
6.884723663330078125e+00
6.884395122528076172e+00
6.884798049926757812e+00
6.884412288665771484e+00
6.884730339050292969e+00
6.884544372558593750e+00
6.884587287902832031e+00
6.884704589843750000e+00
6.884461402893066406e+00
6.884810924530029297e+00
6.884411811828613281e+00
6.884834766387939453e+00
6.884436607360839844e+00
6.884810447692871094e+00
6.884476661682128906e+00
6.884804248809814453e+00
6.884472846984863281e+00
6.884862422943115234e+00
6.884384155273437500e+00
6.885015487670898438e+00
6.884196758270263672e+00
6.885268211364746094e+00
6.883913993835449219e+00
6.885622978210449219e+00
6.883521080017089844e+00
6.886106491088867188e+00
6.882987976074218750e+00
6.886766433715820312e+00
6.882276535034179688e+00
6.887610912322998047e+00
6.881478786468505859e+00
6.888404846191406250e+00
6.881038665771484375e+00
6.888454437255859375e+00
6.881732463836669922e+00
6.887067794799804688e+00
6.883735656738281250e+00
6.884802341461181641e+00
6.885935306549072266e+00
6.883098602294921875e+00
6.887022495269775391e+00
6.882879257202148438e+00
6.886493682861328125e+00
6.884054183959960938e+00
6.884990215301513672e+00
6.885557174682617188e+00
6.883787631988525391e+00
6.886242389678955078e+00
6.883687496185302734e+00
6.885776042938232422e+00
6.884544372558593750e+00
6.884750366210937500e+00
6.885511398315429688e+00
6.884072780609130859e+00
6.885821342468261719e+00
6.884185314178466797e+00
6.885363578796386719e+00
6.884864330291748047e+00
6.884645938873291016e+00
6.885485649108886719e+00
6.884278774261474609e+00
6.885593891143798828e+00
6.884469032287597656e+00
6.885202407836914062e+00
6.884985446929931641e+00
6.884694099426269531e+00
6.885394573211669922e+00
6.884463310241699219e+00
6.885436058044433594e+00
6.884613037109375000e+00
6.885153770446777344e+00
6.884974479675292969e+00
6.884806632995605469e+00
6.885256767272949219e+00
6.884652137756347656e+00
6.885299205780029297e+00
6.884743690490722656e+00
6.885132789611816406e+00
6.884976863861083984e+00
6.884914875030517578e+00
6.885166168212890625e+00
6.884805679321289062e+00
6.885205745697021484e+00
6.884852409362792969e+00
6.885110855102539062e+00
6.884997844696044922e+00
6.884973049163818359e+00
6.885132789611816406e+00
6.884894371032714844e+00
6.885179996490478516e+00
6.884910106658935547e+00
6.885133743286132812e+00
6.885001182556152344e+00
6.885041236877441406e+00
6.885102272033691406e+00
6.884970664978027344e+00
6.885161399841308594e+00
6.884957313537597656e+00
6.885159492492675781e+00
6.884996891021728516e+00
6.885113239288330078e+00
6.885061264038085938e+00
6.885063648223876953e+00
6.885113716125488281e+00
6.885037422180175781e+00
6.885138988494873047e+00
6.885046958923339844e+00
6.885128498077392578e+00
6.885083198547363281e+00
6.885102272033691406e+00
6.885126113891601562e+00
6.885076045989990234e+00
6.885159969329833984e+00
6.885066986083984375e+00
6.885174751281738281e+00
6.885072708129882812e+00
6.885177135467529297e+00
6.885091304779052734e+00
6.885169506072998047e+00
6.885113716125488281e+00
6.885166168212890625e+00
6.885127067565917969e+00
6.885172367095947266e+00
6.885128974914550781e+00
6.885193824768066406e+00
6.885115623474121094e+00
6.885230064392089844e+00
6.885090827941894531e+00
6.885278701782226562e+00
6.885049343109130859e+00
6.885345458984375000e+00
6.884990692138671875e+00
6.885430335998535156e+00
6.884904861450195312e+00
6.885550022125244141e+00
6.884777069091796875e+00
6.885724067687988281e+00
6.884580135345458984e+00
6.885989189147949219e+00
6.884268760681152344e+00
6.886395454406738281e+00
6.883787155151367188e+00
6.887002468109130859e+00
6.883091926574707031e+00
6.887820243835449219e+00
6.882249832153320312e+00
6.888646602630615234e+00
6.881673812866210938e+00
6.888840675354003906e+00
6.882149696350097656e+00
6.887706756591796875e+00
6.883950710296630859e+00
6.885599136352539062e+00
6.886110782623291016e+00
6.883794784545898438e+00
6.887383460998535156e+00
6.883248805999755859e+00
6.887228012084960938e+00
6.884047508239746094e+00
6.886006355285644531e+00
6.885469436645507812e+00
6.884670257568359375e+00
6.886507987976074219e+00
6.884127616882324219e+00
6.886540889739990234e+00
6.884592056274414062e+00
6.885772705078125000e+00
6.885501861572265625e+00
6.884953498840332031e+00
6.886110305786132812e+00
6.884680271148681641e+00
6.886063575744628906e+00
6.885043144226074219e+00
6.885524749755859375e+00
6.885672092437744141e+00
6.884983062744140625e+00
6.886045932769775391e+00
6.884884357452392578e+00
6.885897636413574219e+00
6.885267257690429688e+00
6.885406970977783203e+00
6.885789871215820312e+00
6.884986877441406250e+00
6.886053085327148438e+00
6.884937286376953125e+00
6.885908603668212891e+00
6.885262012481689453e+00
6.885496139526367188e+00
6.885712623596191406e+00
6.885124206542968750e+00
6.885973930358886719e+00
6.885039806365966797e+00
6.885910034179687500e+00
6.885249614715576172e+00
6.885632038116455078e+00
6.885562896728515625e+00
6.885365009307861328e+00
6.885770797729492188e+00
6.885267257690429688e+00
6.885780811309814453e+00
6.885361671447753906e+00
6.885641098022460938e+00
6.885541915893554688e+00
6.885485649108886719e+00
6.885672569274902344e+00
6.885426521301269531e+00
6.885683059692382812e+00
6.885483741760253906e+00
6.885602951049804688e+00
6.885596275329589844e+00
6.885506629943847656e+00
6.885687828063964844e+00
6.885455608367919922e+00
6.885717868804931641e+00
6.885475158691406250e+00
6.885682106018066406e+00
6.885544776916503906e+00
6.885619640350341797e+00
6.885618209838867188e+00
6.885569572448730469e+00
6.885667800903320312e+00
6.885553836822509766e+00
6.885683059692382812e+00
6.885567665100097656e+00
6.885674953460693359e+00
6.885596275329589844e+00
6.885657310485839844e+00
6.885625362396240234e+00
6.885646820068359375e+00
6.885645389556884766e+00
6.885646820068359375e+00
6.885656356811523438e+00
6.885656356811523438e+00
6.885657787322998047e+00
6.885672569274902344e+00
6.885652542114257812e+00
6.885695457458496094e+00
6.885641098022460938e+00
6.885723114013671875e+00
6.885626792907714844e+00
6.885752677917480469e+00
6.885609149932861328e+00
6.885788440704345703e+00
6.885584354400634766e+00
6.885828971862792969e+00
6.885556221008300781e+00
6.885879516601562500e+00
6.885514259338378906e+00
6.885945320129394531e+00
6.885449886322021484e+00
6.886040687561035156e+00
6.885346889495849609e+00
6.886186599731445312e+00
6.885181903839111328e+00
6.886416435241699219e+00
6.884915828704833984e+00
6.886770248413085938e+00
6.884500503540039062e+00
6.887308120727539062e+00
6.883885383605957031e+00
6.888080596923828125e+00
6.883055210113525391e+00
6.889039993286132812e+00
6.882203102111816406e+00
6.889791488647460938e+00
6.881973266601562500e+00
6.889439582824707031e+00
6.883199691772460938e+00
6.887492656707763672e+00
6.885637283325195312e+00
6.885029315948486328e+00
6.887776851654052734e+00
6.883638858795166016e+00
6.888338088989257812e+00
6.884059429168701172e+00
6.887134552001953125e+00
6.885786056518554688e+00
6.885292530059814453e+00
6.887348175048828125e+00
6.884296417236328125e+00
6.887600421905517578e+00
6.884757518768310547e+00
6.886550903320312500e+00
6.886103630065917969e+00
6.885227203369140625e+00
6.887147903442382812e+00
6.884696006774902344e+00
6.887132644653320312e+00
6.885239124298095703e+00
6.886238098144531250e+00
6.886283874511718750e+00
6.885303497314453125e+00
6.886959075927734375e+00
6.885043144226074219e+00
6.886830806732177734e+00
6.885535240173339844e+00
6.886130332946777344e+00
6.886296272277832031e+00
6.885478019714355469e+00
6.886734008789062500e+00
6.885326385498046875e+00
6.886612415313720703e+00
6.885685920715332031e+00
6.886120796203613281e+00
6.886219024658203125e+00
6.885671138763427734e+00
6.886528968811035156e+00
6.885557651519775391e+00
6.886470794677734375e+00
6.885785102844238281e+00
6.886158943176269531e+00
6.886145591735839844e+00
6.885850906372070312e+00
6.886382102966308594e+00
6.885739803314208984e+00
6.886387825012207031e+00
6.885846138000488281e+00
6.886215209960937500e+00
6.886072158813476562e+00
6.886008262634277344e+00
6.886254310607910156e+00
6.885900020599365234e+00
6.886310577392578125e+00
6.885922908782958984e+00
6.886244773864746094e+00
6.886036396026611328e+00
6.886127948760986328e+00
6.886158943176269531e+00
6.886039733886718750e+00
6.886227607727050781e+00
6.886020660400390625e+00
6.886224746704101562e+00
6.886065483093261719e+00
6.886173248291015625e+00
6.886138916015625000e+00
6.886114597320556641e+00
6.886198997497558594e+00
6.886083602905273438e+00
6.886228561401367188e+00
6.886088848114013672e+00
6.886223793029785156e+00
6.886121273040771484e+00
6.886200904846191406e+00
6.886158943176269531e+00
6.886179924011230469e+00
6.886185169219970703e+00
6.886178016662597656e+00
6.886191368103027344e+00
6.886197566986083984e+00
6.886174201965332031e+00
6.886234760284423828e+00
6.886146068572998047e+00
6.886283874511718750e+00
6.886107444763183594e+00
6.886340141296386719e+00
6.886064052581787109e+00
6.886402130126953125e+00
6.886012077331542969e+00
6.886477470397949219e+00
6.885939598083496094e+00
6.886583328247070312e+00
6.885828018188476562e+00
6.886744022369384766e+00
6.885640621185302734e+00
6.887000083923339844e+00
6.885344028472900391e+00
6.887385368347167969e+00
6.884897232055664062e+00
6.887936592102050781e+00
6.884309768676757812e+00
6.888562202453613281e+00
6.883793354034423828e+00
6.888907432556152344e+00
6.883845329284667969e+00
6.888426780700683594e+00
6.884840965270996094e+00
6.887110233306884766e+00
6.886317253112792969e+00
6.885760307312011719e+00
6.887400627136230469e+00
6.885106563568115234e+00
6.887626647949218750e+00
6.885341644287109375e+00
6.887086391448974609e+00
6.886095046997070312e+00
6.886341571807861328e+00
6.886728286743164062e+00
6.885952949523925781e+00
6.886858463287353516e+00
6.886058330535888672e+00
6.886598587036132812e+00
6.886373996734619141e+00
6.886327743530273438e+00
6.886552333831787109e+00
6.886301040649414062e+00
6.886471748352050781e+00
6.886487007141113281e+00
6.886282920837402344e+00
6.886663436889648438e+00
6.886206626892089844e+00
6.886653900146484375e+00
6.886344909667968750e+00
6.886459350585937500e+00
6.886600494384765625e+00
6.886246681213378906e+00
6.886771202087402344e+00
6.886189460754394531e+00
6.886746406555175781e+00
6.886320114135742188e+00
6.886569023132324219e+00
6.886542320251464844e+00
6.886375904083251953e+00
6.886710166931152344e+00
6.886294364929199219e+00
6.886732101440429688e+00
6.886355876922607422e+00
6.886632919311523438e+00
6.886503219604492188e+00
6.886495590209960938e+00
6.886636257171630859e+00
6.886417865753173828e+00
6.886685371398925781e+00
6.886429309844970703e+00
6.886656761169433594e+00
6.886498928070068359e+00
6.886590957641601562e+00
6.886579036712646484e+00
6.886538505554199219e+00
6.886625289916992188e+00
6.886534214019775391e+00
6.886630535125732422e+00
6.886561393737792969e+00
6.886613845825195312e+00
6.886595249176025391e+00
6.886603355407714844e+00
6.886609077453613281e+00
6.886618614196777344e+00
6.886598587036132812e+00
6.886654853820800781e+00
6.886573791503906250e+00
6.886697769165039062e+00
6.886552810668945312e+00
6.886729240417480469e+00
6.886545658111572266e+00
6.886741638183593750e+00
6.886558532714843750e+00
6.886739730834960938e+00
6.886583328247070312e+00
6.886730194091796875e+00
6.886605739593505859e+00
6.886727809906005859e+00
6.886617660522460938e+00
6.886741638183593750e+00
6.886610984802246094e+00
6.886772155761718750e+00
6.886588096618652344e+00
6.886818885803222656e+00
6.886548042297363281e+00
6.886882781982421875e+00
6.886494636535644531e+00
6.886963844299316406e+00
6.886417388916015625e+00
6.887075901031494141e+00
6.886301040649414062e+00
6.887233734130859375e+00
6.886128425598144531e+00
6.887466430664062500e+00
6.885862827301025391e+00
6.887812614440917969e+00
6.885471343994140625e+00
6.888295173645019531e+00
6.884948730468750000e+00
6.888883113861083984e+00
6.884401321411132812e+00
6.889359474182128906e+00
6.884196281433105469e+00
6.889235496520996094e+00
6.884847640991210938e+00
6.888124465942382812e+00
6.886395454406738281e+00
6.886415958404541016e+00
6.888077735900878906e+00
6.885043144226074219e+00
6.889003753662109375e+00
6.884714126586914062e+00
6.888776779174804688e+00
6.885467529296875000e+00
6.887721061706542969e+00
6.886672973632812500e+00
6.886637687683105469e+00
6.887500762939453125e+00
6.886228561401367188e+00
6.887483119964599609e+00
6.886651992797851562e+00
6.886802196502685547e+00
6.887462139129638672e+00
6.886053085327148438e+00
6.888055801391601562e+00
6.885732650756835938e+00
6.888119697570800781e+00
6.885932922363281250e+00
6.887773513793945312e+00
6.886374473571777344e+00
6.887385845184326172e+00
6.886673450469970703e+00
6.887278079986572266e+00
6.886611938476562500e+00
6.887532234191894531e+00
6.886245250701904297e+00
6.887980461120605469e+00
6.885803699493408203e+00
6.888397693634033203e+00
6.885471820831298828e+00
6.888676166534423828e+00
6.885287284851074219e+00
6.888833999633789062e+00
6.885185718536376953e+00
6.888966560363769531e+00
6.885068893432617188e+00
6.889142036437988281e+00
6.884920120239257812e+00
6.889308452606201172e+00
6.884847640991210938e+00
6.889312744140625000e+00
6.885010242462158203e+00
6.889013290405273438e+00
6.885502815246582031e+00
6.888394355773925781e+00
6.886248588562011719e+00
6.887617111206054688e+00
6.887042522430419922e+00
6.886888980865478516e+00
6.887696743011474609e+00
6.886368274688720703e+00
6.888102531433105469e+00
6.886101245880126953e+00
6.888256072998046875e+00
6.886072158813476562e+00
6.888189315795898438e+00
6.886237621307373047e+00
6.887963294982910156e+00
6.886527061462402344e+00
6.887653827667236328e+00
6.886869430541992188e+00
6.887329101562500000e+00
6.887195110321044922e+00
6.887053012847900391e+00
6.887446880340576172e+00
6.886857032775878906e+00
6.887614250183105469e+00
6.886749267578125000e+00
6.887694358825683594e+00
6.886719226837158203e+00
6.887713432312011719e+00
6.886734962463378906e+00
6.887694358825683594e+00
6.886777877807617188e+00
6.887656211853027344e+00
6.886834144592285156e+00
6.887607097625732422e+00
6.886900424957275391e+00
6.887547492980957031e+00
6.886982917785644531e+00
6.887477397918701172e+00
6.887075424194335938e+00
6.887396335601806641e+00
6.887173175811767578e+00
6.887318134307861328e+00
6.887262344360351562e+00
6.887250900268554688e+00
6.887333869934082031e+00
6.887202262878417969e+00
6.887386798858642578e+00
6.887174129486083984e+00
6.887422084808349609e+00
6.887159824371337891e+00
6.887449264526367188e+00
6.887147903442382812e+00
6.887478351593017578e+00
6.887126445770263672e+00
6.887521743774414062e+00
6.887091159820556641e+00
6.887582778930664062e+00
6.887033462524414062e+00
6.887668609619140625e+00
6.886952877044677734e+00
6.887779235839843750e+00
6.886841297149658203e+00
6.887923240661621094e+00
6.886690139770507812e+00
6.888117790222167969e+00
6.886483192443847656e+00
6.888382434844970703e+00
6.886196136474609375e+00
6.888743400573730469e+00
6.885805130004882812e+00
6.889221668243408203e+00
6.885302066802978516e+00
6.889806747436523438e+00
6.884745597839355469e+00
6.890385150909423828e+00
6.884325981140136719e+00
6.890666484832763672e+00
6.884408950805664062e+00
6.890246868133544922e+00
6.885300159454345703e+00
6.889007091522216797e+00
6.886827945709228516e+00
6.887420654296875000e+00
6.888341903686523438e+00
6.886188507080078125e+00
6.889244079589843750e+00
6.885740756988525391e+00
6.889271736145019531e+00
6.886141777038574219e+00
6.888538360595703125e+00
6.887091636657714844e+00
6.887497901916503906e+00
6.888071060180664062e+00
6.886686325073242188e+00
6.888643741607666016e+00
6.886406898498535156e+00
6.888650894165039062e+00
6.886680603027343750e+00
6.888191699981689453e+00
6.887281417846679688e+00
6.887567043304443359e+00
6.887886047363281250e+00
6.887074947357177734e+00
6.888249397277832031e+00
6.886892318725585938e+00
6.888286113739013672e+00
6.887022972106933594e+00
6.888056755065917969e+00
6.887345314025878906e+00
6.887710094451904297e+00
6.887695312500000000e+00
6.887406349182128906e+00
6.887940406799316406e+00
6.887251377105712891e+00
6.888023376464843750e+00
6.887264251708984375e+00
6.887956142425537109e+00
6.887401580810546875e+00
6.887800216674804688e+00
6.887590408325195312e+00
6.887627601623535156e+00
6.887764930725097656e+00
6.887498378753662109e+00
6.887873172760009766e+00
6.887445449829101562e+00
6.887903213500976562e+00
6.887463092803955078e+00
6.887866020202636719e+00
6.887537479400634766e+00
6.887788295745849609e+00
6.887639522552490234e+00
6.887700080871582031e+00
6.887743473052978516e+00
6.887622833251953125e+00
6.887825012207031250e+00
6.887572288513183594e+00
6.887874126434326172e+00
6.887551307678222656e+00
6.887893199920654297e+00
6.887559413909912109e+00
6.887887477874755859e+00
6.887592315673828125e+00
6.887866020202636719e+00
6.887633800506591797e+00
6.887839317321777344e+00
6.887675285339355469e+00
6.887814998626708984e+00
6.887706279754638672e+00
6.887808799743652344e+00
6.887717723846435547e+00
6.887824058532714844e+00
6.887706756591796875e+00
6.887870788574218750e+00
6.887659072875976562e+00
6.887955665588378906e+00
6.887568473815917969e+00
6.888088703155517578e+00
6.887419700622558594e+00
6.888289451599121094e+00
6.887196540832519531e+00
6.888577461242675781e+00
6.886880874633789062e+00
6.888963699340820312e+00
6.886483192443847656e+00
6.889392852783203125e+00
6.886129379272460938e+00
6.889657020568847656e+00
6.886115074157714844e+00
6.889420509338378906e+00
6.886697769165039062e+00
6.888620853424072266e+00
6.887648582458496094e+00
6.887724876403808594e+00
6.888400077819824219e+00
6.887245178222656250e+00
6.888613700866699219e+00
6.887337684631347656e+00
6.888324737548828125e+00
6.887802600860595703e+00
6.887842178344726562e+00
6.888248920440673828e+00
6.887557029724121094e+00
6.888340473175048828e+00
6.887675285339355469e+00
6.888058662414550781e+00
6.888056278228759766e+00
6.887675762176513672e+00
6.888386726379394531e+00
6.887482643127441406e+00
6.888455867767333984e+00
6.887588500976562500e+00
6.888247489929199219e+00
6.887908935546875000e+00
6.887919425964355469e+00
6.888237953186035156e+00
6.887678623199462891e+00
6.888403892517089844e+00
6.887647628784179688e+00
6.888355255126953125e+00
6.887798786163330078e+00
6.888185977935791016e+00
6.887997627258300781e+00
6.888026237487792969e+00
6.888133525848388672e+00
6.887956619262695312e+00
6.888164520263671875e+00
6.887994766235351562e+00
6.888112068176269531e+00
6.888085842132568359e+00
6.888037681579589844e+00
6.888163566589355469e+00
6.887999534606933594e+00
6.888185501098632812e+00
6.888022899627685547e+00
6.888155460357666016e+00
6.888080596923828125e+00
6.888112068176269531e+00
6.888140678405761719e+00
6.888076782226562500e+00
6.888179779052734375e+00
6.888072967529296875e+00
6.888184547424316406e+00
6.888100624084472656e+00
6.888165950775146484e+00
6.888144969940185547e+00
6.888137340545654297e+00
6.888191223144531250e+00
6.888115406036376953e+00
6.888224124908447266e+00
6.888102054595947266e+00
6.888257026672363281e+00
6.888090133666992188e+00
6.888288021087646484e+00
6.888071060180664062e+00
6.888335227966308594e+00
6.888022899627685547e+00
6.888422966003417969e+00
6.887927055358886719e+00
6.888574123382568359e+00
6.887751579284667969e+00
6.888831138610839844e+00
6.887453079223632812e+00
6.889241695404052734e+00
6.886974334716796875e+00
6.889880180358886719e+00
6.886255741119384766e+00
6.890782833099365234e+00
6.885354995727539062e+00
6.891752719879150391e+00
6.884661674499511719e+00
6.892133235931396484e+00
6.884928703308105469e+00
6.891221523284912109e+00
6.886430740356445312e+00
6.889423847198486328e+00
6.888271808624267578e+00
6.887941360473632812e+00
6.889375686645507812e+00
6.887431621551513672e+00
6.889448165893554688e+00
6.887748718261718750e+00
6.888937473297119141e+00
6.888275146484375000e+00
6.888506889343261719e+00
6.888494014739990234e+00
6.888459682464599609e+00
6.888395309448242188e+00
6.888595581054687500e+00
6.888335227966308594e+00
6.888569831848144531e+00
6.888517379760742188e+00
6.888303756713867188e+00
6.888825416564941406e+00
6.888044357299804688e+00
6.888978481292724609e+00
6.888071060180664062e+00
6.888807296752929688e+00
6.888411521911621094e+00
6.888414382934570312e+00
6.888834953308105469e+00
6.888082504272460938e+00
6.889044761657714844e+00
6.888056755065917969e+00
6.888908386230468750e+00
6.888333320617675781e+00
6.888570785522460938e+00
6.888684272766113281e+00
6.888285160064697266e+00
6.888882637023925781e+00
6.888220787048339844e+00
6.888840675354003906e+00
6.888370513916015625e+00
6.888650417327880859e+00
6.888586044311523438e+00
6.888486862182617188e+00
6.888710975646972656e+00
6.888448715209960938e+00
6.888694286346435547e+00
6.888527870178222656e+00
6.888606071472167969e+00
6.888624668121337891e+00
6.888549804687500000e+00
6.888662338256835938e+00
6.888570308685302734e+00
6.888621807098388672e+00
6.888654232025146484e+00
6.888547420501708984e+00
6.888730049133300781e+00
6.888513565063476562e+00
6.888744354248046875e+00
6.888549804687500000e+00
6.888689994812011719e+00
6.888640403747558594e+00
6.888608455657958984e+00
6.888731956481933594e+00
6.888549804687500000e+00
6.888781070709228516e+00
6.888543605804443359e+00
6.888772964477539062e+00
6.888587951660156250e+00
6.888728141784667969e+00
6.888655662536621094e+00
6.888680458068847656e+00
6.888710975646972656e+00
6.888655662536621094e+00
6.888736724853515625e+00
6.888662338256835938e+00
6.888734817504882812e+00
6.888688087463378906e+00
6.888722419738769531e+00
6.888717174530029297e+00
6.888715744018554688e+00
6.888733386993408203e+00
6.888723850250244141e+00
6.888731956481933594e+00
6.888743400573730469e+00
6.888722896575927734e+00
6.888771057128906250e+00
6.888714790344238281e+00
6.888793945312500000e+00
6.888713836669921875e+00
6.888809204101562500e+00
6.888718605041503906e+00
6.888814926147460938e+00
6.888729095458984375e+00
6.888819217681884766e+00
6.888741493225097656e+00
6.888826370239257812e+00
6.888749122619628906e+00
6.888839721679687500e+00
6.888751029968261719e+00
6.888858795166015625e+00
6.888744354248046875e+00
6.888886451721191406e+00
6.888730049133300781e+00
6.888920783996582031e+00
6.888708114624023438e+00
6.888964176177978516e+00
6.888677597045898438e+00
6.889018535614013672e+00
6.888631820678710938e+00
6.889092922210693359e+00
6.888562202453613281e+00
6.889196872711181641e+00
6.888452053070068359e+00
6.889352321624755859e+00
6.888281345367431641e+00
6.889581680297851562e+00
6.888017654418945312e+00
6.889928817749023438e+00
6.887609481811523438e+00
6.890450477600097656e+00
6.886999130249023438e+00
6.891213417053222656e+00
6.886120796203613281e+00
6.892256736755371094e+00
6.885010719299316406e+00
6.893422126770019531e+00
6.884039878845214844e+00
6.894071578979492188e+00
6.884112834930419922e+00
6.893175601959228516e+00
6.886033058166503906e+00
6.890550613403320312e+00
6.889093875885009766e+00
6.887633323669433594e+00
6.891536712646484375e+00
6.886061668395996094e+00
6.892125129699707031e+00
6.886514186859130859e+00
6.890808582305908203e+00
6.888405799865722656e+00
6.888726234436035156e+00
6.890302658081054688e+00
6.887334346771240234e+00
6.891022205352783203e+00
6.887374877929687500e+00
6.890354156494140625e+00
6.888492584228515625e+00
6.889081478118896484e+00
6.889684200286865234e+00
6.888198852539062500e+00
6.890164375305175781e+00
6.888178825378417969e+00
6.889834403991699219e+00
6.888777732849121094e+00
6.889163970947265625e+00
6.889418601989746094e+00
6.888715267181396484e+00
6.889649868011474609e+00
6.888749122619628906e+00
6.889434814453125000e+00
6.889097213745117188e+00
6.889072895050048828e+00
6.889411926269531250e+00
6.888890266418457031e+00
6.889456272125244141e+00
6.889003276824951172e+00
6.889254570007324219e+00
6.889276027679443359e+00
6.889003753662109375e+00
6.889492034912109375e+00
6.888899803161621094e+00
6.889503002166748047e+00
6.889014244079589844e+00
6.889321804046630859e+00
6.889256477355957031e+00
6.889091491699218750e+00
6.889465808868408203e+00
6.888960838317871094e+00
6.889531135559082031e+00
6.888994216918945312e+00
6.889444351196289062e+00
6.889152050018310547e+00
6.889275550842285156e+00
6.889338493347167969e+00
6.889132976531982422e+00
6.889454841613769531e+00
6.889085292816162109e+00
6.889464378356933594e+00
6.889138221740722656e+00
6.889388084411621094e+00
6.889250755310058594e+00
6.889286994934082031e+00
6.889358520507812500e+00
6.889217853546142578e+00
6.889420986175537109e+00
6.889203071594238281e+00
6.889424324035644531e+00
6.889241218566894531e+00
6.889382362365722656e+00
6.889302730560302734e+00
6.889339447021484375e+00
6.889358043670654297e+00
6.889311790466308594e+00
6.889389514923095703e+00
6.889318466186523438e+00
6.889385223388671875e+00
6.889351844787597656e+00
6.889364242553710938e+00
6.889397144317626953e+00
6.889330863952636719e+00
6.889446735382080078e+00
6.889300823211669922e+00
6.889484882354736328e+00
6.889283657073974609e+00
6.889516830444335938e+00
6.889268875122070312e+00
6.889550209045410156e+00
6.889253616333007812e+00
6.889589309692382812e+00
6.889225006103515625e+00
6.889649391174316406e+00
6.889168262481689453e+00
6.889741897583007812e+00
6.889083862304687500e+00
6.889862060546875000e+00
6.888980865478515625e+00
6.889983177185058594e+00
6.888928413391113281e+00
6.889998435974121094e+00
6.889079093933105469e+00
6.889726638793945312e+00
6.889591693878173828e+00
6.889090061187744141e+00
6.890372276306152344e+00
6.888342857360839844e+00
6.891030311584472656e+00
6.887902259826660156e+00
6.891225814819335938e+00
6.888022422790527344e+00
6.890828132629394531e+00
6.888710975646972656e+00
6.890000343322753906e+00
6.889620304107666016e+00
6.889184474945068359e+00
6.890276908874511719e+00
6.888782978057861328e+00
6.890400886535644531e+00
6.888912200927734375e+00
6.890087127685546875e+00
6.889328479766845703e+00
6.889680862426757812e+00
6.889686107635498047e+00
6.889483451843261719e+00
6.889757156372070312e+00
6.889602661132812500e+00
6.889553070068359375e+00
6.889890670776367188e+00
6.889288425445556641e+00
6.890125274658203125e+00
6.889163970947265625e+00
6.890151023864746094e+00
6.889280319213867188e+00
6.889955520629882812e+00
6.889556884765625000e+00
6.889684200286865234e+00
6.889824867248535156e+00
6.889476776123046875e+00
6.889977931976318359e+00
6.889420509338378906e+00
6.889972686767578125e+00
6.889499664306640625e+00
6.889881610870361328e+00
6.889617919921875000e+00
6.889792919158935547e+00
6.889694213867187500e+00
6.889779567718505859e+00
6.889677047729492188e+00
6.889854907989501953e+00
6.889592170715332031e+00
6.889971733093261719e+00
6.889485836029052734e+00
6.890091896057128906e+00
6.889397621154785156e+00
6.890173912048339844e+00
6.889355659484863281e+00
6.890222549438476562e+00
6.889328956604003906e+00
6.890272140502929688e+00
6.889284610748291016e+00
6.890363693237304688e+00
6.889173507690429688e+00
6.890540122985839844e+00
6.888971328735351562e+00
6.890816688537597656e+00
6.888668060302734375e+00
6.891199111938476562e+00
6.888270854949951172e+00
6.891664981842041016e+00
6.887825012207031250e+00
6.892145156860351562e+00
6.887430191040039062e+00
6.892498016357421875e+00
6.887280464172363281e+00
6.892480850219726562e+00
6.887605667114257812e+00
6.891911983489990234e+00
6.888465881347656250e+00
6.890888690948486328e+00
6.889606475830078125e+00
6.889791488647460938e+00
6.890622138977050781e+00
6.888990879058837891e+00
6.891223907470703125e+00
6.888671875000000000e+00
6.891310214996337891e+00
6.888837337493896484e+00
6.890952110290527344e+00
6.889346122741699219e+00
6.890353202819824219e+00
6.889966487884521484e+00
6.889769077301025391e+00
6.890480518341064453e+00
6.889384269714355469e+00
6.890756130218505859e+00
6.889267444610595703e+00
6.890760421752929688e+00
6.889402389526367188e+00
6.890545368194580078e+00
6.889698505401611328e+00
6.890224456787109375e+00
6.890047073364257812e+00
6.889908313751220703e+00
6.890342712402343750e+00
6.889686584472656250e+00
6.890516757965087891e+00
6.889596939086914062e+00
6.890548706054687500e+00
6.889645099639892578e+00
6.890452384948730469e+00
6.889798641204833984e+00
6.890283107757568359e+00
6.890000820159912109e+00
6.890092849731445312e+00
6.890200138092041016e+00
6.889933109283447266e+00
6.890349388122558594e+00
6.889835834503173828e+00
6.890427589416503906e+00
6.889811038970947266e+00
6.890432834625244141e+00
6.889854431152343750e+00
6.890379905700683594e+00
6.889944553375244141e+00
6.890293598175048828e+00
6.890054702758789062e+00
6.890199661254882812e+00
6.890164375305175781e+00
6.890114307403564453e+00
6.890257835388183594e+00
6.890053749084472656e+00
6.890321731567382812e+00
6.890018463134765625e+00
6.890361785888671875e+00
6.890008926391601562e+00
6.890375137329101562e+00
6.890019416809082031e+00
6.890373706817626953e+00
6.890043258666992188e+00
6.890364170074462891e+00
6.890073299407958984e+00
6.890350341796875000e+00
6.890105247497558594e+00
6.890339374542236328e+00
6.890134811401367188e+00
6.890325546264648438e+00
6.890161514282226562e+00
6.890318393707275391e+00
6.890184402465820312e+00
6.890314102172851562e+00
6.890205383300781250e+00
6.890315532684326172e+00
6.890223979949951172e+00
6.890315532684326172e+00
6.890240669250488281e+00
6.890319824218750000e+00
6.890254020690917969e+00
6.890324592590332031e+00
6.890266418457031250e+00
6.890329360961914062e+00
6.890277862548828125e+00
6.890337944030761719e+00
6.890286922454833984e+00
6.890347003936767578e+00
6.890297889709472656e+00
6.890357971191406250e+00
6.890302658081054688e+00
6.890370368957519531e+00
6.890309333801269531e+00
6.890381813049316406e+00
6.890314102172851562e+00
6.890397071838378906e+00
6.890315532684326172e+00
6.890413284301757812e+00
6.890317916870117188e+00
6.890431404113769531e+00
6.890317440032958984e+00
6.890451431274414062e+00
6.890321254730224609e+00
6.890461921691894531e+00
6.890336990356445312e+00
6.890456199645996094e+00
6.890388488769531250e+00
6.890398979187011719e+00
6.890523433685302734e+00
6.890225887298583984e+00
6.890828132629394531e+00
6.889843463897705078e+00
6.891397476196289062e+00
6.889191627502441406e+00
6.892226219177246094e+00
6.888360023498535156e+00
6.893098831176757812e+00
6.887657642364501953e+00
6.893601417541503906e+00
6.887554645538330078e+00
6.893264770507812500e+00
6.888399124145507812e+00
6.892118453979492188e+00
6.889676570892333984e+00
6.891056537628173828e+00
6.890477180480957031e+00
6.890625953674316406e+00
6.890759468078613281e+00
6.890380382537841797e+00
6.891133308410644531e+00
6.889887809753417969e+00
6.891605377197265625e+00
6.889575958251953125e+00
6.891599655151367188e+00
6.889944076538085938e+00
6.890945434570312500e+00
6.890780448913574219e+00
6.890185356140136719e+00
6.891325473785400391e+00
6.890044689178466797e+00
6.891109466552734375e+00
6.890512943267822266e+00
6.890653610229492188e+00
6.890794754028320312e+00
6.890688896179199219e+00
6.890541076660156250e+00
6.891047477722167969e+00
6.890319347381591797e+00
6.891058921813964844e+00
6.890571594238281250e+00
6.890660762786865234e+00
6.891011238098144531e+00
6.890330791473388672e+00
6.891184806823730469e+00
6.890358924865722656e+00
6.891030311584472656e+00
6.890590667724609375e+00
6.890836238861083984e+00
6.890724182128906250e+00
6.890798568725585938e+00
6.890740394592285156e+00
6.890783786773681641e+00
6.890830993652343750e+00
6.890653610229492188e+00
6.890996932983398438e+00
6.890541076660156250e+00
6.891042709350585938e+00
6.890612602233886719e+00
6.890913009643554688e+00
6.890781402587890625e+00
6.890792846679687500e+00
6.890855789184570312e+00
6.890806674957275391e+00
6.890812873840332031e+00
6.890889167785644531e+00
6.890759468078613281e+00
6.890917778015136719e+00
6.890799522399902344e+00
6.890844821929931641e+00
6.890903472900390625e+00
6.890766143798828125e+00
6.890964508056640625e+00
6.890761375427246094e+00
6.890955924987792969e+00
6.890803337097167969e+00
6.890933036804199219e+00
6.890828132629394531e+00
6.890941619873046875e+00
6.890824794769287109e+00
6.890956878662109375e+00
6.890833854675292969e+00
6.890954494476318359e+00
6.890855312347412109e+00
6.890953063964843750e+00
6.890868186950683594e+00
6.890970230102539062e+00
6.890853404998779297e+00
6.891014099121093750e+00
6.890822887420654297e+00
6.891057014465332031e+00
6.890807628631591797e+00
6.891075134277343750e+00
6.890814781188964844e+00
6.891081333160400391e+00
6.890818595886230469e+00
6.891107559204101562e+00
6.890789985656738281e+00
6.891171455383300781e+00
6.890731811523437500e+00
6.891261100769042969e+00
6.890649795532226562e+00
6.891370296478271484e+00
6.890544891357421875e+00
6.891513824462890625e+00
6.890389442443847656e+00
6.891723155975341797e+00
6.890153408050537109e+00
6.892033576965332031e+00
6.889795303344726562e+00
6.892488479614257812e+00
6.889275074005126953e+00
6.893133163452148438e+00
6.888542652130126953e+00
6.894015312194824219e+00
6.887583732604980469e+00
6.895089626312255859e+00
6.886563777923583984e+00
6.896017074584960938e+00
6.886051177978515625e+00
6.896006107330322266e+00
6.886916160583496094e+00
6.894341945648193359e+00
6.889359474182128906e+00
6.891532421112060547e+00
6.892223358154296875e+00
6.889089107513427734e+00
6.894031047821044922e+00
6.888189315795898438e+00
6.894000053405761719e+00
6.889121532440185547e+00
6.892381191253662109e+00
6.891093730926513672e+00
6.890413761138916016e+00
6.892733573913574219e+00
6.889338493347167969e+00
6.893151283264160156e+00
6.889603614807128906e+00
6.892331600189208984e+00
6.890811920166015625e+00
6.890998840332031250e+00
6.892046928405761719e+00
6.890080451965332031e+00
6.892558097839355469e+00
6.890041828155517578e+00
6.892197608947753906e+00
6.890730857849121094e+00
6.891363620758056641e+00
6.891593456268310547e+00
6.890652656555175781e+00
6.892095088958740234e+00
6.890452384948730469e+00
6.892028331756591797e+00
6.890772342681884766e+00
6.891560554504394531e+00
6.891312599182128906e+00
6.891057968139648438e+00
6.891724586486816406e+00
6.890810966491699219e+00
6.891820907592773438e+00
6.890894412994384766e+00
6.891626358032226562e+00
6.891192436218261719e+00
6.891317367553710938e+00
6.891499996185302734e+00
6.891085624694824219e+00
6.891664028167724609e+00
6.891034126281738281e+00
6.891642570495605469e+00
6.891148090362548828e+00
6.891496658325195312e+00
6.891332626342773438e+00
6.891332626342773438e+00
6.891486644744873047e+00
6.891235351562500000e+00
6.891549587249755859e+00
6.891243934631347656e+00
6.891514778137207031e+00
6.891328811645507812e+00
6.891427516937255859e+00
6.891437053680419922e+00
6.891340255737304688e+00
6.891525268554687500e+00
6.891291618347167969e+00
6.891567230224609375e+00
6.891288757324218750e+00
6.891571044921875000e+00
6.891318321228027344e+00
6.891558647155761719e+00
6.891349792480468750e+00
6.891561508178710938e+00
6.891351699829101562e+00
6.891605377197265625e+00
6.891310691833496094e+00
6.891704559326171875e+00
6.891210079193115234e+00
6.891877651214599609e+00
6.891051292419433594e+00
6.892102718353271484e+00
6.890868186950683594e+00
6.892309665679931641e+00
6.890754699707031250e+00
6.892364978790283203e+00
6.890837669372558594e+00
6.892175674438476562e+00
6.891157150268554688e+00
6.891778945922851562e+00
6.891636848449707031e+00
6.891298770904541016e+00
6.892121315002441406e+00
6.890912532806396484e+00
6.892417907714843750e+00
6.890773773193359375e+00
6.892410278320312500e+00
6.890939712524414062e+00
6.892105102539062500e+00
6.891350746154785156e+00
6.891638755798339844e+00
6.891839027404785156e+00
6.891207695007324219e+00
6.892217159271240234e+00
6.890973091125488281e+00
6.892349720001220703e+00
6.891003608703613281e+00
6.892220497131347656e+00
6.891254425048828125e+00
6.891916275024414062e+00
6.891612052917480469e+00
6.891580104827880859e+00
6.891933917999267578e+00
6.891335487365722656e+00
6.892125606536865234e+00
6.891245365142822266e+00
6.892151832580566406e+00
6.891307353973388672e+00
6.892046451568603516e+00
6.891468524932861328e+00
6.891874790191650391e+00
6.891664028167724609e+00
6.891704559326171875e+00
6.891828536987304688e+00
6.891587734222412109e+00
6.891930580139160156e+00
6.891540527343750000e+00
6.891960620880126953e+00
6.891557693481445312e+00
6.891934871673583984e+00
6.891615867614746094e+00
6.891882896423339844e+00
6.891684532165527344e+00
6.891834259033203125e+00
6.891744136810302734e+00
6.891802310943603516e+00
6.891781806945800781e+00
6.891795158386230469e+00
6.891798019409179688e+00
6.891805648803710938e+00
6.891797065734863281e+00
6.891826629638671875e+00
6.891792774200439453e+00
6.891846656799316406e+00
6.891792297363281250e+00
6.891859531402587891e+00
6.891802310943603516e+00
6.891864299774169922e+00
6.891821861267089844e+00
6.891856670379638672e+00
6.891852378845214844e+00
6.891842842102050781e+00
6.891887664794921875e+00
6.891822814941406250e+00
6.891925811767578125e+00
6.891799926757812500e+00
6.891967296600341797e+00
6.891777992248535156e+00
6.892004966735839844e+00
6.891757011413574219e+00
6.892045974731445312e+00
6.891733169555664062e+00
6.892089843750000000e+00
6.891706466674804688e+00
6.892138481140136719e+00
6.891668319702148438e+00
6.892204284667968750e+00
6.891613483428955078e+00
6.892289638519287109e+00
6.891534328460693359e+00
6.892409324645996094e+00
6.891412734985351562e+00
6.892575263977050781e+00
6.891236782073974609e+00
6.892807960510253906e+00
6.890983581542968750e+00
6.893138885498046875e+00
6.890630722045898438e+00
6.893581867218017578e+00
6.890178680419921875e+00
6.894123077392578125e+00
6.889686107635498047e+00
6.894629001617431641e+00
6.889375209808349609e+00
6.894780635833740234e+00
6.889595031738281250e+00
6.894233226776123047e+00
6.890537261962890625e+00
6.893033981323242188e+00
6.891894817352294922e+00
6.891740322113037109e+00
6.893053054809570312e+00
6.890911102294921875e+00
6.893573760986328125e+00
6.890810012817382812e+00
6.893337249755859375e+00
6.891350746154785156e+00
6.892600536346435547e+00
6.892149925231933594e+00
6.891838550567626953e+00
6.892763137817382812e+00
6.891439437866210938e+00
6.892934799194335938e+00
6.891519546508789062e+00
6.892682552337646484e+00
6.891929626464843750e+00
6.892230033874511719e+00
6.892385482788085938e+00
6.891863346099853516e+00
6.892646312713623047e+00
6.891760826110839844e+00
6.892628669738769531e+00
6.891925811767578125e+00
6.892396926879882812e+00
6.892226219177246094e+00
6.892112731933593750e+00
6.892489433288574219e+00
6.891925811767578125e+00
6.892598152160644531e+00
6.891918182373046875e+00
6.892532825469970703e+00
6.892064094543457031e+00
6.892357826232910156e+00
6.892276763916015625e+00
6.892166137695312500e+00
6.892457962036132812e+00
6.892045021057128906e+00
6.892545223236083984e+00
6.892032623291015625e+00
6.892527580261230469e+00
6.892111778259277344e+00
6.892435550689697266e+00
6.892237663269042969e+00
6.892322063446044922e+00
6.892355918884277344e+00
6.892233848571777344e+00
6.892435073852539062e+00
6.892201423645019531e+00
6.892459869384765625e+00
6.892225265502929688e+00
6.892437934875488281e+00
6.892282962799072266e+00
6.892386436462402344e+00
6.892353534698486328e+00
6.892331600189208984e+00
6.892415046691894531e+00
6.892297744750976562e+00
6.892455101013183594e+00
6.892288208007812500e+00
6.892469882965087891e+00
6.892304897308349609e+00
6.892460823059082031e+00
6.892340183258056641e+00
6.892438411712646484e+00
6.892380714416503906e+00
6.892413616180419922e+00
6.892422676086425781e+00
6.892394065856933594e+00
6.892454624176025391e+00
6.892386436462402344e+00
6.892476558685302734e+00
6.892387390136718750e+00
6.892487525939941406e+00
6.892400264739990234e+00
6.892488479614257812e+00
6.892420768737792969e+00
6.892486572265625000e+00
6.892442703247070312e+00
6.892482280731201172e+00
6.892463207244873047e+00
6.892480850219726562e+00
6.892479896545410156e+00
6.892484188079833984e+00
6.892495155334472656e+00
6.892496109008789062e+00
6.892498493194580078e+00
6.892523765563964844e+00
6.892485141754150391e+00
6.892579078674316406e+00
6.892432689666748047e+00
6.892697334289550781e+00
6.892297744750976562e+00
6.892929553985595703e+00
6.892042160034179688e+00
6.893286705017089844e+00
6.891696929931640625e+00
6.893659591674804688e+00
6.891409873962402344e+00
6.893895149230957031e+00
6.891284465789794922e+00
6.893957138061523438e+00
6.891327857971191406e+00
6.893880844116210938e+00
6.891476154327392578e+00
6.893769741058349609e+00
6.891567230224609375e+00
6.893795967102050781e+00
6.891453742980957031e+00
6.894021034240722656e+00
6.891191005706787109e+00
6.894277572631835938e+00
6.891032695770263672e+00
6.894331932067871094e+00
6.891148567199707031e+00
6.894118309020996094e+00
6.891512870788574219e+00
6.893711090087890625e+00
6.892000198364257812e+00
6.893250465393066406e+00
6.892448425292968750e+00
6.892886638641357422e+00
6.892755508422851562e+00
6.892674922943115234e+00
6.892933845520019531e+00
6.892556190490722656e+00
6.893069267272949219e+00
6.892437458038330078e+00
6.893222808837890625e+00
6.892288208007812500e+00
6.893390655517578125e+00
6.892148971557617188e+00
6.893524169921875000e+00
6.892071723937988281e+00
6.893576622009277344e+00
6.892086029052734375e+00
6.893539428710937500e+00
6.892172813415527344e+00
6.893455505371093750e+00
6.892273902893066406e+00
6.893389225006103516e+00
6.892337799072265625e+00
6.893372058868408203e+00
6.892344474792480469e+00
6.893405914306640625e+00
6.892313480377197266e+00
6.893465995788574219e+00
6.892272472381591797e+00
6.893523216247558594e+00
6.892241954803466797e+00
6.893566131591796875e+00
6.892223358154296875e+00
6.893607139587402344e+00
6.892189025878906250e+00
6.893681526184082031e+00
6.892110824584960938e+00
6.893811225891113281e+00
6.891966819763183594e+00
6.894011974334716797e+00
6.891751289367675781e+00
6.894282817840576172e+00
6.891469478607177734e+00
6.894616127014160156e+00
6.891136169433593750e+00
6.894992828369140625e+00
6.890778541564941406e+00
6.895378112792968750e+00
6.890438079833984375e+00
6.895714759826660156e+00
6.890197753906250000e+00
6.895888328552246094e+00
6.890193939208984375e+00
6.895763397216796875e+00
6.890541076660156250e+00
6.895260334014892578e+00
6.891258239746093750e+00
6.894433975219726562e+00
6.892209529876708984e+00
6.893478393554687500e+00
6.893163681030273438e+00
6.892627716064453125e+00
6.893904685974121094e+00
6.892068386077880859e+00
6.894285678863525391e+00
6.891911029815673828e+00
6.894242286682128906e+00
6.892170906066894531e+00
6.893829822540283203e+00
6.892730712890625000e+00
6.893215179443359375e+00
6.893383979797363281e+00
6.892618179321289062e+00
6.893920898437500000e+00
6.892212390899658203e+00
6.894217491149902344e+00
6.892069816589355469e+00
6.894242286682128906e+00
6.892187595367431641e+00
6.894038677215576172e+00
6.892490386962890625e+00
6.893704414367675781e+00
6.892875671386718750e+00
6.893337249755859375e+00
6.893244266510009766e+00
6.893024444580078125e+00
6.893527984619140625e+00
6.892813682556152344e+00
6.893695831298828125e+00
6.892723083496093750e+00
6.893746852874755859e+00
6.892740726470947266e+00
6.893700599670410156e+00
6.892839431762695312e+00
6.893595695495605469e+00
6.892983436584472656e+00
6.893462657928466797e+00
6.893136501312255859e+00
6.893335819244384766e+00
6.893272399902343750e+00
6.893236160278320312e+00
6.893368721008300781e+00
6.893177986145019531e+00
6.893422126770019531e+00
6.893165111541748047e+00
6.893429756164550781e+00
6.893198013305664062e+00
6.893393039703369141e+00
6.893279075622558594e+00
6.893311500549316406e+00
6.893406867980957031e+00
6.893176555633544922e+00
6.893595218658447266e+00
6.892973899841308594e+00
6.893868446350097656e+00
6.892669677734375000e+00
6.894267082214355469e+00
6.892230033874511719e+00
6.894832134246826172e+00
6.891627311706542969e+00
6.895569801330566406e+00
6.890936851501464844e+00
6.896291732788085938e+00
6.890487670898437500e+00
6.896475791931152344e+00
6.890836715698242188e+00
6.895622253417968750e+00
6.892164707183837891e+00
6.894043445587158203e+00
6.893812179565429688e+00
6.892642498016357422e+00
6.894923210144042969e+00
6.892057418823242188e+00
6.895058631896972656e+00
6.892402648925781250e+00
6.894375801086425781e+00
6.893263816833496094e+00
6.893487930297851562e+00
6.894011497497558594e+00
6.892961502075195312e+00
6.894265651702880859e+00
6.892969608306884766e+00
6.894071102142333984e+00
6.893311500549316406e+00
6.893716812133789062e+00
6.893653869628906250e+00
6.893476486206054688e+00
6.893795967102050781e+00
6.893450736999511719e+00
6.893759250640869141e+00
6.893555641174316406e+00
6.893674850463867188e+00
6.893643379211425781e+00
6.893652915954589844e+00
6.893636703491210938e+00
6.893705368041992188e+00
6.893576145172119141e+00
6.893770217895507812e+00
6.893548965454101562e+00
6.893772125244140625e+00
6.893600940704345703e+00
6.893696784973144531e+00
6.893716812133789062e+00
6.893584251403808594e+00
6.893834590911865234e+00
6.893512725830078125e+00
6.893883705139160156e+00
6.893529891967773438e+00
6.893845558166503906e+00
6.893623352050781250e+00
6.893742561340332031e+00
6.893752098083496094e+00
6.893634319305419922e+00
6.893852233886718750e+00
6.893579483032226562e+00
6.893892288208007812e+00
6.893591403961181641e+00
6.893871307373046875e+00
6.893661022186279297e+00
6.893808364868164062e+00
6.893744468688964844e+00
6.893747329711914062e+00
6.893810272216796875e+00
6.893710136413574219e+00
6.893845558166503906e+00
6.893709182739257812e+00
6.893849372863769531e+00
6.893735885620117188e+00
6.893836498260498047e+00
6.893768310546875000e+00
6.893823623657226562e+00
6.893796920776367188e+00
6.893817901611328125e+00
6.893808364868164062e+00
6.893829822540283203e+00
6.893808364868164062e+00
6.893848896026611328e+00
6.893811225891113281e+00
6.893865585327148438e+00
6.893816947937011719e+00
6.893875122070312500e+00
6.893829345703125000e+00
6.893873214721679688e+00
6.893851280212402344e+00
6.893866539001464844e+00
6.893875122070312500e+00
6.893860816955566406e+00
6.893902778625488281e+00
6.893855571746826172e+00
6.893922805786132812e+00
6.893858909606933594e+00
6.893936157226562500e+00
6.893863677978515625e+00
6.893947601318359375e+00
6.893875122070312500e+00
6.893953323364257812e+00
6.893889427185058594e+00
6.893960952758789062e+00
6.893898010253906250e+00
6.893971920013427734e+00
6.893908023834228516e+00
6.893985748291015625e+00
6.893908500671386719e+00
6.894008636474609375e+00
6.893904685974121094e+00
6.894034862518310547e+00
6.893892288208007812e+00
6.894070625305175781e+00
6.893867969512939453e+00
6.894117355346679688e+00
6.893836021423339844e+00
6.894179344177246094e+00
6.893784523010253906e+00
6.894263267517089844e+00
6.893705368041992188e+00
6.894380569458007812e+00
6.893583774566650391e+00
6.894550800323486328e+00
6.893395423889160156e+00
6.894804000854492188e+00
6.893106460571289062e+00
6.895183563232421875e+00
6.892663002014160156e+00
6.895756244659423828e+00
6.891992092132568359e+00
6.896591186523437500e+00
6.891036987304687500e+00
6.897708892822265625e+00
6.889877319335937500e+00
6.898876190185546875e+00
6.888995170593261719e+00
6.899319648742675781e+00
6.889393806457519531e+00
6.898042201995849609e+00
6.891641616821289062e+00
6.895231246948242188e+00
6.894693374633789062e+00
6.892495155334472656e+00
6.896826267242431641e+00
6.891289234161376953e+00
6.897047519683837891e+00
6.892049312591552734e+00
6.895538330078125000e+00
6.893983364105224609e+00
6.893587589263916016e+00
6.895606040954589844e+00
6.892566680908203125e+00
6.895935058593750000e+00
6.892936706542968750e+00
6.895045280456542969e+00
6.894140720367431641e+00
6.893826484680175781e+00
6.895153999328613281e+00
6.893214225769042969e+00
6.895319938659667969e+00
6.893513679504394531e+00
6.894694805145263672e+00
6.894356727600097656e+00
6.893868446350097656e+00
6.895050048828125000e+00
6.893477439880371094e+00
6.895134449005126953e+00
6.893727779388427734e+00
6.894658088684082031e+00
6.894365310668945312e+00
6.894022941589355469e+00
6.894914627075195312e+00
6.893681049346923828e+00
6.895045757293701172e+00
6.893801212310791016e+00
6.894753456115722656e+00
6.894244194030761719e+00
6.894288063049316406e+00
6.894689559936523438e+00
6.893973350524902344e+00
6.894873142242431641e+00
6.893969058990478516e+00
6.894755363464355469e+00
6.894212722778320312e+00
6.894472122192382812e+00
6.894515514373779297e+00
6.894236564636230469e+00
6.894687175750732422e+00
6.894182205200195312e+00
6.894664764404296875e+00
6.894304275512695312e+00
6.894510746002197266e+00
6.894497394561767578e+00
6.894351959228515625e+00
6.894637107849121094e+00
6.894289493560791016e+00
6.894657135009765625e+00
6.894346237182617188e+00
6.894574165344238281e+00
6.894473552703857422e+00
6.894455909729003906e+00
6.894601821899414062e+00
6.894369125366210938e+00
6.894675254821777344e+00
6.894349098205566406e+00
6.894683361053466797e+00
6.894386291503906250e+00
6.894651412963867188e+00
6.894444942474365234e+00
6.894614219665527344e+00
6.894491195678710938e+00
6.894607067108154297e+00
6.894494533538818359e+00
6.894645690917968750e+00
6.894454002380371094e+00
6.894728660583496094e+00
6.894369125366210938e+00
6.894857406616210938e+00
6.894241333007812500e+00
6.895030021667480469e+00
6.894067764282226562e+00
6.895260334014892578e+00
6.893830299377441406e+00
6.895565986633300781e+00
6.893527030944824219e+00
6.895931243896484375e+00
6.893216133117675781e+00
6.896257400512695312e+00
6.893058776855468750e+00
6.896312713623046875e+00
6.893267631530761719e+00
6.895945549011230469e+00
6.893823146820068359e+00
6.895336151123046875e+00
6.894456863403320312e+00
6.894786357879638672e+00
6.894914627075195312e+00
6.894513607025146484e+00
6.895050048828125000e+00
6.894550323486328125e+00
6.894935131072998047e+00
6.894730567932128906e+00
6.894755363464355469e+00
6.894880294799804688e+00
6.894680023193359375e+00
6.894852638244628906e+00
6.894824028015136719e+00
6.894641876220703125e+00
6.895094871520996094e+00
6.894423484802246094e+00
6.895291328430175781e+00
6.894362926483154297e+00
6.895277976989746094e+00
6.894524574279785156e+00
6.895052909851074219e+00
6.894834518432617188e+00
6.894752025604248047e+00
6.895139217376708984e+00
6.894532680511474609e+00
6.895292282104492188e+00
6.894504547119140625e+00
6.895239830017089844e+00
6.894644737243652344e+00
6.895072937011718750e+00
6.894832611083984375e+00
6.894922256469726562e+00
6.894958496093750000e+00
6.894872188568115234e+00
6.894970417022705078e+00
6.894932746887207031e+00
6.894895553588867188e+00
6.895039081573486328e+00
6.894815921783447266e+00
6.895112037658691406e+00
6.894797325134277344e+00
6.895108222961425781e+00
6.894851684570312500e+00
6.895047187805175781e+00
6.894939899444580078e+00
6.894976615905761719e+00
6.895018577575683594e+00
6.894930839538574219e+00
6.895061016082763672e+00
6.894929409027099609e+00
6.895061492919921875e+00
6.894958496093750000e+00
6.895049095153808594e+00
6.894986629486083984e+00
6.895045280456542969e+00
6.895003318786621094e+00
6.895056724548339844e+00
6.895002841949462891e+00
6.895082473754882812e+00
6.894993782043457031e+00
6.895111083984375000e+00
6.894983768463134766e+00
6.895142555236816406e+00
6.894968032836914062e+00
6.895178794860839844e+00
6.894946575164794922e+00
6.895230293273925781e+00
6.894903659820556641e+00
6.895310401916503906e+00
6.894826412200927734e+00
6.895427703857421875e+00
6.894707679748535156e+00
6.895595073699951172e+00
6.894527435302734375e+00
6.895833969116210938e+00
6.894267082214355469e+00
6.896173477172851562e+00
6.893890380859375000e+00
6.896656990051269531e+00
6.893367767333984375e+00
6.897297859191894531e+00
6.892742156982421875e+00
6.897979736328125000e+00
6.892251014709472656e+00
6.898292064666748047e+00
6.892413139343261719e+00
6.897663116455078125e+00
6.893584251403808594e+00
6.896118640899658203e+00
6.895327091217041016e+00
6.894478797912597656e+00
6.896741867065429688e+00
6.893577575683593750e+00
6.897161006927490234e+00
6.893770217895507812e+00
6.896499633789062500e+00
6.894796371459960938e+00
6.895317554473876953e+00
6.895926952362060547e+00
6.894408702850341797e+00
6.896489143371582031e+00
6.894244670867919922e+00
6.896287918090820312e+00
6.894760131835937500e+00
6.895609855651855469e+00
6.895508766174316406e+00
6.894956588745117188e+00
6.896006584167480469e+00
6.894697189331054688e+00
6.896038532257080078e+00
6.894886016845703125e+00
6.895719528198242188e+00
6.895306110382080078e+00
6.895316600799560547e+00
6.895671844482421875e+00
6.895070075988769531e+00
6.895808696746826172e+00
6.895065307617187500e+00
6.895720481872558594e+00
6.895240306854248047e+00
6.895519256591796875e+00
6.895462036132812500e+00
6.895338058471679688e+00
6.895612716674804688e+00
6.895256996154785156e+00
6.895653247833251953e+00
6.895285129547119141e+00
6.895603179931640625e+00
6.895383358001708984e+00
6.895514011383056641e+00
6.895491123199462891e+00
6.895436286926269531e+00
6.895566940307617188e+00
6.895401000976562500e+00
6.895593166351318359e+00
6.895412445068359375e+00
6.895582199096679688e+00
6.895458221435546875e+00
6.895550727844238281e+00
6.895514488220214844e+00
6.895519256591796875e+00
6.895556926727294922e+00
6.895503044128417969e+00
6.895580768585205078e+00
6.895506858825683594e+00
6.895585536956787109e+00
6.895526885986328125e+00
6.895580768585205078e+00
6.895549774169921875e+00
6.895576477050781250e+00
6.895569801330566406e+00
6.895576477050781250e+00
6.895583152770996094e+00
6.895587921142578125e+00
6.895588874816894531e+00
6.895600795745849609e+00
6.895595073699951172e+00
6.895614147186279297e+00
6.895601272583007812e+00
6.895622253417968750e+00
6.895616531372070312e+00
6.895625114440917969e+00
6.895634651184082031e+00
6.895623207092285156e+00
6.895656585693359375e+00
6.895623683929443359e+00
6.895674705505371094e+00
6.895627975463867188e+00
6.895688533782958984e+00
6.895638465881347656e+00
6.895691871643066406e+00
6.895656585693359375e+00
6.895690441131591797e+00
6.895676612854003906e+00
6.895687580108642578e+00
6.895699501037597656e+00
6.895685195922851562e+00
6.895721912384033203e+00
6.895687103271484375e+00
6.895739555358886719e+00
6.895691394805908203e+00
6.895753860473632812e+00
6.895699501037597656e+00
6.895764350891113281e+00
6.895710945129394531e+00
6.895771503448486328e+00
6.895724296569824219e+00
6.895775794982910156e+00
6.895738601684570312e+00
6.895781993865966797e+00
6.895752906799316406e+00
6.895789146423339844e+00
6.895768165588378906e+00
6.895795822143554688e+00
6.895781517028808594e+00
6.895803451538085938e+00
6.895792007446289062e+00
6.895813465118408203e+00
6.895802497863769531e+00
6.895824432373046875e+00
6.895810127258300781e+00
6.895837783813476562e+00
6.895815849304199219e+00
6.895852565765380859e+00
6.895817756652832031e+00
6.895871639251708984e+00
6.895817756652832031e+00
6.895895004272460938e+00
6.895814895629882812e+00
6.895922660827636719e+00
6.895806789398193359e+00
6.895956993103027344e+00
6.895787239074707031e+00
6.896002292633056641e+00
6.895755767822265625e+00
6.896064281463623047e+00
6.895700454711914062e+00
6.896153926849365234e+00
6.895612716674804688e+00
6.896287918090820312e+00
6.895468711853027344e+00
6.896490097045898438e+00
6.895239353179931641e+00
6.896806240081787109e+00
6.894867897033691406e+00
6.897293090820312500e+00
6.894287109375000000e+00
6.898039340972900391e+00
6.893408298492431641e+00
6.899111747741699219e+00
6.892231464385986328e+00
6.900393009185791016e+00
6.891088485717773438e+00
6.901267051696777344e+00
6.890886306762695312e+00
6.900689601898193359e+00
6.892477989196777344e+00
6.898335456848144531e+00
6.895428657531738281e+00
6.895348548889160156e+00
6.898091316223144531e+00
6.893513679504394531e+00
6.898862361907958984e+00
6.893971920013427734e+00
6.897302627563476562e+00
6.896249294281005859e+00
6.894911766052246094e+00
6.898135185241699219e+00
6.893984794616699219e+00
6.897937774658203125e+00
6.895234107971191406e+00
6.896082401275634766e+00
6.897202968597412109e+00
6.894573211669921875e+00
6.897953987121582031e+00
6.894712448120117188e+00
6.897122859954833984e+00
6.895957946777343750e+00
6.895880222320556641e+00
6.896932601928710938e+00
6.895408630371093750e+00
6.896950721740722656e+00
6.895762920379638672e+00
6.896465778350830078e+00
6.896274566650390625e+00
6.896066665649414062e+00
6.896576881408691406e+00
6.895884513854980469e+00
6.896684169769287109e+00
6.895884990692138672e+00
6.896589279174804688e+00
6.896122932434082031e+00
6.896251678466796875e+00
6.896556854248046875e+00
6.895853042602539062e+00
6.896860599517822266e+00
6.895765304565429688e+00
6.896750450134277344e+00
6.896076202392578125e+00
6.896358489990234375e+00
6.896482944488525391e+00
6.896080970764160156e+00
6.896597862243652344e+00
6.896184921264648438e+00
6.896352767944335938e+00
6.896529674530029297e+00
6.896036148071289062e+00
6.896785736083984375e+00
6.895916938781738281e+00
6.896807193756103516e+00
6.896001815795898438e+00
6.896704196929931641e+00
6.896118640899658203e+00
6.896646499633789062e+00
6.896147251129150391e+00
6.896682739257812500e+00
6.896097183227539062e+00
6.896784782409667969e+00
6.895982265472412109e+00
6.896960735321044922e+00
6.895790100097656250e+00
6.897226333618164062e+00
6.895507812500000000e+00
6.897575378417968750e+00
6.895172119140625000e+00
6.897941112518310547e+00
6.894881248474121094e+00
6.898226737976074219e+00
6.894719123840332031e+00
6.898352622985839844e+00
6.894756317138671875e+00
6.898236274719238281e+00
6.895053863525390625e+00
6.897832393646240234e+00
6.895613670349121094e+00
6.897188186645507812e+00
6.896342277526855469e+00
6.896468162536621094e+00
6.897041320800781250e+00
6.895895957946777344e+00
6.897497653961181641e+00
6.895642280578613281e+00
6.897572517395019531e+00
6.895771980285644531e+00
6.897281646728515625e+00
6.896179676055908203e+00
6.896810531616210938e+00
6.896656036376953125e+00
6.896389961242675781e+00
6.897007942199707031e+00
6.896173477172851562e+00
6.897132873535156250e+00
6.896191596984863281e+00
6.897039413452148438e+00
6.896389961242675781e+00
6.896807670593261719e+00
6.896658420562744141e+00
6.896568298339843750e+00
6.896876335144042969e+00
6.896426200866699219e+00
6.896966934204101562e+00
6.896429061889648438e+00
6.896918296813964844e+00
6.896546363830566406e+00
6.896784782409667969e+00
6.896706104278564453e+00
6.896642684936523438e+00
6.896842479705810547e+00
6.896546363830566406e+00
6.896923065185546875e+00
6.896512985229492188e+00
6.896949768066406250e+00
6.896530151367187500e+00
6.896935939788818359e+00
6.896583080291748047e+00
6.896897315979003906e+00
6.896648406982421875e+00
6.896846771240234375e+00
6.896716594696044922e+00
6.896791934967041016e+00
6.896781921386718750e+00
6.896750450134277344e+00
6.896831512451171875e+00
6.896728038787841797e+00
6.896867752075195312e+00
6.896720886230468750e+00
6.896884918212890625e+00
6.896730899810791016e+00
6.896887779235839844e+00
6.896752357482910156e+00
6.896875858306884766e+00
6.896787643432617188e+00
6.896856307983398438e+00
6.896829605102539062e+00
6.896831512451171875e+00
6.896878242492675781e+00
6.896800994873046875e+00
6.896922111511230469e+00
6.896777629852294922e+00
6.896965026855468750e+00
6.896751403808593750e+00
6.897010803222656250e+00
6.896721839904785156e+00
6.897064208984375000e+00
6.896679878234863281e+00
6.897137641906738281e+00
6.896613597869873047e+00
6.897240638732910156e+00
6.896509170532226562e+00
6.897393226623535156e+00
6.896342277526855469e+00
6.897625923156738281e+00
6.896082401275634766e+00
6.897971153259277344e+00
6.895690917968750000e+00
6.898468017578125000e+00
6.895155906677246094e+00
6.899078845977783203e+00
6.894605159759521484e+00
6.899558067321777344e+00
6.894428253173828125e+00
6.899395942687988281e+00
6.895081520080566406e+00
6.898370742797851562e+00
6.896373271942138672e+00
6.897078037261962891e+00
6.897529602050781250e+00
6.896269798278808594e+00
6.897999763488769531e+00
6.896240234375000000e+00
6.897736549377441406e+00
6.896768569946289062e+00
6.897162437438964844e+00
6.897304534912109375e+00
6.896818161010742188e+00
6.897423744201660156e+00
6.896934986114501953e+00
6.897144317626953125e+00
6.897294998168945312e+00
6.896821022033691406e+00
6.897539615631103516e+00
6.896735191345214844e+00
6.897499084472656250e+00
6.896918296813964844e+00
6.897251129150390625e+00
6.897207260131835938e+00
6.897010326385498047e+00
6.897392749786376953e+00
6.896944522857666016e+00
6.897398948669433594e+00
6.897032260894775391e+00
6.897314548492431641e+00
6.897132873535156250e+00
6.897270679473876953e+00
6.897150993347167969e+00
6.897312164306640625e+00
6.897093772888183594e+00
6.897397518157958984e+00
6.897044181823730469e+00
6.897439479827880859e+00
6.897068023681640625e+00
6.897387504577636719e+00
6.897184371948242188e+00
6.897264003753662109e+00
6.897327423095703125e+00
6.897156715393066406e+00
6.897418975830078125e+00
6.897127628326416016e+00
6.897426128387451172e+00
6.897180557250976562e+00
6.897368431091308594e+00
6.897272109985351562e+00
6.897301673889160156e+00
6.897340774536132812e+00
6.897275924682617188e+00
6.897353649139404297e+00
6.897314071655273438e+00
6.897312641143798828e+00
6.897393226623535156e+00
6.897251129150390625e+00
6.897472381591796875e+00
6.897200107574462891e+00
6.897531032562255859e+00
6.897171974182128906e+00
6.897566795349121094e+00
6.897160530090332031e+00
6.897600173950195312e+00
6.897140502929687500e+00
6.897655010223388672e+00
6.897087097167968750e+00
6.897753715515136719e+00
6.896983146667480469e+00
6.897903442382812500e+00
6.896826744079589844e+00
6.898117065429687500e+00
6.896602630615234375e+00
6.898408889770507812e+00
6.896295547485351562e+00
6.898797988891601562e+00
6.895890235900878906e+00
6.899297237396240234e+00
6.895407199859619141e+00
6.899841785430908203e+00
6.894980430603027344e+00
6.900210380554199219e+00
6.894914627075195312e+00
6.900007724761962891e+00
6.895552635192871094e+00
6.899039745330810547e+00
6.896816253662109375e+00
6.897683143615722656e+00
6.898154735565185547e+00
6.896572113037109375e+00
6.899010658264160156e+00
6.896123886108398438e+00
6.899097919464111328e+00
6.896430969238281250e+00
6.898493766784667969e+00
6.897235393524169922e+00
6.897603511810302734e+00
6.898072719573974609e+00
6.896912574768066406e+00
6.898549079895019531e+00
6.896707534790039062e+00
6.898514747619628906e+00
6.896996498107910156e+00
6.898078918457031250e+00
6.897551536560058594e+00
6.897532463073730469e+00
6.898055553436279297e+00
6.897164344787597656e+00
6.898290157318115234e+00
6.897123336791992188e+00
6.898197650909423828e+00
6.897366523742675781e+00
6.897896289825439453e+00
6.897718429565429688e+00
6.897573947906494141e+00
6.897996902465820312e+00
6.897390365600585938e+00
6.898094177246093750e+00
6.897407054901123047e+00
6.898009300231933594e+00
6.897569656372070312e+00
6.897829055786132812e+00
6.897776126861572266e+00
6.897655010223388672e+00
6.897930622100830078e+00
6.897571563720703125e+00
6.897979736328125000e+00
6.897592544555664062e+00
6.897936820983886719e+00
6.897686004638671875e+00
6.897840499877929688e+00
6.897802829742431641e+00
6.897747993469238281e+00
6.897893905639648438e+00
6.897694110870361328e+00
6.897942066192626953e+00
6.897692203521728516e+00
6.897937297821044922e+00
6.897741317749023438e+00
6.897896766662597656e+00
6.897808074951171875e+00
6.897844314575195312e+00
6.897876739501953125e+00
6.897797107696533203e+00
6.897929191589355469e+00
6.897777557373046875e+00
6.897955417633056641e+00
6.897782325744628906e+00
6.897958755493164062e+00
6.897809982299804688e+00
6.897941112518310547e+00
6.897852420806884766e+00
6.897916316986083984e+00
6.897897243499755859e+00
6.897892951965332031e+00
6.897939682006835938e+00
6.897876262664794922e+00
6.897969722747802734e+00
6.897871494293212891e+00
6.897991657257080078e+00
6.897874355316162109e+00
6.898003101348876953e+00
6.897886276245117188e+00
6.898008346557617188e+00
6.897902965545654297e+00
6.898011207580566406e+00
6.897919654846191406e+00
6.898012638092041016e+00
6.897937774658203125e+00
6.898013591766357422e+00
6.897953033447265625e+00
6.898021697998046875e+00
6.897965431213378906e+00
6.898028373718261719e+00
6.897974491119384766e+00
6.898044586181640625e+00
6.897976875305175781e+00
6.898065567016601562e+00
6.897974014282226562e+00
6.898094177246093750e+00
6.897960186004638672e+00
6.898134231567382812e+00
6.897933959960937500e+00
6.898189544677734375e+00
6.897887229919433594e+00
6.898268699645996094e+00
6.897812843322753906e+00
6.898381233215332031e+00
6.897697925567626953e+00
6.898549556732177734e+00
6.897517204284667969e+00
6.898798465728759766e+00
6.897236824035644531e+00
6.899171352386474609e+00
6.896802902221679688e+00
6.899726390838623047e+00
6.896156311035156250e+00
6.900517940521240234e+00
6.895279407501220703e+00
6.901505470275878906e+00
6.894340515136718750e+00
6.902326583862304688e+00
6.893937587738037109e+00
6.902191162109375000e+00
6.894871711730957031e+00
6.900590419769287109e+00
6.897059440612792969e+00
6.898269653320312500e+00
6.899251937866210938e+00
6.896604537963867188e+00
6.900243759155273438e+00
6.896443843841552734e+00
6.899640083312988281e+00
6.897685527801513672e+00
6.898066520690917969e+00
6.899283409118652344e+00
6.896776199340820312e+00
6.900055885314941406e+00
6.896673202514648438e+00
6.899542808532714844e+00
6.897703170776367188e+00
6.898285865783691406e+00
6.898967266082763672e+00
6.897300720214843750e+00
6.899559974670410156e+00
6.897204399108886719e+00
6.899234294891357422e+00
6.897879600524902344e+00
6.898426055908203125e+00
6.898680686950683594e+00
6.897839546203613281e+00
6.898999691009521484e+00
6.897872447967529297e+00
6.898700714111328125e+00
6.898397922515869141e+00
6.898110389709472656e+00
6.898973464965820312e+00
6.897683143615722656e+00
6.899228572845458984e+00
6.897649765014648438e+00
6.899099349975585938e+00
6.897933959960937500e+00
6.898774623870849609e+00
6.898277282714843750e+00
6.898523330688476562e+00
6.898443698883056641e+00
6.898510932922363281e+00
6.898347854614257812e+00
6.898736476898193359e+00
6.898066520690917969e+00
6.899079799652099609e+00
6.897732734680175781e+00
6.899420738220214844e+00
6.897447586059570312e+00
6.899695396423339844e+00
6.897234916687011719e+00
6.899912834167480469e+00
6.897055625915527344e+00
6.900135993957519531e+00
6.896844863891601562e+00
6.900418281555175781e+00
6.896578311920166016e+00
6.900743961334228516e+00
6.896339416503906250e+00
6.900946617126464844e+00
6.896333694458007812e+00
6.900786399841308594e+00
6.896776676177978516e+00
6.900124073028564453e+00
6.897672176361083984e+00
6.899122238159179688e+00
6.898738384246826172e+00
6.898137569427490234e+00
6.899615287780761719e+00
6.897490501403808594e+00
6.900046348571777344e+00
6.897341251373291016e+00
6.899954795837402344e+00
6.897666931152343750e+00
6.899456024169921875e+00
6.898279190063476562e+00
6.898809432983398438e+00
6.898907661437988281e+00
6.898278236389160156e+00
6.899339199066162109e+00
6.898012161254882812e+00
6.899487495422363281e+00
6.898024559020996094e+00
6.899383544921875000e+00
6.898237228393554688e+00
6.899129867553710938e+00
6.898538589477539062e+00
6.898841381072998047e+00
6.898826599121093750e+00
6.898605346679687500e+00
6.899038314819335938e+00
6.898457527160644531e+00
6.899153709411621094e+00
6.898408889770507812e+00
6.899174690246582031e+00
6.898442268371582031e+00
6.899120807647705078e+00
6.898542881011962891e+00
6.899015426635742188e+00
6.898680686950683594e+00
6.898888587951660156e+00
6.898830413818359375e+00
6.898766994476318359e+00
6.898959636688232422e+00
6.898674488067626953e+00
6.899052143096923828e+00
6.898624420166015625e+00
6.899096965789794922e+00
6.898618698120117188e+00
6.899097919464111328e+00
6.898655891418457031e+00
6.899064064025878906e+00
6.898717880249023438e+00
6.899015903472900391e+00
6.898790359497070312e+00
6.898962974548339844e+00
6.898860931396484375e+00
6.898916244506835938e+00
6.898921012878417969e+00
6.898881912231445312e+00
6.898966789245605469e+00
6.898858070373535156e+00
6.899004936218261719e+00
6.898846626281738281e+00
6.899031639099121094e+00
6.898842811584472656e+00
6.899053573608398438e+00
6.898840904235839844e+00
6.899074554443359375e+00
6.898837566375732422e+00
6.899097442626953125e+00
6.898832798004150391e+00
6.899126052856445312e+00
6.898824691772460938e+00
6.899157524108886719e+00
6.898810863494873047e+00
6.899196624755859375e+00
6.898787498474121094e+00
6.899244785308837891e+00
6.898753643035888672e+00
6.899306774139404297e+00
6.898701667785644531e+00
6.899391174316406250e+00
6.898624420166015625e+00
6.899504661560058594e+00
6.898510932922363281e+00
6.899666309356689453e+00
6.898343086242675781e+00
6.899891853332519531e+00
6.898097991943359375e+00
6.900212764739990234e+00
6.897745609283447266e+00
6.900651454925537109e+00
6.897281646728515625e+00
6.901198387145996094e+00
6.896756649017333984e+00
6.901727199554443359e+00
6.896403312683105469e+00
6.901884078979492188e+00
6.896645545959472656e+00
6.901242256164550781e+00
6.897743225097656250e+00
6.899861812591552734e+00
6.899273872375488281e+00
6.898454189300537109e+00
6.900458335876464844e+00
6.897696971893310547e+00
6.900813102722167969e+00
6.897820472717285156e+00
6.900341033935546875e+00
6.898582935333251953e+00
6.899494171142578125e+00
6.899396896362304688e+00
6.898876190185546875e+00
6.899769783020019531e+00
6.898807048797607422e+00
6.899582862854003906e+00
6.899206161499023438e+00
6.899096965789794922e+00
6.899705886840820312e+00
6.898703575134277344e+00
6.899978160858154297e+00
6.898615837097167969e+00
6.899930000305175781e+00
6.898805141448974609e+00
6.899704933166503906e+00
6.899045944213867188e+00
6.899553775787353516e+00
6.899127006530761719e+00
6.899608135223388672e+00
6.898995399475097656e+00
6.899846553802490234e+00
6.898741245269775391e+00
6.900120735168457031e+00
6.898536682128906250e+00
6.900279045104980469e+00
6.898485660552978516e+00
6.900275707244873047e+00
6.898582458496093750e+00
6.900166511535644531e+00
6.898724555969238281e+00
6.900074005126953125e+00
6.898797035217285156e+00
6.900085449218750000e+00
6.898760318756103516e+00
6.900195121765136719e+00
6.898660659790039062e+00
6.900317192077636719e+00
6.898606777191162109e+00
6.900333881378173828e+00
6.898690223693847656e+00
6.900193214416503906e+00
6.898923873901367188e+00
6.899925708770751953e+00
6.899243354797363281e+00
6.899621009826660156e+00
6.899549484252929688e+00
6.899374008178710938e+00
6.899765491485595703e+00
6.899228572845458984e+00
6.899877548217773438e+00
6.899178504943847656e+00
6.899909019470214844e+00
6.899182319641113281e+00
6.899916648864746094e+00
6.899190902709960938e+00
6.899936676025390625e+00
6.899187088012695312e+00
6.899976730346679688e+00
6.899164199829101562e+00
6.900026321411132812e+00
6.899140834808349609e+00
6.900067329406738281e+00
6.899133682250976562e+00
6.900087833404541016e+00
6.899147033691406250e+00
6.900088787078857422e+00
6.899173736572265625e+00
6.900081157684326172e+00
6.899196624755859375e+00
6.900087356567382812e+00
6.899201393127441406e+00
6.900119781494140625e+00
6.899179458618164062e+00
6.900176048278808594e+00
6.899130344390869141e+00
6.900259017944335938e+00
6.899061203002929688e+00
6.900356769561767578e+00
6.898984909057617188e+00
6.900460243225097656e+00
6.898907661437988281e+00
6.900563716888427734e+00
6.898834228515625000e+00
6.900659561157226562e+00
6.898772239685058594e+00
6.900740623474121094e+00
6.898730754852294922e+00
6.900796890258789062e+00
6.898719787597656250e+00
6.900816917419433594e+00
6.898756504058837891e+00
6.900783061981201172e+00
6.898850917816162109e+00
6.900684356689453125e+00
6.899003028869628906e+00
6.900527954101562500e+00
6.899204254150390625e+00
6.900332927703857422e+00
6.899429321289062500e+00
6.900125503540039062e+00
6.899651527404785156e+00
6.899930953979492188e+00
6.899852752685546875e+00
6.899762153625488281e+00
6.900017738342285156e+00
6.899636745452880859e+00
6.900141716003417969e+00
6.899547100067138672e+00
6.900235176086425781e+00
6.899489402770996094e+00
6.900298118591308594e+00
6.899457931518554688e+00
6.900343418121337891e+00
6.899442195892333984e+00
6.900378227233886719e+00
6.899435997009277344e+00
6.900410175323486328e+00
6.899428844451904297e+00
6.900442600250244141e+00
6.899418354034423828e+00
6.900479793548583984e+00
6.899402618408203125e+00
