4.692264080047607422e+00
3.056185722351074219e+00
3.043687105178833008e+00
3.028706073760986328e+00
3.012543439865112305e+00
2.995741367340087891e+00
2.978584527969360352e+00
2.961245536804199219e+00
2.943836688995361328e+00
2.926434516906738281e+00
2.909094572067260742e+00
2.891856670379638672e+00
2.874749660491943359e+00
2.857796430587768555e+00
2.841012001037597656e+00
2.824408292770385742e+00
2.807992458343505859e+00
2.791768789291381836e+00
2.775740146636962891e+00
2.759906291961669922e+00
2.744265079498291016e+00
2.728815078735351562e+00
2.713550806045532227e+00
2.698467254638671875e+00
2.683559417724609375e+00
2.668819189071655273e+00
2.654239654541015625e+00
2.639813423156738281e+00
2.625532150268554688e+00
2.611386299133300781e+00
2.597368240356445312e+00
2.583467960357666016e+00
2.569677352905273438e+00
2.555986642837524414e+00
2.542386770248413086e+00
2.528867959976196289e+00
2.515422105789184570e+00
2.502038240432739258e+00
2.488709449768066406e+00
2.475425481796264648e+00
2.462177753448486328e+00
2.448957920074462891e+00
2.435757160186767578e+00
2.422567605972290039e+00
2.409381628036499023e+00
2.396190166473388672e+00
2.382987022399902344e+00
2.369764804840087891e+00
2.356515645980834961e+00
2.343233585357666016e+00
2.329912185668945312e+00
2.316544771194458008e+00
2.303126096725463867e+00
2.289649963378906250e+00
2.276112079620361328e+00
2.262506723403930664e+00
2.248829364776611328e+00
2.235075235366821289e+00
2.221241235733032227e+00
2.207322835922241211e+00
2.193316459655761719e+00
2.179219484329223633e+00
2.165028333663940430e+00
2.150741100311279297e+00
2.136354207992553711e+00
2.121865987777709961e+00
2.107275009155273438e+00
2.092579126358032227e+00
2.077776908874511719e+00
2.062867403030395508e+00
2.047849416732788086e+00
2.032722234725952148e+00
2.017485618591308594e+00
2.002138614654541016e+00
1.986682176589965820e+00
1.971115469932556152e+00
1.955439090728759766e+00
1.939653396606445312e+00
1.923759222030639648e+00
1.907757759094238281e+00
1.891649842262268066e+00
1.875436782836914062e+00
1.859120011329650879e+00
1.842701315879821777e+00
1.826182723045349121e+00
1.809566020965576172e+00
1.792853951454162598e+00
1.776048421859741211e+00
1.759152770042419434e+00
1.742169618606567383e+00
1.725102305412292480e+00
1.707953691482543945e+00
1.690727829933166504e+00
1.673428535461425781e+00
1.656059622764587402e+00
1.638625621795654297e+00
1.621130704879760742e+00
1.603579759597778320e+00
1.585977792739868164e+00
1.568329930305480957e+00
1.550641417503356934e+00
1.532918334007263184e+00
1.515166163444519043e+00
1.497391581535339355e+00
1.479600429534912109e+00
1.461799621582031250e+00
1.443996191024780273e+00
1.426196455955505371e+00
1.408408403396606445e+00
1.390639066696166992e+00
1.372896552085876465e+00
1.355188369750976562e+00
1.337522983551025391e+00
1.319908261299133301e+00
1.302352905273437500e+00
1.284865260124206543e+00
1.267454266548156738e+00
1.250128626823425293e+00
1.232897639274597168e+00
1.215769767761230469e+00
1.198755025863647461e+00
1.181861877441406250e+00
1.165100097656250000e+00
1.148478865623474121e+00
1.132007479667663574e+00
1.115695238113403320e+00
1.099551439285278320e+00
1.083585023880004883e+00
1.067805647850036621e+00
1.052221894264221191e+00
1.036842823028564453e+00
1.021677255630493164e+00
1.006733655929565430e+00
9.920200109481811523e-01
9.775448441505432129e-01
9.633158445358276367e-01
9.493404626846313477e-01
9.356257915496826172e-01
9.221786260604858398e-01
9.090058207511901855e-01
8.961130976676940918e-01
8.835061192512512207e-01
8.711899518966674805e-01
8.591693639755249023e-01
8.474488258361816406e-01
8.360317349433898926e-01
8.249211907386779785e-01
8.141201138496398926e-01
8.036302924156188965e-01
7.934533357620239258e-01
7.835901975631713867e-01
7.740411162376403809e-01
7.648060321807861328e-01
7.558839321136474609e-01
7.472735047340393066e-01
7.389727830886840820e-01
7.309790849685668945e-01
7.232894897460937500e-01
7.159002423286437988e-01
7.088072896003723145e-01
7.020059823989868164e-01
6.954911947250366211e-01
6.892574429512023926e-01
6.832986474037170410e-01
6.776084303855895996e-01
6.721799969673156738e-01
6.670064926147460938e-01
6.620804667472839355e-01
6.573944687843322754e-01
6.529404520988464355e-01
6.487107276916503906e-01
6.446968913078308105e-01
6.408908367156982422e-01
6.372843384742736816e-01
6.338689327239990234e-01
6.306363940238952637e-01
6.275781989097595215e-01
6.246865391731262207e-01
6.219528317451477051e-01
6.193692088127136230e-01
6.169279813766479492e-01
6.146212220191955566e-01
6.124414801597595215e-01
6.103814244270324707e-01
6.084338426589965820e-01
6.065922379493713379e-01
6.048498749732971191e-01
6.032001972198486328e-01
6.016373038291931152e-01
6.001552939414978027e-01
5.987488627433776855e-01
5.974125862121582031e-01
5.961411595344543457e-01
5.949302911758422852e-01
5.937753319740295410e-01
5.926719903945922852e-01
5.916165113449096680e-01
5.906049013137817383e-01
5.896339416503906250e-01
5.887001156806945801e-01
5.878006219863891602e-01
5.869324207305908203e-01
5.860928297042846680e-01
5.852796435356140137e-01
5.844903588294982910e-01
5.837228894233703613e-01
5.829753279685974121e-01
5.822457671165466309e-01
5.815325975418090820e-01
5.808343887329101562e-01
5.801495313644409180e-01
5.794767737388610840e-01
5.788149833679199219e-01
5.781629085540771484e-01
5.775195956230163574e-01
5.768841505050659180e-01
5.762556791305541992e-01
5.756333470344543457e-01
5.750164985656738281e-01
5.744044780731201172e-01
5.737965106964111328e-01
5.731922388076782227e-01
5.725910663604736328e-01
5.719925761222839355e-01
5.713961720466613770e-01
5.708017349243164062e-01
5.702086687088012695e-01
5.696167945861816406e-01
5.690258145332336426e-01
5.684353113174438477e-01
5.678452253341674805e-01
5.672550797462463379e-01
5.666650533676147461e-01
5.660744905471801758e-01
5.654836297035217285e-01
5.648919343948364258e-01
5.642995834350585938e-01
5.637062788009643555e-01
5.631119608879089355e-01
5.625163912773132324e-01
5.619196295738220215e-01
5.613213777542114258e-01
5.607216954231262207e-01
5.601204633712768555e-01
5.595175623893737793e-01
5.589129328727722168e-01
5.583065152168273926e-01
5.576983690261840820e-01
5.570881366729736328e-01
5.564759969711303711e-01
5.558618903160095215e-01
5.552456974983215332e-01
5.546272993087768555e-01
5.540067553520202637e-01
5.533840656280517578e-01
5.527589917182922363e-01
5.521317124366760254e-01
5.515020489692687988e-01
5.508700609207153320e-01
5.502355694770812988e-01
5.495986938476562500e-01
5.489592552185058594e-01
5.483173727989196777e-01
5.476729273796081543e-01
5.470257997512817383e-01
5.463761687278747559e-01
5.457239151000976562e-01
5.450688600540161133e-01
5.444112420082092285e-01
5.437508225440979004e-01
5.430877804756164551e-01
5.424218773841857910e-01
5.417531728744506836e-01
5.410816073417663574e-01
5.404072403907775879e-01
5.397300720214843750e-01
5.390499830245971680e-01
5.383667945861816406e-01
5.376808643341064453e-01
5.369919538497924805e-01
5.363000631332397461e-01
5.356050729751586914e-01
5.349072217941284180e-01
5.342062711715698242e-01
5.335021615028381348e-01
5.327950716018676758e-01
5.320848822593688965e-01
5.313715338706970215e-01
5.306552648544311523e-01
5.299355983734130859e-01
5.292128324508666992e-01
5.284867882728576660e-01
5.277577042579650879e-01
5.270254611968994141e-01
5.262898206710815430e-01
5.255509614944458008e-01
5.248088836669921875e-01
5.240635275840759277e-01
5.233148932456970215e-01
5.225629210472106934e-01
5.218077301979064941e-01
5.210490822792053223e-01
5.202871561050415039e-01
5.195220112800598145e-01
5.187532901763916016e-01
5.179814100265502930e-01
5.172060132026672363e-01
5.164271593093872070e-01
5.156450867652893066e-01
5.148594975471496582e-01
5.140705108642578125e-01
5.132781267166137695e-01
5.124822854995727539e-01
5.116829872131347656e-01
5.108802318572998047e-01
5.100740790367126465e-01
5.092645883560180664e-01
5.084514617919921875e-01
5.076348781585693359e-01
5.068148970603942871e-01
5.059913992881774902e-01
5.051645636558532715e-01
5.043340921401977539e-01
5.035001635551452637e-01
5.026628971099853516e-01
5.018219947814941406e-01
5.009776949882507324e-01
5.001299381256103516e-01
4.992786645889282227e-01
4.984239935874938965e-01
4.975657761096954346e-01
4.967041015625000000e-01
4.958389699459075928e-01
4.949703514575958252e-01
4.940983653068542480e-01
4.932228326797485352e-01
4.923439323902130127e-01
4.914615750312805176e-01
4.905758798122406006e-01
4.896865785121917725e-01
4.887938797473907471e-01
4.878979027271270752e-01
4.869984984397888184e-01
4.860957264900207520e-01
4.851894378662109375e-01
4.842799305915832520e-01
4.833670258522033691e-01
4.824507534503936768e-01
4.815311133861541748e-01
4.806082844734191895e-01
4.796819686889648438e-01
4.787524044513702393e-01
4.778196513652801514e-01
4.768835008144378662e-01
4.759442508220672607e-01
4.750016331672668457e-01
4.740558564662933350e-01
4.731068611145019531e-01
4.721547067165374756e-01
4.711992442607879639e-01
4.702407717704772949e-01
4.692790210247039795e-01
4.683142304420471191e-01
4.673463702201843262e-01
4.663753509521484375e-01
4.654012918472290039e-01
4.644241631031036377e-01
4.634440541267395020e-01
4.624609351158142090e-01
4.614747762680053711e-01
4.604856371879577637e-01
4.594935774803161621e-01
4.584985375404357910e-01
4.575005769729614258e-01
4.564997553825378418e-01
4.554961621761322021e-01
4.544895887374877930e-01
4.534803330898284912e-01
4.524680674076080322e-01
4.514531791210174561e-01
4.504354298114776611e-01
4.494150280952453613e-01
4.483918845653533936e-01
4.473660290241241455e-01
4.463375210762023926e-01
4.453063607215881348e-01
4.442725181579589844e-01
4.432361423969268799e-01
4.421971738338470459e-01
4.411555826663970947e-01
4.401115179061889648e-01
4.390648603439331055e-01
4.380158185958862305e-01
4.369642734527587891e-01
4.359102547168731689e-01
4.348538815975189209e-01
4.337950944900512695e-01
4.327339231967926025e-01
4.316703379154205322e-01
4.306044280529022217e-01
4.295362830162048340e-01
4.284658730030059814e-01
4.273931086063385010e-01
4.263181984424591064e-01
4.252409934997558594e-01
4.241616427898406982e-01
4.230800867080688477e-01
4.219964444637298584e-01
4.209106564521789551e-01
4.198227524757385254e-01
4.187328517436981201e-01
4.176408052444458008e-01
4.165467619895935059e-01
4.154507219791412354e-01
4.143526852130889893e-01
4.132526218891143799e-01
4.121506810188293457e-01
4.110468327999114990e-01
4.099411070346832275e-01
4.088334739208221436e-01
4.077240526676177979e-01
4.066127240657806396e-01
4.054995775222778320e-01
4.043847024440765381e-01
4.032680988311767578e-01
4.021496772766113281e-01
4.010296165943145752e-01
3.999078571796417236e-01
3.987843692302703857e-01
3.976592719554901123e-01
3.965325653553009033e-01
3.954042792320251465e-01
3.942743539810180664e-01
3.931429088115692139e-01
3.920099437236785889e-01
3.908753991127014160e-01
3.897393941879272461e-01
3.886020183563232422e-01
3.874631226062774658e-01
3.863228261470794678e-01
3.851811587810516357e-01
3.840381205081939697e-01
3.828937113285064697e-01
3.817480802536010742e-01
3.806009888648986816e-01
3.794527351856231689e-01
3.783032298088073730e-01
3.771524727344512939e-01
3.760005235671997070e-01
3.748473823070526123e-01
3.736931383609771729e-01
3.725377917289733887e-01
3.713812828063964844e-01
3.702237010002136230e-01
3.690651357173919678e-01
3.679054975509643555e-01
3.667448759078979492e-01
3.655833601951599121e-01
3.644208610057830811e-01
3.632574379444122314e-01
3.620930910110473633e-01
3.609279394149780273e-01
3.597619533538818359e-01
3.585952222347259521e-01
3.574276566505432129e-01
3.562593460083007812e-01
3.550903499126434326e-01
3.539207279682159424e-01
3.527503311634063721e-01
3.515793979167938232e-01
3.504078686237335205e-01
3.492357432842254639e-01
3.480631113052368164e-01
3.468899726867675781e-01
3.457164466381072998e-01
3.445423841476440430e-01
3.433679342269897461e-01
3.421931862831115723e-01
3.410180509090423584e-01
3.398425877094268799e-01
3.386669754981994629e-01
3.374910354614257812e-01
3.363150060176849365e-01
3.351387381553649902e-01
3.339622914791107178e-01
3.327858448028564453e-01
3.316093385219573975e-01
3.304328024387359619e-01
3.292562663555145264e-01
3.280798792839050293e-01
3.269035220146179199e-01
3.257273435592651367e-01
3.245513141155242920e-01
3.233754634857177734e-01
3.221999704837799072e-01
3.210246264934539795e-01
3.198497593402862549e-01
3.186751902103424072e-01
3.175010383129119873e-01
3.163273930549621582e-01
3.151541948318481445e-01
3.139815628528594971e-01
3.128094971179962158e-01
3.116380870342254639e-01
3.104672729969024658e-01
3.092972636222839355e-01
3.081280291080474854e-01
3.069595098495483398e-01
3.057918250560760498e-01
3.046250343322753906e-01
3.034591674804687500e-01
3.022943139076232910e-01
3.011304736137390137e-01
2.999676465988159180e-01
2.988060116767883301e-01
2.976454794406890869e-01
2.964861690998077393e-01
2.953279912471771240e-01
2.941711843013763428e-01
2.930158078670501709e-01
2.918617129325866699e-01
2.907090485095977783e-01
2.895578742027282715e-01
2.884082794189453125e-01
2.872601449489593506e-01
2.861136496067047119e-01
2.849689126014709473e-01
2.838257849216461182e-01
2.826844453811645508e-01
2.815448939800262451e-01
2.804072201251983643e-01
2.792714536190032959e-01
2.781375050544738770e-01
2.770056724548339844e-01
2.758758664131164551e-01
2.747480571269989014e-01
2.736224532127380371e-01
2.724990248680114746e-01
2.713777720928192139e-01
2.702587842941284180e-01
2.691421210765838623e-01
2.680278122425079346e-01
2.669159471988677979e-01
2.658064663410186768e-01
2.646994590759277344e-01
2.635951042175292969e-01
2.624931931495666504e-01
2.613939642906188965e-01
2.602973878383636475e-01
2.592035531997680664e-01
2.581124901771545410e-01
2.570242285728454590e-01
2.559387683868408203e-01
2.548561990261077881e-01
2.537765502929687500e-01
2.526998519897460938e-01
2.516262233257293701e-01
2.505556046962738037e-01
2.494880408048629761e-01
2.484236508607864380e-01
2.473624050617218018e-01
2.463044375181198120e-01
2.452496290206909180e-01
2.441981583833694458e-01
2.431499660015106201e-01
2.421051263809204102e-01
2.410637140274047852e-01
2.400257289409637451e-01
2.389912307262420654e-01
2.379601597785949707e-01
2.369326800107955933e-01
2.359088212251663208e-01
2.348884791135787964e-01
2.338718026876449585e-01
2.328587770462036133e-01
2.318495064973831177e-01
2.308439165353775024e-01
2.298420369625091553e-01
2.288440465927124023e-01
2.278497815132141113e-01
2.268593758344650269e-01
2.258728742599487305e-01
2.248902767896652222e-01
2.239116132259368896e-01
2.229368835687637329e-01
2.219661623239517212e-01
2.209993749856948853e-01
2.200366556644439697e-01
2.190779596567153931e-01
2.181233465671539307e-01
2.171728014945983887e-01
2.162264436483383179e-01
2.152841389179229736e-01
2.143459916114807129e-01
2.134120315313339233e-01
2.124822735786437988e-01
2.115567028522491455e-01
2.106353640556335449e-01
2.097182422876358032e-01
2.088054120540618896e-01
2.078967839479446411e-01
2.069924920797348022e-01
2.060925066471099854e-01
2.051967680454254150e-01
2.043053954839706421e-01
2.034183293581008911e-01
2.025355994701385498e-01
2.016572356224060059e-01
2.007832229137420654e-01
1.999135911464691162e-01
1.990483105182647705e-01
1.981874108314514160e-01
1.973309069871902466e-01
1.964788734912872314e-01
1.956311017274856567e-01
1.947878152132034302e-01
1.939489245414733887e-01
1.931144297122955322e-01
1.922843754291534424e-01
1.914587020874023438e-01
1.906374692916870117e-01
1.898206472396850586e-01
1.890082210302352905e-01
1.882002502679824829e-01
1.873966753482818604e-01
1.865975111722946167e-01
1.858027279376983643e-01
1.850124001502990723e-01
1.842263936996459961e-01
1.834448426961898804e-01
1.826676875352859497e-01
1.818949431180953979e-01
1.811265051364898682e-01
1.803625077009201050e-01
1.796028316020965576e-01
1.788475662469863892e-01
1.780965775251388550e-01
1.773500293493270874e-01
1.766077578067779541e-01
1.758698076009750366e-01
1.751361787319183350e-01
1.744068562984466553e-01
1.736818850040435791e-01
1.729611158370971680e-01
1.722445935010910034e-01
1.715323776006698608e-01
1.708243936300277710e-01
1.701206564903259277e-01
1.694211363792419434e-01
1.687258034944534302e-01
1.680346578359603882e-01
1.673476696014404297e-01
1.666648387908935547e-01
1.659861803054809570e-01
1.653116196393966675e-01
1.646411567926406860e-01
1.639748215675354004e-01
1.633125245571136475e-01
1.626542955636978149e-01
1.620001047849655151e-01
1.613499224185943604e-01
1.607037484645843506e-01
1.600615680217742920e-01
1.594233661890029907e-01
1.587890684604644775e-01
1.581587046384811401e-01
1.575322151184082031e-01
1.569096446037292480e-01
1.562909483909606934e-01
1.556760370731353760e-01
1.550649851560592651e-01
1.544577181339263916e-01
1.538542360067367554e-01
1.532545089721679688e-01
1.526584625244140625e-01
1.520661860704421997e-01
1.514776200056076050e-01
1.508926302194595337e-01
1.503113359212875366e-01
1.497336775064468384e-01
1.491595655679702759e-01
1.485890597105026245e-01
1.480221152305603027e-01
1.474586576223373413e-01
1.468987166881561279e-01
1.463422179222106934e-01
1.457892358303070068e-01
1.452396661043167114e-01
1.446934640407562256e-01
1.441506743431091309e-01
1.436112672090530396e-01
1.430751532316207886e-01
1.425423324108123779e-01
1.420128494501113892e-01
1.414865553379058838e-01
1.409635394811630249e-01
1.404437422752380371e-01
1.399271041154861450e-01
1.394136399030685425e-01
1.389032900333404541e-01
1.383960694074630737e-01
1.378919035196304321e-01
1.373908370733261108e-01
1.368927955627441406e-01
1.363977640867233276e-01
1.359057277441024780e-01
1.354165971279144287e-01
1.349304467439651489e-01
1.344472020864486694e-01
1.339668184518814087e-01
1.334893703460693359e-01
1.330146938562393188e-01
1.325428634881973267e-01
1.320738047361373901e-01
1.316075176000595093e-01
1.311439573764801025e-01
1.306831240653991699e-01
1.302249878644943237e-01
1.297695040702819824e-01
1.293166875839233398e-01
1.288664788007736206e-01
1.284188181161880493e-01
1.279737800359725952e-01
1.275312602519989014e-01
1.270912736654281616e-01
1.266538053750991821e-01
1.262188553810119629e-01
1.257862746715545654e-01
1.253561526536941528e-01
1.249284669756889343e-01
1.245031282305717468e-01
1.240801811218261719e-01
1.236595585942268372e-01
1.232412531971931458e-01
1.228253096342086792e-01
1.224115565419197083e-01
1.220000535249710083e-01
1.215908080339431763e-01
1.211837232112884521e-01
1.207788959145545959e-01
1.203762069344520569e-01
1.199756488204002380e-01
1.195772215723991394e-01
1.191808879375457764e-01
1.187866330146789551e-01
1.183944866061210632e-01
1.180043444037437439e-01
1.176161989569664001e-01
1.172300726175308228e-01
1.168459281325340271e-01
1.164637431502342224e-01
1.160835102200508118e-01
1.157051920890808105e-01
1.153287664055824280e-01
1.149542257189750671e-01
1.145815700292587280e-01
1.142107322812080383e-01
1.138417422771453857e-01
1.134745329618453979e-01
1.131091266870498657e-01
1.127455085515975952e-01
1.123836189508438110e-01
1.120234951376914978e-01
1.116651073098182678e-01
1.113083586096763611e-01
1.109533309936523438e-01
1.105999723076820374e-01
1.102482527494430542e-01
1.098981872200965881e-01
1.095497384667396545e-01
1.092028990387916565e-01
1.088576242327690125e-01
1.085139364004135132e-01
1.081717982888221741e-01
1.078312098979949951e-01
1.074921339750289917e-01
1.071545854210853577e-01
1.068185269832611084e-01
1.064839363098144531e-01
1.061508208513259888e-01
1.058191582560539246e-01
1.054889038205146790e-01
1.051601544022560120e-01
1.048327460885047913e-01
1.045067682862281799e-01
1.041821539402008057e-01
1.038589179515838623e-01
1.035370528697967529e-01
1.032165139913558960e-01
1.028973236680030823e-01
1.025794371962547302e-01
1.022628471255302429e-01
1.019475758075714111e-01
1.016335710883140564e-01
1.013208553194999695e-01
1.010094285011291504e-01
1.006991863250732422e-01
1.003902256488800049e-01
1.000824645161628723e-01
9.977591037750244141e-02
9.947057813405990601e-02
9.916646033525466919e-02
9.886348992586135864e-02
9.856168925762176514e-02
9.826108068227767944e-02
9.796159714460372925e-02
9.766329079866409302e-02
9.736607968807220459e-02
9.707000851631164551e-02
9.677507728338241577e-02
9.648119658231735229e-02
9.618842601776123047e-02
9.589677304029464722e-02
9.560617059469223022e-02
9.531665593385696411e-02
9.502818435430526733e-02
9.474077820777893066e-02
9.445440769195556641e-02
9.416905045509338379e-02
9.388475120067596436e-02
9.360147267580032349e-02
9.331919252872467041e-02
9.303791821002960205e-02
9.275763481855392456e-02
9.247836470603942871e-02
9.220004826784133911e-02
9.192273765802383423e-02
9.164636582136154175e-02
9.137096256017684937e-02
9.109652042388916016e-02
9.082301706075668335e-02
9.055045992136001587e-02
9.027882665395736694e-02
9.000813215970993042e-02
8.973838388919830322e-02
8.946950733661651611e-02
8.920157700777053833e-02
8.893451839685440063e-02
8.866838365793228149e-02
8.840312063694000244e-02
8.813878893852233887e-02
8.787529170513153076e-02
8.761271089315414429e-02
8.735097199678421021e-02
8.709011971950531006e-02
8.683010190725326538e-02
8.657094091176986694e-02
8.631266653537750244e-02
8.605521172285079956e-02
8.579862117767333984e-02
8.554284274578094482e-02
8.528791368007659912e-02
8.503382652997970581e-02
8.478053659200668335e-02
8.452808111906051636e-02
8.427644520998001099e-02
8.402560651302337646e-02
8.377558737993240356e-02
8.352639526128768921e-02
8.327797800302505493e-02
8.303037285804748535e-02
8.278353512287139893e-02
8.253750950098037720e-02
8.229225128889083862e-02
8.204779773950576782e-02
8.180408179759979248e-02
8.156119287014007568e-02
8.131905645132064819e-02
8.107767999172210693e-02
8.083707839250564575e-02
8.059726655483245850e-02
8.035816252231597900e-02
8.011984825134277344e-02
7.988227903842926025e-02
7.964547723531723022e-02
7.940939813852310181e-02
7.917408645153045654e-02
7.893951982259750366e-02
7.870569080114364624e-02
7.847259193658828735e-02
7.824020832777023315e-02
7.800859212875366211e-02
7.777771353721618652e-02
7.754755020141601562e-02
7.731809467077255249e-02
7.708938419818878174e-02
7.686139643192291260e-02
7.663413137197494507e-02
7.640758156776428223e-02
7.618175446987152100e-02
7.595662027597427368e-02
7.573221623897552490e-02
7.550849020481109619e-02
7.528551667928695679e-02
7.506322860717773438e-02
7.484162598848342896e-02
7.462073862552642822e-02
7.440058141946792603e-02
7.418108731508255005e-02
7.396229356527328491e-02
7.374420017004013062e-02
7.352679222822189331e-02
7.331009954214096069e-02
7.309408485889434814e-02
7.287877053022384644e-02
7.266413420438766479e-02
7.245017588138580322e-02
7.223690301179885864e-02
7.202431559562683105e-02
7.181242853403091431e-02
7.160117477178573608e-02
7.139062881469726562e-02
7.118077576160430908e-02
7.097158581018447876e-02
7.076305896043777466e-02
7.055523246526718140e-02
7.034803181886672974e-02
7.014154642820358276e-02
6.993571668863296509e-02
6.973054260015487671e-02
6.952606141567230225e-02
6.932219862937927246e-02
6.911904364824295044e-02
6.891652941703796387e-02
6.871470808982849121e-02
6.851349025964736938e-02
6.831298768520355225e-02
6.811313331127166748e-02
6.791391968727111816e-02
6.771535426378250122e-02
6.751745939254760742e-02
6.732022762298583984e-02
6.712363660335540771e-02
6.692769378423690796e-02
6.673241406679153442e-02
6.653778254985809326e-02
6.634378433227539062e-02
6.615045666694641113e-02
6.595774739980697632e-02
6.576570868492126465e-02
6.557433307170867920e-02
6.538356840610504150e-02
6.519342958927154541e-02
6.500394642353057861e-02
6.481514871120452881e-02
6.462691724300384521e-02
6.443935632705688477e-02
6.425245851278305054e-02
6.406615674495697021e-02
6.388050317764282227e-02
6.369552016258239746e-02
6.351112574338912964e-02
6.332737952470779419e-02
6.314424425363540649e-02
6.296175718307495117e-02
6.277991086244583130e-02
6.259868294000625610e-02
6.241806969046592712e-02
6.223810091614723206e-02
6.205873191356658936e-02
6.188001111149787903e-02
6.170191615819931030e-02
6.152443960309028625e-02
6.134758517146110535e-02
6.117132678627967834e-02
6.099570915102958679e-02
6.082070618867874146e-02
6.064631044864654541e-02
6.047254428267478943e-02
6.029940024018287659e-02
6.012686342000961304e-02
5.995489656925201416e-02
5.978358164429664612e-02
5.961288139224052429e-02
5.944275856018066406e-02
5.927328020334243774e-02
5.910439044237136841e-02
5.893611907958984375e-02
5.876844376325607300e-02
5.860137566924095154e-02
5.843491852283477783e-02
5.826903879642486572e-02
5.810377374291419983e-02
5.793908610939979553e-02
5.777502432465553284e-02
5.761155113577842712e-02
5.744869634509086609e-02
5.728640779852867126e-02
5.712473392486572266e-02
5.696361884474754333e-02
5.680311471223831177e-02
5.664321035146713257e-02
5.648388341069221497e-02
5.632514506578445435e-02
5.616698041558265686e-02
5.600942671298980713e-02
5.585243552923202515e-02
5.569604784250259399e-02
5.554021149873733521e-02
5.538496747612953186e-02
5.523033067584037781e-02
5.507623776793479919e-02
5.492273345589637756e-02
5.476979538798332214e-02
5.461742728948593140e-02
5.446564778685569763e-02
5.431443825364112854e-02
5.416379496455192566e-02
5.401371791958808899e-02
5.386421084403991699e-02
5.371526256203651428e-02
5.356689542531967163e-02
5.341907963156700134e-02
5.327182635664939880e-02
5.312512814998626709e-02
5.297898501157760620e-02
5.283340811729431152e-02
5.268837511539459229e-02
5.254391953349113464e-02
5.240001529455184937e-02
5.225665867328643799e-02
5.211384221911430359e-02
5.197158828377723694e-02
5.182986333966255188e-02
5.168869346380233765e-02
5.154807865619659424e-02
5.140800774097442627e-02
5.126846581697463989e-02
5.112947523593902588e-02
5.099100992083549500e-02
5.085309222340583801e-02
5.071569979190826416e-02
5.057885125279426575e-02
5.044252797961235046e-02
5.030676349997520447e-02
5.017150193452835083e-02
5.003678798675537109e-02
4.990258440375328064e-02
4.976891353726387024e-02
4.963574185967445374e-02
4.950314387679100037e-02
4.937101528048515320e-02
4.923944175243377686e-02
4.910837858915328979e-02
4.897782206535339355e-02
4.884777590632438660e-02
4.871824756264686584e-02
4.858924075961112976e-02
4.846072196960449219e-02
4.833271726965904236e-02
4.820524156093597412e-02
4.807827249169349670e-02
4.795177653431892395e-02
4.782580956816673279e-02
4.770032316446304321e-02
4.757533222436904907e-02
4.745087400078773499e-02
4.732687771320343018e-02
4.720337316393852234e-02
4.708038270473480225e-02
4.695785790681838989e-02
4.683583229780197144e-02
4.671429842710494995e-02
4.659325629472732544e-02
4.647269472479820251e-02
4.635258764028549194e-02
4.623300582170486450e-02
4.611388966441154480e-02
4.599522426724433899e-02
4.587704688310623169e-02
4.575935751199722290e-02
4.564213007688522339e-02
4.552538320422172546e-02
4.540909826755523682e-02
4.529326781630516052e-02
4.517793282866477966e-02
4.506301134824752808e-02
4.494859278202056885e-02
4.483462870121002197e-02
4.472111910581588745e-02
4.460806027054786682e-02
4.449547454714775085e-02
4.438335075974464417e-02
4.427164047956466675e-02
4.416039958596229553e-02
4.404960200190544128e-02
4.393927007913589478e-02
4.382938891649246216e-02
4.371991008520126343e-02
4.361089691519737244e-02
4.350232332944869995e-02
4.339419305324554443e-02
4.328649491071701050e-02
4.317922517657279968e-02
4.307240247726440430e-02
4.296601191163063049e-02
4.286004602909088135e-02
4.275450855493545532e-02
4.264938458800315857e-02
4.254471138119697571e-02
4.244043305516242981e-02
4.233659431338310242e-02
4.223317652940750122e-02
4.213016480207443237e-02
4.202758520841598511e-02
4.192540422081947327e-02
4.182362928986549377e-02
4.172228276729583740e-02
4.162135347723960876e-02
4.152082651853561401e-02
4.142069816589355469e-02
4.132098704576492310e-02
4.122166708111763000e-02
4.112276062369346619e-02
4.102424904704093933e-02
4.092611744999885559e-02
4.082841426134109497e-02
4.073107987642288208e-02
4.063414782285690308e-02
4.053758829832077026e-02
4.044144973158836365e-02
4.034567996859550476e-02
4.025030508637428284e-02
4.015531018376350403e-02
4.006069898605346680e-02
3.996646776795387268e-02
3.987261280417442322e-02
3.977913036942481995e-02
3.968604654073715210e-02
3.959332033991813660e-02
3.950097784399986267e-02
3.940900787711143494e-02
3.931739553809165955e-02
3.922616317868232727e-02
3.913528844714164734e-02
3.904478624463081360e-02
3.895463794469833374e-02
3.886486589908599854e-02
3.877546265721321106e-02
3.868637979030609131e-02
3.859768435359001160e-02
3.850931674242019653e-02
3.842132538557052612e-02
3.833368420600891113e-02
3.824638947844505310e-02
3.815945237874984741e-02
3.807285428047180176e-02
3.798660263419151306e-02
3.790070116519927979e-02
3.781513869762420654e-02
3.772992268204689026e-02
3.764503076672554016e-02
3.756049647927284241e-02
3.747627884149551392e-02
3.739241138100624084e-02
3.730886802077293396e-02
3.722565993666648865e-02
3.714279457926750183e-02
3.706024214625358582e-02
3.697799518704414368e-02
3.689609840512275696e-02
3.681454062461853027e-02
3.673329576849937439e-02
3.665237128734588623e-02
3.657175973057746887e-02
3.649146482348442078e-02
3.641149401664733887e-02
3.633183613419532776e-02
3.625249862670898438e-02
3.617346286773681641e-02
3.609474748373031616e-02
3.601631149649620056e-02
3.593822941184043884e-02
3.586041182279586792e-02
3.578292950987815857e-02
3.570573776960372925e-02
3.562884777784347534e-02
3.555225953459739685e-02
3.547597303986549377e-02
3.539998829364776611e-02
3.532431647181510925e-02
3.524890169501304626e-02
3.517377749085426331e-02
3.509898856282234192e-02
3.502446040511131287e-02
3.495023027062416077e-02
3.487626835703849792e-02
3.480260819196701050e-02
3.472925350069999695e-02
3.465615212917327881e-02
3.458334505558013916e-02
3.451081737875938416e-02
3.443856909871101379e-02
3.436661884188652039e-02
3.429491072893142700e-02
3.422348946332931519e-02
3.415234759449958801e-02
3.408147767186164856e-02
3.401090204715728760e-02
3.394056111574172974e-02
3.387049213051795959e-02
3.380070254206657410e-02
3.373118489980697632e-02
3.366192802786827087e-02
3.359291702508926392e-02
3.352418914437294006e-02
3.345571458339691162e-02
3.338749334216117859e-02
3.331954777240753174e-02
3.325183317065238953e-02
3.318439796566963196e-02
3.311721608042716980e-02
3.305028378963470459e-02
3.298359364271163940e-02
3.291717171669006348e-02
3.285098448395729065e-02
3.278505057096481323e-02
3.271935135126113892e-02
3.265392780303955078e-02
3.258872777223587036e-02
3.252377361059188843e-02
3.245906531810760498e-02
3.239460289478302002e-02
3.233036771416664124e-02
3.226635977625846863e-02
3.220262005925178528e-02
3.213908895850181580e-02
3.207580745220184326e-02
3.201276808977127075e-02
3.194993361830711365e-02
3.188737109303474426e-02
3.182500228285789490e-02
3.176287561655044556e-02
3.170099109411239624e-02
3.163931891322135925e-02
3.157787397503852844e-02
3.151665255427360535e-02
3.145565465092658997e-02
3.139488399028778076e-02
3.133433312177658081e-02
3.127399832010269165e-02
3.121388331055641174e-02
3.115398623049259186e-02
3.109431453049182892e-02
3.103484399616718292e-02
3.097558952867984772e-02
3.091655671596527100e-02
3.085773251950740814e-02
3.079912438988685608e-02
3.074072301387786865e-02
3.068252094089984894e-02
3.062454797327518463e-02
3.056675940752029419e-02
3.050919249653816223e-02
3.045182675123214722e-02
3.039465285837650299e-02
3.033770434558391571e-02
3.028094768524169922e-02
3.022438660264015198e-02
3.016803227365016937e-02
3.011187538504600525e-02
3.005590848624706268e-02
3.000014647841453552e-02
2.994458191096782684e-02
2.988919429481029510e-02
2.983403019607067108e-02
2.977904491126537323e-02
2.972423471510410309e-02
2.966963872313499451e-02
2.961523644626140594e-02
2.956099063158035278e-02
2.950696647167205811e-02
2.945311181247234344e-02
2.939944714307785034e-02
2.934595942497253418e-02
2.929266914725303650e-02
2.923953533172607422e-02
2.918660826981067657e-02
2.913386560976505280e-02
2.908128872513771057e-02
2.902890555560588837e-02
2.897669188678264618e-02
2.892464399337768555e-02
2.887280099093914032e-02
2.882110886275768280e-02
2.876960113644599915e-02
2.871826663613319397e-02
2.866710536181926727e-02
2.861611545085906982e-02
2.856530249118804932e-02
2.851465344429016113e-02
2.846417203545570374e-02
2.841386385262012482e-02
2.836373820900917053e-02
2.831374108791351318e-02
2.826392464339733124e-02
2.821428701281547546e-02
2.816480956971645355e-02
2.811548486351966858e-02
2.806632779538631439e-02
2.801735140383243561e-02
2.796849980950355530e-02
2.791983820497989655e-02
2.787132561206817627e-02
2.782298251986503601e-02
2.777478098869323730e-02
2.772672474384307861e-02
2.767884731292724609e-02
2.763111330568790436e-02
2.758353017270565033e-02
2.753611840307712555e-02
2.748884260654449463e-02
2.744172699749469757e-02
2.739476226270198822e-02
2.734795026481151581e-02
2.730128541588783264e-02
2.725476957857608795e-02
2.720840275287628174e-02
2.716218493878841400e-02
2.711608260869979858e-02
2.707016840577125549e-02
2.702437713742256165e-02
2.697873301804065704e-02
2.693323977291584015e-02
2.688788436353206635e-02
2.684266865253448486e-02
2.679759822785854340e-02
2.675266563892364502e-02
2.670786157250404358e-02
2.666321769356727600e-02
2.661870978772640228e-02
2.657434158027172089e-02
2.653009071946144104e-02
2.648598514497280121e-02
2.644201368093490601e-02
2.639817260205745697e-02
2.635446563363075256e-02
2.631090581417083740e-02
2.626747824251651764e-02
2.622417174279689789e-02
2.618100494146347046e-02
2.613797038793563843e-02
2.609506063163280487e-02
2.605226077139377594e-02
2.600962482392787933e-02
2.596708573400974274e-02
2.592469938099384308e-02
2.588243037462234497e-02
2.584028057754039764e-02
2.579826489090919495e-02
2.575637586414813995e-02
2.571460977196693420e-02
2.567295357584953308e-02
2.563144452869892120e-02
2.559001930058002472e-02
2.554873004555702209e-02
2.550758607685565948e-02
2.546653151512145996e-02
2.542562969028949738e-02
2.538481913506984711e-02
2.534412778913974762e-02
2.530357055366039276e-02
2.526312321424484253e-02
2.522279135882854462e-02
2.518257126212120056e-02
2.514246664941310883e-02
2.510248124599456787e-02
2.506261691451072693e-02
2.502284757792949677e-02
2.498320490121841431e-02
2.494367398321628571e-02
2.490426041185855865e-02
2.486494369804859161e-02
2.482574060559272766e-02
2.478665485978126526e-02
2.474766410887241364e-02
2.470880933105945587e-02
2.467003837227821350e-02
2.463138103485107422e-02
2.459284663200378418e-02
2.455439418554306030e-02
2.451605536043643951e-02
2.447783201932907104e-02
2.443971484899520874e-02
2.440168894827365875e-02
2.436378784477710724e-02
2.432596683502197266e-02
2.428826317191123962e-02
2.425065822899341583e-02
2.421313710510730743e-02
2.417574450373649597e-02
2.413843385875225067e-02
2.410124428570270538e-02
2.406414411962032318e-02
2.402712218463420868e-02
2.399023063480854034e-02
2.395342290401458740e-02
2.391671389341354370e-02
2.388010919094085693e-02
2.384359575808048248e-02
2.380717173218727112e-02
2.377084642648696899e-02
2.373463287949562073e-02
2.369849942624568939e-02
2.366245910525321960e-02
2.362651564180850983e-02
2.359067089855670929e-02
2.355490252375602722e-02
2.351924590766429901e-02
2.348368056118488312e-02
2.344819903373718262e-02
2.341280877590179443e-02
2.337751165032386780e-02
2.334229461848735809e-02
2.330718003213405609e-02
2.327215299010276794e-02
2.323722280561923981e-02
2.320236526429653168e-02
2.316760644316673279e-02
2.313292585313320160e-02
2.309834770858287811e-02
2.306384220719337463e-02
2.302942052483558655e-02
2.299510128796100616e-02
2.296083979308605194e-02
2.292669750750064850e-02
2.289262041449546814e-02
2.285863645374774933e-02
2.282471582293510437e-02
2.279091440141201019e-02
2.275716327130794525e-02
2.272348850965499878e-02
2.268992923200130463e-02
2.265643514692783356e-02
2.262302674353122711e-02
2.258968912065029144e-02
2.255644090473651886e-02
2.252327091991901398e-02
2.249019034206867218e-02
2.245716936886310577e-02
2.242423593997955322e-02
2.239137515425682068e-02
2.235860750079154968e-02
2.232590503990650177e-02
2.229328639805316925e-02
2.226074226200580597e-02
2.222827635705471039e-02
2.219589799642562866e-02
2.216357924044132233e-02
2.213134430348873138e-02
2.209917455911636353e-02
2.206708304584026337e-02
2.203507348895072937e-02
2.200313471257686615e-02
2.197127230465412140e-02
2.193947322666645050e-02
2.190776541829109192e-02
2.187610976397991180e-02
2.184454351663589478e-02
2.181303128600120544e-02
2.178161591291427612e-02
2.175026573240756989e-02
2.171896770596504211e-02
2.168774791061878204e-02
2.165660634636878967e-02
2.162552438676357269e-02
2.159452438354492188e-02
2.156358212232589722e-02
2.153271622955799103e-02
2.150192111730575562e-02
2.147119306027889252e-02
2.144052460789680481e-02
2.140992693603038788e-02
2.137940749526023865e-02
2.134894952178001404e-02
2.131855115294456482e-02
2.128822728991508484e-02
2.125797048211097717e-02
2.122778259217739105e-02
2.119764871895313263e-02
2.116758748888969421e-02
2.113759517669677734e-02
2.110766433179378510e-02
2.107778936624526978e-02
2.104799263179302216e-02
2.101825736463069916e-02
2.098857983946800232e-02
2.095897123217582703e-02
2.092942222952842712e-02
2.089992538094520569e-02
2.087050303816795349e-02
2.084114030003547668e-02
2.081184834241867065e-02
2.078261412680149078e-02
2.075343392789363861e-02
2.072433382272720337e-02
2.069526724517345428e-02
2.066627144813537598e-02
2.063733898103237152e-02
2.060846798121929169e-02
2.057965658605098724e-02
2.055089734494686127e-02
2.052221074700355530e-02
2.049357816576957703e-02
2.046500705182552338e-02
2.043648995459079742e-02
2.040803059935569763e-02
2.037962712347507477e-02
2.035127393901348114e-02
2.032300084829330444e-02
2.029476501047611237e-02
2.026659995317459106e-02
2.023847959935665131e-02
2.021041885018348694e-02
2.018242701888084412e-02
2.015448920428752899e-02
2.012659981846809387e-02
2.009876444935798645e-02
2.007098495960235596e-02
2.004326879978179932e-02
2.001559734344482422e-02
1.998799294233322144e-02
1.996042020618915558e-02
1.993292197585105896e-02
1.990547217428684235e-02
1.987808570265769958e-02
1.985072903335094452e-02
1.982343941926956177e-02
1.979620940983295441e-02
1.976903341710567474e-02
1.974190212786197662e-02
1.971482485532760620e-02
1.968780159950256348e-02
1.966083049774169922e-02
1.963390596210956573e-02
1.960703730583190918e-02
1.958021335303783417e-02
1.955344714224338531e-02
1.952673681080341339e-02
1.950007677078247070e-02
1.947345957159996033e-02
1.944690011441707611e-02
1.942038908600807190e-02
1.939393207430839539e-02
1.936751790344715118e-02
1.934115029871463776e-02
1.931483484804630280e-02
1.928857155144214630e-02
1.926235854625701904e-02
1.923619955778121948e-02
1.921008341014385223e-02
1.918402127921581268e-02
1.915798895061016083e-02
1.913202181458473206e-02
1.910609565675258636e-02
1.908023096621036530e-02
1.905439607799053192e-02
1.902862824499607086e-02
1.900288648903369904e-02
1.897720247507095337e-02
1.895155385136604309e-02
1.892597042024135590e-02
1.890042424201965332e-02
1.887493021786212921e-02
1.884946413338184357e-02
1.882406510412693024e-02
1.879870891571044922e-02
1.877340115606784821e-02
1.874812506139278412e-02
1.872290298342704773e-02
1.869772188365459442e-02
1.867259293794631958e-02
1.864750497043132782e-02
1.862246729433536530e-02
1.859746687114238739e-02
1.857250556349754333e-02
1.854760572314262390e-02
1.852274127304553986e-02
1.849791593849658966e-02
1.847314834594726562e-02
1.844840869307518005e-02
1.842372678220272064e-02
1.839906722307205200e-02
1.837446913123130798e-02
1.834991201758384705e-02
1.832539960741996765e-02
1.830091513693332672e-02
1.827649213373661041e-02
1.825210452079772949e-02
1.822774857282638550e-02
1.820345036685466766e-02
1.817919313907623291e-02
1.815497502684593201e-02
1.813080348074436188e-02
1.810665614902973175e-02
1.808256097137928009e-02
1.805851422250270844e-02
1.803449913859367371e-02
1.801053062081336975e-02
1.798660308122634888e-02
1.796271279454231262e-02
1.793886534869670868e-02
1.791505701839923859e-02
1.789128407835960388e-02
1.786755770444869995e-02
1.784387603402137756e-02
1.782023347914218903e-02
1.779662631452083588e-02
1.777306012809276581e-02
1.774953305721282959e-02
1.772604882717132568e-02
1.770259439945220947e-02
1.767919212579727173e-02
1.765581779181957245e-02
1.763248443603515625e-02
1.760920509696006775e-02
1.758594252169132233e-02
1.756273396313190460e-02
1.753956824541091919e-02
1.751642860472202301e-02
1.749332994222640991e-02
1.747026666998863220e-02
1.744724810123443604e-02
1.742426492273807526e-02
1.740131340920925140e-02
1.737841591238975525e-02
1.735555008053779602e-02
1.733270660042762756e-02
1.730991899967193604e-02
1.728715933859348297e-02
1.726443879306316376e-02
1.724175736308097839e-02
1.721911132335662842e-02
1.719650626182556152e-02
1.717393286526203156e-02
1.715138927102088928e-02
1.712889410555362701e-02
1.710642501711845398e-02
1.708400622010231018e-02
1.706163026392459869e-02
1.703927107155323029e-02
1.701694540679454803e-02
1.699466630816459656e-02
1.697241887450218201e-02
1.695020869374275208e-02
1.692804507911205292e-02
1.690589822828769684e-02
1.688380725681781769e-02
1.686173304915428162e-02
1.683970913290977478e-02
1.681770756840705872e-02
1.679573953151702881e-02
1.677381992340087891e-02
1.675192266702651978e-02
1.673006825149059296e-02
1.670824177563190460e-02
1.668646000325679779e-02
1.666470803320407867e-02
1.664299331605434418e-02
1.662131026387214661e-02
1.659965701401233673e-02
1.657803915441036224e-02
1.655646041035652161e-02
1.653490401804447174e-02
1.651339977979660034e-02
1.649192348122596741e-02
1.647047139704227448e-02
1.644906029105186462e-02
1.642768085002899170e-02
1.640633493661880493e-02
1.638502255082130432e-02
1.636374555528163910e-02
1.634250022470951080e-02
1.632128655910491943e-02
1.630010828375816345e-02
1.627897098660469055e-02
1.625784486532211304e-02
1.623676903545856476e-02
1.621572300791740417e-02
1.619470305740833282e-02
1.617372408509254456e-02
1.615277864038944244e-02
1.613185182213783264e-02
1.611097157001495361e-02
1.609011739492416382e-02
1.606930047273635864e-02
1.604850031435489655e-02
1.602775417268276215e-02
1.600703038275241852e-02
1.598633453249931335e-02
1.596566662192344666e-02
1.594504341483116150e-02
1.592445001006126404e-02
1.590387709438800812e-02
1.588333770632743835e-02
1.586283370852470398e-02
1.584237255156040192e-02
1.582192070782184601e-02
1.580151543021202087e-02
1.578114181756973267e-02
1.576078496873378754e-02
1.574047282338142395e-02
1.572018116712570190e-02
1.569992862641811371e-02
1.567971147596836090e-02
1.565952040255069733e-02
1.563934236764907837e-02
1.561921834945678711e-02
1.559911109507083893e-02
1.557903829962015152e-02
1.555900555104017258e-02
1.553899049758911133e-02
1.551901455968618393e-02
1.549906563013792038e-02
1.547912880778312683e-02
1.545924786478281021e-02
1.543938834220170975e-02
1.541955024003982544e-02
1.539976149797439575e-02
1.537998300045728683e-02
1.536024268716573715e-02
1.534053869545459747e-02
1.532084494829177856e-02
1.530119217932224274e-02
1.528156921267509460e-02
1.526196766644716263e-02
1.524241548031568527e-02
1.522288192063570023e-02
1.520337723195552826e-02
1.518389582633972168e-02
1.516444049775600433e-02
1.514502055943012238e-02
1.512563321739435196e-02
1.510626636445522308e-02
1.508693676441907883e-02
1.506763231009244919e-02
1.504836045205593109e-02
1.502909697592258453e-02
1.500989031046628952e-02
1.499069388955831528e-02
1.497154030948877335e-02
1.495241094380617142e-02
1.493330206722021103e-02
1.491422299295663834e-02
1.489517744630575180e-02
1.487616077065467834e-02
1.485715806484222412e-02
1.483819354325532913e-02
1.481925975531339645e-02
1.480036135762929916e-02
1.478147599846124649e-02
1.476262137293815613e-02
1.474379468709230423e-02
1.472500432282686234e-02
1.470623258501291275e-02
1.468748413026332855e-02
1.466877572238445282e-02
1.465009432286024094e-02
1.463142968714237213e-02
1.461279299110174179e-02
1.459418702870607376e-02
1.457561645656824112e-02
1.455706823617219925e-02
1.453854609280824661e-02
1.452004257589578629e-02
1.450158283114433289e-02
1.448313705623149872e-02
1.446471456438302994e-02
1.444633770734071732e-02
1.442797575145959854e-02
1.440963707864284515e-02
1.439132820814847946e-02
1.437305100262165070e-02
1.435479242354631424e-02
1.433656178414821625e-02
1.431836001574993134e-02
1.430019363760948181e-02
1.428203564137220383e-02
1.426392421126365662e-02
1.424582302570343018e-02
1.422775443643331528e-02
1.420971192419528961e-02
1.419168151915073395e-02
1.417371723800897598e-02
1.415573991835117340e-02
1.413780450820922852e-02
1.411989051848649979e-02
1.410201005637645721e-02
1.408414728939533234e-02
1.406631246209144592e-02
1.404850184917449951e-02
1.403072103857994080e-02
1.401295978575944901e-02
1.399523019790649414e-02
1.397751830518245697e-02
1.395983900874853134e-02
1.394219044595956802e-02
1.392455585300922394e-02
1.390695013105869293e-02
1.388937793672084808e-02
1.387182250618934631e-02
1.385429594665765762e-02
1.383679453283548355e-02
1.381931360810995102e-02
1.380185782909393311e-02
1.378444302827119827e-02
1.376703567802906036e-02
1.374965533614158630e-02
1.373231410980224609e-02
1.371498405933380127e-02
1.369768660515546799e-02
1.368041057139635086e-02
1.366314478218555450e-02
1.364592183381319046e-02
1.362872216850519180e-02
1.361154578626155853e-02
1.359439641237258911e-02
1.357726566493511200e-02
1.356015726923942566e-02
1.354308053851127625e-02
1.352602243423461914e-02
1.350900065153837204e-02
1.349199749529361725e-02
1.347500458359718323e-02
1.345804892480373383e-02
1.344110909849405289e-02
1.342420373111963272e-02
1.340732723474502563e-02
1.339047122746706009e-02
1.337363105267286301e-02
1.335681136697530746e-02
1.334002893418073654e-02
1.332326140254735947e-02
1.330652087926864624e-02
1.328980829566717148e-02
1.327312830835580826e-02
1.325644832104444504e-02
1.323980744928121567e-02
1.322318892925977707e-02
1.320659182965755463e-02
1.319000869989395142e-02
1.317346561700105667e-02
1.315694209188222885e-02
1.314043439924716949e-02
1.312396209686994553e-02
1.310750097036361694e-02
1.309106685221195221e-02
1.307466812431812286e-02
1.305828243494033813e-02
1.304192375391721725e-02
1.302557624876499176e-02
1.300926413387060165e-02
1.299297250807285309e-02
1.297670882195234299e-02
1.296045910567045212e-02
1.294423546642065048e-02
1.292803324759006500e-02
1.291185803711414337e-02
1.289570238441228867e-02
1.287958025932312012e-02
1.286346837878227234e-02
1.284739002585411072e-02
1.283132936805486679e-02
1.281528733670711517e-02
1.279927138239145279e-02
1.278328057378530502e-02
1.276730652898550034e-02
1.275135856121778488e-02
1.273543480783700943e-02
1.271954178810119629e-02
1.270365528762340546e-02
1.268780324608087540e-02
1.267196144908666611e-02
1.265614945441484451e-02
1.264036074280738831e-02
1.262459531426429749e-02
1.260884292423725128e-02
1.259312592446804047e-02
1.257742755115032196e-02
1.256174407899379730e-02
1.254609599709510803e-02
1.253046281635761261e-02
1.251484919339418411e-02
1.249926071614027023e-02
1.248368807137012482e-02
1.246815454214811325e-02
1.245262753218412399e-02
1.243712473660707474e-02
1.242164149880409241e-02
1.240618340671062469e-02
1.239075139164924622e-02
1.237533427774906158e-02
1.235995162278413773e-02
1.234457734972238541e-02
1.232923753559589386e-02
1.231389679014682770e-02
1.229859981685876846e-02
1.228331681340932846e-02
1.226804871112108231e-02
1.225281413644552231e-02
1.223759632557630539e-02
1.222240086644887924e-02
1.220722217112779617e-02
1.219206955283880234e-02
1.217692997306585312e-02
1.216182671487331390e-02
1.214673276990652084e-02
1.213166583329439163e-02
1.211662404239177704e-02
1.210159342736005783e-02
1.208659447729587555e-02
1.207160484045743942e-02
1.205664966255426407e-02
1.204171311110258102e-02
1.202677935361862183e-02
1.201188936829566956e-02
1.199700590223073959e-02
1.198215503245592117e-02
1.196731161326169968e-02
1.195249427109956741e-02
1.193771511316299438e-02
1.192293222993612289e-02
1.190818194299936295e-02
1.189345493912696838e-02
1.187873911112546921e-02
1.186405308544635773e-02
1.184937637299299240e-02
1.183473598212003708e-02
1.182010211050510406e-02
1.180550083518028259e-02
1.179090514779090881e-02
1.177634112536907196e-02
1.176179852336645126e-02
1.174726989120244980e-02
1.173276361078023911e-02
1.171828154474496841e-02
1.170381903648376465e-02
1.168937515467405319e-02
1.167495269328355789e-02
1.166054978966712952e-02
1.164616364985704422e-02
1.163180917501449585e-02
1.161746308207511902e-02
1.160314586013555527e-02
1.158884074538946152e-02
1.157456263899803162e-02
1.156029384583234787e-02
1.154605392366647720e-02
1.153183821588754654e-02
1.151762809604406357e-02
1.150345150381326675e-02
1.148928981274366379e-02
1.147514954209327698e-02
1.146102789789438248e-02
1.144692860543727875e-02
1.143284048885107040e-02
1.141878217458724976e-02
1.140473224222660065e-02
1.139071770012378693e-02
1.137671433389186859e-02
1.136273611336946487e-02
1.134876161813735962e-02
1.133482065051794052e-02
1.132090110331773758e-02
1.130699366331100464e-02
1.129311136901378632e-02
1.127924211323261261e-02
1.126539520919322968e-02
1.125157158821821213e-02
1.123776193708181381e-02
1.122397650033235550e-02
1.121020875871181488e-02
1.119645964354276657e-02
1.118271891027688980e-02
1.116901822388172150e-02
1.115532405674457550e-02
1.114164944738149643e-02
1.112799998372793198e-02
1.111437007784843445e-02
1.110075041651725769e-02
1.108715776354074478e-02
1.107358187437057495e-02
1.106002740561962128e-02
1.104647945612668991e-02
1.103296503424644470e-02
1.101946085691452026e-02
1.100598555058240891e-02
1.099251862615346909e-02
1.097907498478889465e-02
1.096565369516611099e-02
1.095224730670452118e-02
1.093885581940412521e-02
1.092549320310354233e-02
1.091214083135128021e-02
1.089880429208278656e-02
1.088549662381410599e-02
1.087219547480344772e-02
1.085892692208290100e-02
1.084567327052354813e-02
1.083242800086736679e-02
1.081921905279159546e-02
1.080600824207067490e-02
1.079283002763986588e-02
1.077965926378965378e-02
1.076651737093925476e-02
1.075338572263717651e-02
1.074027642607688904e-02
1.072719506919384003e-02
1.071412116289138794e-02
1.070106774568557739e-02
1.068803947418928146e-02
1.067501772195100784e-02
1.066201552748680115e-02
1.064904220402240753e-02
1.063607539981603622e-02
1.062313001602888107e-02
1.061019767075777054e-02
1.059729140251874924e-02
1.058440562337636948e-02
1.057152915745973587e-02
1.055867783725261688e-02
1.054583862423896790e-02
1.053301990032196045e-02
1.052022259682416916e-02
1.050743181258440018e-02
1.049467083066701889e-02
1.048192847520112991e-02
1.046920102089643478e-02
1.045648660510778427e-02
1.044378895312547684e-02
1.043111365288496017e-02
1.041845977306365967e-02
1.040582638233900070e-02
1.039319299161434174e-02
1.038059499114751816e-02
1.036800350993871689e-02
1.035542692989110947e-02
1.034287735819816589e-02
1.033034548163414001e-02
1.031782478094100952e-02
1.030532829463481903e-02
1.029284577816724777e-02
1.028037350624799728e-02
1.026792079210281372e-02
1.025549508631229401e-02
1.024308335036039352e-02
1.023069117218255997e-02
1.021831016987562180e-02
1.020594779402017593e-02
1.019361242651939392e-02
1.018128078430891037e-02
1.016896683722734451e-02
1.015667896717786789e-02
1.014440320432186127e-02
1.013214699923992157e-02
1.011990197002887726e-02
1.010767370462417603e-02
1.009547151625156403e-02
1.008327491581439972e-02
1.007110904902219772e-02
1.005894504487514496e-02
1.004681363701820374e-02
1.003468874841928482e-02
1.002258155494928360e-02
1.001049112528562546e-02
9.998418390750885010e-03
9.986370801925659180e-03
9.974328801035881042e-03
9.962307289242744446e-03
9.950305335223674774e-03
9.938315488398075104e-03
9.926344268023967743e-03
9.914386086165904999e-03
9.902444668114185333e-03
9.890531189739704132e-03
9.878624230623245239e-03
9.866732172667980194e-03
9.854861535131931305e-03
9.843004867434501648e-03
9.831169620156288147e-03
9.819344617426395416e-03
9.807529859244823456e-03
9.795743040740489960e-03
9.783974848687648773e-03
9.772215969860553741e-03
9.760476648807525635e-03
9.748748503625392914e-03
9.737039916217327118e-03
9.725345298647880554e-03
9.713670238852500916e-03
9.702015668153762817e-03
9.690365754067897797e-03
9.678746573626995087e-03
9.667130187153816223e-03
9.655535221099853516e-03
9.643957018852233887e-03
9.632392786443233490e-03
9.620845317840576172e-03
9.609318338334560394e-03
9.597795084118843079e-03
9.586290456354618073e-03
9.574820287525653839e-03
9.563350118696689606e-03
9.551898576319217682e-03
9.540454484522342682e-03
9.529042989015579224e-03
9.517642669379711151e-03
9.506247006356716156e-03
9.494872763752937317e-03
9.483512490987777710e-03
9.472178295254707336e-03
9.460850618779659271e-03
9.449541568756103516e-03
9.438247419893741608e-03
9.426971897482872009e-03
9.415701031684875488e-03
9.404455311596393585e-03
9.393224492669105530e-03
9.382004849612712860e-03
9.370806626975536346e-03
9.359620511531829834e-03
9.348446503281593323e-03
9.337293915450572968e-03
9.326155297458171844e-03
9.315028786659240723e-03
9.303918108344078064e-03
9.292829781770706177e-03
9.281742386519908905e-03
9.270684793591499329e-03
9.259643033146858215e-03
9.248605929315090179e-03
9.237590245902538300e-03
9.226588532328605652e-03
9.215598925948143005e-03
9.204627014696598053e-03
9.193670935928821564e-03
9.182724170386791229e-03
9.171800687909126282e-03
9.160887449979782104e-03
9.149998426437377930e-03
9.139114990830421448e-03
9.128249250352382660e-03
9.117393754422664642e-03
9.106559678912162781e-03
9.095733985304832458e-03
9.084927849471569061e-03
9.074136614799499512e-03
9.063364006578922272e-03
9.052595123648643494e-03
9.041854180395603180e-03
9.031115099787712097e-03
9.020403027534484863e-03
9.009691886603832245e-03
8.999005891382694244e-03
8.988330140709877014e-03
8.977667428553104401e-03
8.967027068138122559e-03
8.956396952271461487e-03
8.945782668888568878e-03
8.935175836086273193e-03
8.924595080316066742e-03
8.914018049836158752e-03
8.903455920517444611e-03
8.892910555005073547e-03
8.882392197847366333e-03
8.871866390109062195e-03
8.861375041306018829e-03
8.850889280438423157e-03
8.840415626764297485e-03
8.829953148961067200e-03
8.819516748189926147e-03
8.809087797999382019e-03
8.798668161034584045e-03
8.788269013166427612e-03
8.777887560427188873e-03
8.767508901655673981e-03
8.757153525948524475e-03
8.746811188757419586e-03
8.736483752727508545e-03
8.726165629923343658e-03
8.715872652828693390e-03
8.705583401024341583e-03
8.695309981703758240e-03
8.685047738254070282e-03
8.674805983901023865e-03
8.664576336741447449e-03
8.654351346194744110e-03
8.644148707389831543e-03
8.633961901068687439e-03
8.623786270618438721e-03
8.613621816039085388e-03
8.603471331298351288e-03
8.593345992267131805e-03
8.583221584558486938e-03
8.573116734623908997e-03
8.563025854527950287e-03
8.552945218980312347e-03
8.542875759303569794e-03
8.532826788723468781e-03
8.522786200046539307e-03
8.512760512530803680e-03
8.502751588821411133e-03
8.492751047015190125e-03
8.482770994305610657e-03
8.472802117466926575e-03
8.462839759886264801e-03
8.452901616692543030e-03
8.442965336143970490e-03
8.433054201304912567e-03
8.423156104981899261e-03
8.413258008658885956e-03
8.403387852013111115e-03
8.393518626689910889e-03
8.383674547076225281e-03
8.373836986720561981e-03
8.364013396203517914e-03
8.354210294783115387e-03
8.344408124685287476e-03
8.334628306329250336e-03
8.324854075908660889e-03
8.315098471939563751e-03
8.305361494421958923e-03
8.295628242194652557e-03
8.285902440547943115e-03
8.276209235191345215e-03
8.266516029834747314e-03
8.256836794316768646e-03
8.247168734669685364e-03
8.237523958086967468e-03
8.227881044149398804e-03
8.218261413276195526e-03
8.208640851080417633e-03
8.199048228561878204e-03
8.189455606043338776e-03
8.179883472621440887e-03
8.170323446393013000e-03
8.160778321325778961e-03
8.151242509484291077e-03
8.141718804836273193e-03
8.132210932672023773e-03
8.122713305056095123e-03
8.113231509923934937e-03
8.103756234049797058e-03
8.094299584627151489e-03
8.084846660494804382e-03
8.075422607362270355e-03
8.066005073487758636e-03
8.056592196226119995e-03
8.047197014093399048e-03
8.037807419896125793e-03
8.028444834053516388e-03
8.019088767468929291e-03
8.009741082787513733e-03
8.000412955880165100e-03
7.991090416908264160e-03
7.981781847774982452e-03
7.972486317157745361e-03
7.963205687701702118e-03
7.953930646181106567e-03
7.944678887724876404e-03
7.935431785881519318e-03
7.926198653876781464e-03
7.916981354355812073e-03
7.907774299383163452e-03
7.898579351603984833e-03
7.889394648373126984e-03
7.880222052335739136e-03
7.871061563491821289e-03
7.861911319196224213e-03
7.852779701352119446e-03
7.843657396733760834e-03
7.834546267986297607e-03
7.825451903045177460e-03
7.816361263394355774e-03
7.807290181517601013e-03
7.798230275511741638e-03
7.789182476699352264e-03
7.780141197144985199e-03
7.771109696477651596e-03
7.762102875858545303e-03
7.753101177513599396e-03
7.744112052023410797e-03
7.735130377113819122e-03
7.726166862994432449e-03
7.717211265116930008e-03
7.708267774432897568e-03
7.699337787926197052e-03
7.690419908612966537e-03
7.681519724428653717e-03
7.672624196857213974e-03
7.663742639124393463e-03
7.654868997633457184e-03
7.646005135029554367e-03
7.637158967554569244e-03
7.628325838595628738e-03
7.619504351168870926e-03
7.610692642629146576e-03
7.601886522024869919e-03
7.593097630888223648e-03
7.584318518638610840e-03
7.575558032840490341e-03
7.566805463284254074e-03
7.558065932244062424e-03
7.549333386123180389e-03
7.540612015873193741e-03
7.531903218477964401e-03
7.523210719227790833e-03
7.514519151300191879e-03
7.505848538130521774e-03
7.497189566493034363e-03
7.488535251468420029e-03
7.479890249669551849e-03
7.471271790564060211e-03
7.462653331458568573e-03
7.454050239175558090e-03
7.445454597473144531e-03
7.436871528625488281e-03
7.428301032632589340e-03
7.419741712510585785e-03
7.411192171275615692e-03
7.402651011943817139e-03
7.394125685095787048e-03
7.385613396763801575e-03
7.377109955996274948e-03
7.368621416389942169e-03
7.360138464719057083e-03
7.351666223257780075e-03
7.343206554651260376e-03
7.334755733609199524e-03
7.326329126954078674e-03
7.317898329347372055e-03
7.309487555176019669e-03
7.301078643649816513e-03
7.292685098946094513e-03
7.284304592758417130e-03
7.275934796780347824e-03
7.267579436302185059e-03
7.259226869791746140e-03
7.250892464071512222e-03
7.242561783641576767e-03
7.234250195324420929e-03
7.225941866636276245e-03
7.217651233077049255e-03
7.209362462162971497e-03
7.201090920716524124e-03
7.192828692495822906e-03
7.184574380517005920e-03
7.176341488957405090e-03
7.168109528720378876e-03
7.159892935305833817e-03
7.151690777391195297e-03
7.143484894186258316e-03
7.135297637432813644e-03
7.127122487872838974e-03
7.118965499103069305e-03
7.110805250704288483e-03
7.102657575160264969e-03
7.094528526067733765e-03
7.086405064910650253e-03
7.078294176608324051e-03
7.070188876241445541e-03
7.062104530632495880e-03
7.054024375975131989e-03
7.045948412269353867e-03
7.037889678031206131e-03
7.029841188341379166e-03
7.021804805845022202e-03
7.013776805251836777e-03
7.005756255239248276e-03
6.997751072049140930e-03
6.989756133407354355e-03
6.981775630265474319e-03
6.973789539188146591e-03
6.965828128159046173e-03
6.957869511097669601e-03
6.949926260858774185e-03
6.941988132894039154e-03
6.934063974767923355e-03
6.926155649125576019e-03
6.918250583112239838e-03
6.910357624292373657e-03
6.902473513036966324e-03
6.894599180668592453e-03
6.886734161525964737e-03
6.878882646560668945e-03
6.871046498417854309e-03
6.863200571388006210e-03
6.855390034615993500e-03
6.847580429166555405e-03
6.839769892394542694e-03
6.831978913396596909e-03
6.824195384979248047e-03
6.816423963755369186e-03
6.808659993112087250e-03
6.800911389291286469e-03
6.793163251131772995e-03
6.785430945456027985e-03
6.777717266231775284e-03
6.770004052668809891e-03
6.762298755347728729e-03
6.754607427865266800e-03
6.746924947947263718e-03
6.739257834851741791e-03
6.731591187417507172e-03
6.723933387547731400e-03
6.716296076774597168e-03
6.708658766001462936e-03
6.701033096760511398e-03
6.693426985293626785e-03
6.685820408165454865e-03
6.678225938230752945e-03
6.670643575489521027e-03
6.663070991635322571e-03
6.655501667410135269e-03
6.647949572652578354e-03
6.640407722443342209e-03
6.632870063185691833e-03
6.625341251492500305e-03
6.617824546992778778e-03
6.610319018363952637e-03
6.602819543331861496e-03
6.595340091735124588e-03
6.587859708815813065e-03
6.580393761396408081e-03
6.572932004928588867e-03
6.565480493009090424e-03
6.558045279234647751e-03
6.550614256411790848e-03
6.543195806443691254e-03
6.535783875733613968e-03
6.528380792587995529e-03
6.520990747958421707e-03
6.513607688248157501e-03
6.506230682134628296e-03
6.498875096440315247e-03
6.491512991487979889e-03
6.484173703938722610e-03
6.476840469986200333e-03
6.469506770372390747e-03
6.462190300226211548e-03
6.454885471612215042e-03
6.447586696594953537e-03
6.440298631787300110e-03
6.433022674173116684e-03
6.425750907510519028e-03
6.418485194444656372e-03
6.411233916878700256e-03
6.403994746506214142e-03
6.396761164069175720e-03
6.389542017132043839e-03
6.382322870194911957e-03
6.375118158757686615e-03
6.367923226207494736e-03
6.360739935189485550e-03
6.353558506816625595e-03
6.346391979604959488e-03
6.339226383715867996e-03
6.332074757665395737e-03
6.324931047856807709e-03
6.317803636193275452e-03
6.310679949820041656e-03
6.303564645349979401e-03
6.296458654105663300e-03
6.289359647780656815e-03
6.282273214310407639e-03
6.275201216340065002e-03
6.268135737627744675e-03
6.261071190237998962e-03
6.254019681364297867e-03
6.246974691748619080e-03
6.239941809326410294e-03
6.232922431081533432e-03
6.225897930562496185e-03
6.218897644430398941e-03
6.211899686604738235e-03
6.204905919730663300e-03
6.197927519679069519e-03
6.190954707562923431e-03
6.183997727930545807e-03
6.177041213959455490e-03
6.170097272843122482e-03
6.163156591355800629e-03
6.156232208013534546e-03
6.149315275251865387e-03
6.142406724393367767e-03
6.135500036180019379e-03
6.128614302724599838e-03
6.121733225882053375e-03
6.114850286394357681e-03
6.107989232987165451e-03
6.101134233176708221e-03
6.094280164688825607e-03
6.087440531700849533e-03
6.080613471567630768e-03
6.073787342756986618e-03
6.066977512091398239e-03
6.060171406716108322e-03
6.053370889276266098e-03
6.046583410352468491e-03
6.039801519364118576e-03
6.033034995198249817e-03
6.026271730661392212e-03
6.019516848027706146e-03
6.012773141264915466e-03
6.006033625453710556e-03
5.999303888529539108e-03
5.992583930492401123e-03
5.985875148326158524e-03
5.979170091450214386e-03
5.972479470074176788e-03
5.965791642665863037e-03
5.959118250757455826e-03
5.952446721494197845e-03
5.945781711488962173e-03
5.939131136983633041e-03
5.932487081736326218e-03
5.925851874053478241e-03
5.919228307902812958e-03
5.912604276090860367e-03
5.905994679778814316e-03
5.899397190660238266e-03
5.892800632864236832e-03
5.886217113584280014e-03
5.879636853933334351e-03
5.873071495443582535e-03
5.866507999598979950e-03
5.859962664544582367e-03
5.853417329490184784e-03
5.846881773322820663e-03
5.840348545461893082e-03
5.833827890455722809e-03
5.827317945659160614e-03
5.820814985781908035e-03
5.814320407807826996e-03
5.807834211736917496e-03
5.801356863230466843e-03
5.794881843030452728e-03
5.788421258330345154e-03
5.781970452517271042e-03
5.775523371994495392e-03
5.769086536020040512e-03
5.762655287981033325e-03
5.756236147135496140e-03
5.749819334596395493e-03
5.743411369621753693e-03
5.737025756388902664e-03
5.730627570301294327e-03
5.724251270294189453e-03
5.717876832932233810e-03
5.711510777473449707e-03
5.705153569579124451e-03
5.698803812265396118e-03
5.692463368177413940e-03
5.686127115041017532e-03
5.679802969098091125e-03
5.673483945429325104e-03
5.667179822921752930e-03
5.660876166075468063e-03
5.654586013406515121e-03
5.648294929414987564e-03
5.642020609229803085e-03
5.635750945657491684e-03
5.629487801343202591e-03
5.623235832899808884e-03
5.616988986730575562e-03
5.610748659819364548e-03
5.604519974440336227e-03
5.598300602287054062e-03
5.592085421085357666e-03
5.585877224802970886e-03
5.579676944762468338e-03
5.573490168899297714e-03
5.567299667745828629e-03
5.561130121350288391e-03
5.554961506277322769e-03
5.548801738768815994e-03
5.542642436921596527e-03
5.536500364542007446e-03
5.530364345759153366e-03
5.524235311895608902e-03
5.518111865967512131e-03
5.512003321200609207e-03
5.505893845111131668e-03
5.499796476215124130e-03
5.493706092238426208e-03
5.487623624503612518e-03
5.481550469994544983e-03
5.475481506437063217e-03
5.469419527798891068e-03
5.463368725031614304e-03
5.457322578877210617e-03
5.451286677271127701e-03
5.445254500955343246e-03
5.439236294478178024e-03
5.433219484984874725e-03
5.427212454378604889e-03
5.421214271336793900e-03
5.415223538875579834e-03
5.409237463027238846e-03
5.403260700404644012e-03
5.397294182330369949e-03
5.391334183514118195e-03
5.385380703955888748e-03
5.379433277994394302e-03
5.373490508645772934e-03
5.367559846490621567e-03
5.361638497561216354e-03
5.355712492018938065e-03
5.349810700863599777e-03
5.343909375369548798e-03
5.338009912520647049e-03
5.332124419510364532e-03
5.326248239725828171e-03
5.320380441844463348e-03
5.314508453011512756e-03
5.308653227984905243e-03
5.302804056555032730e-03
5.296962335705757141e-03
5.291124340146780014e-03
5.285299848765134811e-03
5.279475823044776917e-03
5.273666698485612869e-03
5.267855711281299591e-03
5.262061487883329391e-03
5.256271455436944962e-03
5.250486545264720917e-03
5.244714207947254181e-03
5.238940939307212830e-03
5.233179312199354172e-03
5.227421876043081284e-03
5.221681203693151474e-03
5.215939134359359741e-03
5.210203118622303009e-03
5.204479675740003586e-03
5.198758561164140701e-03
5.193046294152736664e-03
5.187343340367078781e-03
5.181651096791028976e-03
5.175960715860128403e-03
5.170281510800123215e-03
5.164601374417543411e-03
5.158938001841306686e-03
5.153272300958633423e-03
5.147617775946855545e-03
5.141971167176961899e-03
5.136336665600538254e-03
5.130704957991838455e-03
5.125076975673437119e-03
5.119459703564643860e-03
5.113847553730010986e-03
5.108247511088848114e-03
5.102646537125110626e-03
5.097059067338705063e-03
5.091475788503885269e-03
5.085900891572237015e-03
5.080332513898611069e-03
5.074770189821720123e-03
5.069219972938299179e-03
5.063672084361314774e-03
5.058132577687501907e-03
5.052597727626562119e-03
5.047070793807506561e-03
5.041553638875484467e-03
5.036041140556335449e-03
5.030537955462932587e-03
5.025042686611413956e-03
5.019549746066331863e-03
5.014065653085708618e-03
5.008590873330831528e-03
5.003116093575954437e-03
4.997658077627420425e-03
4.992197733372449875e-03
4.986747168004512787e-03
4.981303121894598007e-03
4.975870251655578613e-03
4.970447625964879990e-03
4.965018946677446365e-03
4.959609359502792358e-03
4.954197444021701813e-03
4.948795773088932037e-03
4.943401552736759186e-03
4.938016645610332489e-03
4.932637792080640793e-03
4.927263129502534866e-03
4.921900574117898941e-03
4.916540812700986862e-03
4.911184310913085938e-03
4.905842710286378860e-03
4.900502040982246399e-03
4.895174410194158554e-03
4.889847710728645325e-03
4.884521942585706711e-03
4.879211075603961945e-03
4.873906727880239487e-03
4.868608433753252029e-03
4.863316658884286880e-03
4.858033265918493271e-03
4.852755460888147354e-03
4.847481846809387207e-03
4.842217545956373215e-03
4.836962558329105377e-03
4.831712227314710617e-03
4.826467484235763550e-03
4.821228329092264175e-03
4.815995227545499802e-03
4.810776095837354660e-03
4.805550910532474518e-03
4.800344351679086685e-03
4.795138724148273468e-03
4.789943341165781021e-03
4.784751217812299728e-03
4.779570270329713821e-03
4.774393979460000992e-03
4.769218619912862778e-03
4.764058627188205719e-03
4.758899100124835968e-03
4.753744695335626602e-03
4.748601932078599930e-03
4.743463825434446335e-03
4.738335032016038895e-03
4.733209032565355301e-03
4.728090483695268631e-03
4.722980316728353500e-03
4.717873875051736832e-03
4.712780471891164780e-03
4.707684274762868881e-03
4.702599719166755676e-03
4.697521217167377472e-03
4.692451562732458115e-03
4.687384236603975296e-03
4.682324826717376709e-03
4.677274730056524277e-03
4.672229755669832230e-03
4.667190834879875183e-03
4.662155173718929291e-03
4.657129291445016861e-03
4.652111791074275970e-03
4.647098015993833542e-03
4.642091225832700729e-03
4.637088160961866379e-03
4.632098600268363953e-03
4.627104848623275757e-03
4.622128792107105255e-03
4.617155529558658600e-03
4.612185992300510406e-03
4.607223905622959137e-03
4.602271597832441330e-03
4.597318358719348907e-03
4.592377226799726486e-03
4.587444011121988297e-03
4.582511726766824722e-03
4.577589686959981918e-03
4.572676960378885269e-03
4.567763768136501312e-03
4.562858026474714279e-03
4.557958338409662247e-03
4.553071688860654831e-03
4.548187833279371262e-03
4.543307702988386154e-03
4.538435023277997971e-03
4.533571656793355942e-03
4.528714809566736221e-03
4.523854702711105347e-03
4.519010428339242935e-03
4.514173604547977448e-03
4.509334452450275421e-03
4.504506010562181473e-03
4.499689210206270218e-03
4.494872875511646271e-03
4.490062594413757324e-03
4.485263954848051071e-03
4.480465315282344818e-03
4.475675057619810104e-03
4.470890387892723083e-03
4.466112237423658371e-03
4.461340140551328659e-03
4.456575028598308563e-03
4.451817832887172699e-03
4.447060637176036835e-03
4.442317876964807510e-03
4.437577445060014725e-03
4.432845395058393478e-03
4.428121261298656464e-03
4.423394333571195602e-03
4.418679513037204742e-03
4.413973540067672729e-03
4.409269429743289948e-03
4.404569976031780243e-03
4.399884026497602463e-03
4.395197145640850067e-03
4.390517715364694595e-03
4.385848529636859894e-03
4.381180740892887115e-03
4.376519471406936646e-03
4.371863324195146561e-03
4.367219284176826477e-03
4.362577572464942932e-03
4.357942380011081696e-03
4.353314172476530075e-03
4.348692949861288071e-03
4.344069864600896835e-03
4.339460749179124832e-03
4.334856756031513214e-03
4.330260213464498520e-03
4.325667396187782288e-03
4.321075044572353363e-03
4.316498991101980209e-03
4.311923868954181671e-03
4.307354800403118134e-03
4.302794113755226135e-03
4.298234358429908752e-03
4.293687641620635986e-03
4.289139993488788605e-03
4.284602124243974686e-03
4.280070308595895767e-03
4.275544546544551849e-03
4.271028563380241394e-03
4.266512580215930939e-03
4.262002650648355484e-03
4.257501102983951569e-03
4.253001883625984192e-03
4.248515702784061432e-03
4.244029987603425980e-03
4.239550326019525528e-03
4.235077649354934692e-03
4.230610560625791550e-03
4.226151388138532639e-03
4.221697337925434113e-03
4.217249806970357895e-03
4.212799947708845139e-03
4.208370111882686615e-03
4.203937016427516937e-03
4.199510440230369568e-03
4.195095971226692200e-03
4.190678708255290985e-03
4.186273552477359772e-03
4.181871190667152405e-03
4.177473019808530807e-03
4.173086024820804596e-03
4.168701823800802231e-03
4.164324607700109482e-03
4.159948788583278656e-03
4.155585542321205139e-03
4.151221830397844315e-03
4.146873485296964645e-03
4.142520949244499207e-03
4.138178192079067230e-03
4.133843351155519485e-03
4.129510372877120972e-03
4.125186707824468613e-03
4.120864905416965485e-03
4.116551484912633896e-03
4.112245980650186539e-03
4.107938148081302643e-03
4.103645682334899902e-03
4.099353682249784470e-03
4.095066338777542114e-03
4.090787842869758606e-03
4.086515866219997406e-03
4.082247149199247360e-03
4.077991005033254623e-03
4.073727875947952271e-03
4.069475922733545303e-03
4.065235611051321030e-03
4.060996696352958679e-03
4.056764300912618637e-03
4.052539356052875519e-03
4.048313945531845093e-03
4.044094588607549667e-03
4.039888270199298859e-03
4.035681486129760742e-03
4.031479824334383011e-03
4.027288872748613358e-03
4.023099783807992935e-03
4.018920939415693283e-03
4.014744423329830170e-03
4.010570701211690903e-03
4.006409086287021637e-03
4.002246074378490448e-03
3.998094238340854645e-03
3.993944264948368073e-03
3.989801276475191116e-03
3.985661547631025314e-03
3.981532994657754898e-03
3.977405838668346405e-03
3.973286133259534836e-03
3.969176206737756729e-03
3.965067211538553238e-03
3.960960078984498978e-03
3.956861793994903564e-03
3.952767234295606613e-03
3.948683384805917740e-03
3.944599069654941559e-03
3.940524999052286148e-03
3.936455585062503815e-03
3.932393621653318405e-03
3.928331192582845688e-03
3.924279473721981049e-03
3.920228686183691025e-03
3.916190471500158310e-03
3.912151791155338287e-03
3.908121027052402496e-03
3.904093289747834206e-03
3.900071373209357262e-03
3.896061098203063011e-03
3.892046865075826645e-03
3.888047533109784126e-03
3.884046105667948723e-03
3.880054457113146782e-03
3.876059083268046379e-03
3.872084664180874825e-03
3.868105588480830193e-03
3.864134661853313446e-03
3.860170720145106316e-03
3.856204682961106300e-03
3.852253546938300133e-03
3.848305437713861465e-03
3.844356862828135490e-03
3.840418765321373940e-03
3.836487419903278351e-03
3.832555608823895454e-03
3.828633343800902367e-03
3.824718762189149857e-03
3.820806043222546577e-03
3.816899145022034645e-03
3.812998300418257713e-03
3.809099318459630013e-03
3.805211279541254044e-03
3.801326500251889229e-03
3.797444049268960953e-03
3.793573006987571716e-03
3.789705224335193634e-03
3.785837208852171898e-03
3.781980834901332855e-03
3.778123762458562851e-03
3.774279961362481117e-03
3.770434064790606499e-03
3.766594920307397842e-03
3.762764856219291687e-03
3.758939215913414955e-03
3.755118697881698608e-03
3.751302137970924377e-03
3.747486276552081108e-03
3.743685083463788033e-03
3.739887615665793419e-03
3.736085025593638420e-03
3.732297103852033615e-03
3.728511044755578041e-03
3.724736161530017853e-03
3.720963373780250549e-03
3.717194311320781708e-03
3.713426878675818443e-03
3.709665033966302872e-03
3.705912269651889801e-03
3.702166257426142693e-03
3.698424668982625008e-03
3.694681683555245399e-03
3.690954763442277908e-03
3.687220159918069839e-03
3.683497430756688118e-03
3.679783781990408897e-03
3.676071763038635254e-03
3.672361141070723534e-03
3.668659832328557968e-03
3.664965974166989326e-03
3.661269554868340492e-03
3.657584544271230698e-03
3.653908614069223404e-03
3.650226630270481110e-03
3.646554658189415932e-03
3.642889903858304024e-03
3.639227012172341347e-03
3.635569941252470016e-03
3.631920088082551956e-03
3.628277918323874474e-03
3.624632256105542183e-03
3.620996139943599701e-03
3.617366543039679527e-03
3.613738575950264931e-03
3.610119456425309181e-03
3.606503596529364586e-03
3.602893324568867683e-03
3.599290037527680397e-03
3.595686983317136765e-03
3.592092311009764671e-03
3.588494844734668732e-03
3.584917169064283371e-03
3.581336233764886856e-03
3.577761817723512650e-03
3.574183909222483635e-03
3.570623463019728661e-03
3.567057661712169647e-03
3.563504200428724289e-03
3.559953300282359123e-03
3.556408453732728958e-03
3.552866633981466293e-03
3.549329005181789398e-03
3.545796265825629234e-03
3.542268648743629456e-03
3.538745688274502754e-03
3.535233205184340477e-03
3.531722584739327431e-03
3.528216388076543808e-03
3.524712752550840378e-03
3.521217731758952141e-03
3.517726669088006020e-03
3.514239098876714706e-03
3.510751063004136086e-03
3.507278393954038620e-03
3.503802930936217308e-03
3.500335384160280228e-03
3.496872726827859879e-03
3.493412863463163376e-03
3.489960916340351105e-03
3.486512927338480949e-03
3.483068663626909256e-03
3.479627659544348717e-03
3.476195037364959717e-03
3.472767304629087448e-03
3.469339804723858833e-03
3.465922782197594643e-03
3.462505061179399490e-03
3.459094325080513954e-03
3.455688478425145149e-03
3.452290082350373268e-03
3.448892850428819656e-03
3.445501904934644699e-03
3.442114684730768204e-03
3.438734915107488632e-03
3.435354446992278099e-03
3.431985387578606606e-03
3.428618423640727997e-03
3.425252623856067657e-03
3.421893808990716934e-03
3.418541513383388519e-03
3.415190149098634720e-03
3.411843907088041306e-03
3.408503485843539238e-03
3.405173076316714287e-03
3.401842433959245682e-03
3.398515284061431885e-03
3.395193489268422127e-03
3.391876583918929100e-03
3.388564335182309151e-03
3.385260701179504395e-03
3.381955204531550407e-03
3.378655994310975075e-03
3.375360742211341858e-03
3.372072707861661911e-03
3.368792822584509850e-03
3.365510376170277596e-03
3.362234216183423996e-03
3.358964575454592705e-03
3.355698427185416222e-03
3.352439962327480316e-03
3.349181264638900757e-03
3.345927223563194275e-03
3.342682728543877602e-03
3.339440561830997467e-03
3.336206777021288872e-03
3.332965774461627007e-03
3.329736646264791489e-03
3.326512407511472702e-03
3.323290729895234108e-03
3.320077667012810707e-03
3.316862042993307114e-03
3.313655732199549675e-03
3.310453612357378006e-03
3.307252191007137299e-03
3.304061712697148323e-03
3.300876123830676079e-03
3.297688672319054604e-03
3.294507972896099091e-03
3.291327273473143578e-03
3.288160543888807297e-03
3.284993581473827362e-03
3.281828481703996658e-03
3.278667805716395378e-03
3.275517839938402176e-03
3.272363683208823204e-03
3.269219538196921349e-03
3.266081679612398148e-03
3.262944053858518600e-03
3.259811783209443092e-03
3.256684402003884315e-03
3.253559581935405731e-03
3.250439185649156570e-03
3.247327869758009911e-03
3.244220977649092674e-03
3.241113619878888130e-03
3.238007891923189163e-03
3.234914271160960197e-03
3.231820650398731232e-03
3.228732617571949959e-03
3.225646680220961571e-03
3.222569823265075684e-03
3.219497622922062874e-03
3.216422628611326218e-03
3.213351825252175331e-03
3.210288705304265022e-03
3.207231871783733368e-03
3.204178996384143829e-03
3.201128682121634483e-03
3.198083257302641869e-03
3.195042721927165985e-03
3.192001255229115486e-03
3.188972128555178642e-03
3.185937879607081413e-03
3.182917134836316109e-03
3.179897088557481766e-03
3.176879137754440308e-03
3.173866774886846542e-03
3.170858137309551239e-03
3.167855087667703629e-03
3.164858091622591019e-03
3.161862492561340332e-03
3.158867359161376953e-03
3.155879909172654152e-03
3.152897115796804428e-03
3.149918280541896820e-03
3.146946895867586136e-03
3.143974812701344490e-03
3.141008084639906883e-03
3.138045547530055046e-03
3.135085571557283401e-03
3.132131416350603104e-03
3.129180986434221268e-03
3.126236610114574432e-03
3.123296424746513367e-03
3.120356006547808647e-03
3.117420943453907967e-03
3.114495193585753441e-03
3.111565485596656799e-03
3.108646953478455544e-03
3.105728887021541595e-03
3.102811751887202263e-03
3.099904861301183701e-03
3.096997505053877831e-03
3.094100160524249077e-03
3.091201651841402054e-03
3.088309196755290031e-03
3.085416741669178009e-03
3.082531969994306564e-03
3.079650690779089928e-03
3.076773602515459061e-03
3.073900472372770309e-03
3.071030834689736366e-03
3.068165620788931847e-03
3.065300406888127327e-03
3.062445670366287231e-03
3.059589071199297905e-03
3.056741552427411079e-03
3.053895430639386177e-03
3.051055362448096275e-03
3.048213431611657143e-03
3.045378951355814934e-03
3.042550990357995033e-03
3.039723727852106094e-03
3.036901354789733887e-03
3.034084802493453026e-03
3.031268250197172165e-03
3.028458682820200920e-03
3.025649115443229675e-03
3.022846067324280739e-03
3.020045813173055649e-03
3.017254173755645752e-03
3.014461370185017586e-03
3.011673223227262497e-03
3.008888801559805870e-03
3.006107406690716743e-03
3.003332996740937233e-03
3.000560449436306953e-03
2.997789997607469559e-03
2.995028626173734665e-03
2.992262365296483040e-03
2.989507513120770454e-03
2.986754057928919792e-03
2.984002465382218361e-03
2.981260651722550392e-03
2.978516044095158577e-03
2.975777722895145416e-03
2.973042661324143410e-03
2.970312722027301788e-03
2.967579988762736320e-03
2.964858431369066238e-03
2.962141297757625580e-03
2.959424164146184921e-03
2.956711919978260994e-03
2.954001538455486298e-03
2.951299073174595833e-03
2.948592649772763252e-03
2.945894608274102211e-03
2.943202853202819824e-03
2.940512495115399361e-03
2.937823999673128128e-03
2.935142023488879204e-03
2.932463074102997780e-03
2.929787617176771164e-03
2.927114954218268394e-03
2.924446249380707741e-03
2.921776846051216125e-03
2.919118385761976242e-03
2.916461788117885590e-03
2.913807751610875130e-03
2.911150688305497169e-03
2.908508991822600365e-03
2.905868925154209137e-03
2.903225598856806755e-03
2.900586463510990143e-03
2.897953847423195839e-03
2.895325422286987305e-03
2.892701886594295502e-03
2.890076953917741776e-03
2.887458773329854012e-03
2.884842455387115479e-03
2.882231026887893677e-03
2.879625419154763222e-03
2.877018647268414497e-03
2.874419093132019043e-03
2.871822100132703781e-03
2.869225805625319481e-03
2.866633236408233643e-03
2.864051377400755882e-03
2.861463464796543121e-03
2.858882537111639977e-03
2.856307430192828178e-03
2.853732556104660034e-03
2.851165598258376122e-03
2.848597941920161247e-03
2.846032381057739258e-03
2.843478927388787270e-03
2.840920817106962204e-03
2.838367363438010216e-03
2.835819497704505920e-03
2.833271631971001625e-03
2.830727258697152138e-03
2.828189404681324959e-03
2.825653646141290665e-03
2.823118353262543678e-03
2.820593304932117462e-03
2.818067092448472977e-03
2.815541578456759453e-03
2.813023515045642853e-03
2.810506848618388176e-03
2.807997632771730423e-03
2.805484691634774208e-03
2.802985021844506264e-03
2.800483023747801781e-03
2.797979861497879028e-03
2.795486478134989738e-03
2.792995888739824295e-03
2.790505997836589813e-03
2.788017969578504562e-03
2.785537391901016235e-03
2.783056581392884254e-03
2.780579729005694389e-03
2.778108697384595871e-03
2.775639994069933891e-03
2.773171523585915565e-03
2.770710038021206856e-03
2.768249949440360069e-03
2.765792654827237129e-03
2.763341646641492844e-03
2.760893432423472404e-03
2.758444286882877350e-03
2.756001660600304604e-03
2.753559499979019165e-03
2.751127351075410843e-03
2.748690545558929443e-03
2.746261190623044968e-03
2.743833931162953377e-03
2.741410164162516594e-03
2.738988259807229042e-03
2.736568218097090721e-03
2.734152832999825478e-03
2.731739310547709465e-03
2.729333471506834030e-03
2.726926002651453018e-03
2.724526915699243546e-03
2.722125034779310226e-03
2.719730604439973831e-03
2.717338269576430321e-03
2.714944770559668541e-03
2.712561050429940224e-03
2.710174769163131714e-03
2.707797801122069359e-03
2.705417806282639503e-03
2.703047823160886765e-03
2.700671553611755371e-03
2.698306459933519363e-03
2.695940434932708740e-03
2.693576738238334656e-03
2.691220492124557495e-03
2.688864013180136681e-03
2.686508931219577789e-03
2.684159204363822937e-03
2.681815298274159431e-03
2.679470926523208618e-03
2.677127718925476074e-03
2.674791496247053146e-03
2.672455273568630219e-03
2.670124638825654984e-03
2.667797496542334557e-03
2.665468258783221245e-03
2.663146238774061203e-03
2.660827478393912315e-03
2.658511977642774582e-03
2.656197175383567810e-03
2.653884701430797577e-03
2.651578281074762344e-03
2.649274189025163651e-03
2.646970795467495918e-03
2.644672524183988571e-03
2.642374485731124878e-03
2.640082500874996185e-03
2.637790050357580185e-03
2.635506214573979378e-03
2.633218653500080109e-03
2.630938310176134109e-03
2.628659363836050034e-03
2.626386936753988266e-03
2.624107291921973228e-03
2.621839521452784538e-03
2.619571750983595848e-03
2.617304213345050812e-03
2.615046687424182892e-03
2.612785669043660164e-03
2.610534429550170898e-03
2.608276670798659325e-03
2.606029389426112175e-03
2.603780478239059448e-03
2.601537620648741722e-03
2.599295694380998611e-03
2.597055863589048386e-03
2.594822552055120468e-03
2.592587145045399666e-03
2.590355463325977325e-03
2.588129369542002678e-03
2.585904207080602646e-03
2.583685098215937614e-03
2.581462264060974121e-03
2.579246880486607552e-03
2.577034058049321175e-03
2.574824262410402298e-03
2.572614932432770729e-03
2.570407465100288391e-03
2.568206749856472015e-03
2.566010458394885063e-03
2.563808113336563110e-03
2.561616245657205582e-03
2.559422980993986130e-03
2.557236235588788986e-03
2.555049955844879150e-03
2.552864607423543930e-03
2.550685778260231018e-03
2.548505086451768875e-03
2.546331845223903656e-03
2.544160699471831322e-03
2.541985362768173218e-03
2.539819572120904922e-03
2.537654945626854897e-03
2.535494742915034294e-03
2.533334773033857346e-03
2.531176200136542320e-03
2.529023680835962296e-03
2.526876982301473618e-03
2.524721669033169746e-03
2.522575668990612030e-03
2.520429203286767006e-03
2.518291119486093521e-03
2.516154199838638306e-03
2.514017745852470398e-03
2.511883853003382683e-03
2.509751124307513237e-03
2.507623517885804176e-03
2.505502430722117424e-03
2.503376454114913940e-03
2.501257928088307381e-03
2.499139402061700821e-03
2.497024601325392723e-03
2.494911430403590202e-03
2.492804313078522682e-03
2.490693936124444008e-03
2.488592173904180527e-03
2.486490411683917046e-03
2.484389115124940872e-03
2.482293639332056046e-03
2.480197930708527565e-03
2.478106180205941200e-03
2.476016059517860413e-03
2.473930129781365395e-03
2.471845829859375954e-03
2.469758037477731705e-03
2.467680722475051880e-03
2.465604804456233978e-03
2.463531214743852615e-03
2.461457857862114906e-03
2.459389390423893929e-03
2.457323716953396797e-03
2.455255249515175819e-03
2.453195163980126381e-03
2.451136475428938866e-03
2.449080115184187889e-03
2.447023987770080566e-03
2.444969955831766129e-03
2.442919649183750153e-03
2.440874930471181870e-03
2.438828349113464355e-03
2.436786657199263573e-03
2.434747293591499329e-03
2.432708861306309700e-03
2.430674387142062187e-03
2.428637351840734482e-03
2.426608698442578316e-03
2.424582606181502342e-03
2.422556281089782715e-03
2.420533914119005203e-03
2.418510615825653076e-03
2.416490577161312103e-03
2.414478454738855362e-03
2.412463072687387466e-03
2.410453744232654572e-03
2.408443018794059753e-03
2.406435785815119743e-03
2.404431812465190887e-03
2.402427839115262032e-03
2.400428289547562599e-03
2.398432232439517975e-03
2.396435011178255081e-03
2.394442679360508919e-03
2.392455702647566795e-03
2.390469890087842941e-03
2.388480119407176971e-03
2.386495703831315041e-03
2.384514780715107918e-03
2.382536185905337334e-03
2.380559453740715981e-03
2.378582255914807320e-03
2.376613905653357506e-03
2.374642295762896538e-03
2.372676040977239609e-03
2.370709087699651718e-03
2.368746558204293251e-03
2.366785425692796707e-03
2.364828018471598625e-03
2.362871542572975159e-03
2.360921120271086693e-03
2.358965808525681496e-03
2.357018413022160530e-03
2.355068922042846680e-03
2.353125484660267830e-03
2.351183444261550903e-03
2.349242568016052246e-03
2.347305882722139359e-03
2.345368266105651855e-03
2.343433676287531853e-03
2.341502113267779350e-03
2.339572878554463387e-03
2.337643876671791077e-03
2.335721626877784729e-03
2.333798678591847420e-03
2.331877592951059341e-03
2.329961629584431648e-03
2.328043570742011070e-03
2.326128538697957993e-03
2.324216533452272415e-03
2.322301501408219337e-03
2.320399275049567223e-03
2.318496583029627800e-03
2.316587837412953377e-03
2.314687008038163185e-03
2.312788739800453186e-03
2.310892567038536072e-03
2.308999188244342804e-03
2.307105576619505882e-03
2.305213361978530884e-03
2.303324406966567039e-03
2.301440108567476273e-03
2.299555111676454544e-03
2.297675237059593201e-03
2.295791637152433395e-03
2.293915254995226860e-03
2.292040968313813210e-03
2.290165750309824944e-03
2.288292627781629562e-03
2.286424161866307259e-03
2.284557325765490532e-03
2.282692585140466690e-03
2.280828775838017464e-03
2.278963802382349968e-03
2.277105348184704781e-03
2.275247126817703247e-03
2.273393794894218445e-03
2.271540695801377296e-03
2.269687131047248840e-03
2.267840784043073654e-03
2.265989547595381737e-03
2.264148322865366936e-03
2.262303372845053673e-03
2.260459354147315025e-03
2.258625812828540802e-03
2.256788546219468117e-03
2.254951279610395432e-03
2.253122627735137939e-03
2.251290483400225639e-03
2.249462530016899109e-03
2.247634576633572578e-03
2.245809184387326241e-03
2.243985189124941826e-03
2.242163056507706642e-03
2.240345580503344536e-03
2.238532062619924545e-03
2.236716449260711670e-03
2.234902465716004372e-03
2.233090344816446304e-03
2.231277991086244583e-03
2.229468664154410362e-03
2.227666089311242104e-03
2.225865144282579422e-03
2.224063035100698471e-03
2.222265116870403290e-03
2.220467431470751762e-03
2.218669978901743889e-03
2.216881141066551208e-03
2.215085318312048912e-03
2.213296014815568924e-03
2.211507409811019897e-03
2.209724159911274910e-03
2.207937184721231461e-03
2.206156728789210320e-03
2.204376505687832832e-03
2.202597446739673615e-03
2.200821880251169205e-03
2.199048176407814026e-03
2.197272144258022308e-03
2.195502631366252899e-03
2.193735213950276375e-03
2.191966166719794273e-03
2.190202940255403519e-03
2.188440645113587379e-03
2.186674159020185471e-03
2.184917218983173370e-03
2.183157950639724731e-03
2.181403804570436478e-03
2.179650356993079185e-03
2.177898073568940163e-03
2.176145091652870178e-03
2.174398396164178848e-03
2.172649139538407326e-03
2.170908031985163689e-03
2.169165294617414474e-03
2.167423954233527184e-03
2.165681449696421623e-03
2.163946162909269333e-03
2.162211341783404350e-03
2.160474890843033791e-03
2.158744726330041885e-03
2.157014794647693634e-03
2.155285328626632690e-03
2.153557725250720978e-03
2.151834545657038689e-03
2.150111133232712746e-03
2.148388419300317764e-03
2.146670827642083168e-03
2.144951140508055687e-03
2.143236342817544937e-03
2.141524106264114380e-03
2.139808144420385361e-03
2.138098003342747688e-03
2.136389492079615593e-03
2.134685637429356575e-03
2.132976893335580826e-03
2.131273504346609116e-03
2.129571279510855675e-03
2.127872314304113388e-03
2.126175211742520332e-03
2.124475315213203430e-03
2.122782403603196144e-03
2.121086930856108665e-03
2.119397046044468880e-03
2.117707161232829094e-03
2.116017974913120270e-03
2.114335773512721062e-03
2.112649148330092430e-03
2.110965084284543991e-03
2.109282882884144783e-03
2.107606269419193268e-03
2.105927793309092522e-03
2.104251645505428314e-03
2.102573635056614876e-03
2.100903773680329323e-03
2.099231816828250885e-03
2.097564516589045525e-03
2.095896750688552856e-03
2.094232942909002304e-03
2.092565875500440598e-03
2.090903231874108315e-03
2.089242218062281609e-03
2.087583998218178749e-03
2.085925545543432236e-03
2.084270352497696877e-03
2.082613995298743248e-03
2.080965554341673851e-03
2.079310128465294838e-03
2.077663084492087364e-03
2.076016971841454506e-03
2.074371557682752609e-03
2.072723349556326866e-03
2.071080030873417854e-03
2.069441601634025574e-03
2.067803405225276947e-03
2.066161017864942551e-03
2.064528176560997963e-03
2.062891609966754913e-03
2.061257371678948402e-03
2.059629186987876892e-03
2.058000769466161728e-03
2.056372584775090218e-03
2.054747426882386208e-03
2.053120406344532967e-03
2.051495015621185303e-03
2.049873583018779755e-03
2.048252150416374207e-03
2.046638866886496544e-03
2.045019529759883881e-03
2.043404383584856987e-03
2.041788306087255478e-03
2.040177118033170700e-03
2.038565697148442268e-03
2.036956837400794029e-03
2.035351004451513290e-03
2.033744938671588898e-03
2.032140502706170082e-03
2.030538627877831459e-03
2.028936287388205528e-03
2.027340233325958252e-03
2.025738358497619629e-03
2.024141838774085045e-03
2.022548113018274307e-03
2.020955551415681839e-03
2.019362291321158409e-03
2.017770195379853249e-03
2.016182523220777512e-03
2.014594851061701775e-03
2.013010205700993538e-03
2.011424396187067032e-03
2.009841613471508026e-03
2.008263487368822098e-03
2.006681868806481361e-03
2.005102112889289856e-03
2.003524219617247581e-03
2.001955639570951462e-03
2.000376814976334572e-03
1.998805906623601913e-03
1.997235463932156563e-03
1.995667582377791405e-03
1.994099933654069901e-03
1.992531586438417435e-03
1.990966033190488815e-03
1.989406067878007889e-03
1.987841213122010231e-03
1.986283808946609497e-03
1.984726171940565109e-03
1.983168534934520721e-03
1.981610432267189026e-03
1.980056520551443100e-03
1.978503540158271790e-03
1.976951258257031441e-03
1.975406892597675323e-03
1.973856706172227859e-03
1.972310245037078857e-03
1.970764948055148125e-03
1.969220582395792007e-03
1.967677613720297813e-03
1.966135343536734581e-03
1.964596798643469810e-03
1.963056158274412155e-03
1.961520873010158539e-03
1.959986519068479538e-03
1.958452863618731499e-03
1.956919440999627113e-03
1.955389045178890228e-03
1.953858882188796997e-03
1.952330465428531170e-03
1.950805308297276497e-03
1.949282479472458363e-03
1.947755459696054459e-03
1.946233795024454594e-03
1.944710849784314632e-03
1.943190698511898518e-03
1.941673224791884422e-03
1.940158545039594173e-03
1.938644214533269405e-03
1.937130233272910118e-03
1.935613807290792465e-03
1.934104482643306255e-03
1.932595390826463699e-03
1.931087346747517586e-03
1.929584308527410030e-03
1.928075565956532955e-03
1.926572062075138092e-03
1.925066462717950344e-03
1.923565054312348366e-03
1.922066556289792061e-03
1.920571317896246910e-03
1.919071306474506855e-03
1.917575020343065262e-03
1.916080946102738380e-03
1.914586406201124191e-03
1.913095358759164810e-03
1.911605708301067352e-03
1.910116989165544510e-03
1.908630598336458206e-03
1.907143276184797287e-03
1.905659562908113003e-03
1.904172822833061218e-03
1.902692369185388088e-03
1.901211566291749477e-03
1.899732043966650963e-03
1.898253569379448891e-03
1.896777888759970665e-03
1.895301160402595997e-03
1.893830718472599983e-03
1.892355852760374546e-03
1.890882500447332859e-03
1.889415085315704346e-03
1.887946040369570255e-03
1.886478858068585396e-03
1.885010395199060440e-03
1.883546705357730389e-03
1.882081734947860241e-03
1.880621421150863171e-03
1.879159361124038696e-03
1.877700211480259895e-03
1.876244903542101383e-03
1.874785986728966236e-03
1.873325905762612820e-03
1.871873508207499981e-03
1.870422041974961758e-03
1.868972904048860073e-03
1.867518993094563484e-03
1.866072416305541992e-03
1.864623860456049442e-03
1.863177167251706123e-03
1.861733850091695786e-03
1.860287040472030640e-03
1.858846982941031456e-03
1.857401919551193714e-03
1.855962327681481838e-03
1.854525180533528328e-03
1.853088964708149433e-03
1.851652166806161404e-03
1.850215368904173374e-03
1.848784158937633038e-03
1.847350853495299816e-03
1.845919992774724960e-03
1.844486221671104431e-03
1.843061065301299095e-03
1.841635559685528278e-03
1.840205048210918903e-03
1.838780008256435394e-03
1.837359974160790443e-03
1.835934817790985107e-03
1.834515598602592945e-03
1.833095215260982513e-03
1.831677276641130447e-03
1.830260269343852997e-03
1.828840584494173527e-03
1.827429630793631077e-03
1.826014951802790165e-03
1.824603416025638580e-03
1.823193859308958054e-03
1.821783953346312046e-03
1.820371020585298538e-03
1.818966236896812916e-03
1.817559706978499889e-03
1.816156669519841671e-03
1.814750139601528645e-03
1.813348848372697830e-03
1.811945578083395958e-03
1.810547662898898125e-03
1.809146720916032791e-03
1.807750435546040535e-03
1.806353800930082798e-03
1.804961590096354485e-03
1.803564256988465786e-03
1.802173443138599396e-03
1.800778787583112717e-03
1.799390069209039211e-03
1.798002980649471283e-03
1.796611584722995758e-03
1.795226242393255234e-03
1.793842064216732979e-03
1.792454393580555916e-03
1.791074173524975777e-03
1.789692672900855541e-03
1.788312802091240883e-03
1.786933979019522667e-03
1.785553991794586182e-03
1.784176332876086235e-03
1.782800769433379173e-03
1.781426370143890381e-03
1.780052902176976204e-03
1.778680132701992989e-03
1.777309458702802658e-03
1.775937154889106750e-03
1.774568459950387478e-03
1.773203606717288494e-03
1.771833980455994606e-03
1.770469592884182930e-03
1.769103226251900196e-03
1.767742680385708809e-03
1.766382134519517422e-03
1.765021472238004208e-03
1.763659762218594551e-03
1.762303290888667107e-03
1.760943559929728508e-03
1.759586972184479237e-03
1.758233178406953812e-03
1.756880548782646656e-03
1.755527919158339500e-03
1.754177035763859749e-03
1.752826618030667305e-03
1.751474454067647457e-03
1.750130089931190014e-03
1.748783979564905167e-03
1.747435308061540127e-03
1.746093621477484703e-03
1.744750421494245529e-03
1.743406872265040874e-03
1.742064370773732662e-03
1.740723266266286373e-03
1.739386236295104027e-03
1.738047576509416103e-03
1.736709382385015488e-03
1.735375728458166122e-03
1.734041026793420315e-03
1.732710166834294796e-03
1.731375115923583508e-03
1.730041694827377796e-03
1.728714560158550739e-03
1.727385330013930798e-03
1.726057496853172779e-03
1.724730012938380241e-03
1.723405672237277031e-03
1.722082728520035744e-03
1.720757689327001572e-03
1.719437073916196823e-03
1.718111801892518997e-03
1.716797356493771076e-03
1.715477905236184597e-03
1.714159385301172733e-03
1.712839235551655293e-03
1.711525837890803814e-03
1.710212556645274162e-03
1.708898926153779030e-03
1.707587507553398609e-03
1.706278417259454727e-03
1.704965950921177864e-03
1.703654881566762924e-03
1.702348934486508369e-03
1.701040193438529968e-03
1.699737855233252048e-03
1.698431675322353840e-03
1.697128755040466785e-03
1.695825019851326942e-03
1.694522099569439888e-03
1.693226280622184277e-03
1.691921730525791645e-03
1.690627308562397957e-03
1.689330092631280422e-03
1.688034273684024811e-03
1.686739036813378334e-03
1.685444964095950127e-03
1.684150542132556438e-03
1.682861242443323135e-03
1.681567286141216755e-03
1.680279849097132683e-03
1.678990200161933899e-03
1.677702530287206173e-03
1.676418236456811428e-03
1.675134291872382164e-03
1.673848601058125496e-03
1.672565122134983540e-03
1.671279780566692352e-03
1.670002937316894531e-03
1.668719458393752575e-03
1.667443080805242062e-03
1.666164258494973183e-03
1.664885203354060650e-03
1.663610455580055714e-03
1.662337337620556355e-03
1.661064685322344303e-03
1.659789704717695713e-03
1.658517285250127316e-03
1.657249056734144688e-03
1.655977685004472733e-03
1.654705032706260681e-03
1.653444021940231323e-03
1.652176841162145138e-03
1.650909427553415298e-03
1.649646670557558537e-03
1.648383913561701775e-03
1.647120690904557705e-03
1.645858283154666424e-03
1.644597621634602547e-03
1.643336960114538670e-03
1.642079674638807774e-03
1.640822854824364185e-03
1.639565103687345982e-03
1.638313173316419125e-03
1.637056469917297363e-03
1.635801978409290314e-03
1.634549931623041630e-03
1.633298234082758427e-03
1.632052473723888397e-03
1.630800659768283367e-03
1.629554200917482376e-03
1.628305995836853981e-03
1.627058605663478374e-03
1.625813776627182961e-03
1.624570577405393124e-03
1.623329473659396172e-03
1.622083946131169796e-03
1.620840048417448997e-03
1.619603601284325123e-03
1.618363312445580959e-03
1.617126283235847950e-03
1.615889370441436768e-03
1.614653156138956547e-03
1.613417989574372768e-03
1.612182473763823509e-03
1.610950916074216366e-03
1.609718659892678261e-03
1.608487800695002079e-03
1.607255777344107628e-03
1.606027828529477119e-03
1.604799879714846611e-03
1.603574841283261776e-03
1.602347707375884056e-03
1.601122901774942875e-03
1.599897048436105251e-03
1.598674105480313301e-03
1.597451511770486832e-03
1.596232410520315170e-03
1.595008186995983124e-03
1.593791763298213482e-03
1.592572196386754513e-03
1.591355539858341217e-03
1.590137253515422344e-03
1.588921411894261837e-03
1.587708131410181522e-03
1.586497528478503227e-03
1.585283200256526470e-03
1.584069686941802502e-03
1.582860713824629784e-03
1.581650110892951488e-03
1.580443815328180790e-03
1.579233678057789803e-03
1.578027033247053623e-03
1.576822018250823021e-03
1.575616886839270592e-03
1.574413268826901913e-03
1.573211629875004292e-03
1.572007546201348305e-03
1.570807420648634434e-03
1.569606829434633255e-03
1.568407518789172173e-03
1.567212049849331379e-03
1.566012040711939335e-03
1.564816804602742195e-03
1.563622034154832363e-03
1.562427612952888012e-03
1.561231911182403564e-03
1.560039701871573925e-03
1.558849588036537170e-03
1.557659823447465897e-03
1.556470291689038277e-03
1.555279712192714214e-03
1.554089598357677460e-03
1.552906003780663013e-03
1.551719265989959240e-03
1.550533925183117390e-03
1.549350796267390251e-03
1.548166852444410324e-03
1.546986401081085205e-03
1.545805134810507298e-03
1.544623519293963909e-03
1.543445512652397156e-03
1.542265294119715691e-03
1.541087636724114418e-03
1.539913588203489780e-03
1.538733253255486488e-03
1.537561067380011082e-03
1.536388997919857502e-03
1.535215065814554691e-03
1.534042647108435631e-03
1.532873022370040417e-03
1.531700603663921356e-03
1.530532259494066238e-03
1.529364380985498428e-03
1.528197550214827061e-03
1.527028623968362808e-03
1.525863888673484325e-03
1.524699851870536804e-03
1.523535465821623802e-03
1.522373990155756474e-03
1.521212048828601837e-03
1.520052435807883739e-03
1.518890610896050930e-03
1.517734490334987640e-03
1.516574178822338581e-03
1.515415846370160580e-03
1.514259492978453636e-03
1.513103954493999481e-03
1.511949696578085423e-03
1.510795555077493191e-03
1.509642926976084709e-03
1.508487504906952381e-03
1.507339300587773323e-03
1.506186672486364841e-03
1.505041611380875111e-03
1.503893407061696053e-03
1.502745668403804302e-03
1.501597347669303417e-03
1.500452402979135513e-03
1.499305712059140205e-03
1.498162862844765186e-03
1.497020944952964783e-03
1.495876465924084187e-03
1.494739088229835033e-03
1.493596821092069149e-03
1.492459792643785477e-03
1.491316710598766804e-03
1.490183407440781593e-03
1.489043934270739555e-03
1.487908884882926941e-03
1.486772205680608749e-03
1.485637854784727097e-03
1.484504784457385540e-03
1.483375323005020618e-03
1.482243300415575504e-03
1.481112441979348660e-03
1.479982864111661911e-03
1.478854450397193432e-03
1.477727433666586876e-03
1.476599718444049358e-03
1.475471071898937225e-03
1.474344986490905285e-03
1.473223790526390076e-03
1.472098636440932751e-03
1.470977789722383022e-03
1.469852984882891178e-03
1.468732836656272411e-03
1.467614318244159222e-03
1.466492423787713051e-03
1.465376350097358227e-03
1.464257249608635902e-03
1.463140244595706463e-03
1.462025102227926254e-03
1.460907631553709507e-03
1.459795166738331318e-03
1.458684913814067841e-03
1.457568025216460228e-03
1.456458703614771366e-03
1.455348217859864235e-03
1.454237964935600758e-03
1.453128876164555550e-03
1.452020951546728611e-03
1.450911629945039749e-03
1.449807896278798580e-03
1.448701019398868084e-03
1.447596703656017780e-03
1.446493901312351227e-03
1.445389585569500923e-03
1.444287365302443504e-03
1.443184912204742432e-03
1.442082342691719532e-03
1.440987456589937210e-03
1.439886284060776234e-03
1.438790000975131989e-03
1.437691156752407551e-03
1.436594291590154171e-03
1.435503945685923100e-03
1.434403937309980392e-03
1.433311845175921917e-03
1.432220102287828922e-03
1.431125565432012081e-03
1.430035801604390144e-03
1.428946387022733688e-03
1.427856157533824444e-03
1.426767441444098949e-03
1.425679889507591724e-03
1.424590940587222576e-03
1.423505600541830063e-03
1.422419794835150242e-03
1.421339926309883595e-03
1.420252374373376369e-03
1.419171341694891453e-03
1.418087165802717209e-03
1.417006482370197773e-03
1.415925566107034683e-03
1.414848724380135536e-03
1.413768506608903408e-03
1.412691315636038780e-03
1.411612029187381268e-03
1.410540193319320679e-03
1.409459742717444897e-03
1.408387906849384308e-03
1.407313044182956219e-03
1.406240626238286495e-03
1.405168208293616772e-03
1.404095906764268875e-03
1.403026864863932133e-03
1.401957240886986256e-03
1.400886569172143936e-03
1.399821485392749310e-03
1.398751279339194298e-03
1.397684216499328613e-03
1.396621111780405045e-03
1.395554398186504841e-03
1.394492574036121368e-03
1.393427955918014050e-03
1.392366481013596058e-03
1.391304074786603451e-03
1.390242250636219978e-03
1.389184151776134968e-03
1.388126634992659092e-03
1.387066207826137543e-03
1.386009040288627148e-03
1.384951407089829445e-03
1.383895520120859146e-03
1.382841030135750771e-03
1.381784910336136818e-03
1.380733679980039597e-03
1.379681518301367760e-03
1.378627610392868519e-03
1.377575914375483990e-03
1.376525964587926865e-03
1.375477528199553490e-03
1.374426763504743576e-03
1.373379374854266644e-03
1.372331986203789711e-03
1.371285994537174702e-03
1.370242447592318058e-03
1.369198667816817760e-03
1.368154305964708328e-03
1.367108081467449665e-03
1.366066862829029560e-03
1.365026691928505898e-03
1.363986521027982235e-03
1.362944953143596649e-03
1.361905480735003948e-03
1.360866706818342209e-03
1.359830144792795181e-03
1.358792767859995365e-03
1.357754808850586414e-03
1.356719760224223137e-03
1.355687156319618225e-03
1.354650477878749371e-03
1.353620667941868305e-03
1.352587714791297913e-03
1.351553830318152905e-03
1.350526348687708378e-03
1.349494908936321735e-03
1.348469057120382786e-03
1.347439829260110855e-03
1.346412347629666328e-03
1.345384749583899975e-03
1.344359596259891987e-03
1.343334326520562172e-03
1.342309056781232357e-03
1.341285882517695427e-03
1.340262359008193016e-03
1.339240581728518009e-03
1.338221365585923195e-03
1.337198074907064438e-03
1.336179906502366066e-03
1.335160341113805771e-03
1.334143686108291149e-03
1.333122141659259796e-03
1.332106534391641617e-03
1.331091043539345264e-03
1.330077880993485451e-03
1.329061924479901791e-03
1.328047364950180054e-03
1.327038044109940529e-03
1.326025114394724369e-03
1.325012533925473690e-03
1.324000186286866665e-03
1.322994474321603775e-03
1.321983989328145981e-03
1.320975366979837418e-03
1.319970120675861835e-03
1.318961381912231445e-03
1.317956368438899517e-03
1.316949259489774704e-03
1.315946457907557487e-03
1.314942492172122002e-03
1.313937827944755554e-03
1.312937005423009396e-03
1.311935833655297756e-03
1.310934196226298809e-03
1.309936400502920151e-03
1.308935461565852165e-03
1.307940110564231873e-03
1.306941034272313118e-03
1.305943122133612633e-03
1.304947771131992340e-03
1.303952769376337528e-03
1.302956370636820793e-03
1.301963464356958866e-03
1.300969976000487804e-03
1.299979281611740589e-03
1.298987190239131451e-03
1.297996728681027889e-03
1.297004986554384232e-03
1.296014175750315189e-03
1.295026508159935474e-03
1.294039306230843067e-03
1.293051056563854218e-03
1.292067347094416618e-03
1.291079213842749596e-03
1.290092128328979015e-03
1.289110281504690647e-03
1.288129016757011414e-03
1.287144958041608334e-03
1.286163344047963619e-03
1.285179401747882366e-03
1.284200116060674191e-03
1.283220946788787842e-03
1.282239682041108608e-03
1.281265984289348125e-03
1.280285650864243507e-03
1.279308344237506390e-03
1.278332085348665714e-03
1.277359318919479847e-03
1.276383409276604652e-03
1.275410642847418785e-03
1.274438225664198399e-03
1.273464760743081570e-03
1.272490364499390125e-03
1.271519693545997143e-03
1.270550768822431564e-03
1.269581611268222332e-03
1.268613385036587715e-03
1.267645042389631271e-03
1.266677980311214924e-03
1.265711849555373192e-03
1.264744787476956844e-03
1.263777841813862324e-03
1.262816367670893669e-03
1.261851401068270206e-03
1.260887016542255878e-03
1.259926008060574532e-03
1.258964301086962223e-03
1.258000847883522511e-03
1.257044263184070587e-03
1.256082672625780106e-03
1.255127019248902798e-03
1.254165661521255970e-03
1.253209658898413181e-03
1.252254238352179527e-03
1.251299749128520489e-03
1.250345143489539623e-03
1.249388325959444046e-03
1.248435117304325104e-03
1.247482025064527988e-03
1.246529631316661835e-03
1.245578983798623085e-03
1.244628801941871643e-03
1.243676524609327316e-03
1.242728321813046932e-03
1.241781865246593952e-03
1.240832265466451645e-03
1.239885343238711357e-03
1.238936791196465492e-03
1.237993361428380013e-03
1.237047137692570686e-03
1.236104755662381649e-03
1.235158881172537804e-03
1.234215334989130497e-03
1.233273767866194248e-03
1.232329872436821461e-03
1.231389353051781654e-03
1.230451394803822041e-03
1.229514717124402523e-03
1.228575129061937332e-03
1.227634726092219353e-03
1.226696767844259739e-03
1.225760672241449356e-03
1.224823645316064358e-03
1.223892788402736187e-03
1.222956576384603977e-03
1.222022576257586479e-03
1.221088576130568981e-03
1.220155972987413406e-03
1.219222438521683216e-03
1.218294608406722546e-03
1.217364566400647163e-03
1.216434990055859089e-03
1.215504715219140053e-03
1.214575720950961113e-03
1.213649753481149673e-03
1.212723786011338234e-03
1.211797585710883141e-03
1.210871734656393528e-03
1.209945883601903915e-03
1.209022244438529015e-03
1.208097324706614017e-03
1.207176013849675655e-03
1.206254586577415466e-03
1.205333159305155277e-03
1.204411848448216915e-03
1.203493331559002399e-03
1.202573417685925961e-03
1.201654551550745964e-03
1.200736616738140583e-03
1.199817401356995106e-03
1.198903890326619148e-03
1.197986071929335594e-03
1.197070698253810406e-03
1.196156255900859833e-03
1.195242512039840221e-03
1.194329932332038879e-03
1.193418749608099461e-03
1.192505354993045330e-03
1.191595452837646008e-03
1.190685085020959377e-03
1.189774135127663612e-03
1.188865746371448040e-03
1.187959103845059872e-03
1.187049318104982376e-03
1.186144072562456131e-03
1.185237313620746136e-03
1.184333115816116333e-03
1.183426706120371819e-03
1.182521344162523746e-03
1.181618310511112213e-03
1.180717255920171738e-03
1.179813989438116550e-03
1.178911421447992325e-03
1.178012345917522907e-03
1.177112106233835220e-03
1.176214544102549553e-03
1.175313256680965424e-03
1.174415694549679756e-03
1.173517550341784954e-03
1.172622316516935825e-03
1.171723590232431889e-03
1.170829520560801029e-03
1.169934053905308247e-03
1.169041730463504791e-03
1.168147195130586624e-03
1.167254871688783169e-03
1.166364410892128944e-03
1.165474182926118374e-03
1.164580229669809341e-03
1.163690234534442425e-03
1.162801287136971951e-03
1.161911524832248688e-03
1.161021878942847252e-03
1.160135259851813316e-03
1.159247942268848419e-03
1.158361323177814484e-03
1.157477032393217087e-03
1.156595069915056229e-03
1.155708800069987774e-03
1.154826837591826916e-03
1.153941382654011250e-03
1.153061399236321449e-03
1.152177341282367706e-03
1.151298638433218002e-03
1.150417490862309933e-03
1.149538322351872921e-03
1.148659153841435909e-03
1.147781498730182648e-03
1.146906288340687752e-03
1.146026304922997952e-03
1.145148766227066517e-03
1.144275302067399025e-03
1.143400440923869610e-03
1.142526161856949329e-03
1.141652581281960011e-03
1.140782493166625500e-03
1.139906467869877815e-03
1.139034866355359554e-03
1.138162217102944851e-03
1.137292012572288513e-03
1.136427046731114388e-03
1.135555910877883434e-03
1.134687801823019981e-03
1.133818645030260086e-03
1.132953329943120480e-03
1.132084988057613373e-03
1.131221652030944824e-03
1.130355172790586948e-03
1.129490323364734650e-03
1.128626288846135139e-03
1.127764000557363033e-03
1.126899383962154388e-03
1.126038958318531513e-03
1.125178416259586811e-03
1.124316244386136532e-03
1.123456517234444618e-03
1.122599234804511070e-03
1.121739391237497330e-03
1.120879431255161762e-03
1.120023545809090137e-03
1.119169057346880436e-03
1.118311891332268715e-03
1.117456471547484398e-03
1.116601401008665562e-03
1.115744817070662975e-03
1.114894053898751736e-03
1.114039681851863861e-03
1.113185891881585121e-03
1.112334430217742920e-03
1.111484714783728123e-03
1.110634300857782364e-03
1.109785633161664009e-03
1.108934520743787289e-03
1.108087599277496338e-03
1.107240444980561733e-03
1.106394454836845398e-03
1.105546485632658005e-03
1.104700611904263496e-03
1.103855087421834469e-03
1.103010610677301884e-03
1.102167414501309395e-03
1.101323170587420464e-03
1.100479857996106148e-03
1.099639222957193851e-03
1.098797190934419632e-03
1.097957952879369259e-03
1.097116037271916866e-03
1.096274820156395435e-03
1.095437561161816120e-03
1.094597624614834785e-03
1.093762228265404701e-03
1.092924037948250771e-03
1.092088758014142513e-03
1.091252663172781467e-03
1.090415171347558498e-03
1.089582452550530434e-03
1.088748220354318619e-03
1.087913988158106804e-03
1.087084063328802586e-03
1.086250063963234425e-03
1.085418160073459148e-03
1.084588468074798584e-03
1.083756680600345135e-03
1.082927454262971878e-03
1.082098227925598621e-03
1.081270864233374596e-03
1.080441754311323166e-03
1.079614390619099140e-03
1.078790635801851749e-03
1.077965134754776955e-03
1.077139517292380333e-03
1.076314598321914673e-03
1.075486885383725166e-03
1.074664294719696045e-03
1.073843333870172501e-03
1.073020393960177898e-03
1.072197803296148777e-03
1.071378355845808983e-03
1.070558675564825535e-03
1.069738529622554779e-03
1.068918616510927677e-03
1.068104174919426441e-03
1.067284028977155685e-03
1.066466560587286949e-03
1.065649092197418213e-03
1.064834301359951496e-03
1.064018579199910164e-03
1.063203206285834312e-03
1.062390045262873173e-03
1.061575836502015591e-03
1.060762908309698105e-03
1.059952890500426292e-03
1.059137168340384960e-03
1.058328780345618725e-03
1.057515502907335758e-03
1.056707929819822311e-03
1.055899891071021557e-03
1.055090688169002533e-03
1.054283464327454567e-03
1.053475425578653812e-03
1.052668434567749500e-03
1.051861676387488842e-03
1.051056082360446453e-03
1.050250953994691372e-03
1.049447339028120041e-03
1.048642676323652267e-03
1.047839876264333725e-03
1.047037076205015182e-03
1.046233111992478371e-03
1.045432290993630886e-03
1.044632052071392536e-03
1.043832744471728802e-03
1.043032971210777760e-03
1.042233314365148544e-03
1.041435403749346733e-03
1.040637027472257614e-03
1.039840746670961380e-03
1.039044000208377838e-03
1.038247952237725258e-03
1.037454116158187389e-03
1.036657835356891155e-03
1.035863417200744152e-03
1.035070861689746380e-03
1.034276210702955723e-03
1.033486332744359970e-03
1.032691681757569313e-03
1.031901338137686253e-03
1.031112624332308769e-03
1.030321465805172920e-03
1.029532169923186302e-03
1.028743572533130646e-03
1.027956022880971432e-03
1.027165213599801064e-03
1.026380108669400215e-03
1.025592675432562828e-03
1.024808036163449287e-03
1.024023746140301228e-03
1.023236312903463840e-03
1.022455398924648762e-03
1.021674252115190029e-03
1.020888448692858219e-03
1.020107651129364967e-03
1.019322779029607773e-03
1.018541282974183559e-03
1.017763861455023289e-03
1.016981899738311768e-03
1.016203197650611401e-03
1.015424495562911034e-03
1.014644978567957878e-03
1.013866974972188473e-03
1.013092929497361183e-03
1.012316322885453701e-03
1.011540647596120834e-03
1.010764040984213352e-03
1.009989646263420582e-03
1.009216764941811562e-03
1.008444698527455330e-03
1.007668790407478809e-03
1.006898353807628155e-03
1.006127102300524712e-03
1.005355501547455788e-03
1.004583551548421383e-03
1.003811368718743324e-03
1.003044075332581997e-03
1.002276549115777016e-03
1.001507160253822803e-03
1.000741496682167053e-03
9.999726898968219757e-04
9.992052800953388214e-04
9.984403150156140327e-04
9.976745350286364555e-04
9.969100356101989746e-04
9.961475152522325516e-04
9.953822009265422821e-04
9.946195641532540321e-04
9.938566945493221283e-04
9.930941741913557053e-04
9.923316538333892822e-04
9.915732080116868019e-04
9.908141801133751869e-04
9.900536388158798218e-04
9.892934467643499374e-04
9.885368635877966881e-04
9.877779521048069000e-04
9.870212525129318237e-04
9.862647857517004013e-04
9.855076204985380173e-04
9.847540641203522682e-04
9.839982958510518074e-04
9.832424111664295197e-04
9.824878070503473282e-04
9.817359969019889832e-04
9.809824405238032341e-04
9.802322601899504662e-04
9.794813813641667366e-04
9.787288727238774300e-04
9.779802057892084122e-04
9.772297926247119904e-04
9.764780406840145588e-04
9.757317020557820797e-04
9.749853052198886871e-04
9.742360562086105347e-04
9.734898922033607960e-04
9.727430297061800957e-04
9.719993104226887226e-04
9.712488390505313873e-04
9.705064585432410240e-04
9.697623900137841702e-04
9.690198348835110664e-04
9.682765812613070011e-04
9.675332694314420223e-04
9.667910635471343994e-04
9.660504292696714401e-04
9.653106681071221828e-04
9.645700338296592236e-04
9.638293995521962643e-04
9.630887652747333050e-04
9.623515652492642403e-04
9.616158786229789257e-04
9.608778636902570724e-04
9.601419442333281040e-04
9.594046277925372124e-04
9.586666710674762726e-04
9.579343022778630257e-04
9.571967530064284801e-04
9.564651409164071083e-04
9.557325392961502075e-04
9.549989481456577778e-04
9.542675106786191463e-04
9.535364806652069092e-04
9.528031223453581333e-04
9.520732564851641655e-04
9.513418772257864475e-04
9.506138158030807972e-04
9.498851140961050987e-04
9.491551900282502174e-04
9.484270121902227402e-04
9.476997074671089649e-04
9.469738579355180264e-04
9.462473681196570396e-04
9.455209365114569664e-04
9.447960765101015568e-04
9.440734283998608589e-04
9.433468221686780453e-04
9.426258038729429245e-04
9.419015259481966496e-04
9.411802748218178749e-04
9.404572192579507828e-04
9.397344547323882580e-04
9.390161139890551567e-04
9.382965508848428726e-04
9.375769877806305885e-04
9.368569590151309967e-04
9.361403062939643860e-04
9.354210342280566692e-04
9.347050217911601067e-04
9.339853422716259956e-04
9.332706686109304428e-04
9.325545397587120533e-04
9.318384691141545773e-04
9.311275207437574863e-04
9.304092964157462120e-04
9.296994539909064770e-04
9.289844310842454433e-04
9.282726678065955639e-04
9.275595075450837612e-04
9.268474532291293144e-04
9.261383092962205410e-04
9.254278847947716713e-04
9.247175185009837151e-04
9.240072104148566723e-04
9.232995798811316490e-04
9.225903195329010487e-04
9.218843770213425159e-04
9.211775613948702812e-04
9.204709203913807869e-04
9.197648614645004272e-04
9.190592099912464619e-04
9.183551301248371601e-04
9.176512830890715122e-04
9.169474942609667778e-04
9.162441710941493511e-04
9.155403822660446167e-04
9.148371173068881035e-04
9.141387417912483215e-04
9.134344290941953659e-04
9.127352386713027954e-04
9.120359318330883980e-04
9.113367996178567410e-04
9.106380166485905647e-04
9.099367307499051094e-04
9.092394611798226833e-04
9.085449855774641037e-04
9.078463190235197544e-04
9.071508538909256458e-04
9.064542828127741814e-04
9.057597490027546883e-04
9.050647495314478874e-04
9.043717873282730579e-04
9.036764968186616898e-04
9.029847569763660431e-04
9.022934827953577042e-04
9.016003459692001343e-04
9.009091299958527088e-04
9.002176811918616295e-04
8.995275129564106464e-04
8.988374611362814903e-04
8.981499704532325268e-04
8.974585216492414474e-04
8.967719622887670994e-04
8.960848208516836166e-04
8.953963406383991241e-04
8.947105961851775646e-04
8.940232219174504280e-04
8.933380595408380032e-04
8.926537702791392803e-04
8.919683168642222881e-04
8.912842604331672192e-04
8.906013099476695061e-04
8.899188251234591007e-04
8.892351179383695126e-04
8.885543793439865112e-04
8.878724765963852406e-04
8.871933096088469028e-04
8.865087293088436127e-04
8.858314249664545059e-04
8.851516176946461201e-04
8.844725089147686958e-04
8.837947971187531948e-04
8.831202285364270210e-04
8.824409451335668564e-04
8.817649795673787594e-04
8.810894796624779701e-04
8.804139797575771809e-04
8.797386544756591320e-04
8.790636202320456505e-04
8.783887024037539959e-04
8.777179173193871975e-04
8.770438143983483315e-04
8.763700025156140327e-04
8.757004979997873306e-04
8.750275592319667339e-04
8.743547368794679642e-04
8.736861054785549641e-04
8.730149129405617714e-04
8.723464561626315117e-04
8.716765441931784153e-04
8.710085530765354633e-04
8.703417261131107807e-04
8.696740260347723961e-04
8.690074901096522808e-04
8.683409541845321655e-04
8.676751749590039253e-04
8.670109673403203487e-04
8.663461194373667240e-04
8.656820282340049744e-04
8.650182862766087055e-04
8.643562905490398407e-04
8.636931306682527065e-04
8.630328229628503323e-04
8.623705944046378136e-04
8.617074345238506794e-04
8.610477671027183533e-04
8.603885653428733349e-04
8.597272681072354317e-04
8.590688812546432018e-04
8.584093884564936161e-04
8.577528060413897038e-04
8.570956997573375702e-04
8.564401068724691868e-04
8.557811379432678223e-04
8.551288046874105930e-04
8.544707088731229305e-04
8.538162219338119030e-04
8.531613857485353947e-04
8.525070734322071075e-04
8.518538670614361763e-04
8.512003114446997643e-04
8.505478617735207081e-04
8.498959941789507866e-04
8.492462802678346634e-04
8.485955186188220978e-04
8.479454554617404938e-04
8.472960907965898514e-04
8.466453291475772858e-04
8.459973032586276531e-04
8.453461341559886932e-04
8.447013096883893013e-04
8.440532837994396687e-04
8.434061892330646515e-04
8.427599095739424229e-04
8.421126985922455788e-04
8.414687472395598888e-04
8.408259018324315548e-04
8.401793311350047588e-04
8.395359036512672901e-04
8.388930582441389561e-04
8.382503292523324490e-04
8.376088226214051247e-04
8.369668503291904926e-04
8.363277302123606205e-04
8.356844773516058922e-04
8.350434363819658756e-04
8.344038506038486958e-04
8.337671170011162758e-04
8.331250865012407303e-04
8.324890513904392719e-04
8.318519685417413712e-04
8.312129066325724125e-04
8.305768715217709541e-04
8.299401379190385342e-04
8.293078280985355377e-04
8.286702795885503292e-04
8.280346519313752651e-04
8.274010033346712589e-04
8.267660159617662430e-04
8.261359762400388718e-04
8.254990098066627979e-04
8.248694939538836479e-04
8.242378826253116131e-04
8.236059802584350109e-04
8.229753002524375916e-04
8.223439217545092106e-04
8.217169670388102531e-04
8.210851228795945644e-04
8.204564219340682030e-04
8.198302821256220341e-04
8.192018140107393265e-04
8.185741025954484940e-04
8.179467986337840557e-04
8.173196692951023579e-04
8.166952175088226795e-04
8.160673896782100201e-04
8.154435781762003899e-04
8.148218621499836445e-04
8.141973521560430527e-04
8.135734242387115955e-04
8.129507186822593212e-04
8.123280131258070469e-04
8.117065881378948689e-04
8.110842318274080753e-04
8.104644366540014744e-04
8.098439429886639118e-04
8.092242642305791378e-04
8.086053421720862389e-04
8.079858962446451187e-04
8.073676144704222679e-04
8.067474700510501862e-04
8.061317494139075279e-04
8.055132930167019367e-04
8.048983872868120670e-04
8.042828994803130627e-04
8.036667131818830967e-04
8.030501194298267365e-04
8.024368435144424438e-04
8.018229855224490166e-04
8.012095349840819836e-04
8.005988202057778835e-04
7.999842637218534946e-04
7.993736653588712215e-04
7.987587014213204384e-04
7.981488015502691269e-04
7.975359330885112286e-04
7.969252765178680420e-04
7.963174139149487019e-04
7.957082125358283520e-04
7.950996514409780502e-04
7.944909157231450081e-04
7.938848575577139854e-04
7.932770531624555588e-04
7.926706457510590553e-04
7.920628413558006287e-04
7.914559682831168175e-04
7.908528205007314682e-04
7.902471115812659264e-04
7.896438473835587502e-04
7.890390697866678238e-04
7.884351070970296860e-04
7.878322503529489040e-04
7.872294518165290356e-04
7.866289815865457058e-04
7.860279292799532413e-04
7.854249561205506325e-04
7.848250679671764374e-04
7.842239574529230595e-04
7.836246513761579990e-04
7.830251124687492847e-04
7.824287167750298977e-04
7.818285957910120487e-04
7.812317926436662674e-04
7.806339417584240437e-04
7.800376042723655701e-04
7.794417906552553177e-04
7.788437651470303535e-04
7.782502216286957264e-04
7.776553393341600895e-04
7.770618540234863758e-04
7.764660986140370369e-04
7.758732535876333714e-04
7.752806413918733597e-04
7.746871560811996460e-04
7.740938453935086727e-04
7.735045510344207287e-04
7.729136850684881210e-04
7.723215967416763306e-04
7.717331754975020885e-04
7.711435318924486637e-04
7.705526077188551426e-04
7.699643610976636410e-04
7.693780935369431973e-04
7.687881588935852051e-04
7.682011346332728863e-04
7.676139357499778271e-04
7.670288905501365662e-04
7.664417498745024204e-04
7.658554823137819767e-04
7.652710191905498505e-04
7.646857993677258492e-04
7.641043630428612232e-04
7.635199581272900105e-04
7.629369501955807209e-04
7.623540586791932583e-04
7.617704686708748341e-04
7.611885084770619869e-04
7.606074213981628418e-04
7.600259850732982159e-04
7.594480994157493114e-04
7.588670123368501663e-04
7.582879625260829926e-04
7.577098440378904343e-04
7.571291062049567699e-04
7.565527339465916157e-04
7.559742662124335766e-04
7.553978939540684223e-04
7.548209978267550468e-04
7.542463717982172966e-04
7.536691846325993538e-04
7.530949078500270844e-04
7.525188848376274109e-04
7.519462960772216320e-04
7.513706223107874393e-04
7.507965783588588238e-04
7.502241060137748718e-04
7.496497128158807755e-04
7.490798016078770161e-04
7.485077367164194584e-04
7.479379419237375259e-04
7.473672740161418915e-04
7.467980030924081802e-04
7.462261128239333630e-04
7.456571329385042191e-04
7.450872799381613731e-04
7.445221999660134315e-04
7.439516484737396240e-04
7.433849968947470188e-04
7.428178796544671059e-04
7.422491908073425293e-04
7.416851003654301167e-04
7.411197293549776077e-04
7.405543001368641853e-04
7.399895694106817245e-04
7.394251879304647446e-04
7.388607482425868511e-04
7.382968906313180923e-04
7.377357687801122665e-04
7.371722604148089886e-04
7.366106146946549416e-04
7.360478048212826252e-04
7.354883127845823765e-04
7.349257939495146275e-04
7.343655452132225037e-04
7.338072173297405243e-04
7.332471432164311409e-04
7.326898630708456039e-04
7.321299053728580475e-04
7.315726252272725105e-04
7.310138316825032234e-04
7.304578321054577827e-04
7.299011922441422939e-04
7.293450762517750263e-04
7.287887274287641048e-04
7.282349397428333759e-04
7.276795804500579834e-04
7.271267822943627834e-04
7.265719468705356121e-04
7.260161219164729118e-04
7.254646625369787216e-04
7.249116897583007812e-04
7.243601139634847641e-04
7.238083635456860065e-04
7.232570205815136433e-04
7.227058522403240204e-04
7.221557316370308399e-04
7.216057274490594864e-04
7.210571202449500561e-04
7.205083966255187988e-04
7.199582178145647049e-04
7.194115314632654190e-04
7.188630406744778156e-04
7.183145498856902122e-04
7.177682127803564072e-04
7.172218174673616886e-04
7.166763534769415855e-04
7.161308894865214825e-04
7.155852508731186390e-04
7.150405435822904110e-04
7.144973496906459332e-04
7.139534573070704937e-04
7.134084589779376984e-04
7.128674187697470188e-04
7.123229443095624447e-04
7.117824861779808998e-04
7.112415623851120472e-04
7.107002893462777138e-04
7.101604714989662170e-04
7.096198969520628452e-04
7.090806029736995697e-04
7.085390971042215824e-04
7.080020732246339321e-04
7.074643508531153202e-04
7.069253479130566120e-04
7.063878583721816540e-04
7.058509509079158306e-04
7.053134031593799591e-04
7.047774852253496647e-04
7.042408687993884087e-04
7.037084433250129223e-04
7.031707791611552238e-04
7.026371895335614681e-04
7.021022611297667027e-04
7.015692535787820816e-04
7.010356057435274124e-04
7.005037041381001472e-04
6.999695324338972569e-04
6.994397845119237900e-04
6.989073008298873901e-04
6.983753992244601250e-04
6.978456513024866581e-04
6.973160780034959316e-04
6.967860390432178974e-04
6.962568149901926517e-04
6.957282312214374542e-04
6.951967952772974968e-04
6.946687935851514339e-04
6.941434694454073906e-04
6.936147692613303661e-04
6.930883973836898804e-04
6.925634224899113178e-04
6.920367595739662647e-04
6.915131234563887119e-04
6.909858784638345242e-04
6.904610199853777885e-04
6.899370928294956684e-04
6.894130492582917213e-04
6.888911011628806591e-04
6.883661262691020966e-04
6.878455751575529575e-04
6.873218226246535778e-04
6.868012715131044388e-04
6.862792652100324631e-04
6.857583648525178432e-04
6.852379883639514446e-04
6.847201148048043251e-04
6.841989234089851379e-04
6.836794782429933548e-04
6.831605569459497929e-04
6.826427415944635868e-04
6.821251008659601212e-04
6.816074601374566555e-04
6.810910417698323727e-04
6.805734592489898205e-04
6.800572737120091915e-04
6.795416120439767838e-04
6.790276966057717800e-04
6.785106961615383625e-04
6.779988761991262436e-04
6.774838548153638840e-04
6.769699975848197937e-04
6.764563731849193573e-04
6.759429234080016613e-04
6.754320929758250713e-04
6.749191670678555965e-04
6.744058919139206409e-04
6.738955271430313587e-04
6.733857444487512112e-04
6.728750304318964481e-04
6.723660044372081757e-04
6.718551740050315857e-04
6.713466136716306210e-04
6.708388682454824448e-04
6.703299586661159992e-04
6.698206416331231594e-04
6.693147006444633007e-04
6.688089924864470959e-04
6.683011306449770927e-04
6.677955389022827148e-04
6.672900053672492504e-04
6.667849374935030937e-04
6.662799278274178505e-04
6.657743360847234726e-04
6.652700831182301044e-04
6.647671689279377460e-04
6.642624503001570702e-04
6.637608166784048080e-04
6.632576114498078823e-04
6.627570837736129761e-04
6.622539949603378773e-04
6.617542239837348461e-04
6.612537545152008533e-04
6.607536925002932549e-04
6.602521752938628197e-04
6.597531028091907501e-04
6.592530407942831516e-04
6.587551324628293514e-04
6.582568166777491570e-04
6.577569874934852123e-04
6.572616985067725182e-04
6.567652453668415546e-04
6.562668131664395332e-04
6.557713495567440987e-04
6.552747800014913082e-04
6.547788507305085659e-04
6.542849587276577950e-04
6.537897279486060143e-04
6.532960687763988972e-04
6.528013036586344242e-04
6.523073534481227398e-04
6.518152658827602863e-04
6.513230036944150925e-04
6.508301012217998505e-04
6.503377226181328297e-04
6.498467409983277321e-04
6.493564578704535961e-04
6.488660583272576332e-04
6.483749020844697952e-04
6.478842697106301785e-04
6.473959656432271004e-04
6.469066138379275799e-04
6.464172620326280594e-04
6.459298310801386833e-04
6.454424001276493073e-04
6.449536886066198349e-04
6.444672471843659878e-04
6.439814460463821888e-04
6.434941897168755531e-04
6.430088542401790619e-04
6.425227038562297821e-04
6.420394638553261757e-04
6.415522657334804535e-04
6.410699570551514626e-04
6.405856111086905003e-04
6.401023129001259804e-04
6.396181415766477585e-04
6.391358328983187675e-04
6.386524764820933342e-04
6.381715647876262665e-04
6.376920500770211220e-04
6.372107309289276600e-04
6.367270834743976593e-04
6.362471031025052071e-04
6.357687525451183319e-04
6.352889467962086201e-04
6.348104798234999180e-04
6.343311979435384274e-04
6.338517414405941963e-04
6.333731580525636673e-04
6.328984163701534271e-04
6.324205314740538597e-04
6.319442181847989559e-04
6.314672064036130905e-04
6.309919990599155426e-04
6.305165006779134274e-04
6.300404202193021774e-04
6.295656203292310238e-04
6.290921010076999664e-04
6.286170682869851589e-04
6.281429668888449669e-04
6.276709609664976597e-04
6.271980819292366505e-04
6.267240387387573719e-04
6.262526731006801128e-04
6.257802015170454979e-04
6.253087776713073254e-04
6.248386343941092491e-04
6.243677344173192978e-04
6.238979403860867023e-04
6.234275060705840588e-04
6.229577702470123768e-04
6.224878598004579544e-04
6.220219656825065613e-04
6.215538596734404564e-04
6.210866849869489670e-04
6.206189864315092564e-04
6.201514624990522861e-04
6.196839385665953159e-04
6.192178116180002689e-04
6.187527324073016644e-04
6.182866054587066174e-04
6.178218754939734936e-04
6.173562142066657543e-04
6.168918334878981113e-04
6.164296646602451801e-04
6.159649346955120564e-04
6.154999719001352787e-04
6.150372209958732128e-04
6.145784864202141762e-04
6.141124176792800426e-04
6.136529264040291309e-04
6.131899426691234112e-04
6.127302767708897591e-04
6.122692138887941837e-04
6.118074525147676468e-04
6.113476119935512543e-04
6.108876550570130348e-04
6.104314816184341908e-04
6.099704187363386154e-04
6.095122080296278000e-04
6.090549868531525135e-04
6.085967761464416981e-04
6.081408355385065079e-04
6.076839054003357887e-04
6.072275573387742043e-04
6.067705689929425716e-04
6.063166656531393528e-04
6.058603175915777683e-04
6.054036784917116165e-04
6.049507646821439266e-04
6.044944166205823421e-04
6.040422013029456139e-04
6.035891128703951836e-04
6.031346856616437435e-04
6.026825867593288422e-04
6.022279267199337482e-04
6.017784471623599529e-04
6.013255333527922630e-04
6.008750642649829388e-04
6.004231981933116913e-04
5.999736604280769825e-04
5.995236570015549660e-04
5.990736535750329494e-04
5.986245814710855484e-04
5.981751601211726665e-04
5.977269029244780540e-04
5.972789949737489223e-04
5.968306213617324829e-04
5.963825387880206108e-04
5.959350964985787868e-04
5.954890511929988861e-04
5.950433551333844662e-04
5.945973098278045654e-04
5.941513227298855782e-04
5.937049863860011101e-04
5.932602798566222191e-04
5.928166210651397705e-04
5.923704011365771294e-04
5.919278482906520367e-04
5.914815701544284821e-04
5.910416948609054089e-04
5.905986763536930084e-04
5.901546101085841656e-04
5.897142691537737846e-04
5.892702611163258553e-04
5.888305604457855225e-04
5.883885314688086510e-04
5.879484233446419239e-04
5.875087226741015911e-04
5.870672757737338543e-04
5.866290885023772717e-04
5.861899117007851601e-04
5.857510259374976158e-04
5.853127804584801197e-04
5.848743021488189697e-04
5.844371044076979160e-04
5.839990917593240738e-04
5.835621268488466740e-04
5.831260932609438896e-04
5.826903507113456726e-04
5.822514067403972149e-04
5.818185745738446712e-04
5.813827738165855408e-04
5.809472058899700642e-04
5.805138498544692993e-04
5.800782819278538227e-04
5.796471377834677696e-04
5.792108131572604179e-04
5.787786794826388359e-04
5.783459637314081192e-04
5.779138300567865372e-04
5.774808232672512531e-04
5.770482821390032768e-04
5.766189424321055412e-04
5.761870415881276131e-04
5.757554317824542522e-04
5.753241130150854588e-04
5.748955882154405117e-04
5.744660156778991222e-04
5.740364431403577328e-04
5.736087914556264877e-04
5.731785786338150501e-04
5.727511597797274590e-04
5.723228678107261658e-04
5.718973698094487190e-04
5.714700673706829548e-04
5.710435798391699791e-04
5.706158117391169071e-04
5.701909540221095085e-04
5.697653396055102348e-04
5.693387938663363457e-04
5.689132376573979855e-04
5.684890784323215485e-04
5.680638132616877556e-04
5.676407599821686745e-04
5.672170664183795452e-04
5.667937803082168102e-04
5.663693300448358059e-04
5.659487214870750904e-04
5.655247368849813938e-04
5.651030805893242359e-04
5.646831705234944820e-04
5.642603500746190548e-04
5.638395668938755989e-04
5.634195404127240181e-04
5.630000960081815720e-04
5.625801277346909046e-04
5.621583550237119198e-04
5.617392016574740410e-04
5.613205721601843834e-04
5.609035724774003029e-04
5.604842444881796837e-04
5.600670119747519493e-04
5.596503615379333496e-04
5.592319648712873459e-04
5.588142666965723038e-04
5.583998863585293293e-04
5.579827120527625084e-04
5.575668183155357838e-04
5.571524379774928093e-04
5.567365442402660847e-04
5.563201848417520523e-04
5.559080746024847031e-04
5.554936360567808151e-04
5.550778587348759174e-04
5.546668544411659241e-04
5.542537546716630459e-04
5.538412369787693024e-04
5.534291849471628666e-04
5.530173075385391712e-04
5.526042659766972065e-04
5.521930870600044727e-04
5.517841200344264507e-04
5.513711366802453995e-04
5.509615875780582428e-04
5.505495355464518070e-04
5.501408595591783524e-04
5.497330566868185997e-04
5.493229255080223083e-04
5.489127943292260170e-04
5.485048168338835239e-04
5.480977706611156464e-04
5.476889200508594513e-04
5.472823977470397949e-04
5.468757008202373981e-04
5.464693531394004822e-04
5.460623069666326046e-04
5.456547951325774193e-04
5.452511832118034363e-04
5.448452429845929146e-04
5.444394191727042198e-04
5.440355744212865829e-04
5.436317296698689461e-04
5.432264879345893860e-04
5.428218282759189606e-04
5.424192058853805065e-04
5.420165252871811390e-04
5.416140775196254253e-04
5.412105820141732693e-04
5.408088909462094307e-04
5.404066760092973709e-04
5.400056252256035805e-04
5.396043998189270496e-04
5.392035236582159996e-04
5.388042191043496132e-04
5.384008982218801975e-04
5.380014772526919842e-04
5.376028711907565594e-04
5.372039158828556538e-04
5.368058918975293636e-04
5.364060634747147560e-04
5.360086215659976006e-04
5.356092588044703007e-04
5.352133302949368954e-04
5.348155973479151726e-04
5.344181554391980171e-04
5.340218776836991310e-04
5.336249596439301968e-04
5.332290893420577049e-04
5.328332772478461266e-04
5.324388039298355579e-04
5.320440395735204220e-04
5.316485767252743244e-04
5.312555003911256790e-04
5.308610270731151104e-04
5.304659134708344936e-04
5.300748161971569061e-04
5.296808667480945587e-04
5.292877904139459133e-04
5.288959364406764507e-04
5.285037332214415073e-04
5.281105986796319485e-04
5.277176387608051300e-04
5.273278220556676388e-04
5.269373068585991859e-04
5.265478393994271755e-04
5.261554033495485783e-04
5.257650045678019524e-04
5.253762938082218170e-04
5.249875830486416817e-04
5.245976499281823635e-04
5.242087063379585743e-04
5.238209851086139679e-04
5.234334967099130154e-04
5.230450187809765339e-04
5.226577050052583218e-04
5.222712643444538116e-04
5.218837177380919456e-04
5.214978591538965702e-04
5.211107200011610985e-04
5.207244539633393288e-04
5.203397013247013092e-04
5.199532024562358856e-04
5.195685080252587795e-04
5.191836389712989330e-04
5.187994684092700481e-04
5.184167530387639999e-04
5.180328153073787689e-04
5.176490521989762783e-04
5.172666860744357109e-04
5.168833304196596146e-04
5.165007896721363068e-04
5.161188892088830471e-04
5.157375126145780087e-04
5.153538659214973450e-04
5.149721400812268257e-04
5.145923933014273643e-04
5.142107838764786720e-04
5.138316773809492588e-04
5.134523962624371052e-04
5.130724748596549034e-04
5.126917967572808266e-04
5.123131559230387211e-04
5.119349807500839233e-04
5.115552921779453754e-04
5.111779901199042797e-04
5.107995239086449146e-04
5.104216397739946842e-04
5.100437556393444538e-04
5.096671520732343197e-04
5.092918290756642818e-04
5.089136539027094841e-04
5.085378070361912251e-04
5.081637063995003700e-04
5.077862297184765339e-04
5.074128857813775539e-04
5.070383194833993912e-04
5.066616577096283436e-04
5.062890122644603252e-04
5.059142713434994221e-04
5.055404617451131344e-04
5.051681073382496834e-04
5.047935992479324341e-04
5.044200806878507137e-04
5.040488322265446186e-04
5.036755464971065521e-04
5.033037741668522358e-04
5.029333988204598427e-04
5.025611026212573051e-04
5.021907272748649120e-04
5.018201190978288651e-04
5.014489870518445969e-04
5.010802997276186943e-04
5.007087020203471184e-04
5.003413534723222256e-04
4.999717348255217075e-04
4.996014176867902279e-04
4.992320318706333637e-04
4.988638102076947689e-04
4.984967526979744434e-04
4.981282399967312813e-04
4.977609496563673019e-04
4.973910981789231300e-04
4.970268346369266510e-04
4.966603009961545467e-04
4.962941166013479233e-04
4.959271172992885113e-04
4.955618642270565033e-04
4.951965529471635818e-04
4.948296118527650833e-04
4.944651154801249504e-04
4.941018996760249138e-04
4.937371704727411270e-04
4.933733725920319557e-04
4.930095747113227844e-04
4.926462424919009209e-04
4.922826192341744900e-04
4.919199272990226746e-04
4.915566532872617245e-04
4.911937285214662552e-04
4.908331320621073246e-04
4.904723609797656536e-04
4.901093780063092709e-04
4.897493636235594749e-04
4.893871955573558807e-04
4.890277632512152195e-04
4.886665847152471542e-04
4.883064539171755314e-04
4.879480693489313126e-04
4.875871236436069012e-04
4.872282443102449179e-04
4.868687829002737999e-04
4.865108348894864321e-04
4.861523630097508430e-04
4.857947351410984993e-04
4.854369908571243286e-04
4.850788391195237637e-04
4.847217351198196411e-04
4.843637871090322733e-04
4.840102337766438723e-04
4.836507432628422976e-04
4.832961421925574541e-04
4.829399695154279470e-04
4.825855430681258440e-04
4.822294577024877071e-04
4.818750312551856041e-04
4.815197607968002558e-04
4.811668186448514462e-04
4.808110243175178766e-04
4.804571508429944515e-04
4.801032773684710264e-04
4.797501023858785629e-04
4.793969565071165562e-04
4.790445091202855110e-04
4.786940116900950670e-04
4.783415060956031084e-04
4.779881273861974478e-04
4.776364658027887344e-04
4.772846878040581942e-04
4.769357910845428705e-04
4.765847115777432919e-04
4.762336029671132565e-04
4.758845898322761059e-04
4.755342961288988590e-04
4.751831293106079102e-04
4.748332139570266008e-04
4.744848120026290417e-04
4.741359734907746315e-04
4.737875424325466156e-04
4.734402464237064123e-04
4.730908549390733242e-04
4.727440827991813421e-04
4.723958845715969801e-04
4.720483557321131229e-04
4.717016126960515976e-04
4.713544039987027645e-04
4.710083303507417440e-04
4.706619074568152428e-04
4.703174054156988859e-04
4.699705459643155336e-04
4.696243850048631430e-04
4.692804941441863775e-04
4.689349152613431215e-04
4.685917519964277744e-04
4.682465223595499992e-04
4.679025732912123203e-04
4.675596428569406271e-04
4.672155191656202078e-04
4.668725887313485146e-04
4.665288724936544895e-04
4.661869024857878685e-04
4.658426914829760790e-04
4.655031661968678236e-04
4.651594499591737986e-04
4.648184985853731632e-04
4.644767614081501961e-04
4.641357518266886473e-04
4.637935780920088291e-04
4.634551296476274729e-04
4.631165065802633762e-04
4.627738671842962503e-04
4.624341090675443411e-04
4.620951658580452204e-04
4.617556114681065083e-04
4.614168137777596712e-04
4.610775795299559832e-04
4.607403534464538097e-04
4.604012065101414919e-04
4.600637475959956646e-04
4.597254446707665920e-04
4.593890043906867504e-04
4.590529133565723896e-04
4.587146686390042305e-04
4.583771515171974897e-04
4.580401873681694269e-04
4.577054642140865326e-04
4.573698097374290228e-04
4.570349992718547583e-04
4.566983843687921762e-04
4.563645343296229839e-04
4.560292582027614117e-04
4.556946514640003443e-04
4.553602775558829308e-04
4.550263693090528250e-04
4.546919371932744980e-04
4.543595423456281424e-04
4.540241789072751999e-04
4.536923370324075222e-04
4.533584869932383299e-04
4.530271689873188734e-04
4.526931152213364840e-04
4.523620591498911381e-04
4.520309739746153355e-04
4.517007328104227781e-04
4.513682506512850523e-04
4.510357975959777832e-04
4.507073899731040001e-04
4.503770614974200726e-04
4.500455979723483324e-04
4.497158806771039963e-04
4.493858141358941793e-04
4.490558640100061893e-04
4.487273108679801226e-04
4.483982338570058346e-04
4.480708448681980371e-04
4.477411566767841578e-04
4.474120796658098698e-04
4.470847779884934425e-04
4.467578546609729528e-04
4.464292433112859726e-04
4.461031639948487282e-04
4.457769391592592001e-04
4.454494919627904892e-04
4.451218992471694946e-04
4.447966348379850388e-04
4.444700316525995731e-04
4.441449127625674009e-04
4.438192117959260941e-04
4.434955480974167585e-04
4.431687993928790092e-04
4.428446700330823660e-04
4.425206861924380064e-04
4.421960620675235987e-04
4.418718162924051285e-04
4.415505682118237019e-04
4.412252455949783325e-04
4.409036773722618818e-04
4.405786748975515366e-04
4.402556223794817924e-04
4.399332101456820965e-04
4.396107979118824005e-04
4.392893170006573200e-04
4.389671084936708212e-04
4.386470245663076639e-04
4.383258637972176075e-04
4.380053433123975992e-04
4.376829601824283600e-04
4.373635456431657076e-04
4.370428796391934156e-04
4.367217188701033592e-04
4.364027699921280146e-04
4.360830935183912516e-04
4.357637662906199694e-04
4.354437405709177256e-04
4.351261886768043041e-04
4.348073271103203297e-04
4.344879125710576773e-04
4.341713502071797848e-04
4.338524304330348969e-04
4.335356934461742640e-04
4.332171520218253136e-04
4.329026851337403059e-04
4.325829213485121727e-04
4.322663589846342802e-04
4.319513682276010513e-04
4.316346894484013319e-04
4.313187091611325741e-04
4.310043877921998501e-04
4.306877963244915009e-04
4.303724854253232479e-04
4.300568834878504276e-04
4.297414852771908045e-04
4.294285317882895470e-04
4.291132208891212940e-04
4.287992196623235941e-04
4.284868482500314713e-04
4.281734290998429060e-04
4.278594278730452061e-04
4.275450482964515686e-04
4.272312507964670658e-04
4.269194032531231642e-04
4.266072355676442385e-04
4.262945731170475483e-04
4.259828419890254736e-04
4.256713727954775095e-04
4.253591760061681271e-04
4.250500351190567017e-04
4.247392353136092424e-04
4.244272422511130571e-04
4.241164133418351412e-04
4.238060209900140762e-04
4.234960651956498623e-04
4.231858474668115377e-04
4.228753386996686459e-04
4.225669836159795523e-04
4.222583374939858913e-04
4.219478869345039129e-04
4.216411325614899397e-04
4.213308857288211584e-04
4.210236947983503342e-04
4.207163874525576830e-04
4.204090218991041183e-04
4.201002302579581738e-04
4.197941452730447054e-04
4.194865759927779436e-04
4.191785410512238741e-04
4.188721359241753817e-04
4.185662255622446537e-04
4.182602860964834690e-04
4.179533862043172121e-04
4.176489310339093208e-04
4.173428751528263092e-04
4.170377505943179131e-04
4.167337610851973295e-04
4.164282872807234526e-04
4.161232500337064266e-04
4.158180381637066603e-04
4.155152419116348028e-04
4.152116307523101568e-04
4.149072046857327223e-04
4.146041756030172110e-04
4.142998659517616034e-04
4.139984666835516691e-04
4.136948264203965664e-04
4.133913316763937473e-04
4.130892339162528515e-04
4.127871943637728691e-04
4.124853585381060839e-04
4.121840465813875198e-04
4.118825600016862154e-04
4.115825868211686611e-04
4.112800816074013710e-04
4.109805449843406677e-04
4.106786218471825123e-04
4.103780083823949099e-04
4.100802761968225241e-04
4.097784985788166523e-04
4.094784089829772711e-04
4.091808223165571690e-04
4.088793648406863213e-04
4.085810796823352575e-04
4.082816885784268379e-04
4.079846548847854137e-04
4.076854384038597345e-04
4.073880554642528296e-04
4.070905270054936409e-04
4.067918634973466396e-04
4.064927052240818739e-04
4.061978252138942480e-04
4.059009079355746508e-04
4.056032048538327217e-04
4.053091397508978844e-04
4.050102434121072292e-04
4.047142574563622475e-04
4.044185043312609196e-04
4.041224892716854811e-04
4.038276674691587687e-04
4.035317688249051571e-04
4.032370343338698149e-04
4.029429401271045208e-04
4.026471578981727362e-04
4.023530054837465286e-04
4.020589985884726048e-04
4.017654282506555319e-04
4.014706064481288195e-04
4.011763667222112417e-04
4.008835239801555872e-04
4.005915834568440914e-04
4.002967325504869223e-04
4.000040062237530947e-04
3.997135208919644356e-04
3.994210564997047186e-04
3.991281555499881506e-04
3.988369135186076164e-04
3.985446819569915533e-04
3.982535854447633028e-04
3.979631292168051004e-04
3.976707521360367537e-04
3.973816055804491043e-04
3.970907127950340509e-04
3.967996744904667139e-04
3.965105570387095213e-04
3.962176851928234100e-04
3.959297318942844868e-04
3.956402651965618134e-04
3.953509440179914236e-04
3.950616228394210339e-04
3.947731165681034327e-04
3.944852505810558796e-04
3.941955219488590956e-04
3.939072776120156050e-04
3.936186840292066336e-04
3.933323896490037441e-04
3.930439124815165997e-04
3.927568031940609217e-04
3.924697230104357004e-04
3.921820898540318012e-04
3.918939328286796808e-04
3.916082496289163828e-04
3.913214895874261856e-04
3.910358936991542578e-04
3.907497739419341087e-04
3.904642944689840078e-04
3.901781456079334021e-04
3.898937429767102003e-04
3.896075359079986811e-04
3.893226967193186283e-04
3.890380903612822294e-04
3.887537750415503979e-04
3.884712932631373405e-04
3.881846496369689703e-04
3.879003343172371387e-04
3.876172995660454035e-04
3.873350506182760000e-04
3.870519867632538080e-04
3.867681371048092842e-04
3.864848404191434383e-04
3.862025623675435781e-04
3.859194403048604727e-04
3.856372786685824394e-04
3.853543603327125311e-04
3.850725188385695219e-04
3.847916377708315849e-04
3.845113678835332394e-04
3.842291480395942926e-04
3.839482960756868124e-04
3.836663381662219763e-04
3.833869122900068760e-04
3.831055364571511745e-04
3.828252374660223722e-04
3.825449966825544834e-04
3.822652506642043591e-04
3.819866979029029608e-04
3.817068354692310095e-04
3.814268857240676880e-04
3.811479837168008089e-04
3.808683832176029682e-04
3.805897431448101997e-04
3.803129366133362055e-04
3.800331614911556244e-04
3.797556564677506685e-04
3.794774820562452078e-04
3.792005591094493866e-04
3.789225011132657528e-04
3.786451998166739941e-04
3.783679567277431488e-04
3.780915576498955488e-04
3.778151876758784056e-04
3.775392251554876566e-04
3.772626223508268595e-04
3.769853792618960142e-04
3.767095040529966354e-04
3.764340362977236509e-04
3.761582484003156424e-04
3.758844104595482349e-04
3.756082733161747456e-04
3.753344353754073381e-04
3.750590840354561806e-04
3.747857699636369944e-04
3.745108260773122311e-04
3.742368717212229967e-04
3.739617532119154930e-04
3.736880025826394558e-04
3.734162310138344765e-04
3.731418401002883911e-04
3.728676820173859596e-04
3.725957940332591534e-04
3.723229747265577316e-04
3.720508539117872715e-04
3.717774525284767151e-04
3.715053608175367117e-04
3.712326288223266602e-04
3.709616721607744694e-04
3.706897259689867496e-04
3.704177506733685732e-04
3.701460664160549641e-04
3.698761283885687590e-04
3.696053463499993086e-04
3.693334292620420456e-04
3.690641606226563454e-04
3.687938733492046595e-04
3.685223346110433340e-04
3.682538517750799656e-04
3.679844958242028952e-04
3.677146160043776035e-04
3.674457839224487543e-04
3.671770682558417320e-04
3.669073339551687241e-04
3.666389384306967258e-04
3.663704846985638142e-04
3.661016817204654217e-04
3.658333152998238802e-04
3.655659093055874109e-04
3.652973973657935858e-04
3.650301077868789434e-04
3.647628473117947578e-04
3.644955868367105722e-04
3.642282390501350164e-04
3.639610367827117443e-04
3.636944165918976068e-04
3.634278546087443829e-04
3.631628351286053658e-04
3.628955164458602667e-04
3.626299730967730284e-04
3.623632364906370640e-04
3.620979841798543930e-04
3.618318878579884768e-04
3.615679452195763588e-04
3.613023145589977503e-04
3.610384883359074593e-04
3.607737016864120960e-04
3.605088859330862761e-04
3.602448559831827879e-04
3.599805058911442757e-04
3.597178729251027107e-04
3.594540467020124197e-04
3.591896675061434507e-04
3.589275875128805637e-04
3.586628881748765707e-04
3.584003425203263760e-04
3.581376222427934408e-04
3.578749892767518759e-04
3.576130839064717293e-04
3.573511203285306692e-04
3.570891567505896091e-04
3.568273386918008327e-04
3.565649385564029217e-04
3.563049831427633762e-04
3.560414188541471958e-04
3.557826275937259197e-04
3.555197035893797874e-04
3.552594862412661314e-04
3.549988614395260811e-04
3.547378291841596365e-04
3.544789797160774469e-04
3.542190243024379015e-04
3.539577301125973463e-04
3.536986769177019596e-04
3.534398565534502268e-04
3.531817346811294556e-04
3.529209643602371216e-04
3.526619111653417349e-04
3.524025960359722376e-04
3.521458711475133896e-04
3.518853627610951662e-04
3.516275028232485056e-04
3.513701958581805229e-04
3.511105314828455448e-04
3.508536319714039564e-04
3.505971108097583055e-04
3.503393963910639286e-04
3.500829334370791912e-04
3.498252481222152710e-04
3.495677665341645479e-04
3.493117110338062048e-04
3.490557719487696886e-04
3.487992798909544945e-04
3.485452907625585794e-04
3.482871688902378082e-04
3.480313171166926622e-04
3.477756399661302567e-04
3.475208650343120098e-04
3.472644602879881859e-04
3.470110823400318623e-04
3.467560163699090481e-04
3.465020563453435898e-04
3.462473687250167131e-04
3.459925937931984663e-04
3.457373240962624550e-04
3.454847319517284632e-04
3.452307137195020914e-04
3.449765208642929792e-04
3.447230556048452854e-04
3.444706089794635773e-04
3.442179877310991287e-04
3.439655411057174206e-04
3.437122795730829239e-04
3.434587270021438599e-04
3.432077355682849884e-04
3.429546195548027754e-04
3.427031915634870529e-04
3.424522001296281815e-04
3.421994624659419060e-04
3.419486747588962317e-04
3.416964609641581774e-04
3.414450038690119982e-04
3.411939251236617565e-04
3.409426426514983177e-04
3.406916803214699030e-04
3.404423187021166086e-04
3.401932772248983383e-04
3.399428387638181448e-04
3.396921965759247541e-04
3.394417872186750174e-04
3.391928912606090307e-04
3.389434132259339094e-04
3.386942553333938122e-04
3.384453884791582823e-04
3.381948627065867186e-04
3.379468980710953474e-04
3.376994282007217407e-04
3.374507068656384945e-04
3.372023347765207291e-04
3.369528276380151510e-04
3.367072204127907753e-04
3.364583826623857021e-04
3.362105926498770714e-04
3.359628317411988974e-04
3.357150126248598099e-04
3.354685031808912754e-04
3.352221974637359381e-04
3.349760081619024277e-04
3.347287711221724749e-04
3.344827273394912481e-04
3.342368581797927618e-04
3.339905815664678812e-04
3.337451198603957891e-04
3.334993671160191298e-04
3.332537889946252108e-04
3.330082108732312918e-04
3.327642916701734066e-04
3.325166180729866028e-04
3.322741831652820110e-04
3.320291871204972267e-04
3.317832597531378269e-04
3.315399226266890764e-04
3.312960616312921047e-04
3.310525207780301571e-04
3.308064478915184736e-04
3.305644786451011896e-04
3.303198900539427996e-04
3.300781827419996262e-04
3.298334195278584957e-04
3.295920032542198896e-04
3.293482877779752016e-04
3.291061730124056339e-04
3.288635925855487585e-04
3.286208957433700562e-04
3.283788100816309452e-04
3.281370445620268583e-04
3.278958029113709927e-04
3.276534553151577711e-04
3.274117771070450544e-04
3.271716705057770014e-04
3.269292938057333231e-04
3.266892163082957268e-04
3.264474507886916399e-04
3.262063255533576012e-04
3.259663644712418318e-04
3.257261705584824085e-04
3.254857147112488747e-04
3.252454916946589947e-04
3.250063164159655571e-04
3.247672575525939465e-04
3.245266561862081289e-04
3.242878592573106289e-04
3.240476071368902922e-04
3.238093340769410133e-04
3.235710319131612778e-04
3.233311581425368786e-04
3.230921283829957247e-04
3.228539135307073593e-04
3.226165135856717825e-04
3.223782405257225037e-04
3.221401420887559652e-04
3.219039354007691145e-04
3.216657787561416626e-04
3.214279422536492348e-04
3.211906005162745714e-04
3.209539281670004129e-04
3.207160043530166149e-04
3.204802342224866152e-04
3.202446387149393559e-04
3.200073551852256060e-04
3.197696059942245483e-04
3.195341269019991159e-04
3.192980366293340921e-04
3.190641291439533234e-04
3.188268747180700302e-04
3.185911045875400305e-04
3.183564404025673866e-04
3.181218344252556562e-04
3.178859478794038296e-04
3.176519530825316906e-04
3.174162411596626043e-04
3.171821299474686384e-04
3.169476985931396484e-04
3.167132381349802017e-04
3.164795634802430868e-04
3.162454813718795776e-04
3.160117194056510925e-04
3.157791215926408768e-04
3.155460290145128965e-04
3.153121215291321278e-04
3.150796983391046524e-04
3.148461983073502779e-04
3.146136587020009756e-04
3.143803041893988848e-04
3.141476190648972988e-04
3.139163891319185495e-04
3.136837331112474203e-04
3.134527651127427816e-04
3.132196725346148014e-04
3.129884426016360521e-04
3.127565141767263412e-04
3.125261573586612940e-04
3.122944908682256937e-04
3.120640758424997330e-04
3.118329041171818972e-04
3.116014413535594940e-04
3.113714919891208410e-04
3.111409605480730534e-04
3.109109238721430302e-04
3.106810036115348339e-04
3.104505885858088732e-04
3.102210757788270712e-04
3.099918249063193798e-04
3.097620210610330105e-04
3.095326537732034922e-04
3.093032282777130604e-04
3.090735408477485180e-04
3.088450466748327017e-04
3.086148935835808516e-04
3.083883202634751797e-04
3.081597096752375364e-04
3.079315938521176577e-04
3.077039727941155434e-04
3.074766718782484531e-04
3.072483523283153772e-04
3.070197999477386475e-04
3.067933430429548025e-04
3.065647615585476160e-04
3.063384501729160547e-04
3.061118186451494694e-04
3.058853035327047110e-04
3.056577697861939669e-04
3.054303233511745930e-04
3.052055835723876953e-04
3.049799124710261822e-04
3.047525242436677217e-04
3.045277553610503674e-04
3.043015021830797195e-04
3.040754527319222689e-04
3.038506256416440010e-04
3.036244306713342667e-04
3.034005640074610710e-04
3.031755040865391493e-04
3.029501822311431170e-04
3.027256752829998732e-04
3.025010519195348024e-04
3.022763994522392750e-04
3.020523872692137957e-04
3.018286079168319702e-04
3.016051778104156256e-04
3.013807290699332952e-04
3.011557273566722870e-04
3.009336942341178656e-04
3.007100021932274103e-04
3.004863392561674118e-04
3.002643934451043606e-04
3.000422439072281122e-04
2.998180862050503492e-04
2.995966933667659760e-04
2.993733505718410015e-04
2.991525398101657629e-04
2.989290514960885048e-04
2.987069310620427132e-04
2.984844031743705273e-04
2.982627192977815866e-04
2.980433055199682713e-04
2.978213015012443066e-04
2.975997340399771929e-04
2.973785740323364735e-04
2.971572685055434704e-04
2.969373599626123905e-04
2.967157925013452768e-04
2.964956802316009998e-04
2.962752187158912420e-04
2.960552519652992487e-04
2.958354598376899958e-04
2.956165117211639881e-04
2.953950606752187014e-04
2.951759670395404100e-04
2.949572226498275995e-04
2.947374596260488033e-04
2.945183950942009687e-04
2.942998835351318121e-04
2.940814883913844824e-04
2.938628604169934988e-04
2.936442615464329720e-04
2.934258081950247288e-04
2.932066854555159807e-04
2.929889305960386992e-04
2.927715540863573551e-04
2.925530716311186552e-04
2.923368010669946671e-04
2.921184350270777941e-04
2.919007965829223394e-04
2.916841185651719570e-04
2.914678771048784256e-04
2.912496274802833796e-04
2.910321054514497519e-04
2.908167371060699224e-04
2.905995643232017756e-04
2.903839340433478355e-04
2.901676343753933907e-04
2.899513056036084890e-04
2.897357917390763760e-04
2.895207144320011139e-04
2.893042110372334719e-04
2.890889882110059261e-04
2.888740564230829477e-04
2.886593574658036232e-04
2.884444547817111015e-04
2.882303087972104549e-04
2.880144747905433178e-04
2.877990482375025749e-04
2.875851932913064957e-04
2.873703779187053442e-04
2.871565520763397217e-04
2.869434538297355175e-04
2.867290168069303036e-04
2.865152200683951378e-04
2.863032277673482895e-04
2.860889944713562727e-04
2.858754596672952175e-04
2.856612263713032007e-04
2.854492631740868092e-04
2.852366887964308262e-04
2.850236487574875355e-04
2.848109579645097256e-04
2.845991984941065311e-04
2.843865950126200914e-04
2.841758832801133394e-04
2.839625813066959381e-04
2.837497740983963013e-04
2.835392660927027464e-04
2.833280304912477732e-04
2.831159508787095547e-04
2.829052100423723459e-04
2.826938580255955458e-04
2.824838738888502121e-04
2.822725218720734119e-04
2.820624795276671648e-04
2.818510693032294512e-04
2.816403575707226992e-04
2.814321196638047695e-04
2.812209713738411665e-04
2.810098812915384769e-04
2.808019635267555714e-04
2.805912226904183626e-04
2.803816169034689665e-04
2.801734954118728638e-04
2.799637732096016407e-04
2.797543420456349850e-04
2.795448235701769590e-04
2.793364983517676592e-04
2.791281731333583593e-04
2.789199643302708864e-04
2.787103294394910336e-04
2.785023243632167578e-04
2.782958035822957754e-04
2.780872746370732784e-04
2.778795023914426565e-04
2.776698966044932604e-04
2.774641034193336964e-04
2.772561274468898773e-04
2.770501305349171162e-04
2.768412814475595951e-04
2.766347315628081560e-04
2.764288219623267651e-04
2.762220101431012154e-04
2.760152856353670359e-04
2.758081827778369188e-04
2.756028843577951193e-04
2.753959270194172859e-04
2.751909778453409672e-04
2.749848936218768358e-04
2.747792459558695555e-04
2.745738311205059290e-04
2.743682416621595621e-04
2.741625357884913683e-04
2.739579067565500736e-04
2.737528993748128414e-04
2.735480957198888063e-04
2.733426808845251799e-04
2.731384593062102795e-04
2.729331899899989367e-04
2.727294340729713440e-04
2.725264930631965399e-04
2.723215147852897644e-04
2.721186028793454170e-04
2.719135663937777281e-04
2.717097522690892220e-04
2.715071022976189852e-04
2.713040448725223541e-04
2.711015695240348577e-04
2.708982210606336594e-04
2.706943487282842398e-04
2.704919315874576569e-04
2.702892525121569633e-04
2.700861077755689621e-04
2.698842145036906004e-04
2.696831943467259407e-04
2.694804570637643337e-04
2.692794951144605875e-04
2.690749824978411198e-04
2.688750682864338160e-04
2.686720981728285551e-04
2.684735809452831745e-04
2.682703488972038031e-04
2.680697361938655376e-04
2.678674063645303249e-04
2.676682488527148962e-04
2.674677525646984577e-04
2.672669943422079086e-04
2.670659450814127922e-04
2.668663801159709692e-04
2.666659129317849874e-04
2.664653002284467220e-04
2.662663464434444904e-04
2.660666941665112972e-04
2.658673038240522146e-04
2.656673605088144541e-04
2.654678828548640013e-04
2.652687835507094860e-04
2.650690439622849226e-04
2.648701192811131477e-04
2.646722714416682720e-04
2.644729975145310163e-04
2.642742183525115252e-04
2.640769525896757841e-04
2.638784644659608603e-04
2.636792487464845181e-04
2.634811680763959885e-04
2.632837276905775070e-04
2.630866656545549631e-04
2.628897491376847029e-04
2.626912319101393223e-04
2.624945773277431726e-04
2.622976899147033691e-04
2.621010935399681330e-04
2.619031874928623438e-04
2.617066784296184778e-04
2.615099947433918715e-04
2.613140095490962267e-04
2.611165109556168318e-04
2.609207876957952976e-04
2.607240749057382345e-04
2.605280897114425898e-04
2.603347529657185078e-04
2.601387386675924063e-04
2.599414146970957518e-04
2.597471175249665976e-04
2.595517144072800875e-04
2.593577082734555006e-04
2.591611410025507212e-04
2.589666401036083698e-04
2.587718481663614511e-04
2.585776383057236671e-04
2.583834284450858831e-04
2.581886656116694212e-04
2.579942811280488968e-04
2.578004205133765936e-04
2.576057158876210451e-04
2.574134559836238623e-04
2.572192170191556215e-04
2.570266660768538713e-04
2.568319032434374094e-04
2.566386247053742409e-04
2.564458700362592936e-04
2.562535228207707405e-04
2.560596331022679806e-04
2.558680134825408459e-04
2.556755498517304659e-04
2.554827951826155186e-04
2.552905352786183357e-04
2.550980716478079557e-04
2.549050841480493546e-04
2.547134645283222198e-04
2.545226016081869602e-04
2.543305745348334312e-04
2.541382273193448782e-04
2.539488486945629120e-04
2.537566469982266426e-04
2.535653475206345320e-04
2.533753577154129744e-04
2.531848149374127388e-04
2.529929333832114935e-04
2.528028271626681089e-04
2.526120806578546762e-04
2.524213341530412436e-04
2.522310242056846619e-04
2.520412672311067581e-04
2.518507826607674360e-04
2.516614913474768400e-04
2.514719380997121334e-04
2.512828505132347345e-04
2.510934427846223116e-04
2.509041223675012589e-04
2.507148019503802061e-04
2.505263837520033121e-04
2.503374416846781969e-04
2.501492272131145000e-04
2.499591792002320290e-04
2.497709356248378754e-04
2.495825756341218948e-04
2.493944484740495682e-04
2.492060593795031309e-04
2.490183687768876553e-04
2.488311729393899441e-04
2.486428420525044203e-04
2.484557917341589928e-04
2.482676063664257526e-04
2.480811381246894598e-04
2.478938549757003784e-04
2.477072412148118019e-04
2.475192886777222157e-04
2.473333152011036873e-04
2.471463230904191732e-04
2.469603205099701881e-04
2.467741724103689194e-04
2.465872385073453188e-04
2.464010904077440500e-04
2.462148549966514111e-04
2.460291725583374500e-04
2.458437520544975996e-04
2.456588845234364271e-04
2.454720961395651102e-04
2.452876942697912455e-04
2.451028267387300730e-04
2.449168532621115446e-04
2.447311708237975836e-04
2.445470599923282862e-04
2.443619014229625463e-04
2.441772085148841143e-04
2.439930540276691318e-04
2.438091905787587166e-04
2.436246868455782533e-04
2.434401831123977900e-04
2.432573965052142739e-04
2.430730673950165510e-04
2.428892912575975060e-04
2.427056460874155164e-04
2.425225538900122046e-04
2.423394616926088929e-04
2.421558456262573600e-04
2.419729717075824738e-04
2.417897194391116500e-04
2.416072384221479297e-04
2.414246409898623824e-04
2.412424655631184578e-04
2.410604938631877303e-04
2.408770815236493945e-04
2.406962739769369364e-04
2.405143168289214373e-04
2.403318358119577169e-04
2.401497040409594774e-04
2.399665390839800239e-04
2.397872012807056308e-04
2.396054624114185572e-04
2.394250768702477217e-04
2.392434398643672466e-04
2.390625304542481899e-04
2.388814464211463928e-04
2.387007116340100765e-04
2.385203260928392410e-04
2.383401879342272878e-04
2.381591039011254907e-04
2.379797952016815543e-04
2.377986384090036154e-04
2.376196352997794747e-04
2.374388277530670166e-04
2.372600138187408447e-04
2.370802685618400574e-04
2.368998975725844502e-04
2.367209817748516798e-04
2.365415566600859165e-04
2.363638195674866438e-04
2.361843362450599670e-04
2.360058570047840476e-04
2.358269412070512772e-04
2.356478944420814514e-04
2.354697207920253277e-04
2.352910669287666678e-04
2.351139410166069865e-04
2.349350252188742161e-04
2.347566187381744385e-04
2.345801185583695769e-04
2.344019449083134532e-04
2.342244260944426060e-04
2.340476785320788622e-04
2.338698832318186760e-04
2.336918696528300643e-04
2.335149329155683517e-04
2.333387237740680575e-04
2.331613941350951791e-04
2.329852286493405700e-04
2.328081318410113454e-04
2.326316607650369406e-04
2.324568486073985696e-04
2.322788641322404146e-04
2.321032807230949402e-04
2.319281920790672302e-04
2.317520265933126211e-04
2.315761375939473510e-04
2.314004814252257347e-04
2.312262804480269551e-04
2.310487325303256512e-04
2.308751136297360063e-04
2.307000104337930679e-04
2.305240923305973411e-04
2.303496730746701360e-04
2.301753556821495295e-04
2.300011401530355215e-04
2.298265171702951193e-04
2.296518068760633469e-04
2.294779260409995914e-04
2.293040743097662926e-04
2.291291748406365514e-04
2.289563417434692383e-04
2.287830575369298458e-04
2.286095404997467995e-04
2.284353686263784766e-04
2.282631321577355266e-04
2.280890330439433455e-04
2.279163018101826310e-04
2.277434105053544044e-04
2.275702718179672956e-04
2.273972495459020138e-04
2.272262936457991600e-04
2.270530385430902243e-04
2.268810058012604713e-04
2.267088711960241199e-04
2.265361108584329486e-04
2.263645437778905034e-04
2.261931367684155703e-04
2.260212058899924159e-04
2.258490858366712928e-04
2.256774605484679341e-04
2.255075814900919795e-04
2.253358397865667939e-04
2.251637197332456708e-04
2.249930112157016993e-04
2.248231903649866581e-04
2.246513176942244172e-04
2.244821225758641958e-04
2.243110211566090584e-04
2.241404436063021421e-04
2.239710593130439520e-04
2.238004381069913507e-04
2.236295258626341820e-04
2.234611893072724342e-04
2.232910046586766839e-04
2.231210091849789023e-04
2.229518431704491377e-04
2.227822260465472937e-04
2.226131618954241276e-04
2.224447089247405529e-04
2.222750335931777954e-04
2.221064205514267087e-04
2.219380694441497326e-04
2.217691362602636218e-04
2.215998101746663451e-04
2.214326959801837802e-04
2.212637191405519843e-04
2.210945385741069913e-04
2.209282101830467582e-04
2.207590878242626786e-04
2.205917699029669166e-04
2.204247575718909502e-04
2.202569303335621953e-04
2.200892922701314092e-04
2.199222217313945293e-04
2.197553694713860750e-04
2.195879496866837144e-04
2.194207918364554644e-04
2.192552492488175631e-04
2.190881496062502265e-04
2.189216320402920246e-04
2.187548088841140270e-04
2.185904304496943951e-04
2.184217300964519382e-04
2.182560274377465248e-04
2.180906303692609072e-04
2.179245348088443279e-04
2.177590649807825685e-04
2.175940899178385735e-04
2.174273395212367177e-04
2.172619861084967852e-04
2.170977531932294369e-04
2.169322688132524490e-04
2.167663187719881535e-04
2.166021586162969470e-04
2.164377656299620867e-04
2.162729215342551470e-04
2.161078591598197818e-04
2.159444411518052220e-04
2.157801354769617319e-04
2.156152331735938787e-04
2.154512476408854127e-04
2.152880188077688217e-04
2.151243534171953797e-04
2.149596257368102670e-04
2.147970953956246376e-04
2.146338374586775899e-04
2.144713216694071889e-04
2.143078017979860306e-04
2.141438890248537064e-04
2.139816060662269592e-04
2.138183335773646832e-04
2.136555267497897148e-04
2.134927490260452032e-04
2.133304224116727710e-04
2.131680230377241969e-04
2.130068751284852624e-04
2.128439227817580104e-04
2.126813487848266959e-04
2.125199243891984224e-04
2.123587328242138028e-04
2.121963043464347720e-04
2.120348945027217269e-04
2.118746633641421795e-04
2.117131371051073074e-04
2.115518727805465460e-04
2.113912050845101476e-04
2.112299407599493861e-04
2.110685745719820261e-04
2.109082415699958801e-04
2.107486070599406958e-04
2.105872554238885641e-04
2.104270388372242451e-04
2.102659491356462240e-04
2.101069694617763162e-04
2.099478006130084395e-04
2.097880060318857431e-04
2.096274547511711717e-04
2.094675437547266483e-04
2.093082730425521731e-04
2.091493952320888638e-04
2.089897752739489079e-04
2.088301989715546370e-04
2.086712775053456426e-04
2.085121232084929943e-04
2.083539438899606466e-04
2.081957500195130706e-04
2.080366830341517925e-04
2.078780089505016804e-04
2.077215467579662800e-04
2.075621741823852062e-04
2.074036310659721494e-04
2.072458155453205109e-04
2.070879709208384156e-04
2.069308102363720536e-04
2.067724999506026506e-04
2.066153974737972021e-04
2.064573491225019097e-04
2.063012652797624469e-04
2.061431587208062410e-04
2.059866237686946988e-04
2.058296813629567623e-04
2.056732482742518187e-04
2.055157092399895191e-04
2.053600765066221356e-04
2.052036143140867352e-04
2.050464390777051449e-04
2.048908354481682181e-04
2.047342422883957624e-04
2.045794826699420810e-04
2.044233115157112479e-04
2.042674459517002106e-04
2.041124971583485603e-04
2.039569080807268620e-04
2.038004313362762332e-04
2.036448131548240781e-04
2.034912031376734376e-04
2.033357304753735662e-04
2.031806798186153173e-04
2.030257164733484387e-04
2.028707240242511034e-04
2.027166920015588403e-04
2.025617141043767333e-04
2.024085406446829438e-04
2.022525732172653079e-04
2.020984102273359895e-04
2.019459352595731616e-04
2.017916558543220162e-04
2.016369107877835631e-04
2.014844358200207353e-04
2.013307384913787246e-04
2.011772012338042259e-04
2.010243915719911456e-04
2.008713781833648682e-04
2.007175935432314873e-04
2.005652349907904863e-04
2.004123816732317209e-04
2.002594701480120420e-04
2.001070533879101276e-04
1.999549713218584657e-04
1.998015941353514791e-04
1.996498613152652979e-04
1.994970662053674459e-04
1.993449550354853272e-04
1.991939789149910212e-04
1.990419987123459578e-04
1.988897856790572405e-04
1.987387659028172493e-04
1.985875569516792893e-04
1.984364789677783847e-04
1.982848334591835737e-04
1.981328969122841954e-04
1.979828230105340481e-04
1.978314976440742612e-04
1.976801722776144743e-04
1.975292107090353966e-04
1.973805337911471725e-04
1.972302125068381429e-04
1.970792945940047503e-04
1.969288277905434370e-04
1.967785210581496358e-04
1.966287090908735991e-04
1.964790426427498460e-04
1.963303075172007084e-04
1.961796078830957413e-04
1.960306544788181782e-04
1.958815264515578747e-04
1.957319327630102634e-04
1.955825719051063061e-04
1.954333856701850891e-04
1.952848251676186919e-04
1.951357553480193019e-04
1.949869474628940225e-04
1.948384888237342238e-04
1.946896954905241728e-04
1.945412659551948309e-04
1.943931856658309698e-04
1.942456437973305583e-04
1.940972433658316731e-04
1.939497742569074035e-04
1.938013447215780616e-04
1.936541229952126741e-04
1.935058680828660727e-04
1.933588646352291107e-04
1.932119339471682906e-04
1.930637808982282877e-04
1.929172576637938619e-04
1.927697885548695922e-04
1.926234399434179068e-04
1.924764364957809448e-04
1.923302916111424565e-04
1.921837101690471172e-04
1.920368231367319822e-04
1.918908528750762343e-04
1.917443732963874936e-04
1.915980101330205798e-04
1.914527674671262503e-04
1.913064916152507067e-04
1.911614090204238892e-04
1.910149294417351484e-04
1.908694102894514799e-04
1.907233963720500469e-04
1.905790704768151045e-04
1.904337259475141764e-04
1.902882358990609646e-04
1.901434443425387144e-04
1.899995404528453946e-04
1.898538466775789857e-04
1.897087786346673965e-04
1.895651512313634157e-04
1.894203742267563939e-04
1.892765722004696727e-04
1.891321880975738168e-04
1.889871637104079127e-04
1.888439001049846411e-04
1.886998797999694943e-04
1.885561214294284582e-04
1.884125085780397058e-04
1.882700307760387659e-04
1.881258503999561071e-04
1.879827614175155759e-04
1.878387265605852008e-04
1.876968162832781672e-04
1.875531452242285013e-04
1.874103181762620807e-04
1.872680877568200231e-04
1.871256536105647683e-04
1.869827829068526626e-04
1.868393883341923356e-04
1.866976526798680425e-04
1.865552185336127877e-04
1.864126970758661628e-04
1.862712961155921221e-04
1.861298223957419395e-04
1.859879703260958195e-04
1.858463510870933533e-04
1.857054157881066203e-04
1.855629670899361372e-04
1.854224974522367120e-04
1.852811692515388131e-04
1.851396809797734022e-04
1.849991967901587486e-04
1.848570973379537463e-04
1.847167586674913764e-04
1.845763181336224079e-04
1.844349171733483672e-04
1.842953934101387858e-04
1.841544290073215961e-04
1.840141776483505964e-04
1.838742609834298491e-04
1.837349118432030082e-04
1.835948642110452056e-04
1.834555441746488214e-04
1.833154819905757904e-04
1.831757690524682403e-04
1.830366381909698248e-04
1.828968524932861328e-04
1.827583473641425371e-04
1.826196530601009727e-04
1.824798237066715956e-04
1.823404018068686128e-04
1.822021731641143560e-04
1.820631587179377675e-04
1.819249737309291959e-04
1.817864686017856002e-04
1.816485164454206824e-04
1.815096184145659208e-04
1.813721173675730824e-04
1.812332629924640059e-04
1.810961402952671051e-04
1.809574168873950839e-04
1.808204106055200100e-04
1.806828222470358014e-04
1.805449282983317971e-04
1.804074126994237304e-04
1.802698679966852069e-04
1.801333564799278975e-04
1.799963356461375952e-04
1.798594021238386631e-04
1.797225122572854161e-04
1.795856369426473975e-04
1.794487907318398356e-04
1.793125702533870935e-04
1.791761460481211543e-04
1.790400710888206959e-04
1.789032394299283624e-04
1.787681540008634329e-04
1.786313368938863277e-04
1.784953929018229246e-04
1.783600600901991129e-04
1.782232720870524645e-04
1.780885941116139293e-04
1.779537851689383388e-04
1.778178557287901640e-04
1.776825374690815806e-04
1.775477139744907618e-04
1.774130942067131400e-04
1.772773830452933908e-04
1.771431998349726200e-04
1.770091184880584478e-04
1.768743240972980857e-04
1.767395151546224952e-04
1.766045024851337075e-04
1.764710177667438984e-04
1.763364562066271901e-04
1.762020401656627655e-04
1.760685554472729564e-04
1.759340811986476183e-04
1.758005673764273524e-04
1.756677520461380482e-04
1.755339035298675299e-04
1.754006516421213746e-04
1.752669340930879116e-04
1.751346135279163718e-04
1.750009978422895074e-04
1.748685463098809123e-04
1.747353817336261272e-04
1.746023772284388542e-04
1.744701585266739130e-04
1.743378961691632867e-04
1.742048771120607853e-04
1.740722509566694498e-04
1.739403960527852178e-04
1.738081627991050482e-04
1.736757549224421382e-04
1.735435362206771970e-04
1.734129909891635180e-04
1.732801902107894421e-04
1.731491356622427702e-04
1.730179646983742714e-04
1.728862116578966379e-04
1.727550261421129107e-04
1.726239570416510105e-04
1.724928297335281968e-04
1.723620225675404072e-04
1.722308224998414516e-04
1.720999716781079769e-04
1.719696447253227234e-04
1.718391431495547295e-04
1.717086124699562788e-04
1.715787366265431046e-04
1.714474637992680073e-04
1.713166129775345325e-04
1.711876539047807455e-04
1.710584765532985330e-04
1.709280331851914525e-04
1.707975316094234586e-04
1.706689072307199240e-04
1.705396280158311129e-04
1.704093738226220012e-04
1.702802110230550170e-04
1.701514120213687420e-04
1.700224966043606400e-04
1.698927517281845212e-04
1.697640691418200731e-04
1.696365361567586660e-04
1.695069659035652876e-04
1.693778904154896736e-04
1.692500081844627857e-04
1.691216602921485901e-04
1.689930941211059690e-04
1.688648044364526868e-04
1.687365438556298614e-04
1.686092145973816514e-04
1.684810267761349678e-04
1.683535228949040174e-04
1.682259899098426104e-04
1.680982823017984629e-04
1.679707056609913707e-04
1.678430999163538218e-04
1.677164982538670301e-04
1.675893872743472457e-04
1.674621307756751776e-04
1.673361839493736625e-04
1.672087528277188540e-04
1.670818601269274950e-04
1.669560297159478068e-04
1.668290060479193926e-04
1.667025208007544279e-04
1.665752497501671314e-04
1.664498850004747510e-04
1.663246803218498826e-04
1.661977876210585237e-04
1.660718407947570086e-04
1.659466652199625969e-04
1.658206456340849400e-04
1.656946406001225114e-04
1.655704400036484003e-04
1.654452935326844454e-04
1.653194194659590721e-04
1.651934726396575570e-04
1.650685444474220276e-04
1.649439655011519790e-04
1.648187899263575673e-04
1.646941964281722903e-04
1.645695883780717850e-04
1.644456206122413278e-04
1.643212308408692479e-04
1.641963608562946320e-04
1.640716945985332131e-04
1.639482652535662055e-04
1.638232934055849910e-04
1.637004170333966613e-04
1.635763328522443771e-04
1.634515647310763597e-04
1.633284846320748329e-04
1.632051862543448806e-04
1.630823535379022360e-04
1.629584294278174639e-04
1.628357422305271029e-04
1.627112214919179678e-04
1.625888253329321742e-04
1.624661672394722700e-04
1.623426651349291205e-04
1.622198906261473894e-04
1.620978146092966199e-04
1.619760296307504177e-04
1.618528913240879774e-04
1.617300731595605612e-04
1.616080553503707051e-04
1.614863431314006448e-04
1.613641506992280483e-04
1.612427877262234688e-04
1.611204061191529036e-04
1.609988394193351269e-04
1.608774036867544055e-04
1.607556187082082033e-04
1.606346486369147897e-04
1.605135621502995491e-04
1.603912096470594406e-04
1.602708362042903900e-04
1.601492112968116999e-04
1.600289542693644762e-04
1.599079550942406058e-04
1.597865775693207979e-04
1.596668735146522522e-04
1.595455105416476727e-04
1.594259229023009539e-04
1.593058987054973841e-04
1.591847103554755449e-04
1.590652391314506531e-04
1.589444145793095231e-04
1.588245795574039221e-04
1.587052247487008572e-04
1.585849822731688619e-04
1.584658893989399076e-04
1.583463308634236455e-04
1.582264667376875877e-04
1.581075630383566022e-04
1.579882518853992224e-04
1.578691299073398113e-04
1.577504153829067945e-04
1.576304639456793666e-04
1.575127098476514220e-04
1.573941117385402322e-04
1.572749897604808211e-04
1.571569882798939943e-04
1.570387248648330569e-04
1.569201558595523238e-04
1.568008010508492589e-04
1.566833525430411100e-04
1.565651327837258577e-04
1.564474368933588266e-04
1.563294936204329133e-04
1.562121033202856779e-04
1.560941018396988511e-04
1.559762167744338512e-04
1.558592775836586952e-04
1.557418872835114598e-04
1.556236820761114359e-04
1.555079361423850060e-04
1.553896290715783834e-04
1.552738103782758117e-04
1.551565219415351748e-04
1.550392189528793097e-04
1.549232547404244542e-04
1.548068103147670627e-04
1.546898856759071350e-04
1.545732957310974598e-04
1.544565748190507293e-04
1.543417020002380013e-04
1.542249083286151290e-04
1.541088568046689034e-04
1.539938675705343485e-04
1.538777141831815243e-04
1.537615316919982433e-04
1.536465715616941452e-04
1.535304327262565494e-04
1.534156763227656484e-04
1.533004106022417545e-04
1.531843881821259856e-04
1.530697045382112265e-04
1.529552537249401212e-04
1.528392313048243523e-04
1.527246786281466484e-04
1.526104751974344254e-04
1.524958934169262648e-04
1.523816754342988133e-04
1.522666279925033450e-04
1.521521189715713263e-04
1.520373043604195118e-04
1.519238285254687071e-04
1.518099161330610514e-04
1.516963384347036481e-04
1.515812036814168096e-04
1.514675095677375793e-04
1.513543393230065703e-04
1.512401795480400324e-04
1.511269365437328815e-04
1.510141009930521250e-04
1.509000576334074140e-04
1.507876004325225949e-04
1.506748230895027518e-04
1.505612890468910336e-04
1.504482206655666232e-04
1.503352250438183546e-04
1.502225641161203384e-04
1.501097431173548102e-04
1.499980135122314095e-04
1.498847996117547154e-04
1.497727935202419758e-04
1.496610639151185751e-04
1.495484320912510157e-04
1.494361640652641654e-04
1.493249292252585292e-04
1.492122537456452847e-04
1.491006842115893960e-04
1.489888672949746251e-04
1.488783309468999505e-04
1.487661356804892421e-04
1.486544351791962981e-04
1.485438551753759384e-04
1.484324457123875618e-04
1.483207306591793895e-04
1.482104125898331404e-04
1.480987994000315666e-04
1.479883067077025771e-04
1.478770573157817125e-04
1.477666082791984081e-04
1.476564793847501278e-04
1.475450117141008377e-04
1.474357268307358027e-04
1.473252777941524982e-04
1.472153089707717299e-04
1.471051946282386780e-04
1.469943817937746644e-04
1.468855625716969371e-04
1.467747060814872384e-04
1.466656831325963140e-04
1.465561508666723967e-04
1.464463421143591404e-04
1.463369408156722784e-04
1.462280924897640944e-04
1.461183710489422083e-04
1.460085331927984953e-04
1.459002960473299026e-04
1.457915641367435455e-04
1.456828176742419600e-04
1.455728488508611917e-04
1.454650046071037650e-04
1.453560107620432973e-04
1.452483120374381542e-04
1.451388961868360639e-04
1.450313575332984328e-04
1.449221745133399963e-04
1.448149996576830745e-04
1.447066897526383400e-04
1.445988309569656849e-04
1.444905356038361788e-04
1.443831715732812881e-04
1.442744396626949310e-04
1.441672357032075524e-04
1.440599444322288036e-04
1.439524203306064010e-04
1.438456965843215585e-04
1.437381142750382423e-04
1.436310267308726907e-04
1.435243902960792184e-04
1.434174773748964071e-04
1.433102443115785718e-04
1.432033604942262173e-04
1.430965203326195478e-04
1.429896947229281068e-04
1.428839022992178798e-04
1.427770039299502969e-04
1.426712988177314401e-04
1.425645314157009125e-04
1.424592192051932216e-04
1.423528156010434031e-04
1.422465866198763251e-04
1.421408232999965549e-04
1.420341868652030826e-04
1.419294858351349831e-04
1.418238389305770397e-04
1.417184685124084353e-04
1.416128798155114055e-04
1.415072183590382338e-04
1.414029393345117569e-04
1.412973360856994987e-04
1.411926205037161708e-04
1.410875265719369054e-04
1.409825053997337818e-04
1.408773241564631462e-04
1.407725794706493616e-04
1.406684314133599401e-04
1.405630464432761073e-04
1.404595095664262772e-04
1.403555652359500527e-04
1.402507332386448979e-04
1.401462068315595388e-04
1.400428154738619924e-04
1.399392058374360204e-04
1.398344465997070074e-04
1.397308224113658071e-04
1.396271400153636932e-04
1.395235012751072645e-04
1.394197315676137805e-04
1.393164857290685177e-04
1.392132107866927981e-04
1.391103578498587012e-04
1.390074903611093760e-04
1.389038952765986323e-04
1.388009841321036220e-04
1.386981748510152102e-04
1.385955692967399955e-04
1.384922943543642759e-04
1.383898779749870300e-04
1.382883347105234861e-04
1.381849433528259397e-04
1.380825415253639221e-04
1.379798777634277940e-04
1.378777960781008005e-04
1.377760490868240595e-04
1.376741274725645781e-04
1.375720894429832697e-04
1.374700805172324181e-04
1.373687118757516146e-04
1.372675033053383231e-04
1.371660036966204643e-04
1.370633835904300213e-04
1.369623496429994702e-04
1.368608063785359263e-04
1.367598306387662888e-04
1.366586802760139108e-04
1.365576463285833597e-04
1.364571362501010299e-04
1.363560295430943370e-04
1.362554612569510937e-04
1.361539034405723214e-04
1.360539172310382128e-04
1.359531743219122291e-04
1.358533627353608608e-04
1.357527362415567040e-04
1.356527209281921387e-04
1.355525164399296045e-04
1.354516134597361088e-04
1.353520492557436228e-04
1.352516410406678915e-04
1.351530663669109344e-04
1.350527454633265734e-04
1.349523954559117556e-04
1.348527293885126710e-04
1.347534562228247523e-04
1.346543285762891173e-04
1.345548662357032299e-04
1.344554329989477992e-04
1.343571202596649528e-04
1.342579344054684043e-04
1.341588213108479977e-04
1.340603630524128675e-04
1.339605805696919560e-04
1.338617876172065735e-04
1.337633293587714434e-04
1.336645655101165175e-04
1.335663109784945846e-04
1.334678963758051395e-04
1.333697728114202619e-04
1.332714018644765019e-04
1.331739476881921291e-04
1.330752711510285735e-04
1.329774531768634915e-04
1.328798971371725202e-04
1.327818172285333276e-04
1.326842611888423562e-04
1.325869234278798103e-04
1.324893091805279255e-04
1.323921169387176633e-04
1.322946045547723770e-04
1.321961608482524753e-04
1.321003801422193646e-04
1.320020819548517466e-04
1.319056755164638162e-04
1.318086433457210660e-04
1.317119749728590250e-04
1.316154957748949528e-04
1.315186673309653997e-04
1.314219261985272169e-04
1.313256652792915702e-04
1.312288804911077023e-04
1.311330561293289065e-04
1.310360385105013847e-04
1.309403596678748727e-04
1.308448700001463294e-04
1.307481143157929182e-04
1.306524936808273196e-04
1.305565383518114686e-04
1.304606557823717594e-04
1.303653407376259565e-04
1.302693126490339637e-04
1.301740267081186175e-04
1.300790754612535238e-04
1.299830473726615310e-04
1.298877759836614132e-04
1.297929557040333748e-04
1.296973059652373195e-04
1.296027767239138484e-04
1.295072725042700768e-04
1.294130343012511730e-04
1.293182867811992764e-04
1.292237284360453486e-04
1.291291846428066492e-04
1.290348445763811469e-04
1.289399078814312816e-04
1.288457860937342048e-04
1.287512859562411904e-04
1.286578772123903036e-04
1.285629114136099815e-04
1.284688769374042749e-04
1.283756573684513569e-04
1.282813609577715397e-04
1.281874283449724317e-04
1.280936849070712924e-04
1.280006981687620282e-04
1.279068819712847471e-04
1.278135168831795454e-04
1.277201081393286586e-04
1.276266411878168583e-04
1.275335816899314523e-04
1.274400274269282818e-04
1.273476082133129239e-04
1.272543740924447775e-04
1.271612709388136864e-04
1.270691136596724391e-04
1.269759377464652061e-04
1.268833002541214228e-04
1.267906482098624110e-04
1.266984618268907070e-04
1.266063190996646881e-04
1.265138416783884168e-04
1.264216843992471695e-04
1.263298472622409463e-04
1.262375590158626437e-04
1.261454744962975383e-04
1.260537101188674569e-04
1.259614800801500678e-04
1.258692500414326787e-04
1.257784897461533546e-04
1.256859395653009415e-04
1.255952520295977592e-04
1.255041570402681828e-04
1.254124508704990149e-04
1.253207155968993902e-04
1.252297661267220974e-04
1.251389767276123166e-04
1.250475179404020309e-04
1.249570486834272742e-04
1.248661137651652098e-04
1.247752807103097439e-04
1.246839819941669703e-04
1.245936582563444972e-04
1.245030580321326852e-04
1.244128507096320391e-04
1.243226142833009362e-04
1.242317230207845569e-04
1.241417630808427930e-04
1.240522105945274234e-04
1.239618140971288085e-04
1.238717231899499893e-04
1.237820251844823360e-04
1.236923999385908246e-04
1.236023090314120054e-04
1.235123345395550132e-04
1.234230730915442109e-04
1.233332441188395023e-04
1.232441718457266688e-04
1.231544301845133305e-04
1.230657217092812061e-04
1.229758490808308125e-04
1.228879700647667050e-04
1.227976463269442320e-04
1.227096217917278409e-04
1.226200693054124713e-04
1.225316955242305994e-04
1.224425504915416241e-04
1.223536237375810742e-04
1.222653663717210293e-04
1.221767306560650468e-04
1.220888370880857110e-04
1.220003032358363271e-04
1.219119731104001403e-04
1.218241377500817180e-04
1.217352328239940107e-04
1.216476593981496990e-04
1.215588563354685903e-04
1.214716176036745310e-04
1.213842551806010306e-04
1.212960851262323558e-04
1.212090137414634228e-04
1.211205817526206374e-04
1.210334521601907909e-04
1.209453403134830296e-04
1.208580652019008994e-04
1.207713867188431323e-04
1.206841043313033879e-04
1.205966837005689740e-04
1.205096923513337970e-04
1.204237487399950624e-04
1.203360661747865379e-04
1.202496641781181097e-04
1.201618069899268448e-04
1.200762199005112052e-04
1.199898761115036905e-04
1.199031758005730808e-04
1.198164827656000853e-04
1.197303863591514528e-04
1.196437660837545991e-04
1.195576187456026673e-04
1.194715077872388065e-04
1.193854550365358591e-04
1.192999770864844322e-04
1.192132622236385942e-04
1.191278861369937658e-04
1.190424809465184808e-04
1.189569084090180695e-04
1.188707465189509094e-04
1.187853777082636952e-04
1.187003581435419619e-04
1.186145964311435819e-04
1.185292858281172812e-04
1.184440989163704216e-04
1.183590429718606174e-04
1.182737178169190884e-04
1.181889747385866940e-04
1.181039115181192756e-04
1.180193066829815507e-04
1.179345927084796131e-04
1.178491875180043280e-04
1.177646772703155875e-04
1.176804144051857293e-04
1.175959769170731306e-04
1.175119759864173830e-04
1.174278804683126509e-04
1.173436103272251785e-04
1.172586053144186735e-04
1.171743278973735869e-04
1.170905088656581938e-04
1.170064570032991469e-04
1.169235038105398417e-04
1.168389862868934870e-04
1.167557711596600711e-04
1.166716101579368114e-04
1.165886278613470495e-04
1.165047724498435855e-04
1.164214190794155002e-04
1.163380293291993439e-04
1.162558401119895279e-04
1.161732070613652468e-04
1.160914180218242109e-04
1.160094470833428204e-04
1.159312814706936479e-04
1.158534796559251845e-04
1.157808947027660906e-04
1.157162332674488425e-04
1.156651778728701174e-04
1.156369107775390148e-04
1.156500948127359152e-04
1.157341102953068912e-04
1.159392850240692496e-04
1.163451743195764720e-04
1.170648029074072838e-04
1.182017658720724285e-04
1.197659148601815104e-04
1.214056246681138873e-04
1.223038125317543745e-04
1.214313670061528683e-04
1.187593443319201469e-04
1.157912774942815304e-04
1.144510533777065575e-04
1.152081458712927997e-04
1.168055969174019992e-04
1.175221987068653107e-04
1.166104339063167572e-04
1.149309900938533247e-04
1.139807354775257409e-04
1.143339686677791178e-04
1.152106124209240079e-04
1.154672791017219424e-04
1.147812290582805872e-04
1.138454026659019291e-04
1.135074126068502665e-04
1.138502557296305895e-04
1.142458495451137424e-04
1.141350003308616579e-04
1.135898855864070356e-04
1.131334211095236242e-04
1.131032622652128339e-04
1.133289042627438903e-04
1.134089907282032073e-04
1.131735989474691451e-04
1.128175572375766933e-04
1.126305141951888800e-04
1.126716451835818589e-04
1.127521754824556410e-04
1.126821807702071965e-04
1.124648115364834666e-04
1.122576359193772078e-04
1.121802924899384379e-04
1.121946697821840644e-04
1.121788736782036722e-04
1.120651431847363710e-04
1.119011285481974483e-04
1.117753199650906026e-04
1.117229403462260962e-04
1.116986095439642668e-04
1.116384446504525840e-04
1.115267295972444117e-04
1.114043989218771458e-04
1.113126709242351353e-04
1.112568497774191201e-04
1.112067693611606956e-04
1.111320816562511027e-04
1.110323864850215614e-04
1.109319564420729876e-04
1.108521537389606237e-04
1.107890711864456534e-04
1.107261923607438803e-04
1.106484414776787162e-04
1.105585470213554800e-04
1.104711409425362945e-04
1.103938338928855956e-04
1.103259273804724216e-04
1.102567184716463089e-04
1.101790985558182001e-04
1.100962035707198083e-04
1.100134395528584719e-04
1.099368455470539629e-04
1.098653665394522250e-04
1.097945132642053068e-04
1.097175045288167894e-04
1.096383930416777730e-04
1.095598490792326629e-04
1.094833933166228235e-04
1.094094841391779482e-04
1.093364044209010899e-04
1.092618331313133240e-04
1.091851227101869881e-04
1.091071899281814694e-04
1.090321748051792383e-04
1.089568977477028966e-04
1.088836943381465971e-04
1.088092030840925872e-04
1.087340569938533008e-04
1.086582997231744230e-04
1.085829135263338685e-04
1.085081239580176771e-04
1.084336836356669664e-04
1.083596434909850359e-04
1.082853996194899082e-04
1.082108574337325990e-04
1.081357841030694544e-04
1.080613947124220431e-04
1.079876237781718373e-04
1.079141220543533564e-04
1.078400746337138116e-04
1.077653942047618330e-04
1.076913831639103591e-04
1.076169137377291918e-04
1.075431719073094428e-04
1.074695173883810639e-04
1.073959865607321262e-04
1.073225867003202438e-04
1.072486484190449119e-04
1.071748847607523203e-04
1.071020669769495726e-04
1.070282160071656108e-04
1.069547943188808858e-04
1.068816272891126573e-04
1.068081328412517905e-04
1.067355624400079250e-04
1.066620097844861448e-04
1.065892065525986254e-04
1.065157193806953728e-04
1.064429816324263811e-04
1.063702075043693185e-04
1.062975061358883977e-04
1.062250375980511308e-04
1.061516013578511775e-04
1.060798895196057856e-04
1.060070935636758804e-04
1.059347123373299837e-04
1.058618363458663225e-04
1.057898989529348910e-04
1.057175031746737659e-04
1.056452747434377670e-04
1.055732791428454220e-04
1.055008106050081551e-04
1.054290332831442356e-04
1.053564992616884410e-04
1.052850639098323882e-04
1.052132647600956261e-04
1.051411454682238400e-04
1.050691862474195659e-04
1.049979400704614818e-04
1.049264828907325864e-04
1.048543272190727293e-04
1.047829864546656609e-04
1.047112818923778832e-04
1.046402758220210671e-04
1.045691242325119674e-04
1.044973687385208905e-04
1.044253294821828604e-04
1.043544616550207138e-04
1.042841031448915601e-04
1.042122676153667271e-04
1.041419236571528018e-04
1.040704446495510638e-04
1.040003771777264774e-04
1.039283233694732189e-04
1.038578120642341673e-04
1.037877445924095809e-04
1.037167676258832216e-04
1.036458706948906183e-04
1.035759414662607014e-04
1.035049863276071846e-04
1.034347878885455430e-04
1.033645239658653736e-04
1.032943109748885036e-04
1.032240033964626491e-04
1.031537904054857790e-04
1.030843268381431699e-04
1.030139028443954885e-04
1.029438717523589730e-04
1.028743063216097653e-04
1.028040715027600527e-04
1.027339749271050096e-04
1.026643367367796600e-04
1.025945311994291842e-04
1.025254896376281977e-04
1.024557059281505644e-04
1.023853474180214107e-04
1.023163349600508809e-04
1.022467185975983739e-04
1.021775533445179462e-04
1.021086209220811725e-04
1.020388881443068385e-04
1.019698029267601669e-04
1.019007759168744087e-04
1.018318289425224066e-04
1.017628310364671052e-04
1.016939058899879456e-04
1.016245514620095491e-04
1.015561210806481540e-04
1.014870722428895533e-04
1.014179215417243540e-04
1.013498840620741248e-04
1.012810243992134929e-04
1.012125430861487985e-04
1.011438580462709069e-04
1.010755950119346380e-04
1.010068663163110614e-04
1.009382685879245400e-04
1.008705148706212640e-04
1.008026301860809326e-04
1.007348546409048140e-04
1.006661332212388515e-04
1.005984813673421741e-04
1.005302328849211335e-04
1.004620644380338490e-04
1.003935030894353986e-04
1.003264842438511550e-04
1.002587814582511783e-04
1.001908822217956185e-04
1.001230557449162006e-04
1.000550109893083572e-04
9.998763562180101871e-05
9.992043487727642059e-05
9.985327778849750757e-05
9.978578600566834211e-05
9.971833787858486176e-05
9.965087519958615303e-05
9.958411828847602010e-05
9.951627725968137383e-05
9.944976045517250896e-05
9.938237781170755625e-05
9.931522072292864323e-05
9.924835467245429754e-05
9.918133582687005401e-05
9.911492088576778769e-05
9.904814214678481221e-05
9.898108692141249776e-05
9.891407535178586841e-05
9.884783503366634250e-05
9.878164564725011587e-05
9.871483052847906947e-05
9.864914318313822150e-05
9.858336852630600333e-05
9.851663344306871295e-05
9.845131717156618834e-05
9.838606638368219137e-05
9.832075011217966676e-05
9.825659799389541149e-05
9.819265687838196754e-05
9.813077485887333751e-05
9.807013702811673284e-05
9.801291162148118019e-05
9.796062659006565809e-05
9.791510819923132658e-05
9.788166789803653955e-05
9.786582813831046224e-05
9.787784802028909326e-05
9.793373465072363615e-05
9.805623994907364249e-05
9.828296606428921223e-05
9.866361506283283234e-05
9.925915219355374575e-05
1.001314813038334250e-04
1.012842403724789619e-04
1.025966193992644548e-04
1.036784160532988608e-04
1.039499838952906430e-04
1.028838451020419598e-04
1.006541569950059056e-04
9.824441804084926844e-05
9.685485565569251776e-05
9.695487096905708313e-05
9.803060675039887428e-05
9.906397463055327535e-05
9.922058234224095941e-05
9.837557445280253887e-05
9.714222687762230635e-05
9.636086178943514824e-05
9.639903146307915449e-05
9.695531480247154832e-05
9.740297537064179778e-05
9.731207683216780424e-05
9.674543980509042740e-05
9.612969006411731243e-05
9.586412488715723157e-05
9.600182238500565290e-05
9.627304098103195429e-05
9.636011964175850153e-05
9.615031012799590826e-05
9.578743629390373826e-05
9.551287803333252668e-05
9.545408829580992460e-05
9.554946882417425513e-05
9.562814375385642052e-05
9.557079465594142675e-05
9.538293670630082488e-05
9.517539001535624266e-05
9.505057823844254017e-05
9.503229375695809722e-05
9.505604248261079192e-05
9.504248009761795402e-05
9.495459380559623241e-05
9.481947927270084620e-05
9.469482756685465574e-05
9.461891022510826588e-05
9.458879503654316068e-05
9.456842235522344708e-05
9.452234371565282345e-05
9.444081661058589816e-05
9.434233652427792549e-05
9.425205644220113754e-05
9.418748231837525964e-05
9.414342639502137899e-05
9.410105849383398890e-05
9.404632874066010118e-05
9.397487156093120575e-05
9.389547631144523621e-05
9.382102871313691139e-05
9.375766967423260212e-05
9.370317275170236826e-05
9.365166624775156379e-05
9.359599062008783221e-05
9.353116183774545789e-05
9.346192382508888841e-05
9.339353709947317839e-05
9.332965419162064791e-05
9.327082807430997491e-05
9.321550169261172414e-05
9.315727220382541418e-05
9.309707093052566051e-05
9.303375554736703634e-05
9.297006909037008882e-05
9.290605521528050303e-05
9.284549014410004020e-05
9.278597281081601977e-05
9.272820170735940337e-05
9.266826236853376031e-05
9.260854130843654275e-05
9.254627366317436099e-05
9.248529386240988970e-05
9.242370288120582700e-05
9.236343612428754568e-05
9.230384603142738342e-05
9.224517998518422246e-05
9.218458581017330289e-05
9.212492295773699880e-05
9.206505637848749757e-05
9.200428030453622341e-05
9.194432641379535198e-05
9.188401600113138556e-05
9.182448411593213677e-05
9.176519961329177022e-05
9.170632256427779794e-05
9.164661605609580874e-05
9.158682951238006353e-05
9.152715210802853107e-05
9.146816591965034604e-05
9.140819020103663206e-05
9.134883293882012367e-05
9.128993406193330884e-05
9.123056952375918627e-05
9.117185982177034020e-05
9.111224062507972121e-05
9.105428034672513604e-05
9.099479939322918653e-05
9.093519474845379591e-05
9.087611397262662649e-05
9.081688040168955922e-05
9.075831621885299683e-05
9.069938823813572526e-05
9.064102778211236000e-05
9.058228897629305720e-05
9.052347741089761257e-05
9.046532068168744445e-05
9.040649456437677145e-05
9.034799586515873671e-05
9.028997010318562388e-05
9.023068560054525733e-05
9.017233969643712044e-05
9.011344809550791979e-05
9.005602623801678419e-05
8.999744022730737925e-05
8.993969822768121958e-05
8.988098852569237351e-05
8.982360304798930883e-05
8.976455137599259615e-05
8.970674389274790883e-05
8.964863081928342581e-05
8.959101251093670726e-05
8.953270298661664128e-05
8.947499009082093835e-05
8.941710984800010920e-05
8.935941150411963463e-05
8.930211333790794015e-05
8.924365101847797632e-05
8.918617822928354144e-05
8.912926568882539868e-05
8.907137089408934116e-05
8.901331602828577161e-05
8.895605424186214805e-05
8.889973105397075415e-05
8.884155249688774347e-05
8.878396329237148166e-05
8.872729085851460695e-05
8.866879943525418639e-05
8.861230890033766627e-05
8.855554187903180718e-05
8.849830192048102617e-05
8.844095282256603241e-05
8.838387293508276343e-05
8.832689491100609303e-05
8.827001875033602118e-05
8.821320807328447700e-05
8.815478213364258409e-05
8.809907012619078159e-05
8.804215030977502465e-05
8.798631461104378104e-05
8.792929293122142553e-05
8.787280239630490541e-05
8.781566430116072297e-05
8.775897731538861990e-05
8.770263229962438345e-05
8.764602534938603640e-05
8.758976764511317015e-05
8.753318252274766564e-05
8.747688843868672848e-05
8.742018690099939704e-05
8.736419840715825558e-05
8.730839908821508288e-05
8.725176303414627910e-05
8.719520701561123133e-05
8.713936404092237353e-05
8.708322275197133422e-05
8.702775812707841396e-05
8.697193698026239872e-05
8.691564289620146155e-05
8.685992361279204488e-05
8.680414612172171474e-05
8.674828131916001439e-05
8.669259113958105445e-05
8.663686458021402359e-05
8.658104343339800835e-05
8.652503311168402433e-05
8.646994683658704162e-05
8.641477324999868870e-05
8.635962876724079251e-05
8.630470256321132183e-05
8.625016198493540287e-05
8.619638538220897317e-05
8.614255784777924418e-05
8.609024371253326535e-05
8.603955211583524942e-05
8.599171997047960758e-05
8.594751852797344327e-05
8.590984361944720149e-05
8.588263881392776966e-05
8.587176125729456544e-05
8.588688797317445278e-05
8.594361861469224095e-05
8.606827032053843141e-05
8.629945659777149558e-05
8.669740782352164388e-05
8.734492439543828368e-05
8.834162144921720028e-05
8.977165271062403917e-05
9.158960892818868160e-05
9.348196181235834956e-05
9.466102346777915955e-05
9.418189438292756677e-05
9.163196227746084332e-05
8.806544065009802580e-05
8.543203875888139009e-05
8.501845150021836162e-05
8.644213085062801838e-05
8.815027103992179036e-05
8.864483243087306619e-05
8.751217683311551809e-05
8.570148202124983072e-05
8.461024845018982887e-05
8.483423880534246564e-05
8.577968401368707418e-05
8.637204882688820362e-05
8.602769958088174462e-05
8.507419988745823503e-05
8.432875620201230049e-05
8.428937871940433979e-05
8.474709466099739075e-05
8.510179031873121858e-05
8.496129157720133662e-05
8.444781269645318389e-05
8.399601938435807824e-05
8.391235314775258303e-05
8.411976887146010995e-05
8.430250454694032669e-05
8.423010149272158742e-05
8.394372707698494196e-05
8.366628753719851375e-05
8.357423939742147923e-05
8.364948735106736422e-05
8.373313903575763106e-05
8.369137503905221820e-05
8.352583972737193108e-05
8.334580343216657639e-05
8.325299131684005260e-05
8.325615635840222239e-05
8.328110561706125736e-05
8.325253293151035905e-05
8.315322338603436947e-05
8.303097274620085955e-05
8.294192230096086860e-05
8.290627738460898399e-05
8.289662218885496259e-05
8.286844240501523018e-05
8.280431939056143165e-05
8.271678234450519085e-05
8.263688505394384265e-05
8.258269372163340449e-05
8.254943531937897205e-05
8.251696999650448561e-05
8.246835204772651196e-05
8.240314491558820009e-05
8.233370317611843348e-05
8.227302896557375789e-05
8.222556061809882522e-05
8.218475704779848456e-05
8.214032277464866638e-05
8.208813960663974285e-05
8.202841127058491111e-05
8.196986891562119126e-05
8.191559754777699709e-05
8.186667400877922773e-05
8.182159217540174723e-05
8.177418203558772802e-05
8.172148955054581165e-05
8.166668703779578209e-05
8.161258301697671413e-05
8.155970863299444318e-05
8.151051588356494904e-05
8.146207255776971579e-05
8.141284342855215073e-05
8.136241376632824540e-05
8.130993956001475453e-05
8.125790191115811467e-05
8.120590791804715991e-05
8.115566743072122335e-05
8.110685303108766675e-05
8.105754386633634567e-05
8.100725972326472402e-05
8.095535304164513946e-05
8.090452320175245404e-05
8.085389708867296576e-05
8.080334373516961932e-05
8.075300866039469838e-05
8.070423791650682688e-05
8.065428846748545766e-05
8.060350955929607153e-05
8.055392390815541148e-05
8.050347969401627779e-05
8.045296272030100226e-05
8.040307875489816070e-05
8.035316568566486239e-05
8.030389290070161223e-05
8.025364513741806149e-05
8.020464883884415030e-05
8.015446655917912722e-05
8.010386954993009567e-05
8.005412382772192359e-05
8.000498928595334291e-05
7.995472697075456381e-05
7.990554877324029803e-05
7.985649426700547338e-05
7.980611553648486733e-05
7.975670450832694769e-05
7.970786100486293435e-05
7.965812255861237645e-05
7.960896618897095323e-05
7.955922774272039533e-05
7.950987492222338915e-05
7.946076948428526521e-05
7.941159856272861362e-05
7.936172187328338623e-05
7.931284926598891616e-05
7.926443504402413964e-05
7.921456563053652644e-05
7.916533650131896138e-05
7.911642751423642039e-05
7.906757673481479287e-05
7.901854405645281076e-05
7.896924944361671805e-05
7.892084977356716990e-05
7.887194078648462892e-05
7.882276986492797732e-05
7.877433381509035826e-05
7.872525748098269105e-05
7.867640670156106353e-05
7.862797065172344446e-05
7.857884338591247797e-05
7.853096758481115103e-05
7.848173117963597178e-05
7.843273488106206059e-05
7.838459714548662305e-05
7.833613926777616143e-05
7.828761590644717216e-05
7.823919440852478147e-05
7.819075835868716240e-05
7.814176933607086539e-05
7.809399539837613702e-05
7.804538472555577755e-05
7.799673039698973298e-05
7.794881821610033512e-05
7.790037489030510187e-05
7.785265916027128696e-05
7.780395390000194311e-05
7.775619451422244310e-05
7.770812226226553321e-05
7.766008639009669423e-05
7.761195593047887087e-05
7.756365812383592129e-05
7.751530938548967242e-05
7.746763003524392843e-05
7.742051820969209075e-05
7.737182022538036108e-05
7.732410449534654617e-05
7.727564661763608456e-05
7.722851296421140432e-05
7.718083361396566033e-05
7.713268132647499442e-05
7.708510383963584900e-05
7.703750452492386103e-05
7.698983972659334540e-05
7.694200758123770356e-05
7.689443737035617232e-05
7.684661250095814466e-05
7.679913687752559781e-05
7.675204687984660268e-05
7.670460763620212674e-05
7.665717566851526499e-05
7.660961273359134793e-05
7.656190427951514721e-05
7.651502528460696340e-05
7.646751328138634562e-05
7.642053242307156324e-05
7.637339149368926883e-05
7.632523920619860291e-05
7.627886225236579776e-05
7.623160490766167641e-05
7.618435483891516924e-05
7.613750494783744216e-05
7.608968735439702868e-05
7.604312850162386894e-05
7.599575474159792066e-05
7.594945054734125733e-05
7.590210589114576578e-05
7.585530693177133799e-05
7.580790406791493297e-05
7.576159259770065546e-05
7.571512833237648010e-05
7.566765998490154743e-05
7.562203973066061735e-05
7.557482604170218110e-05
7.552888564532622695e-05
7.548246503574773669e-05
7.543659739894792438e-05
7.539029320469126105e-05
7.534525502705946565e-05
7.530173752456903458e-05
7.525846012867987156e-05
7.521580118918791413e-05
7.517587800975888968e-05
7.514082972193136811e-05
7.511051080655306578e-05
7.508879934903234243e-05
7.508076669182628393e-05
7.509380520787090063e-05
7.513861055485904217e-05
7.523562817368656397e-05
7.541185914305970073e-05
7.571019523311406374e-05
7.619329699082300067e-05
7.693901716265827417e-05
7.804102642694488168e-05
7.954201282700523734e-05
8.136990800267085433e-05
8.313770376844331622e-05
8.413017349084839225e-05
8.345863898284733295e-05
8.090943447314202785e-05
7.744180038571357727e-05
7.483375520678237081e-05
7.426193042192608118e-05
7.547964924015104771e-05
7.717649714322760701e-05
7.794655539328232408e-05
7.721049769315868616e-05
7.554581679869443178e-05
7.418383029289543629e-05
7.394915155600756407e-05
7.466771785402670503e-05
7.547830318799242377e-05
7.561089296359568834e-05
7.496428588638082147e-05
7.408230885630473495e-05
7.361677126027643681e-05
7.376907160505652428e-05
7.420988549711182714e-05
7.444883522111922503e-05
7.424865907523781061e-05
7.377941801678389311e-05
7.339759758906438947e-05
7.333041139645501971e-05
7.350664964178577065e-05
7.367788202827796340e-05
7.365021156147122383e-05
7.342615572270005941e-05
7.316832488868385553e-05
7.303516031242907047e-05
7.305922918021678925e-05
7.314341928577050567e-05
7.316357368836179376e-05
7.307144551305100322e-05
7.291642396012321115e-05
7.278595148818567395e-05
7.273524533957242966e-05
7.274570816662162542e-05
7.275946700247004628e-05
7.272702350746840239e-05
7.264335727086290717e-05
7.254329102579504251e-05
7.246765017043799162e-05
7.243090658448636532e-05
7.241784624056890607e-05
7.239857950480654836e-05
7.235504017444327474e-05
7.228942558867856860e-05
7.221802661661058664e-05
7.216149242594838142e-05
7.212250784505158663e-05
7.209407340269535780e-05
7.206240843515843153e-05
7.201888365671038628e-05
7.196514343377202749e-05
7.190834730863571167e-05
7.185799768194556236e-05
7.181603723438456655e-05
7.177959923865273595e-05
7.174211350502446294e-05
7.170061144279316068e-05
7.165317947510629892e-05
7.160386303439736366e-05
7.155630737543106079e-05
7.151196041377261281e-05
7.147120777517557144e-05
7.143144466681405902e-05
7.139075023587793112e-05
7.134702173061668873e-05
7.130143785616382957e-05
7.125597039703279734e-05
7.121135422494262457e-05
7.116817869246006012e-05
7.112608727766200900e-05
7.108542922651395202e-05
7.104298856575042009e-05
7.100007496774196625e-05
7.095636101439595222e-05
7.091272709658369422e-05
7.086864206939935684e-05
7.082636875566095114e-05
7.078416092554107308e-05
7.074172754073515534e-05
7.069941784720867872e-05
7.065684621920809150e-05
7.061399082886055112e-05
7.057080074446275830e-05
7.052790897432714701e-05
7.048533007036894560e-05
7.044311496429145336e-05
7.040033233352005482e-05
7.035868475213646889e-05
7.031613495200872421e-05
7.027376705082133412e-05
7.023100624792277813e-05
7.018903124844655395e-05
7.014619768597185612e-05
7.010369154158979654e-05
7.006192026892676950e-05
7.001939957262948155e-05
6.997719174250960350e-05
6.993537681410089135e-05
6.989319808781147003e-05
6.985125219216570258e-05
6.980869511608034372e-05
6.976671284064650536e-05
6.972406845306977630e-05
6.968231173232197762e-05
6.964045314816758037e-05
6.959851452847942710e-05
6.955650314921513200e-05
6.951432442292571068e-05
6.947226938791573048e-05
6.943118205526843667e-05
6.938922160770744085e-05
6.934703560546040535e-05
6.930530071258544922e-05
6.926345668034628034e-05
6.922096508787944913e-05
6.918008148204535246e-05
6.913812103448435664e-05
6.909576768521219492e-05
6.905478221597149968e-05
6.901295273564755917e-05
6.897136336192488670e-05
6.892971578054130077e-05
6.888767529744654894e-05
6.884639151394367218e-05
6.880486034788191319e-05
6.876324914628639817e-05
6.872163794469088316e-05
6.868029595352709293e-05
6.863857561256736517e-05
6.859804125269874930e-05
6.855609535705298185e-05
6.851445505162701011e-05
6.847313488833606243e-05
6.843182200100272894e-05
6.839082925580441952e-05
6.834982923464849591e-05
6.830802158219739795e-05
6.826691969763487577e-05
6.822555587859824300e-05
6.818390102125704288e-05
6.814328662585467100e-05
6.810235208831727505e-05
6.806090823374688625e-05
6.802003190387040377e-05
6.797844980610534549e-05
6.793747888877987862e-05
6.789626058889552951e-05
6.785614823456853628e-05
6.781433330615982413e-05
6.777349335607141256e-05
6.773258064640685916e-05
6.769128958694636822e-05
6.765062425984069705e-05
6.760963151464238763e-05
6.756934453733265400e-05
6.752827175660058856e-05
6.748730811523273587e-05
6.744634447386488318e-05
6.740519893355667591e-05
6.736497016390785575e-05
6.732429028488695621e-05
6.728336302330717444e-05
6.724253762513399124e-05
6.720243982272222638e-05
6.716099596815183759e-05
6.712042522849515080e-05
6.708039290970191360e-05
6.703972758259624243e-05
6.699884397676214576e-05
6.695825868519023061e-05
6.691758608212694526e-05
6.687740096822381020e-05
6.683711399091407657e-05
6.679675425402820110e-05
6.675646000076085329e-05
6.671580194961279631e-05
6.667520938208326697e-05
6.663447129540145397e-05
6.659468635916709900e-05
6.655461038462817669e-05
6.651443982264026999e-05
6.647401460213586688e-05
6.643388769589364529e-05
6.639349885517731309e-05
6.635345198446884751e-05
6.631354335695505142e-05
6.627455877605825663e-05
6.623527588089928031e-05
6.619719351874664426e-05
6.615955499000847340e-05
6.612389552174136043e-05
6.609103729715570807e-05
6.606228271266445518e-05
6.604078225791454315e-05
6.603064684895798564e-05
6.604110967600718141e-05
6.608357944060117006e-05
6.618142651859670877e-05
6.636985926888883114e-05
6.670998118352144957e-05
6.729710003128275275e-05
6.827185279689729214e-05
6.982644845265895128e-05
7.213287608465179801e-05
7.520347571698948741e-05
7.846412336220964789e-05
8.052597695495933294e-05
7.944204116938635707e-05
7.474385347450152040e-05
6.880793080199509859e-05
6.547404336743056774e-05
6.633072189288213849e-05
6.951299292268231511e-05
7.164839189499616623e-05
7.068047852953895926e-05
6.759958341717720032e-05
6.529744132421910763e-05
6.553085404448211193e-05
6.732594920322299004e-05
6.839159323135390878e-05
6.756734364898875356e-05
6.579964974662289023e-05
6.487320933956652880e-05
6.540066533489152789e-05
6.639255298068746924e-05
6.657618359895423055e-05
6.576017767656594515e-05
6.485301128122955561e-05
6.470247899414971471e-05
6.520611350424587727e-05
6.559927714988589287e-05
6.538356683449819684e-05
6.480424781329929829e-05
6.445147300837561488e-05
6.456978735513985157e-05
6.486293568741530180e-05
6.491297244792804122e-05
6.463911267928779125e-05
6.432041118387132883e-05
6.423144805012270808e-05
6.435870454879477620e-05
6.446735642384737730e-05
6.439042044803500175e-05
6.418464181479066610e-05
6.403257430065423250e-05
6.402653525583446026e-05
6.409315392374992371e-05
6.410285277524963021e-05
6.400715210475027561e-05
6.387544272001832724e-05
6.380098784575238824e-05
6.380186823662370443e-05
6.381884304573759437e-05
6.379019760061055422e-05
6.370950723066926003e-05
6.362461863318458200e-05
6.357696111081168056e-05
6.356664380291476846e-05
6.355621007969602942e-05
6.351745832944288850e-05
6.345407746266573668e-05
6.339262472465634346e-05
6.335296347970142961e-05
6.333173223538324237e-05
6.330808537313714623e-05
6.326833681669086218e-05
6.321629189187660813e-05
6.316740473266690969e-05
6.312906043604016304e-05
6.310058961389586329e-05
6.306966679403558373e-05
6.303197005763649940e-05
6.298767402768135071e-05
6.294355262070894241e-05
6.290523742791265249e-05
6.287213182076811790e-05
6.283962284214794636e-05
6.280212255660444498e-05
6.276230124058201909e-05
6.272102473303675652e-05
6.268282595556229353e-05
6.264739204198122025e-05
6.261323869694024324e-05
6.257688073674216866e-05
6.253903848119080067e-05
6.249956641113385558e-05
6.246147677302360535e-05
6.242460221983492374e-05
6.238928472157567739e-05
6.235305045265704393e-05
6.231624138308688998e-05
6.227835547178983688e-05
6.224078970262780786e-05
6.220320938155055046e-05
6.216714973561465740e-05
6.213087181095033884e-05
6.209471757756546140e-05
6.205755198607221246e-05
6.202058284543454647e-05
6.198346818564459682e-05
6.194662273628637195e-05
6.191065040184184909e-05
6.187394319567829370e-05
6.183727964526042342e-05
6.180049967952072620e-05
6.176389433676376939e-05
6.172733992571011186e-05
6.169051630422472954e-05
6.165429658722132444e-05
6.161763303680345416e-05
6.158166070235893130e-05
6.154497532406821847e-05
6.150842818897217512e-05
6.147198291728273034e-05
6.143551581772044301e-05
6.139883771538734436e-05
6.136293814051896334e-05
6.132694397820159793e-05
6.129020039224997163e-05
6.125389336375519633e-05
6.121757178334519267e-05
6.118077726569026709e-05
6.114425195846706629e-05
6.110816320870071650e-05
6.107233639340847731e-05
6.103637861087918282e-05
6.099958773120306432e-05
6.096339711803011596e-05
6.092729017836973071e-05
6.089149974286556244e-05
6.085449422243982553e-05
6.081850369810126722e-05
6.078293517930433154e-05
6.074667544453404844e-05
6.071086318115703762e-05
6.067490539862774312e-05
6.063835826353169978e-05
6.060284431441687047e-05
6.056591519154608250e-05
6.053021934349089861e-05
6.049449075362645090e-05
6.045831469236873090e-05
6.042260793037712574e-05
6.038652645656839013e-05
6.035054320818744600e-05
6.031468001310713589e-05
6.027912240824662149e-05
6.024303002050146461e-05
6.020718865329399705e-05
6.017153646098449826e-05
6.013585880282334983e-05
6.009927528793923557e-05
6.006360854371450841e-05
6.002827285556122661e-05
5.999190761940553784e-05
5.995642277412116528e-05
5.992118531139567494e-05
5.988506381982006133e-05
5.984921517665497959e-05
5.981337744742631912e-05
5.977788532618433237e-05
5.974268060526810586e-05
5.970683560008183122e-05
5.967083052382804453e-05
5.963567673461511731e-05
5.959992631687782705e-05
5.956428140052594244e-05
5.952904757577925920e-05
5.949312617303803563e-05
5.945757220615632832e-05
5.942254574620164931e-05
5.938633694313466549e-05
5.935082663199864328e-05
5.931538908043876290e-05
5.928064638283103704e-05
5.924487049924209714e-05
5.920930925640277565e-05
5.917377347941510379e-05
5.913845234317705035e-05
5.910328400204889476e-05
5.906807928113266826e-05
5.903235069126822054e-05
5.899729148950427771e-05
5.896168659091927111e-05
5.892639455851167440e-05
5.889118256163783371e-05
5.885602149646729231e-05
5.882126424694433808e-05
5.878598312847316265e-05
5.875066199223510921e-05
5.871555549674667418e-05
5.868128937436267734e-05
5.864628474228084087e-05
5.861195677425712347e-05
5.857827272848226130e-05
5.854443952557630837e-05
5.851173409610055387e-05
5.848105502082034945e-05
5.845230043632909656e-05
5.842714381287805736e-05
5.840677840751595795e-05
5.839508594362996519e-05
5.839671939611434937e-05
5.841927122673951089e-05
5.847464126418344676e-05
5.858245276613160968e-05
5.876901559531688690e-05
5.907120430492796004e-05
5.953407890046946704e-05
6.018912245053797960e-05
6.102197221480309963e-05
6.189457781147211790e-05
6.250580918276682496e-05
6.244372343644499779e-05
6.148299871711060405e-05
5.990030695102177560e-05
5.844062980031594634e-05
5.778919512522406876e-05
5.807005436508916318e-05
5.883513949811458588e-05
5.942547068116255105e-05
5.939244147157296538e-05
5.875979695701971650e-05
5.797832272946834564e-05
5.754836820415221155e-05
5.763796798419207335e-05
5.801529914606362581e-05
5.828784560435451567e-05
5.821295781061053276e-05
5.784823224530555308e-05
5.746254464611411095e-05
5.729584881919436157e-05
5.738156687584705651e-05
5.756071914220228791e-05
5.763599619967862964e-05
5.752689321525394917e-05
5.730690463678911328e-05
5.712146594305522740e-05
5.706372394342906773e-05
5.711453559342771769e-05
5.718076499761082232e-05
5.717598105547949672e-05
5.708293974748812616e-05
5.695495565305463970e-05
5.685888754669576883e-05
5.682838673237711191e-05
5.684238567482680082e-05
5.685389260179363191e-05
5.682613118551671505e-05
5.675868669641204178e-05
5.667908408213406801e-05
5.661834074999205768e-05
5.658829104504548013e-05
5.657779183820821345e-05
5.656577195622958243e-05
5.653503467328846455e-05
5.648567821481265128e-05
5.643013355438597500e-05
5.638175935018807650e-05
5.634819899569265544e-05
5.632535248878411949e-05
5.630263331113383174e-05
5.627271821140311658e-05
5.623395918519236147e-05
5.619040166493505239e-05
5.614846304524689913e-05
5.611306914943270385e-05
5.608243372989818454e-05
5.605523256235755980e-05
5.602628880296833813e-05
5.599294308922253549e-05
5.595658512902446091e-05
5.592008528765290976e-05
5.588565909420140088e-05
5.585469261859543622e-05
5.582730227615684271e-05
5.580137076321989298e-05
5.577808769885450602e-05
5.575584145844914019e-05
5.573722592089325190e-05
5.572576628765091300e-05
5.572642839979380369e-05
5.574540773523040116e-05
5.578925265581347048e-05
5.586930274148471653e-05
5.600485019385814667e-05
5.621972377412021160e-05
5.655101995216682553e-05
5.704953946406021714e-05
5.777332262368872762e-05
5.878297815797850490e-05
6.009573553455993533e-05
6.164087972138077021e-05
6.313608173513785005e-05
6.409653724404051900e-05
6.388101610355079174e-05
6.219943315954878926e-05
5.944462463958188891e-05
5.674895510310307145e-05
5.523408253793604672e-05
5.529110421775840223e-05
5.642505857395008206e-05
5.767214679508469999e-05
5.818254430778324604e-05
5.764364323113113642e-05
5.643444092129357159e-05
5.530620182980783284e-05
5.485010478878393769e-05
5.512530697160400450e-05
5.572272129938937724e-05
5.611095548374578357e-05
5.599694850388914347e-05
5.547351247514598072e-05
5.489617615239694715e-05
5.459532258100807667e-05
5.466151560540311038e-05
5.492428681463934481e-05
5.512042116606608033e-05
5.508097092388197780e-05
5.482722917804494500e-05
5.452145342133007944e-05
5.433311162050813437e-05
5.432653051684610546e-05
5.443521877168677747e-05
5.453304765978828073e-05
5.452512777992524207e-05
5.440366294351406395e-05
5.423387483460828662e-05
5.410160883911885321e-05
5.405492629506625235e-05
5.407874050433747470e-05
5.411923848441801965e-05
5.412308746599592268e-05
5.407059143180958927e-05
5.397991117206402123e-05
5.388910722103901207e-05
5.382764720707200468e-05
5.380445509217679501e-05
5.380339644034393132e-05
5.379912181524559855e-05
5.377455818234011531e-05
5.372699160943739116e-05
5.366772165871225297e-05
5.361259172786958516e-05
5.357261761673726141e-05
5.354700260795652866e-05
5.352896914700977504e-05
5.350851279217749834e-05
5.347807018551975489e-05
5.343934753909707069e-05
5.339568815543316305e-05
5.335384776117280126e-05
5.331736610969528556e-05
5.328701809048652649e-05
5.326126120053231716e-05
5.323515870259143412e-05
5.320607670000754297e-05
5.317293835105374455e-05
5.313680230756290257e-05
5.310083724907599390e-05
5.306526145432144403e-05
5.303244324750266969e-05
5.300225529936142266e-05
5.297285315464250743e-05
5.294286165735684335e-05
5.291234629112295806e-05
5.288035390549339354e-05
5.284756844048388302e-05
5.281375706545077264e-05
5.278104072203859687e-05
5.274851719150319695e-05
5.271741247270256281e-05
5.268663517199456692e-05
5.265588697511702776e-05
5.262538252281956375e-05
5.259393219603225589e-05
5.256244548945687711e-05
5.253004201222211123e-05
5.249822061159648001e-05
5.246603177511133254e-05
5.243428677204065025e-05
5.240291284280829132e-05
5.237222649157047272e-05
5.234132186160422862e-05
5.230984243098646402e-05
5.227869405644014478e-05
5.224726919550448656e-05
5.221636820351704955e-05
5.218427395448088646e-05
5.215308920014649630e-05
5.212170071899890900e-05
5.209014489082619548e-05
5.205903653404675424e-05
5.202785905566997826e-05
5.199669249122962356e-05
5.196576603339053690e-05
5.193460674490779638e-05
5.190343290450982749e-05
5.187202623346820474e-05
5.184139445191249251e-05
5.181037340662442148e-05
5.177871571504510939e-05
5.174813122721388936e-05
5.171720476937480271e-05
5.168695861357264221e-05
5.165624315850436687e-05
5.162577144801616669e-05
5.159624561201781034e-05
5.156726547284051776e-05
5.153875827090814710e-05
5.151211371412500739e-05
5.148716081748716533e-05
5.146525290911085904e-05
5.144817259861156344e-05
5.143752787262201309e-05
5.143737143953330815e-05
5.145361137692816556e-05
5.149415301275439560e-05
5.157208579475991428e-05
5.170568692847155035e-05
5.192071330384351313e-05
5.225027052802033722e-05
5.272915586829185486e-05
5.337545371730811894e-05
5.415936902863904834e-05
5.494909419212490320e-05
5.548681292566470802e-05
5.544790474232286215e-05
5.466372385853901505e-05
5.333693479769863188e-05
5.203357432037591934e-05
5.131121724843978882e-05
5.134744060342200100e-05
5.186787529964931309e-05
5.237334698904305696e-05
5.245038482826203108e-05
5.200630766921676695e-05
5.131034049554727972e-05
5.077911919215694070e-05
5.066539233666844666e-05
5.090940976515412331e-05
5.123038863530382514e-05
5.135486935614608228e-05
5.118892659083940089e-05
5.085363955004140735e-05
5.057007729192264378e-05
5.048086677561514080e-05
5.057039743405766785e-05
5.070121187600307167e-05
5.073439024272374809e-05
5.062284981249831617e-05
5.042899283580482006e-05
5.026223880122415721e-05
5.019512536819092929e-05
5.022096956963650882e-05
5.027464430895633996e-05
5.028758823755197227e-05
5.023283665650524199e-05
5.013592453906312585e-05
5.004422564525157213e-05
4.999456359655596316e-05
4.998904114472679794e-05
4.999976226827129722e-05
4.999589873477816582e-05
4.996128336642868817e-05
4.990079469280317426e-05
4.983770850230939686e-05
4.979020013706758618e-05
4.976434138370677829e-05
4.975165211362764239e-05
4.973764953319914639e-05
4.971298039890825748e-05
4.967400673194788396e-05
4.962887396686710417e-05
4.958649515174329281e-05
4.955335316481068730e-05
4.952860763296484947e-05
4.950883885612711310e-05
4.948724745190702379e-05
4.946046828990802169e-05
4.942947271047160029e-05
4.939737482345663011e-05
4.936874393024481833e-05
4.934534445055760443e-05
4.932807132718153298e-05
4.931556759402155876e-05
4.930684008286334574e-05
4.930209979647770524e-05
4.930243085254915059e-05
4.931345756631344557e-05
4.933897434966638684e-05
4.938644633512012661e-05
4.946270928485319018e-05
4.957803321303799748e-05
4.974300463800318539e-05
4.997430369257926941e-05
5.028726081945933402e-05
5.070221232017502189e-05
5.123079245095141232e-05
5.187244096305221319e-05
5.258762757875956595e-05
5.329762279870919883e-05
5.384555697673931718e-05
5.405187766882590950e-05
5.372975283535197377e-05
5.284579310682602227e-05
5.154302562004886568e-05
5.016928116674534976e-05
4.909966810373589396e-05
4.857925887336023152e-05
4.862335481448099017e-05
4.905127207166515291e-05
4.958745194016955793e-05
4.997307769372127950e-05
5.004797640140168369e-05
4.978863944415934384e-05
4.930836075800471008e-05
4.879045081906951964e-05
4.840929977945052087e-05
4.825431824428960681e-05
4.831054320675320923e-05
4.848764001508243382e-05
4.866597737418487668e-05
4.875260492553934455e-05
4.870700286119244993e-05
4.854777944274246693e-05
4.833398270420730114e-05
4.813649502466432750e-05
4.800697206519544125e-05
4.796155189978890121e-05
4.798369991476647556e-05
4.803615593118593097e-05
4.807898221770301461e-05
4.808395533473230898e-05
4.804274067282676697e-05
4.796471694135107100e-05
4.786926729138940573e-05
4.777911453857086599e-05
4.771053136209957302e-05
4.766898928210139275e-05
4.765175253851339221e-05
4.764735786011442542e-05
4.764640107168816030e-05
4.763646211358718574e-05
4.761433956446126103e-05
4.757814167533069849e-05
4.753238681587390602e-05
4.748253923025913537e-05
4.743388490169309080e-05
4.739108408102765679e-05
4.735589027404785156e-05
4.732747402158565819e-05
4.730453656520694494e-05
4.728385101770982146e-05
4.726281258626841009e-05
4.723974416265264153e-05
4.721351797343231738e-05
4.718377749668434262e-05
4.715119212050922215e-05
4.711739529739134014e-05
4.708344567916356027e-05
4.704950333689339459e-05
4.701692523667588830e-05
4.698632255895063281e-05
4.695753887062892318e-05
4.692871152656152844e-05
4.690173227572813630e-05
4.687478212872520089e-05
4.684881059802137315e-05
4.682178769144229591e-05
4.679519042838364840e-05
4.676764365285634995e-05
4.674025694839656353e-05
4.671213901019655168e-05
4.668411202146671712e-05
4.665635424316860735e-05
4.662921492126770318e-05
4.660261038225144148e-05
4.657694444176740944e-05
4.655320663005113602e-05
4.653159703593701124e-05
4.651275230571627617e-05
4.649947732104919851e-05
4.649275069823488593e-05
4.649594120564870536e-05
4.651435665437020361e-05
4.655361772165633738e-05
4.662567516788840294e-05
4.674369847634807229e-05
4.692760194302536547e-05
4.720276774605736136e-05
4.759492003358900547e-05
4.812500628759153187e-05
4.878294566879048944e-05
4.949967842549085617e-05
5.010664608562365174e-05
5.034962305217050016e-05
4.998610893380828202e-05
4.898340921499766409e-05
4.764265395351685584e-05
4.648774847737513483e-05
4.594321944750845432e-05
4.608134258887730539e-05
4.663241634261794388e-05
4.717668707598932087e-05
4.737025301437824965e-05
4.710035136668011546e-05
4.652945062844082713e-05
4.597643055603839457e-05
4.570417149807326496e-05
4.576862556859850883e-05
4.602364060701802373e-05
4.624356733984313905e-05
4.626760710380040109e-05
4.607844675774686038e-05
4.579075903166085482e-05
4.555775376502424479e-05
4.547589924186468124e-05
4.553391772788017988e-05
4.564259870676323771e-05
4.570306191453710198e-05
4.566215648083016276e-05
4.553783583105541766e-05
4.539336441666819155e-05
4.529164652922190726e-05
4.526041084318421781e-05
4.528265344561077654e-05
4.531489685177803040e-05
4.531763261184096336e-05
4.527611599769443274e-05
4.520200309343636036e-05
4.512485247687436640e-05
4.506691402639262378e-05
4.503981836023740470e-05
4.503455784288235009e-05
4.503357195062562823e-05
4.502074443735182285e-05
4.498903217609040439e-05
4.494504173635505140e-05
4.489694401854649186e-05
4.485571480472572148e-05
4.482740041567012668e-05
4.481050564208999276e-05
4.479919152799993753e-05
4.478698247112333775e-05
4.477091715671122074e-05
4.475142486626282334e-05
4.473315493669360876e-05
4.472262662602588534e-05
4.472551881917752326e-05
4.474831803236156702e-05
4.479696144699119031e-05
4.487893238547258079e-05
4.500593058764934540e-05
4.519782669376581907e-05
4.548215656541287899e-05
4.589696982293389738e-05
4.648959657060913742e-05
4.730626824311912060e-05
4.837795131606981158e-05
4.966766573488712311e-05
5.103402872919104993e-05
5.213628901401534677e-05
5.252540722722187638e-05
5.175881597097031772e-05
4.984227780369110405e-05
4.733818786917254329e-05
4.520972652244381607e-05
4.420031837071292102e-05
4.443028228706680238e-05
4.542162423604167998e-05
4.643507418222725391e-05
4.686314423452131450e-05
4.648381218430586159e-05
4.554467159323394299e-05
4.456786336959339678e-05
4.401744809001684189e-05
4.403825005283579230e-05
4.443274156074039638e-05
4.484566670726053417e-05
4.498621638049371541e-05
4.477463153307326138e-05
4.434742731973528862e-05
4.394113420858047903e-05
4.373635238152928650e-05
4.376748256618157029e-05
4.393195195007137954e-05
4.407663800520822406e-05
4.409257235238328576e-05
4.396472650114446878e-05
4.376055585453286767e-05
4.357730722404085100e-05
4.348385118646547198e-05
4.348790753283537924e-05
4.354516931925900280e-05
4.359360173111781478e-05
4.358832302386872470e-05
4.352204996393993497e-05
4.342009196989238262e-05
4.332175012677907944e-05
4.325664849602617323e-05
4.323368557379581034e-05
4.323859320720657706e-05
4.324823748902417719e-05
4.324167093727737665e-05
4.320924199419096112e-05
4.315682599553838372e-05
4.309833093429915607e-05
4.304704270907677710e-05
4.301103399484418333e-05
4.299091961001977324e-05
4.297871419112198055e-05
4.296582119422964752e-05
4.294556856621056795e-05
4.291566438041627407e-05
4.287886986276134849e-05
4.283922680770047009e-05
4.280305074644275010e-05
4.277269908925518394e-05
4.274832099326886237e-05
4.272761361789889634e-05
4.270727731636725366e-05
4.268494376447051764e-05
4.265906682121567428e-05
4.262993024894967675e-05
4.259904744685627520e-05
4.256794272805564106e-05
4.253843144397251308e-05
4.251141581335105002e-05
4.248580444254912436e-05
4.246144453645683825e-05
4.243816511007025838e-05
4.241304122842848301e-05
4.238787732901982963e-05
4.236114182276651263e-05
4.233366780681535602e-05
4.230637932778336108e-05
4.227865429129451513e-05
4.225167140248231590e-05
4.222553252475336194e-05
4.219981565256603062e-05
4.217504465486854315e-05
4.214949512970633805e-05
4.212437852402217686e-05
4.209886174066923559e-05
4.207310121273621917e-05
4.204712240607477725e-05
4.202044146950356662e-05
4.199502291157841682e-05
4.196796362521126866e-05
4.194205757812596858e-05
4.191619154880754650e-05
4.189060200587846339e-05
4.186463047517463565e-05
4.183935379842296243e-05
4.181436815997585654e-05
4.178905874141491950e-05
4.176421498414129019e-05
4.173927300143986940e-05
4.171536056674085557e-05
4.169148814980871975e-05
4.166835424257442355e-05
4.164613346802070737e-05
4.162539698882028461e-05
4.160766548011451960e-05
4.159284799243323505e-05
4.158310912316665053e-05
4.158116280450485647e-05
4.159065792919136584e-05
4.161657852819189429e-05
4.166795042692683637e-05
4.175686626695096493e-05
4.190075196675024927e-05
4.212374187773093581e-05
4.245642048772424459e-05
4.293151869205757976e-05
4.357139550847932696e-05
4.435752998688258231e-05
4.519073263509199023e-05
4.584553971653804183e-05
4.600598913384601474e-05
4.541194721241481602e-05
4.412496855366043746e-05
4.261049980414099991e-05
4.150645690970122814e-05
4.119889490539208055e-05
4.160239404882304370e-05
4.228114630677737296e-05
4.273082595318555832e-05
4.264870949555188417e-05
4.208350947010330856e-05
4.138171789236366749e-05
4.093421375728212297e-05
4.091452137799933553e-05
4.120126322959549725e-05
4.151080793235450983e-05
4.160005482845008373e-05
4.140853707212954760e-05
4.106785490876063704e-05
4.078523124917410314e-05
4.069573697051964700e-05
4.078506390214897692e-05
4.093059396836906672e-05
4.099863872397691011e-05
4.093011375516653061e-05
4.076483310200273991e-05
4.059740967932157218e-05
4.050679490319453180e-05
4.050899224239401519e-05
4.056068792124278843e-05
4.059702769154682755e-05
4.057648402522318065e-05
4.050053757964633405e-05
4.040608473587781191e-05
4.033245932077988982e-05
4.030152922496199608e-05
4.030498530482873321e-05
4.031676508020609617e-05
4.031125354231335223e-05
4.027852628496475518e-05
4.022612847620621324e-05
4.017105675302445889e-05
4.012991121271625161e-05
4.010734483017586172e-05
4.009644180769100785e-05
4.008763426099903882e-05
4.007053212262690067e-05
4.004231232102029026e-05
4.000604531029239297e-05
3.996920349891297519e-05
3.993860809714533389e-05
3.991562698502093554e-05
3.989947799709625542e-05
3.988498792750760913e-05
3.986950468970462680e-05
3.985085277236066759e-05
3.983043279731646180e-05
3.981227200711145997e-05
3.979958637501113117e-05
3.979547182098031044e-05
3.980314068030565977e-05
3.982464113505557179e-05
3.986336014349944890e-05
3.992629717686213553e-05
4.002300556749105453e-05
4.016897219116799533e-05
4.038632323499768972e-05
4.070308568770997226e-05
4.115458432352170348e-05
4.178029848844744265e-05
4.261064896127209067e-05
4.365397398942150176e-05
4.484254895942285657e-05
4.601426189765334129e-05
4.684144005295820534e-05
4.695266761700622737e-05
4.604027344612404704e-05
4.420578989083878696e-05
4.198029637336730957e-05
4.015088416053913534e-05
3.928758451365865767e-05
3.946808647015132010e-05
4.030786658404394984e-05
4.122102109249681234e-05
4.169641761109232903e-05
4.150121458224020898e-05
4.076314144185744226e-05
3.986190495197661221e-05
3.921078314306214452e-05
3.902885509887710214e-05
3.926053250324912369e-05
3.965836731367744505e-05
3.994558937847614288e-05
3.995605584350414574e-05
3.969206954934634268e-05
3.929984814021736383e-05
3.896375346812419593e-05
3.881057637045159936e-05
3.885042315232567489e-05
3.899779403582215309e-05
3.913306136382743716e-05
3.916732748621143401e-05
3.907845893991179764e-05
3.890992593369446695e-05
3.873591776937246323e-05
3.862091398332268000e-05
3.858882701024413109e-05
3.862119774566963315e-05
3.867270788759924471e-05
3.870050204568542540e-05
3.867986379191279411e-05
3.861411823891103268e-05
3.852589725283905864e-05
3.844455204671248794e-05
3.839044074993580580e-05
3.836859468719922006e-05
3.836906034848652780e-05
3.837617623503319919e-05
3.837256372207775712e-05
3.835175448330119252e-05
3.831311551039107144e-05
3.826475949608720839e-05
3.821693462668918073e-05
3.817797914962284267e-05
3.815005038632079959e-05
3.813291186816059053e-05
3.812053910223767161e-05
3.810721682384610176e-05
3.808895417023450136e-05
3.806478343904018402e-05
3.803463914664462209e-05
3.800217018579132855e-05
3.797019235207699239e-05
3.794037183979526162e-05
3.791496419580653310e-05
3.789228867390193045e-05
3.787213427131064236e-05
3.785250009968876839e-05
3.783226929954253137e-05
3.780921178986318409e-05
3.778543759835883975e-05
3.775977529585361481e-05
3.773366552195511758e-05
3.770799958147108555e-05
3.768184251384809613e-05
3.765783912967890501e-05
3.763411223189905286e-05
3.761160041904076934e-05
3.758912134799174964e-05
3.756721343961544335e-05
3.754553836188279092e-05
3.752321936190128326e-05
3.750082032638601959e-05
3.747901791939511895e-05
3.745779758901335299e-05
3.743731940630823374e-05
3.741827458725310862e-05
3.740143074537627399e-05
3.738930899999104440e-05
3.738184386747889221e-05
3.738281884579919279e-05
3.739639214472845197e-05
3.742830449482426047e-05
3.748943709069862962e-05
3.759257742785848677e-05
3.776068479055538774e-05
3.802305946010164917e-05
3.841982106678187847e-05
3.899529474438168108e-05
3.978443783125840127e-05
4.077396079082973301e-05
4.183977580396458507e-05
4.268601333023980260e-05
4.287818956072442234e-05
4.207065285299904644e-05
4.036734389956109226e-05
3.845114770228974521e-05
3.718716470757499337e-05
3.701651075971312821e-05
3.770854891627095640e-05
3.860194919980131090e-05
3.903668039129115641e-05
3.872292654705233872e-05
3.788751564570702612e-05
3.708363510668277740e-05
3.676634514704346657e-05
3.698948785313405097e-05
3.743717752513475716e-05
3.770520561374723911e-05
3.758521415875293314e-05
3.717296567629091442e-05
3.675584230222739279e-05
3.657831621239893138e-05
3.667513738037087023e-05
3.688786819111555815e-05
3.700949309859424829e-05
3.693838152685202658e-05
3.672579259728081524e-05
3.651353108580224216e-05
3.641762305051088333e-05
3.645439210231415927e-05
3.654629836091771722e-05
3.659533467725850642e-05
3.655211548903025687e-05
3.643913078121840954e-05
3.632230072980746627e-05
3.625755925895646214e-05
3.625613680924288929e-05
3.628598642535507679e-05
3.630276478361338377e-05
3.627860132837668061e-05
3.621866926550865173e-05
3.615015884861350060e-05
3.610022395150735974e-05
3.608080442063510418e-05
3.608106271713040769e-05
3.608148108469322324e-05
3.606627069530077279e-05
3.603264121920801699e-05
3.598870534915477037e-05
3.594786539906635880e-05
3.591855056583881378e-05
3.590206688386388123e-05
3.589078187360428274e-05
3.587636456359177828e-05
3.585492231650277972e-05
3.582525823730975389e-05
3.579297845135442913e-05
3.576331801014021039e-05
3.573914000298827887e-05
3.571954221115447581e-05
3.570191256585530937e-05
3.568313695723190904e-05
3.566130180843174458e-05
3.563646532711572945e-05
3.561005723895505071e-05
3.558435855666175485e-05
3.556032243068329990e-05
3.553863643901422620e-05
3.551880581653676927e-05
3.549897155608050525e-05
3.547816959326155484e-05
3.545566869433969259e-05
3.543325146893039346e-05
3.541057230904698372e-05
3.538859527907334268e-05
3.536844087648205459e-05
3.535008363542146981e-05
3.533341805450618267e-05
3.531851689331233501e-05
3.530639878590591252e-05
3.529778405209071934e-05
3.529459354467689991e-05
3.529996320139616728e-05
3.531856054905802011e-05
3.535690484568476677e-05
3.542391641531139612e-05
3.553405986167490482e-05
3.570700937416404486e-05
3.597358954721130431e-05
3.637429472291842103e-05
3.696835483424365520e-05
3.782128987950272858e-05
3.900281080859713256e-05
4.053442171425558627e-05
4.233893560012802482e-05
4.409424218465574086e-05
4.524332325672730803e-05
4.503945456235669553e-05
4.312501187087036669e-05
3.992793790530413389e-05
3.676498818094842136e-05
3.496970384730957448e-05
3.503691550577059388e-05
3.640556678874418139e-05
3.793782889260910451e-05
3.860503420582972467e-05
3.800292324740439653e-05
3.656095577753148973e-05
3.518470475682988763e-05
3.461828964645974338e-05
3.496612407616339624e-05
3.573919457267038524e-05
3.628178092185407877e-05
3.620384450186975300e-05
3.559417018550448120e-05
3.487777212285436690e-05
3.448313145781867206e-05
3.455080513958819211e-05
3.489401569822803140e-05
3.518836820148862898e-05
3.520512473187409341e-05
3.494299744488671422e-05
3.458375431364402175e-05
3.434222526266239583e-05
3.431754157645627856e-05
3.445144830038771033e-05
3.459777508396655321e-05
3.463356551947072148e-05
3.452970850048586726e-05
3.435268445173278451e-05
3.420260327402502298e-05
3.414394086576066911e-05
3.417297193664126098e-05
3.423504676902666688e-05
3.426660623517818749e-05
3.423552698222920299e-05
3.415399623918347061e-05
3.406219184398651123e-05
3.399870183784514666e-05
3.397782711545005441e-05
3.398865374037995934e-05
3.400272180442698300e-05
3.399706838536076248e-05
3.396484316908754408e-05
3.391421705600805581e-05
3.386277239769697189e-05
3.382540307939052582e-05
3.380565613042563200e-05
3.379807822057045996e-05
3.379243935341946781e-05
3.377811299287714064e-05
3.375348387635312974e-05
3.372066930751316249e-05
3.368626130395568907e-05
3.365629527252167463e-05
3.363365976838395000e-05
3.361665949341841042e-05
3.360223854542709887e-05
3.358563481015153229e-05
3.356554225319996476e-05
3.354130967636592686e-05
3.351475606905296445e-05
3.348870086483657360e-05
3.346450466779060662e-05
3.344369542901404202e-05
3.342463969602249563e-05
3.340598414069972932e-05
3.338686292408965528e-05
3.336618101457133889e-05
3.334412031108513474e-05
3.332096093799918890e-05
3.329820901853963733e-05
3.327562080812640488e-05
3.325393845443613827e-05
3.323351484141312540e-05
3.321308031445369124e-05
3.319306779303587973e-05
3.317304435768164694e-05
3.315188587293960154e-05
3.313078559585846961e-05
3.310910324216820300e-05
3.308732993900775909e-05
3.306601865915581584e-05
3.304486017441377044e-05
3.302413460914976895e-05
3.300308526377193630e-05
3.298285082564689219e-05
3.296223803772591054e-05
3.294172711321152747e-05
3.292200199211947620e-05
3.290199674665927887e-05
3.288198786322027445e-05
3.286317587480880320e-05
3.284522608737461269e-05
3.282900433987379074e-05
3.281476529082283378e-05
3.280569580965675414e-05
3.280194505350664258e-05
3.280855889897793531e-05
3.283025944256223738e-05
3.287686558905988932e-05
3.296312934253364801e-05
3.311147884232923388e-05
3.335706787765957415e-05
3.375049709575250745e-05
3.436047336435876787e-05
3.525836655171588063e-05
3.648458368843421340e-05
3.794993972405791283e-05
3.931382161681540310e-05
3.992747224401682615e-05
3.913625550922006369e-05
3.691442543640732765e-05
3.427432602620683610e-05
3.263084727223031223e-05
3.266215571784414351e-05
3.386064054211601615e-05
3.504839332890696824e-05
3.524339263094589114e-05
3.430841752560809255e-05
3.300809476058930159e-05
3.231059235986322165e-05
3.255152478232048452e-05
3.326448495499789715e-05
3.369436672073788941e-05
3.344954529893584549e-05
3.276711504440754652e-05
3.222013765480369329e-05
3.217367702745832503e-05
3.250984445912763476e-05
3.281684257672168314e-05
3.278767690062522888e-05
3.246005144319497049e-05
3.211962030036374927e-05
3.201271101715974510e-05
3.214356183889321983e-05
3.231652590329758823e-05
3.233988900319673121e-05
3.218621350242756307e-05
3.198513877578079700e-05
3.188166738254949450e-05
3.191498763044364750e-05
3.200308856321498752e-05
3.203696178388781846e-05
3.197317710146307945e-05
3.185781679349020123e-05
3.177070175297558308e-05
3.175306119373999536e-05
3.178392580593936145e-05
3.180755447829142213e-05
3.178599581588059664e-05
3.172396100126206875e-05
3.165908856317400932e-05
3.162263965350575745e-05
3.161964195896871388e-05
3.162713983329012990e-05
3.162068605888634920e-05
3.159087282256223261e-05
3.154639853164553642e-05
3.150765041937120259e-05
3.148547330056317151e-05
3.147676397929899395e-05
3.146980452584102750e-05
3.145330265397205949e-05
3.142583227599970996e-05
3.139385444228537381e-05
3.136629675282165408e-05
3.134693179163150489e-05
3.133262362098321319e-05
3.131896664854139090e-05
3.130066033918410540e-05
3.127750460407696664e-05
3.125194416497834027e-05
3.122819180134683847e-05
3.120803739875555038e-05
3.119081156910397112e-05
3.117425512755289674e-05
3.115574145340360701e-05
3.113472484983503819e-05
3.111266050837002695e-05
3.109050885541364551e-05
3.107035081484355032e-05
3.105141149717383087e-05
3.103355629718862474e-05
3.101465699728578329e-05
3.099458990618586540e-05
3.097442822763696313e-05
3.095351712545379996e-05
3.093318082392215729e-05
3.091356484219431877e-05
3.089439633185975254e-05
3.087542791035957634e-05
3.085643038502894342e-05
3.083687988691963255e-05
3.081703835050575435e-05
3.079708403674885631e-05
3.077716974075883627e-05
3.075839413213543594e-05
3.073936750297434628e-05
3.072071922360919416e-05
3.070203456445597112e-05
3.068411024287343025e-05
3.066576027777045965e-05
3.064850170630961657e-05
3.063219264731742442e-05
3.061735333176329732e-05
3.060497328988276422e-05
3.059592199861072004e-05
3.059133814531378448e-05
3.059375012526288629e-05
3.060690869460813701e-05
3.063639087486080825e-05
3.069023659918457270e-05
3.078073132201097906e-05
3.092739279964007437e-05
3.115647268714383245e-05
3.150748671032488346e-05
3.202887091902084649e-05
3.277625000919215381e-05
3.378995461389422417e-05
3.505162021610885859e-05
3.640331124188378453e-05
3.749267489183694124e-05
3.779623511945828795e-05
3.693943654070608318e-05
3.507492874632589519e-05
3.305608697701245546e-05
3.191913128830492496e-05
3.218812707928009331e-05
3.353451756993308663e-05
3.500286038615740836e-05
3.554623981472104788e-05
3.469007060630246997e-05
3.296174691058695316e-05
3.152265708195045590e-05
3.115131403319537640e-05
3.162818393320776522e-05
3.207500049029476941e-05
3.182204090990126133e-05
3.095999636570923030e-05
3.017014932993333787e-05
3.002675111929420382e-05
3.048999315069522709e-05
3.103422932326793671e-05
3.116501466138288379e-05
3.082350303884595633e-05
3.035013287444598973e-05
3.011824082932434976e-05
3.019526775460690260e-05
3.035351983271539211e-05
3.033648499695118517e-05
3.009984538948629051e-05
2.982009391416795552e-05
2.969771048810798675e-05
2.977396798087283969e-05
2.992327972606290132e-05
2.998592754011042416e-05
2.991085239045787603e-05
2.977302392537239939e-05
2.968294393213000149e-05
2.968357875943183899e-05
2.972757101815659553e-05
2.973647497128695250e-05
2.967380351037718356e-05
2.957080323540139943e-05
2.948764631582889706e-05
2.945972300949506462e-05
2.947291977761778980e-05
2.948589281004387885e-05
2.946821587102022022e-05
2.942312312370631844e-05
2.937575663963798434e-05
2.935004886239767075e-05
2.934845724666956812e-05
2.935337033704854548e-05
2.934600524895358831e-05
2.932011193479411304e-05
2.928507274191360921e-05
2.925373883044812828e-05
2.923455394920893013e-05
2.922372550528962165e-05
2.921242230513598770e-05
2.919393773481715471e-05
2.916791163443122059e-05
2.913992466346826404e-05
2.911541741923429072e-05
2.909761496994178742e-05
2.908321039285510778e-05
2.906771987909451127e-05
2.904935900005511940e-05
2.902765481849201024e-05
2.900546496675815433e-05
2.898582170018926263e-05
2.896936166507657617e-05
2.895517354772891849e-05
2.894132194342091680e-05
2.892634256568271667e-05
2.891070653276983649e-05
2.889612369472160935e-05
2.888369454012718052e-05
2.887549635488539934e-05
2.887141272367443889e-05
2.887139999074861407e-05
2.887687332986388355e-05
2.888977724069263786e-05
2.891316034947521985e-05
2.895242141676135361e-05
2.901382322306744754e-05
2.910514194809366018e-05
2.923758984252344817e-05
2.942562605312559754e-05
2.968846638395916671e-05
3.004937389050610363e-05
3.053576801903545856e-05
3.116751031484454870e-05
3.195587487425655127e-05
3.286727951490320265e-05
3.381602437002584338e-05
3.461130472715012729e-05
3.501135142869316041e-05
3.474817640380933881e-05
3.373067374923266470e-05
3.212243245798163116e-05
3.038430986634921283e-05
2.903469612647313625e-05
2.841552668542135507e-05
2.854305239452514797e-05
2.915523327828850597e-05
2.986680738104041666e-05
3.032843596884049475e-05
3.034534165635704994e-05
2.992632289533503354e-05
2.926865090557839721e-05
2.864411362679675221e-05
2.827155003615189344e-05
2.822487658704631031e-05
2.842791764123830944e-05
2.871559081540908664e-05
2.892202428483869880e-05
2.894880708481650800e-05
2.879111707443371415e-05
2.852631405403371900e-05
2.826263698807451874e-05
2.808943645504768938e-05
2.804112591547891498e-05
2.809612124110572040e-05
2.819512155838310719e-05
2.827482785505708307e-05
2.829396908055059612e-05
2.824324656103271991e-05
2.814334038703236729e-05
2.802955896186176687e-05
2.793567909975536168e-05
2.788165693345945328e-05
2.786906588880810887e-05
2.788485471683088690e-05
2.790847793221473694e-05
2.792150007735472172e-05
2.791383667499758303e-05
2.788373603834770620e-05
2.783777017612010241e-05
2.778698035399429500e-05
2.774089080048725009e-05
2.770612627500668168e-05
2.768492777249775827e-05
2.767453224805649370e-05
2.766975921986158937e-05
2.766517354757525027e-05
2.765609133348334581e-05
2.764086639217566699e-05
2.761896212177816778e-05
2.759323069767560810e-05
2.756523099378682673e-05
2.753859189397189766e-05
2.751439569692593068e-05
2.749319901340641081e-05
2.747532562352716923e-05
2.745973324635997415e-05
2.744567791523877531e-05
2.743150798778515309e-05
2.741669413808267564e-05
2.740058152994606644e-05
2.738351577136199921e-05
2.736514034040737897e-05
2.734577537921722978e-05
2.732637221924960613e-05
2.730649430304765701e-05
2.728709296206943691e-05
2.726816273934673518e-05
2.724943442444782704e-05
2.723179750319104642e-05
2.721421515161637217e-05
2.719723306654486805e-05
2.718056384765077382e-05
2.716384551604278386e-05
2.714678521442692727e-05
2.713044341362547129e-05
2.711309025471564382e-05
2.709665386646520346e-05
2.707908788579516113e-05
2.706223676796071231e-05
2.704493999772239476e-05
2.702738674997817725e-05
2.701019002415705472e-05
2.699276046769227833e-05
2.697545096452813596e-05
2.695781404327135533e-05
2.694049544516019523e-05
2.692329326237086207e-05
2.690603650989942253e-05
2.688883432711008936e-05
2.687166670511942357e-05
2.685463005036581308e-05
2.683709499251563102e-05
2.682022568478714675e-05
2.680325633264146745e-05
2.678655619092751294e-05
2.676974690984934568e-05
2.675292307685595006e-05
2.673646304174326360e-05
2.672006121429149061e-05
2.670429967110976577e-05
2.668858724064193666e-05
2.667353874130640179e-05
2.665878491825424135e-05
2.664552812348119915e-05
2.663301165739540011e-05
2.662248880369588733e-05
2.661446887941565365e-05
2.660999780346173793e-05
2.661064354469999671e-05
2.661852340679615736e-05
2.663631130417343229e-05
2.666931868589017540e-05
2.672370283107738942e-05
2.680959732970222831e-05
2.694119393709115684e-05
2.713744652282912284e-05
2.742611832218244672e-05
2.784247772069647908e-05
2.842907633748836815e-05
2.922584098996594548e-05
3.025504884135443717e-05
3.147748793708160520e-05
3.275228664278984070e-05
3.378119436092674732e-05
3.418004416744224727e-05
3.362692586961202323e-05
3.217976700398139656e-05
3.034860856132581830e-05
2.891220901801716536e-05
2.841078821802511811e-05
2.885000139940530062e-05
2.969413799291942269e-05
3.017021481355186552e-05
2.971898538817185909e-05
2.841063178493641317e-05
2.694571230676956475e-05
2.613538890727795660e-05
2.628110814839601517e-05
2.703171412576921284e-05
2.771834260784089565e-05
2.783201853162609041e-05
2.733380460995249450e-05
2.661707367224153131e-05
2.616547681100200862e-05
2.617741665744688362e-05
2.647380097187124193e-05
2.670732283149845898e-05
2.665199826878961176e-05
2.634673728607594967e-05
2.602181120892055333e-05
2.588958705018740147e-05
2.598636638140305877e-05
2.617498284962493926e-05
2.627787762321531773e-05
2.620833583932835609e-05
2.601883898023515940e-05
2.583617242635227740e-05
2.575784674263559282e-05
2.578906060080043972e-05
2.585922447906341404e-05
2.588755705801304430e-05
2.584222602308727801e-05
2.575088910816702992e-05
2.567083538451697677e-05
2.564113310654647648e-05
2.565877002780325711e-05
2.568915260781068355e-05
2.569571552157867700e-05
2.566353578004054725e-05
2.560634129622485489e-05
2.555097125878091902e-05
2.551782381488010287e-05
2.550968929426744580e-05
2.551250508986413479e-05
2.550949648139066994e-05
2.549030250520445406e-05
2.545892857597209513e-05
2.542514448578003794e-05
2.539923843869473785e-05
2.538516127970069647e-05
2.537847467465326190e-05
2.537269756430760026e-05
2.536067040637135506e-05
2.534129089326597750e-05
2.531718200771138072e-05
2.529453013266902417e-05
2.527556898712646216e-05
2.526159551052842289e-05
2.524983210605569184e-05
2.523750481486786157e-05
2.522254362702369690e-05
2.520448288123589009e-05
2.518540713936090469e-05
2.516648964956402779e-05
2.514914558560121804e-05
2.513401886972133070e-05
2.512039645807817578e-05
2.510649937903508544e-05
2.509226760594174266e-05
2.507745921320747584e-05
2.506156852177809924e-05
2.504602343833539635e-05
2.503216819604858756e-05
2.501929157006088644e-05
2.500823757145553827e-05
2.499883157724980265e-05
2.499092624930199236e-05
2.498573849152307957e-05
2.498330650269053876e-05
2.498521098459605128e-05
2.499403126421384513e-05
2.501171547919511795e-05
2.504312760720495135e-05
2.509259684302378446e-05
2.516776112315710634e-05
2.527821743569802493e-05
2.543817208788823336e-05
2.566533112258184701e-05
2.598437822598498315e-05
2.642033177835401148e-05
2.700259210541844368e-05
2.774341555777937174e-05
2.863190638890955597e-05
2.958595905511174351e-05
3.044980257982388139e-05
3.095455031143501401e-05
3.083821502514183521e-05
2.994003443745896220e-05
2.841757304850034416e-05
2.670367030077613890e-05
2.534920531616080552e-05
2.470868639647960663e-05
2.480184048181399703e-05
2.536264764785300940e-05
2.600642437755595893e-05
2.640360071382019669e-05
2.638759360706899315e-05
2.600103289296384901e-05
2.543598202464636415e-05
2.492822386557236314e-05
2.463742566760629416e-05
2.459548522892873734e-05
2.472372761985752732e-05
2.489727012289222330e-05
2.500902155588846654e-05
2.500789196346886456e-05
2.490375482011586428e-05
2.474306711519602686e-05
2.458308881614357233e-05
2.446342114126309752e-05
2.439846139168366790e-05
2.438165392959490418e-05
2.439351737848483026e-05
2.441329161229077727e-05
2.442418372083920985e-05
2.441640026518143713e-05
2.438675255689304322e-05
2.433870395179837942e-05
2.427971230645198375e-05
2.422050238237716258e-05
2.417054929537698627e-05
2.413752918073441833e-05
2.412226058368105441e-05
2.412124376860447228e-05
2.412621142866555601e-05
2.412786125205457211e-05
2.411981949990149587e-05
2.409840635664295405e-05
2.406560452072881162e-05
2.402757854724768549e-05
2.399054937995970249e-05
2.395982664893381298e-05
2.393854265392292291e-05
2.392614624113775790e-05
2.391990710748359561e-05
2.391538328083697706e-05
2.390867666690610349e-05
2.389773544564377517e-05
2.388113534834701568e-05
2.386059350101277232e-05
2.383738137723412365e-05
2.381383455940522254e-05
2.379210491199046373e-05
2.377266719122417271e-05
2.375629992457106709e-05
2.374199175392277539e-05
2.372901326452847570e-05
2.371666778344660997e-05
2.370397305639926344e-05
2.369091453147120774e-05
2.367705019423738122e-05
2.366187254665419459e-05
2.364701686019543558e-05
2.363192106713540852e-05
2.361738734180107713e-05
2.360324469918850809e-05
2.359063728363253176e-05
2.357956873311195523e-05
2.357116318307816982e-05
2.356663571845274419e-05
2.356808363401796669e-05
2.357935773034114391e-05
2.360532562306616455e-05
2.365435466344933957e-05
2.374003452132456005e-05
2.388284883636515588e-05
2.411423156445380300e-05
2.448111445119138807e-05
2.504625808796845376e-05
2.588555980764795095e-05
2.705814767978154123e-05
2.854026570275891572e-05
3.010370892297942191e-05
3.120790279353968799e-05
3.111446130787953734e-05
2.940499325632117689e-05
2.662146653165109456e-05
2.416593270027078688e-05
2.325617424503434449e-05
2.399988079559989274e-05
2.545154711697250605e-05
2.637849502207245678e-05
2.607456735859159380e-05
2.480895818735007197e-05
2.355822653044015169e-05
2.316101199539843947e-05
2.365937143622431904e-05
2.440542448312044144e-05
2.468396996846422553e-05
2.427557228656951338e-05
2.355541619181167334e-05
2.309450974280480295e-05
2.315642814210150391e-05
2.353464878979139030e-05
2.381089689151849598e-05
2.373045390413608402e-05
2.337937257834710181e-05
2.305220368725713342e-05
2.297274295415263623e-05
2.312262768100481480e-05
2.330340430489741266e-05
2.333145494048949331e-05
2.318389488209504634e-05
2.298461731697898358e-05
2.287834831804502755e-05
2.290713746333494782e-05
2.299983862030785531e-05
2.304990448465105146e-05
2.300530650245491415e-05
2.289941221533808857e-05
2.280757507833186537e-05
2.278036663483362645e-05
2.280927037645597011e-05
2.284515358041971922e-05
2.284416586917359382e-05
2.279869295307435095e-05
2.273705285915639251e-05
2.269378637720365077e-05
2.268368734803516418e-05
2.269452670589089394e-05
2.270183540531434119e-05
2.268789648951496929e-05
2.265545663249213248e-05
2.261840199935249984e-05
2.259300345031078905e-05
2.258229505969211459e-05
2.258107633679173887e-05
2.257673804706428200e-05
2.256227162433788180e-05
2.253925413242541254e-05
2.251411569886840880e-05
2.249418503197375685e-05
2.248110286018345505e-05
2.247274460387416184e-05
2.246401527372654527e-05
2.245058385597076267e-05
2.243301423732191324e-05
2.241375841549597681e-05
2.239563218608964235e-05
2.238127308373805135e-05
2.236933141830377281e-05
2.235780993942171335e-05
2.234537168988026679e-05
2.233024679298978299e-05
2.231417420262005180e-05
2.229807432740926743e-05
2.228257471870165318e-05
2.226885408163070679e-05
2.225630487373564392e-05
2.224333547928836197e-05
2.222978218924254179e-05
2.221547583758365363e-05
2.220044370915275067e-05
2.218536974396556616e-05
2.217094879597425461e-05
2.215707900177221745e-05
2.214351479778997600e-05
2.213027437392156571e-05
2.211670107499230653e-05
2.210301863669883460e-05
2.208861587860155851e-05
2.207478428317699581e-05
2.206122917414177209e-05
2.204800512117799371e-05
2.203602525696624070e-05
2.202524228778202087e-05
2.201558891101740301e-05
2.200875860580708832e-05
2.200640483351889998e-05
2.201145798608195037e-05
2.202954419772140682e-05
2.206926365033723414e-05
2.214540472778026015e-05
2.228432094852905720e-05
2.252902959298808128e-05
2.295287595188710839e-05
2.367605156905483454e-05
2.488971040293108672e-05
2.686145489860791713e-05
2.991521978401578963e-05
3.419615313760004938e-05
3.926419230992905796e-05
4.325637564761564136e-05
4.325542977312579751e-05
3.735301652341149747e-05
2.837959618773311377e-05
2.240144749521277845e-05
2.293956822541076690e-05
2.767228033917490393e-05
3.116447260254062712e-05
2.987419611599761993e-05
2.523735201975796372e-05
2.198844595113769174e-05
2.273844256706070155e-05
2.553621197876054794e-05
2.669895911822095513e-05
2.494043292244896293e-05
2.242880327685270458e-05
2.181108902732376009e-05
2.314765151822939515e-05
2.432859037071466446e-05
2.384087747486773878e-05
2.238077649963088334e-05
2.164545730920508504e-05
2.218078952864743769e-05
2.297062746947631240e-05
2.291578675794880837e-05
2.212783692812081426e-05
2.156204209313727915e-05
2.173964639951009303e-05
2.221667637058999389e-05
2.229152960353530943e-05
2.187496284022927284e-05
2.147571467503439635e-05
2.149485408153850585e-05
2.177239366574212909e-05
2.188157304772175848e-05
2.167349339288193733e-05
2.139812022505793720e-05
2.134212081728037447e-05
2.149024658137932420e-05
2.159809810109436512e-05
2.151388071069959551e-05
2.133183261321391910e-05
2.124321144947316498e-05
2.130141001543961465e-05
2.138782838301267475e-05
2.137528281309641898e-05
2.126986873918212950e-05
2.117903386533726007e-05
2.117610893037635833e-05
2.122628393408376724e-05
2.124482489307411015e-05
2.119803139066789299e-05
2.112860966008156538e-05
2.109479100909084082e-05
2.110755667672492564e-05
2.112691799993626773e-05
2.111449975927826017e-05
2.107329419231973588e-05
2.103496262861881405e-05
2.102216058119665831e-05
2.102768667100463063e-05
2.102691541949752718e-05
2.100685014738701284e-05
2.097755714203231037e-05
2.095543277391698211e-05
2.094745650538243353e-05
2.094421688525471836e-05
2.093450166285037994e-05
2.091571150231175125e-05
2.089436929963994771e-05
2.087906977976672351e-05
2.086963831970933825e-05
2.086188760586082935e-05
2.084951302094850689e-05
2.083263098029419780e-05
2.081597267533652484e-05
2.080264857795555145e-05
2.079220757877919823e-05
2.078201760014053434e-05
2.076908094750251621e-05
2.075417432934045792e-05
2.073928226309362799e-05
2.072609277092851698e-05
2.071504422929137945e-05
2.070398295472841710e-05
2.069108450086787343e-05
2.067711830022744834e-05
2.066299566649831831e-05
2.065036642306949943e-05
2.063826104858890176e-05
2.062666499114129692e-05
2.061402483377605677e-05
2.060096630884800106e-05
2.058736390608828515e-05
2.057450183201581240e-05
2.056245102721732110e-05
2.055036566162016243e-05
2.053804928436875343e-05
2.052526178886182606e-05
2.051214687526226044e-05
2.049952490779105574e-05
2.048705391644034535e-05
2.047443740593735129e-05
2.046257395704742521e-05
2.044986831606365740e-05
2.043712265731301159e-05
2.042412234004586935e-05
2.041183506662491709e-05
2.039934224740136415e-05
2.038713682850357145e-05
2.037441117863636464e-05
2.036173827946186066e-05
2.034908175119198859e-05
2.033683813351672143e-05
2.032442716881632805e-05
2.031197254837024957e-05
2.029958704952150583e-05
2.028703966061584651e-05
2.027472146437503397e-05
2.026188849413301796e-05
2.024952300416771322e-05
2.023709203058388084e-05
2.022447006311267614e-05
2.021237742155790329e-05
2.019987005041912198e-05
2.018748273258097470e-05
2.017503538809251040e-05
2.016273901972454041e-05
2.015032441704533994e-05
2.013779158005490899e-05
2.012546974583528936e-05
2.011333890550304204e-05
2.010081880143843591e-05
2.008845149248372763e-05
2.007638795475941151e-05
2.006386603170540184e-05
2.005154783546458930e-05
2.003941881412174553e-05
2.002735527639742941e-05
2.001540815399494022e-05
2.000386302825063467e-05
1.999245068873278797e-05
1.998160951188765466e-05
1.997151775867678225e-05
1.996309765672776848e-05
1.995674392674118280e-05
1.995423190237488598e-05
1.995849561353679746e-05
1.997220169869251549e-05
2.000306449190247804e-05
2.006241811614017934e-05
2.016863072640262544e-05
2.035191573668271303e-05
2.066298475256189704e-05
2.117788972100242972e-05
2.200815106334630400e-05
2.328857226530089974e-05
2.511828279239125550e-05
2.740304807957727462e-05
2.958290315291378647e-05
3.051598469028249383e-05
2.903756467276252806e-05
2.533227052481379360e-05
2.148507519450504333e-05
1.985313610930461437e-05
2.090058842441067100e-05
2.302163557033054531e-05
2.408810905762948096e-05
2.316006066394038498e-05
2.118807060469407588e-05
1.995949423871934414e-05
2.026506444963160902e-05
2.131381552317179739e-05
2.178564500354696065e-05
2.118860538757871836e-05
2.020102328970097005e-05
1.978765794774517417e-05
2.014943129324819893e-05
2.065862281597219408e-05
2.065814260276965797e-05
2.014604797295760363e-05
1.967100979527458549e-05
1.965911724255420268e-05
1.998296647798269987e-05
2.018867235165089369e-05
2.002259680011775345e-05
1.966123636520933360e-05
1.946031807165127248e-05
1.955548214027658105e-05
1.976359817490447313e-05
1.982149115065112710e-05
1.966425770660862327e-05
1.945458279806189239e-05
1.937710476340726018e-05
1.945265103131532669e-05
1.955177685886155814e-05
1.955050720425788313e-05
1.945041367434896529e-05
1.934788997459691018e-05
1.932266968651674688e-05
1.936124317580834031e-05
1.939196590683422983e-05
1.936789158207830042e-05
1.930620783241465688e-05
1.925876131281256676e-05
1.925358810694888234e-05
1.927270932355895638e-05
1.927764969877898693e-05
1.925077231135219336e-05
1.920818613143637776e-05
1.917870031320489943e-05
1.917414920171722770e-05
1.918176531034987420e-05
1.918029010994359851e-05
1.916096152854152024e-05
1.913183950819075108e-05
1.910896207846235484e-05
1.909937236632686108e-05
1.909732054627966136e-05
1.909238017105963081e-05
1.907851947180461138e-05
1.905946737679187208e-05
1.904169766930863261e-05
1.902993244584649801e-05
1.902247822727076709e-05
1.901450741570442915e-05
1.900228380691260099e-05
1.898722621263004839e-05
1.897217225632630289e-05
1.896001049317419529e-05
1.895063905976712704e-05
1.894189881568308920e-05
1.893079388537444174e-05
1.891758438432589173e-05
1.890390740300063044e-05
1.889124723675195128e-05
1.888034967123530805e-05
1.887045982584822923e-05
1.885997880890499800e-05
1.884852099465206265e-05
1.883592813101131469e-05
1.882352626125793904e-05
1.881206299003679305e-05
1.880099262052681297e-05
1.879028604889754206e-05
1.877892464108299464e-05
1.876752139651216567e-05
1.875589441624470055e-05
1.874447843874804676e-05
1.873297151178121567e-05
1.872187385743018240e-05
1.871101085271220654e-05
1.869965853984467685e-05
1.868840990937314928e-05
1.867693754320498556e-05
1.866507409431505948e-05
1.865424383140634745e-05
1.864299883891362697e-05
1.863185752881690860e-05
1.862087447079829872e-05
1.860931115515995771e-05
1.859809890447650105e-05
1.858659743447788060e-05
1.857556708273477852e-05
1.856443486758507788e-05
1.855312621046323329e-05
1.854209040175192058e-05
1.853069079515989870e-05
1.851928209362085909e-05
1.850835360528435558e-05
1.849710133683402091e-05
1.848592364694923162e-05
1.847487328632269055e-05
1.846368468250147998e-05
1.845247243181802332e-05
1.844154212449211627e-05
1.843053360062185675e-05
1.841941048041917384e-05
1.840837285271845758e-05
1.839736432884819806e-05
1.838642310758586973e-05
1.837577474361751229e-05
1.836533556343056262e-05
1.835501825553365052e-05
1.834499380493070930e-05
1.833595160860568285e-05
1.832792077038902789e-05
1.832106136134825647e-05
1.831687768572010100e-05
1.831597364798653871e-05
1.832125053624622524e-05
1.833529677242040634e-05
1.836383489717263728e-05
1.841471021180041134e-05
1.850157423177734017e-05
1.864511614257935435e-05
1.887847429316025227e-05
1.925051401485688984e-05
1.983126458071637899e-05
2.070819209620822221e-05
2.196401146647986025e-05
2.361054612265434116e-05
2.545214192650746554e-05
2.694042996154166758e-05
2.721456075960304588e-05
2.564163150964304805e-05
2.262157249788288027e-05
1.970028642972465605e-05
1.842812162067275494e-05
1.911913932417519391e-05
2.075063639495056123e-05
2.183581091230735183e-05
2.147105260519310832e-05
1.995626007555983961e-05
1.849051295721437782e-05
1.808173510653432459e-05
1.872238681244198233e-05
1.956938103830907494e-05
1.977940519282128662e-05
1.919560418173205107e-05
1.837553827499505132e-05
1.799671554181259125e-05
1.823728052841033787e-05
1.871140921139158309e-05
1.890692146844230592e-05
1.864880323410034180e-05
1.819322642404586077e-05
1.792750481399707496e-05
1.800264180928934366e-05
1.824497121560852975e-05
1.837021773098967969e-05
1.825193248805589974e-05
1.800212703528814018e-05
1.782991421350743622e-05
1.784056257747579366e-05
1.796465767256449908e-05
1.805114334274549037e-05
1.801116377464495599e-05
1.788257759471889585e-05
1.777168472472112626e-05
1.774992779246531427e-05
1.780238380888476968e-05
1.785613312677014619e-05
1.785242056939750910e-05
1.779189369699452072e-05
1.772151335899252445e-05
1.768677793734241277e-05
1.769621849234681576e-05
1.772230643837247044e-05
1.772960058588068932e-05
1.770584822224918753e-05
1.766515742929186672e-05
1.763275395205710083e-05
1.762257306836545467e-05
1.762992724252399057e-05
1.763714317348785698e-05
1.763169166224543005e-05
1.761342537065502256e-05
1.759268707246519625e-05
1.758050348144024611e-05
1.758185135258827358e-05
1.759103543008677661e-05
1.760215673130005598e-05
1.761022940627299249e-05
1.761864405125379562e-05
1.763557702361140400e-05
1.766867353580892086e-05
1.772381983755622059e-05
1.780400089046452194e-05
1.791511203919071704e-05
1.806521322578191757e-05
1.827071901061572134e-05
1.855332266131881624e-05
1.893910120998043567e-05
1.945139410963747650e-05
2.011010110436473042e-05
2.090934140142053366e-05
2.181618219765368849e-05
2.271800076414365321e-05
2.344549830013420433e-05
2.373902316321618855e-05
2.339587081223726273e-05
2.232996848761104047e-05
2.075722841254901141e-05
1.910207538458053023e-05
1.785129279596731067e-05
1.729897121549583972e-05
1.744567816786002368e-05
1.804262137738987803e-05
1.872998109320178628e-05
1.918581256177276373e-05
1.922358751471620053e-05
1.885198435047641397e-05
1.824154423957224935e-05
1.764311491569969803e-05
1.726397022139281034e-05
1.718417661322746426e-05
1.734751822368707508e-05
1.761481144058052450e-05
1.783493098628241569e-05
1.790744681784417480e-05
1.781126229616347700e-05
1.759719089022837579e-05
1.735519072099123150e-05
1.716917176963761449e-05
1.708527088339906186e-05
1.710232390905730426e-05
1.718157909635920078e-05
1.726994560158345848e-05
1.732265991449821740e-05
1.731840893626213074e-05
1.725984475342556834e-05
1.717113264021463692e-05
1.708027230051811785e-05
1.701277142274193466e-05
1.697959487501066178e-05
1.697857442195527256e-05
1.699775384622626007e-05
1.702076588117051870e-05
1.703500856820028275e-05
1.703223097138106823e-05
1.701211112958844751e-05
1.698042979114688933e-05
1.694392085482832044e-05
1.691020952421240509e-05
1.688397787802387029e-05
1.686738323769532144e-05
1.685926690697669983e-05
1.685674760665278882e-05
1.685634197201579809e-05
1.685467395873274654e-05
1.684958624537102878e-05
1.684043854766059667e-05
1.682714719208888710e-05
1.681115463725291193e-05
1.679394881648477167e-05
1.677713407843839377e-05
1.676159445196390152e-05
1.674816485319752246e-05
1.673675797064788640e-05
1.672735015745274723e-05
1.671879726927727461e-05
1.671077552600763738e-05
1.670287747401744127e-05
1.669497214606963098e-05
1.668609729676973075e-05
1.667695141804870218e-05
1.666677235334645957e-05
1.665629679337143898e-05
1.664543378865346313e-05
1.663411785557400435e-05
1.662288195802830160e-05
1.661205897107720375e-05
1.660086127230897546e-05
1.659018016653135419e-05
1.657978646107949317e-05
1.656960375839844346e-05
1.655933010624721646e-05
1.654954394325613976e-05
1.653991603234317154e-05
1.653026083658915013e-05
1.652055107115302235e-05
1.651092134125065058e-05
1.650138619879726321e-05
1.649196019570808858e-05
1.648251418373547494e-05
1.647335375309921801e-05
1.646380042075179517e-05
1.645416523388121277e-05
1.644484655116684735e-05
1.643554060137830675e-05
1.642608003749046475e-05
1.641708149691112339e-05
1.640799928281921893e-05
1.639922447793651372e-05
1.639031506783794612e-05
1.638173671381082386e-05
1.637376590224448591e-05
1.636591878195758909e-05
1.635886110307183117e-05
1.635243461350910366e-05
1.634717773413285613e-05
1.634334148548077792e-05
1.634173713682685047e-05
1.634303953323978931e-05
1.634803811612073332e-05
1.635911576158832759e-05
1.637789500819053501e-05
1.640824848436750472e-05
1.645502015890087932e-05
1.652596438361797482e-05
1.663007788010872900e-05
1.678293301665689796e-05
1.700463144516106695e-05
1.732356577122118324e-05
1.777586840034928173e-05
1.840672302932944149e-05
1.925694232340902090e-05
2.035642501141410321e-05
2.167149796150624752e-05
2.307728209416382015e-05
2.427237814117688686e-05
2.484933793311938643e-05
2.437652619846630841e-05
2.278078136441763490e-05
2.047142334049567580e-05
1.830016481108032167e-05
1.703771704342216253e-05
1.696516301308292896e-05
1.776356475602369756e-05
1.875295311037916690e-05
1.925565265992190689e-05
1.893013359222095460e-05
1.794177296687848866e-05
1.683646223682444543e-05
1.617347516003064811e-05
1.617666930542327464e-05
1.665531453909352422e-05
1.719186911941505969e-05
1.741600499371998012e-05
1.720422369544394314e-05
1.671310928941238672e-05
1.624208016437478364e-05
1.602643897058442235e-05
1.610397703188937157e-05
1.633086503716185689e-05
1.650618287385441363e-05
1.650223202886991203e-05
1.632671956031117588e-05
1.609282298886682838e-05
1.592986336618196219e-05
1.590302781551145017e-05
1.598494964127894491e-05
1.609286482562310994e-05
1.614360735402442515e-05
1.610436265764292330e-05
1.599953247932717204e-05
1.588700797583442181e-05
1.581820288265589625e-05
1.581139076733961701e-05
1.584722122061066329e-05
1.588788836670573801e-05
1.590109241078607738e-05
1.587434962857514620e-05
1.582106779096648097e-05
1.576491376908961684e-05
1.572690416651312262e-05
1.571600841998588294e-05
1.572565633978229016e-05
1.574116504343692213e-05
1.574768612044863403e-05
1.573835106682963669e-05
1.571556094859261066e-05
1.568703191878739744e-05
1.566233731864485890e-05
1.564620106364600360e-05
1.563978548801969737e-05
1.563951263960916549e-05
1.563913428981322795e-05
1.563480509503278881e-05
1.562533543619792908e-05
1.561090903123840690e-05
1.559537486173212528e-05
1.558153053338173777e-05
1.557095492898952216e-05
1.556390816404018551e-05
1.555906237626913935e-05
1.555602830194402486e-05
1.555202470626682043e-05
1.554694426886271685e-05
1.554176560603082180e-05
1.553706169943325222e-05
1.553457514091860503e-05
1.553560468892101198e-05
1.554248046886641532e-05
1.555604831082746387e-05
1.557871473778504878e-05
1.561266981298103929e-05
1.566257924423553050e-05
1.573358167661353946e-05
1.583480479894205928e-05
1.597789560037199408e-05
1.617877023818437010e-05
1.645706106501165777e-05
1.683406480879057199e-05
1.733142744342330843e-05
1.795660682546440512e-05
1.869346669991500676e-05
1.946871816471684724e-05
2.014262463490013033e-05
2.050227521976921707e-05
2.034038698184303939e-05
1.955981679202523082e-05
1.830911605793517083e-05
1.695029277470894158e-05
1.590788997418712825e-05
1.543914731882978231e-05
1.553649053676053882e-05
1.597801019670441747e-05
1.646319833525922149e-05
1.674493432801682502e-05
1.671152494964189827e-05
1.640966911509167403e-05
1.599549250386189669e-05
1.564407466503325850e-05
1.545967097626999021e-05
1.544642691442277282e-05
1.553124275233130902e-05
1.561922181281261146e-05
1.564531521580647677e-05
1.559581141918897629e-05
1.550162778585217893e-05
1.540886660222895443e-05
1.535015871922951192e-05
1.533074282633606344e-05
1.533246177132241428e-05
1.532829082862008363e-05
1.530079680378548801e-05
1.525067455077078193e-05
1.519170109531842172e-05
1.514413270342629403e-05
1.512180733698187396e-05
1.512553899374324828e-05
1.514444193162489682e-05
1.516190877737244591e-05
1.516400607215473428e-05
1.514452287665335461e-05
1.510667516413377598e-05
1.506091211922466755e-05
1.501902897871332243e-05
1.499024347140220925e-05
1.497793346061371267e-05
1.497948505857493728e-05
1.498762048868229613e-05
1.499532299931161106e-05
1.499673908256227151e-05
1.498928850196534768e-05
1.497397352068219334e-05
1.495369451731676236e-05
1.493267973273759708e-05
1.491377588536124676e-05
1.489904025220312178e-05
1.488857651565922424e-05
1.488088946643983945e-05
1.487460485805058852e-05
1.486856490373611450e-05
1.486146629758877680e-05
1.485273787693586200e-05
1.484339372836984694e-05
1.483274172642268240e-05
1.482320749346399680e-05
1.481392519053770229e-05
1.480525043007219210e-05
1.479753063904354349e-05
1.479070670029614121e-05
1.478391823184210807e-05
1.477746081945952028e-05
1.477090063417563215e-05
1.476460511184995994e-05
1.475867884437320754e-05
1.475340650358702987e-05
1.474993496231036261e-05
1.474933287681778893e-05
1.475317094445927069e-05
1.476328088756417856e-05
1.478314879932440817e-05
1.481750405218917876e-05
1.487421468482352793e-05
1.496452205174136907e-05
1.510497440904146060e-05
1.532176975160837173e-05
1.565097409184090793e-05
1.614159918972291052e-05
1.685208735580090433e-05
1.783376137609593570e-05
1.909095226437784731e-05
2.050406874332111329e-05
2.174377914343494922e-05
2.227124969067517668e-05
2.157584640372078866e-05
1.964160219358745962e-05
1.721191983961034566e-05
1.541150049888528883e-05
1.494945172453299165e-05
1.567676372360438108e-05
1.680028981354553252e-05
1.743913708196487278e-05
1.714732388791162521e-05
1.615215660422109067e-05
1.513275674369651824e-05
1.467929450882365927e-05
1.488550606154603884e-05
1.538397918920964003e-05
1.569811865920200944e-05
1.558879193908069283e-05
1.516819884272990748e-05
1.474691180192166939e-05
1.457245798519579694e-05
1.466873800382018089e-05
1.487511326558887959e-05
1.499723202869063243e-05
1.494415755587397143e-05
1.476144734624540433e-05
1.457214693800779060e-05
1.447824251954443753e-05
1.450058425689348951e-05
1.458347287552896887e-05
1.464277283957926556e-05
1.462430827814387158e-05
1.453451295674312860e-05
1.442699158360483125e-05
1.436190723325125873e-05
1.436383809050312266e-05
1.440881078451639041e-05
1.444684494344983250e-05
1.443987184757133946e-05
1.438704020984005183e-05
1.432028784620342776e-05
1.427803817932726815e-05
1.427671759302029386e-05
1.430202064511831850e-05
1.432373301213374361e-05
1.432034332538023591e-05
1.429133044439367950e-05
1.425490700057707727e-05
1.423168669134611264e-05
1.423045887349871919e-05
1.424409856554120779e-05
1.425948084943229333e-05
1.426644848834257573e-05
1.426565449946792796e-05
1.426497601642040536e-05
1.427510687790345401e-05
1.430348493158817291e-05
1.435214107914362103e-05
1.442217580915894359e-05
1.451732532586902380e-05
1.464717570343054831e-05
1.482643983763409778e-05
1.507803699496435001e-05
1.542658901598770171e-05
1.590432293596677482e-05
1.653656363487243652e-05
1.734656325425021350e-05
1.831775989558082074e-05
1.938962850545067340e-05
2.038822640315629542e-05
2.106869942508637905e-05
2.109802335326094180e-05
2.028733615588862449e-05
1.868564868345856667e-05
1.673653059697244316e-05
1.504869305790634826e-05
1.411966422892874107e-05
1.408028128935256973e-05
1.469562721467809752e-05
1.552928915771190077e-05
1.614453867659904063e-05
1.627015262783970684e-05
1.587442056916188449e-05
1.516407337476266548e-05
1.445461930416058749e-05
1.401623376295901835e-05
1.395085200783796608e-05
1.417917519574984908e-05
1.451367916160961613e-05
1.476014494983246550e-05
1.480308128520846367e-05
1.463497756049036980e-05
1.434598834748612717e-05
1.406282262905733660e-05
1.388797409163089469e-05
1.385902396577876061e-05
1.394485116179566830e-05
1.407414310961030424e-05
1.417198654962703586e-05
1.419243835698580369e-05
1.412990150129189715e-05
1.401557165081612766e-05
1.389471162838162854e-05
1.380855792376678437e-05
1.377596618112875149e-05
1.379226432618452236e-05
1.383447852276731282e-05
1.387583597534103319e-05
1.389520639349939302e-05
1.388388955092523247e-05
1.384694587613921613e-05
1.379728018946480006e-05
1.375008559989510104e-05
1.371667622152017429e-05
1.370127847621915862e-05
1.370174231851706281e-05
1.371066719002556056e-05
1.372039241687161848e-05
1.372442966385278851e-05
1.371970029140356928e-05
1.370587506244191900e-05
1.368652283417759463e-05
1.366551896353485063e-05
1.364583567919908091e-05
1.363014780508819968e-05
1.361953218292910606e-05
1.361334761895705014e-05
1.361016711598495021e-05
1.360773512715240940e-05
1.360507121717091650e-05
1.360050464427331463e-05
1.359350062557496130e-05
1.358425106445793062e-05
1.357392102363519371e-05
1.356260963802924380e-05
1.355143922410206869e-05
1.354102914774557576e-05
1.353153493255376816e-05
1.352290928480215371e-05
1.351566243101842701e-05
1.350885577267035842e-05
1.350258935417514294e-05
1.349681588180828840e-05
1.349022386420983821e-05
1.348377281829016283e-05
1.347687793895602226e-05
1.346996486972784624e-05
1.346223234577337280e-05
1.345452710665995255e-05
1.344680913462070748e-05
1.343921667285030708e-05
1.343190706393215805e-05
1.342489395028678700e-05
1.341825736744794995e-05
1.341253846476320177e-05
1.340772996627492830e-05
1.340437756880419329e-05
1.340372455160832033e-05
1.340600010735215619e-05
1.341416373179527000e-05
1.343058556813048199e-05
1.346004773949971423e-05
1.351041737507330254e-05
1.359284578938968480e-05
1.372632505081128329e-05
1.393946877215057611e-05
1.427486768079688773e-05
1.479226921219378710e-05
1.556903953314758837e-05
1.667890865064691752e-05
1.814159440982621163e-05
1.980967135750688612e-05
2.123804370057769120e-05
2.167478669434785843e-05
2.047284760919865221e-05
1.779890772013459355e-05
1.492056890128878877e-05
1.335020169790368527e-05
1.364385479973861948e-05
1.508799687144346535e-05
1.636172783037181944e-05
1.646126474952325225e-05
1.534801231173332781e-05
1.392214562656590715e-05
1.321952004218474030e-05
1.354628147964831442e-05
1.435495414625620469e-05
1.482638435845728964e-05
1.455952588003128767e-05
1.382378650305327028e-05
1.324119875789619982e-05
1.320276533078867942e-05
1.358220470137894154e-05
1.393715228914516047e-05
1.393234560964629054e-05
1.359442103421315551e-05
1.322598745900904760e-05
1.310319385083857924e-05
1.324763434240594506e-05
1.345964665233623236e-05
1.352420895273098722e-05
1.339049867965513840e-05
1.318299018748803064e-05
1.306389003730146214e-05
1.309386698267189786e-05
1.320152750849956647e-05
1.326852725469507277e-05
1.323259948549093679e-05
1.312704262090846896e-05
1.303473345615202561e-05
1.301371412409935147e-05
1.305433306697523221e-05
1.310240259044803679e-05
1.310844163526780903e-05
1.306576632487121969e-05
1.300691656069830060e-05
1.297027574764797464e-05
1.297073777095647529e-05
1.299236464546993375e-05
1.300729945796774700e-05
1.299773430218920112e-05
1.296861410082783550e-05
1.293761306442320347e-05
1.292062370339408517e-05
1.292097931582247838e-05
1.292845354328164831e-05
1.293053628614870831e-05
1.292064825975103304e-05
1.290273394261021167e-05
1.288426028622779995e-05
1.287300074181985110e-05
1.286942369915777817e-05
1.286933002120349556e-05
1.286702990910271183e-05
1.285947746509918943e-05
1.284762220166157931e-05
1.283508572669234127e-05
1.282552966586081311e-05
1.281950517295626923e-05
1.281594359170412645e-05
1.281216827919706702e-05
1.280599099118262529e-05
1.279786738450638950e-05
1.278886429645353928e-05
1.278082527278456837e-05
1.277505270991241559e-05
1.277109549846500158e-05
1.276882449019467458e-05
1.276699913432821631e-05
1.276660623261705041e-05
1.276955845241900533e-05
1.277800038224086165e-05
1.279619937122333795e-05
1.283035635424312204e-05
1.288893327000550926e-05
1.298632105317665264e-05
1.314600376645103097e-05
1.340661947324406356e-05
1.382783375447615981e-05
1.450509716960368678e-05
1.557299583510030061e-05
1.721550688671413809e-05
1.960735789907630533e-05
2.282035165990237147e-05
2.646530265337787569e-05
2.947780194517690688e-05
2.995600698341149837e-05
2.664310886757448316e-05
2.044643588305916637e-05
1.485723714722553268e-05
1.298262850468745455e-05
1.497456014476483688e-05
1.823394995881244540e-05
1.966115632967557758e-05
1.805135980248451233e-05
1.490609702159417793e-05
1.294965841225348413e-05
1.343178882962092757e-05
1.522078764537582174e-05
1.622446870896965265e-05
1.541791425552219152e-05
1.366855212836526334e-05
1.262776640942320228e-05
1.301122210861649364e-05
1.406143201165832579e-05
1.453335426049306989e-05
1.396551215293584391e-05
1.298625102208461612e-05
1.252167839993489906e-05
1.283215078728972003e-05
1.338746733381412923e-05
1.353531843051314354e-05
1.314926794293569401e-05
1.265282207896234468e-05
1.249833530891919509e-05
1.272047302336432040e-05
1.298564075113972649e-05
1.298682036576792598e-05
1.273462476092390716e-05
1.248503940587397665e-05
1.244625946128508076e-05
1.258792508451733738e-05
1.271715245820814744e-05
1.269140557269565761e-05
1.254286144103389233e-05
1.241332938661798835e-05
1.239950870512984693e-05
1.247314503416419029e-05
1.253273603651905432e-05
1.251058438356267288e-05
1.242960479430621490e-05
1.236207208421546966e-05
1.235514446307206526e-05
1.239108041772851720e-05
1.241891186509747058e-05
1.240389428858179599e-05
1.235774197994032875e-05
1.231647456734208390e-05
1.230629095516633242e-05
1.232139675266807899e-05
1.233553120982833207e-05
1.232947761309333146e-05
1.230462021339917555e-05
1.227855227625695989e-05
1.226640688400948420e-05
1.226877157023409382e-05
1.227424127137055621e-05
1.227116081281565130e-05
1.225694541062694043e-05
1.223921663040528074e-05
1.222702667291741818e-05
1.222296850755810738e-05
1.222331866301828995e-05
1.222143782797502354e-05
1.221375532622914761e-05
1.220186277350876480e-05
1.219068690261337906e-05
1.218318811879726127e-05
1.217963290400803089e-05
1.217657336383126676e-05
1.217135832121130079e-05
1.216320379171520472e-05
1.215408701682463288e-05
1.214581243402790278e-05
1.213976520375581458e-05
1.213484119944041595e-05
1.213010727951768786e-05
1.212430925079388544e-05
1.211745802720542997e-05
1.210965911013772711e-05
1.210264417750295252e-05
1.209652873512823135e-05
1.209105266752885655e-05
1.208551020681625232e-05
1.207956029247725382e-05
1.207323748531052843e-05
1.206619526783470064e-05
1.205955413752235472e-05
1.205317403218941763e-05
1.204726777359610423e-05
1.204152158607030287e-05
1.203568990604253486e-05
1.202942712552612647e-05
1.202313342218985781e-05
1.201654049509670585e-05
1.201021586894057691e-05
1.200421502289827913e-05
1.199829239340033382e-05
1.199251801153877750e-05
1.198632708110380918e-05
1.198014069814234972e-05
1.197401616082061082e-05
1.196761604660423473e-05
1.196144967252621427e-05
1.195527238451177254e-05
1.194934884551912546e-05
1.194340256915893406e-05
1.193725529446965083e-05
1.193143179989419878e-05
1.192525360238505527e-05
1.191921819554409012e-05
1.191314549942035228e-05
1.190697003039531410e-05
1.190119382954435423e-05
1.189540307677816600e-05
1.188973419630201533e-05
1.188399073726031929e-05
1.187842190120136365e-05
1.187306497740792111e-05
1.186841836897656322e-05
1.186415738629875705e-05
1.186069221148500219e-05
1.185849851026432589e-05
1.185831661132397130e-05
1.186115423479350284e-05
1.186854751722421497e-05
1.188284841191489249e-05
1.190782040794147179e-05
1.194984361063688993e-05
1.201829218189232051e-05
1.212769257108448073e-05
1.230116413353243843e-05
1.257189614989329129e-05
1.299117320741061121e-05
1.362620969302952290e-05
1.455595793231623247e-05
1.584342135174665600e-05
1.746387715684249997e-05
1.918244197440799326e-05
2.044374377874191850e-05
2.047015368589200079e-05
1.878391776699572802e-05
1.586545840837061405e-05
1.313266147917602211e-05
1.191664796351687983e-05
1.245545445272000507e-05
1.387216252624057233e-05
1.491712646384257823e-05
1.480475566495442763e-05
1.369062829326139763e-05
1.246575448021758348e-05
1.196602443087613210e-05
1.231377063959371299e-05
1.295253514399519190e-05
1.321259242104133591e-05
1.286152291868347675e-05
1.222188893734710291e-05
1.181451625598128885e-05
1.188376882055308670e-05
1.223731578647857532e-05
1.248176795343169942e-05
1.237961623701266944e-05
1.202053135784808546e-05
1.169702136394334957e-05
1.162975877377903089e-05
1.179770151793491095e-05
1.199936014018021524e-05
1.204611453431425616e-05
1.190709735965356231e-05
1.170426548924297094e-05
1.158732902695192024e-05
1.160824467660859227e-05
1.170309951703529805e-05
1.176552450488088652e-05
1.173885993921430781e-05
1.165011963166762143e-05
1.157028691523009911e-05
1.154897472588345408e-05
1.158048326033167541e-05
1.161909403890604153e-05
1.162201897386694327e-05
1.158261147793382406e-05
1.152864479081472382e-05
1.149428135249763727e-05
1.149440777226118371e-05
1.151615924754878506e-05
1.153337143477983773e-05
1.152897220890736207e-05
1.150348634837428108e-05
1.147285274782916531e-05
1.145326041296357289e-05
1.144967882282799110e-05
1.145589249063050374e-05
1.146004342444939539e-05
1.145466740126721561e-05
1.144069665315328166e-05
1.142447672464186326e-05
1.141306893259752542e-05
1.140857148129725829e-05
1.140845961344894022e-05
1.140780841524247080e-05
1.140283984568668529e-05
1.139316373155452311e-05
1.138166680902941152e-05
1.137176241172710434e-05
1.136540140578290448e-05
1.136186256189830601e-05
1.135913043981418014e-05
1.135498678195290267e-05
1.134872763941530138e-05
1.134107151301577687e-05
1.133324803959112614e-05
1.132631405198480934e-05
1.132094530476024374e-05
1.131640692619839683e-05
1.131204862758750096e-05
1.130667260440532118e-05
1.130024429585319012e-05
1.129341853811638430e-05
1.128699568653246388e-05
1.128087751567363739e-05
1.127534596889745444e-05
1.127018822444370016e-05
1.126509869209257886e-05
1.125970175053225830e-05
1.125365906773367897e-05
1.124799291574163362e-05
1.124185837397817522e-05
1.123627953347750008e-05
1.123064430430531502e-05
1.122503635997418314e-05
1.121958939620526507e-05
1.121424520533764735e-05
1.120878641813760623e-05
1.120303113566478714e-05
1.119734588428400457e-05
1.119148964789928868e-05
1.118605177907738835e-05
1.118045565817737952e-05
1.117483589041512460e-05
1.116935709433164448e-05
1.116393104894086719e-05
1.115873146773083135e-05
1.115307895815931261e-05
1.114769747800892219e-05
1.114202223106985912e-05
1.113659891416318715e-05
1.113150483433855698e-05
1.112615518650272861e-05
1.112095833377679810e-05
1.111627079808386043e-05
1.111138499254593626e-05
1.110672110371524468e-05
1.110251832869835198e-05
1.109894765249919146e-05
1.109605818783165887e-05
1.109431832446716726e-05
1.109417553379898891e-05
1.109662844100967050e-05
1.110279299609828740e-05
1.111431993194855750e-05
1.113403232011478394e-05
1.116608473239466548e-05
1.121699642681051046e-05
1.129632710217265412e-05
1.141934808401856571e-05
1.160831106972182170e-05
1.189821887237485498e-05
1.233852253790246323e-05
1.300159965467173606e-05
1.397649884893326089e-05
1.537246862426400185e-05
1.725190668366849422e-05
1.958044413186144084e-05
2.200189010181929916e-05
2.381870399403851479e-05
2.394937109784223139e-05
2.176806083298288286e-05
1.772223185980692506e-05
1.363906994811259210e-05
1.141651409852784127e-05
1.171135227195918560e-05
1.362241800961783156e-05
1.547518695588223636e-05
1.591884029039647430e-05
1.468490609113359824e-05
1.272376903216354549e-05
1.136720402428181842e-05
1.130701548390788957e-05
1.217828139488119632e-05
1.302743112319149077e-05
1.311417872784659266e-05
1.240892106579849496e-05
1.150929256255039945e-05
1.106058607547311112e-05
1.124462687585037202e-05
1.172539759863866493e-05
1.200700171466451138e-05
1.184747907245764509e-05
1.139813502959441394e-05
1.101730958907864988e-05
1.094799699785653502e-05
1.114930546464165673e-05
1.138113384513417259e-05
1.142493601946625859e-05
1.124720802181400359e-05
1.099168184737209231e-05
1.083890219888417050e-05
1.086268002836732194e-05
1.099467499443562701e-05
1.110058019548887387e-05
1.109052391257137060e-05
1.097600397770293057e-05
1.084228733816416934e-05
1.077449542208341882e-05
1.079614594345912337e-05
1.086423890228616074e-05
1.091324793378589675e-05
1.090362457034643739e-05
1.084482482838211581e-05
1.077832894225139171e-05
1.074202100426191464e-05
1.074703050107927993e-05
1.077422984963050112e-05
1.079480080079520121e-05
1.079072717402596027e-05
1.076413354894611984e-05
1.073168277798686177e-05
1.071046426659449935e-05
1.070730559149524197e-05
1.071592851076275110e-05
1.072413488145684823e-05
1.072328541340539232e-05
1.071185397449880838e-05
1.069606059900252149e-05
1.068378333002328873e-05
1.068021629180293530e-05
1.068489200406474993e-05
1.069395148078911006e-05
1.070267080649500713e-05
1.070926373358815908e-05
1.071679798769764602e-05
1.072994109563296661e-05
1.075550790119450539e-05
1.079787853086600080e-05
1.086274642148055136e-05
1.095561947295209393e-05
1.108516244130441919e-05
1.126473762269597501e-05
1.151281048805685714e-05
1.185109249490778893e-05
1.230004545504925773e-05
1.286767655983567238e-05
1.353171410301001742e-05
1.421724755346076563e-05
1.477486330259125680e-05
1.499875907029490918e-05
1.469723792979493737e-05
1.383309972879942507e-05
1.261260786122875288e-05
1.143874760600738227e-05
1.069804784492589533e-05
1.055720622389344499e-05
1.090609566745115444e-05
1.145608985098078847e-05
1.189100930787390098e-05
1.199690450448542833e-05
1.173894088424276561e-05
1.126007828133879229e-05
1.079259072866989300e-05
1.052978132065618411e-05
1.053215419233310968e-05
1.072214035957586020e-05
1.094986873795278370e-05
1.107799016608623788e-05
1.104398324969224632e-05
1.087605505745159462e-05
1.066426466422853991e-05
1.050472201313823462e-05
1.045170574798248708e-05
1.049758884619222954e-05
1.059100850397953764e-05
1.066939876182004809e-05
1.068971596396295354e-05
1.064425669028423727e-05
1.055871962307719514e-05
1.047168370860163122e-05
1.041624273057095706e-05
1.040431925503071398e-05
1.042734220391139388e-05
1.046317993314005435e-05
1.048941157932858914e-05
1.049193997459951788e-05
1.047020123223774135e-05
1.043369502440327778e-05
1.039605012920219451e-05
1.036940557241905481e-05
1.035827153827995062e-05
1.036099092743825167e-05
1.037056517816381529e-05
1.037954916682792827e-05
1.038136906572617590e-05
1.037489255395485088e-05
1.036080539051909000e-05
1.034394699672702700e-05
1.032818636304000393e-05
1.031624469760572538e-05
1.030937346513383090e-05
1.030702514981385320e-05
1.030727253237273544e-05
1.030730345519259572e-05
1.030562179948901758e-05
1.030131352308671921e-05
1.029450231726514176e-05
1.028600127028767020e-05
1.027687721943948418e-05
1.026878271659370512e-05
1.026160225592320785e-05
1.025616984406951815e-05
1.025190704240230843e-05
1.024837092700181529e-05
1.024527409754227847e-05
1.024167977448087186e-05
1.023756612994475290e-05
1.023293498292332515e-05
1.022755441226763651e-05
1.022176820697495714e-05
1.021601019601803273e-05
1.021011212287703529e-05
1.020467880152864382e-05
1.019941919366829097e-05
1.019437058857874945e-05
1.018999410007381812e-05
1.018573584588011727e-05
1.018159855448175222e-05
1.017777867673430592e-05
1.017419435811461881e-05
1.017055001284461468e-05
1.016735950543079525e-05
1.016461283143144101e-05
1.016259375319350511e-05
1.016181886370759457e-05
1.016280020849080756e-05
1.016629084915621206e-05
1.017362774291541427e-05
1.018648617900907993e-05
1.020714262267574668e-05
1.023919867293443531e-05
1.028634869726374745e-05
1.035358582157641649e-05
1.044386499415850267e-05
1.055754910339601338e-05
1.068646724888822064e-05
1.081066693586762995e-05
1.089926627173554152e-05
1.092248749046120793e-05
1.087481541617307812e-05
1.078872264770325273e-05
1.072554914571810514e-05
1.073626299330499023e-05
1.083069128071656451e-05
1.097388576454250142e-05
1.111001711251446977e-05
1.119038643082603812e-05
1.119756507250713184e-05
1.114881888497620821e-05
1.108773994928924367e-05
1.105388219002634287e-05
1.106634499592473730e-05
1.111714664148166776e-05
1.118810814659809694e-05
1.127097766584483907e-05
1.138850348070263863e-05
1.159577004727907479e-05
1.196386983792763203e-05
1.255274219147395343e-05
1.338159927399829030e-05
1.441450785932829604e-05
1.553558649902697653e-05
1.655936830502469093e-05
1.721804255794268101e-05
1.726695518300402910e-05
1.654461993894074112e-05
1.517180862720124424e-05
1.350927868770668283e-05
1.207416789839044213e-05
1.123604397434974089e-05
1.106386844185180962e-05
1.132234046963276342e-05
1.164832428912632167e-05
1.176456862594932318e-05
1.161063937615836039e-05
1.132120905822375789e-05
1.107262869481928647e-05
1.095103561965515837e-05
1.091227295546559617e-05
1.085411531676072627e-05
1.071088354365201667e-05
1.050260379997780547e-05
1.031063038681168109e-05
1.021243861032417044e-05
1.023298773361602798e-05
1.033310672937659547e-05
1.043520114762941375e-05
1.046366105583729222e-05
1.038137997966259718e-05
1.021083153318613768e-05
1.002163844532333314e-05
9.893492460832931101e-06
9.870796930044889450e-06
9.940804375219158828e-06
1.004600107989972457e-05
1.011911081150174141e-05
1.012152551993494853e-05
1.005555532174184918e-05
9.956774192687589675e-06
9.867636435956228524e-06
9.816290912567637861e-06
9.808727554627694190e-06
9.831608622334897518e-06
9.863104423857294023e-06
9.884789506031665951e-06
9.886464795272331685e-06
9.868605957308318466e-06
9.839914127951487899e-06
9.811343261389993131e-06
9.791678166948258877e-06
9.783027962839696556e-06
9.781511835171841085e-06
9.781270819075871259e-06
9.777466402738355100e-06
9.768693416845053434e-06
9.757868610904552042e-06
9.747452168085146695e-06
9.740489986143074930e-06
9.736862011777702719e-06
9.735494131746236235e-06
9.734875675349030644e-06
9.732913895277306437e-06
9.728701115818694234e-06
9.721586138766724616e-06
9.712468454381451011e-06
9.702576790004968643e-06
9.693349056760780513e-06
9.685773875389713794e-06
9.680720722826663405e-06
9.677497473603580147e-06
9.675458386482205242e-06
9.674115972302388400e-06
9.672153282735962421e-06
9.669803148426581174e-06
9.667093763709999621e-06
9.665038305683992803e-06
9.663111995905637741e-06
9.662455340730957687e-06
9.663945093052461743e-06
9.667585800343658775e-06
9.675513865659013391e-06
9.688544196251314133e-06
9.708982361189555377e-06
9.739851520862430334e-06
9.786250302568078041e-06
9.854768904915545136e-06
9.956352187145967036e-06
1.010557298286585137e-05
1.032315049087628722e-05
1.063605850504245609e-05
1.107709249481558800e-05
1.167849131888942793e-05
1.245728253707056865e-05
1.338352740276604891e-05
1.433891884516924620e-05
1.507644083176273853e-05
1.526132109574973583e-05
1.462340969737851992e-05
1.321255513175856322e-05
1.150132175098406151e-05
1.017129034153185785e-05
9.688485079095698893e-06
1.004543537419522181e-05
1.083187635231297463e-05
1.150290063378633931e-05
1.165519734058761969e-05
1.121320838137762621e-05
1.044771306624170393e-05
9.787157068785745651e-06
9.538159247313160449e-06
9.717035936773754656e-06
1.009370316751301289e-05
1.037270430970238522e-05
1.037222409649984911e-05
1.010983032756485045e-05
9.759025488165207207e-06
9.518931619822978973e-06
9.488362593401689082e-06
9.625260645407252014e-06
9.799809049582108855e-06
9.887180567602626979e-06
9.837886864261236042e-06
9.692110324976965785e-06
9.540109203953761607e-06
9.459502507525030524e-06
9.472415513300802559e-06
9.544603017275221646e-06
9.616233000997453928e-06
9.639886229706462473e-06
9.605143532098736614e-06
9.536145626043435186e-06
9.472048986935988069e-06
9.442188456887379289e-06
9.452513040741905570e-06
9.487485840509179980e-06
9.522576874587684870e-06
9.539628990751225501e-06
9.534664059174247086e-06
9.518133083474822342e-06
9.505913112661801279e-06
9.512805263511836529e-06
9.544480235490482301e-06
9.599878467270173132e-06
9.673075510363560170e-06
9.761366527527570724e-06
9.867605513136368245e-06
1.000332031253492460e-05
1.018522198137361556e-05
1.043556130753131583e-05
1.077379602065775543e-05
1.122078174375928938e-05
1.178483489638892934e-05
1.246675674337893724e-05
1.323066408076556399e-05
1.401283316226908937e-05
1.467386300646467134e-05
1.505268937762593850e-05
1.495277683716267347e-05
1.429589428880717605e-05
1.313859775109449401e-05
1.175851502921432257e-05
1.051138315233401954e-05
9.704815056466031820e-06
9.456383850192651153e-06
9.679394679551478475e-06
1.015127782011404634e-05
1.061480998032493517e-05
1.087083546735811979e-05
1.082879316527396441e-05
1.052963398251449689e-05
1.010423056868603453e-05
9.714789484860375524e-06
9.478751962888054550e-06
9.432488695892971009e-06
9.531176146992947906e-06
9.684890756034292281e-06
9.802238309930544347e-06
9.824894732446409762e-06
9.744581802806351334e-06
9.595629308023490012e-06
9.434497769689187407e-06
9.313834198110271245e-06
9.262344065064098686e-06
9.278895959141664207e-06
9.338184099760837853e-06
9.405865057487972081e-06
9.450688594370149076e-06
9.455144208914134651e-06
9.418544323125388473e-06
9.353979294246528298e-06
9.281402526539750397e-06
9.219244930136483163e-06
9.180404958897270262e-06
9.167706593871116638e-06
9.176313142233993858e-06
9.196729479299392551e-06
9.218484592565800995e-06
9.232848242390900850e-06
9.235628567694220692e-06
9.226495421899016947e-06
9.208640221913810819e-06
9.186616807710379362e-06
9.165381015918683261e-06
9.148296157945878804e-06
9.137318556895479560e-06
9.132178092841058969e-06
9.131930710282176733e-06
9.134198080573696643e-06
9.136689186561852694e-06
9.137546840065624565e-06
9.136140761256683618e-06
9.132028026215266436e-06
9.125596079684328288e-06
9.117163244809489697e-06
9.108325684792362154e-06
9.099759154196362942e-06
9.091830179386306554e-06
9.085579222301021218e-06
9.080666131922043860e-06
9.077371942112222314e-06
9.075359230337198824e-06
9.074532499653287232e-06
9.074749868887010962e-06
9.075954949366860092e-06
9.078172297449782491e-06
9.081501048058271408e-06
9.086921636480838060e-06
9.094685992749873549e-06
9.105795470532029867e-06
9.122040864895097911e-06
9.145318472292274237e-06
9.178544132737442851e-06
9.225522262568119913e-06
9.291492460761219263e-06
9.383858014189172536e-06
9.512991709925699979e-06
9.692570529296062887e-06
9.938931725628208369e-06
1.027219786919886246e-05
1.071297447197139263e-05
1.127728501160163432e-05
1.196338143927277997e-05
1.273369343834929168e-05
1.349498143099481240e-05
1.408279422321356833e-05
1.429826806997880340e-05
1.397388859913917258e-05
1.311038613494019955e-05
1.192021318274782971e-05
1.078124205378117040e-05
1.003331817628350109e-05
9.823806067288387567e-06
1.005221838568104431e-05
1.045375665853498504e-05
1.073246767191449180e-05
1.068942401616368443e-05
1.030482962960377336e-05
9.738192602526396513e-06
9.232416232407558709e-06
8.977720426628366113e-06
9.021550795296207070e-06
9.267664609069470316e-06
9.548271009407471865e-06
9.712360224511940032e-06
9.690303159004542977e-06
9.510958989267237484e-06
9.272353054257109761e-06
9.082697943085804582e-06
9.005251740745734423e-06
9.036182746058329940e-06
9.120993126998655498e-06
9.191095159621909261e-06
9.198681254929397255e-06
9.135624168266076595e-06
9.030600267578847706e-06
8.926810551201924682e-06
8.861856258590705693e-06
8.849154255585744977e-06
8.878213520802091807e-06
8.923565474105998874e-06
8.958583748608361930e-06
8.967150279204361141e-06
8.948021786636672914e-06
8.912356861401349306e-06
8.874902050592936575e-06
8.849319783621467650e-06
8.841564522299449891e-06
8.849558071233332157e-06
8.865812560543417931e-06
8.881167559593450278e-06
8.889210221241228282e-06
8.888085176295135170e-06
8.879528650140855461e-06
8.868579243426211178e-06
8.860053640091791749e-06
8.858496585162356496e-06
8.865093150234315544e-06
8.879853339749388397e-06
8.901333785615861416e-06
8.928091119742020965e-06
8.959494152804836631e-06
8.997216355055570602e-06
9.043950740306172520e-06
9.105310709855984896e-06
9.187074283545371145e-06
9.297489668824709952e-06
9.444916940992698073e-06
9.640276402933523059e-06
9.894118193187750876e-06
1.021823663904797286e-05
1.062044066202361137e-05
1.110535231418907642e-05
1.165805042546708137e-05
1.225005962623981759e-05
1.280769083678023890e-05
1.323959895671578124e-05
1.341202823823550716e-05
1.323320157098351046e-05
1.265147329831961542e-05
1.175258876173757017e-05
1.071051701728720218e-05
9.763165508047677577e-06
9.099838280235417187e-06
8.806900950730778277e-06
8.853243343764916062e-06
9.122257324634119868e-06
9.466534720559138805e-06
9.751819561643060297e-06
9.890437468129675835e-06
9.850992682913783938e-06
9.661496733315289021e-06
9.386107194586656988e-06
9.105227945838123560e-06
8.883807822712697089e-06
8.757892828725744039e-06
8.728748980502132326e-06
8.772867658990435302e-06
8.852784048940520734e-06
8.932252967497333884e-06
8.985052772914059460e-06
8.996998985821846873e-06
8.968919246399309486e-06
8.910594260669313371e-06
8.837039786158129573e-06
8.763418009039014578e-06
8.701618753548245877e-06
8.658458682475611567e-06
8.635059202788397670e-06
8.629290277895051986e-06
8.635713129478972405e-06
8.648249604448210448e-06
8.661907486384734511e-06
8.672195690451189876e-06
8.676221114001236856e-06
8.672843250678852201e-06
8.663254448038060218e-06
8.648152288515120745e-06
8.629616786492988467e-06
8.609897122369147837e-06
8.590941433794796467e-06
8.573613740736618638e-06
8.559883099223952740e-06
8.549439371563494205e-06
8.542800969735253602e-06
8.538731890439521521e-06
8.537433132005389780e-06
8.537655048712622374e-06
8.538705515093170106e-06
8.539786904293578118e-06
8.540939234080724418e-06
8.541073839296586812e-06
8.540639100829139352e-06
8.539273039787076414e-06
8.537476787751074880e-06
8.535299457435030490e-06
8.533100299246143550e-06
8.531906132702715695e-06
8.532199899491388351e-06
8.535013876098673791e-06
8.541650458937510848e-06
8.554578016628511250e-06
8.576265827286988497e-06
8.611792509327642620e-06
8.668271220813039690e-06
8.756475835980381817e-06
8.893051017366815358e-06
9.101973773795180023e-06
9.418061381438747048e-06
9.888329259410966188e-06
1.056961082213092595e-05
1.151279138866811991e-05
1.272746430913684890e-05
1.410432287229923531e-05
1.533450813440140337e-05
1.589207204233389348e-05
1.526653068140149117e-05
1.340568178420653567e-05
1.102986789192073047e-05
9.265853805118240416e-06
8.850033736962359399e-06
9.645155842008534819e-06
1.083730785467196256e-05
1.150117714132647961e-05
1.115210125135490671e-05
1.003371198748936877e-05
8.908397830964531749e-06
8.451234862150158733e-06
8.761670869716908783e-06
9.391700587002560496e-06
9.762439731275662780e-06
9.589251021679956466e-06
9.038309144671075046e-06
8.534407243132591248e-06
8.399255420954432338e-06
8.626266208011657000e-06
8.948192771640606225e-06
9.081866664928384125e-06
8.935841833590529859e-06
8.643863111501559615e-06
8.423588042205665261e-06
8.401309969485737383e-06
8.534553671779576689e-06
8.677508958498947322e-06
8.705995242053177208e-06
8.603709829912986606e-06
8.452259862679056823e-06
8.354501915164291859e-06
8.355652425962034613e-06
8.422950486419722438e-06
8.484692443744279444e-06
8.487733794027008116e-06
8.431005880993325263e-06
8.356139915122184902e-06
8.309119039040524513e-06
8.309187251143157482e-06
8.340609383594710380e-06
8.370019713765941560e-06
8.372649972443468869e-06
8.346809408976696432e-06
8.309985787491314113e-06
8.283634997496847063e-06
8.278775567305274308e-06
8.290647201647516340e-06
8.305075425596442074e-06
8.309902113978751004e-06
8.301079105876851827e-06
8.284610885311849415e-06
8.269996214949060231e-06
8.264434654847718775e-06
8.269011232187040150e-06
8.279130270238965750e-06
8.289588549814652652e-06
8.296992746181786060e-06
8.303381946461740881e-06
8.313378202728927135e-06
8.333435289387125522e-06
8.369164788746275008e-06
8.426032763964030892e-06
8.509358849551063031e-06
8.628557225165423006e-06
8.798877388471737504e-06
9.044741091202013195e-06
9.400853741681203246e-06
9.915174814523197711e-06
1.064209118339931592e-05
1.164561217592563480e-05
1.295833044423488900e-05
1.456740301364334300e-05
1.629032340133562684e-05
1.777944999048486352e-05
1.842036181187722832e-05
1.770392009348142892e-05
1.547977990412618965e-05
1.243851329491008073e-05
9.745400348037946969e-06
8.412644092459231615e-06
8.663072549097705632e-06
9.923696779878810048e-06
1.124492246162844822e-05
1.180160234071081504e-05
1.129730753746116534e-05
1.005765716399764642e-05
8.816557055979501456e-06
8.204086043406277895e-06
8.382477062696125358e-06
9.030559340317267925e-06
9.620891432859934866e-06
9.761387445905711502e-06
9.390789273311384022e-06
8.771688953856937587e-06
8.274069841718301177e-06
8.132643415592610836e-06
8.326617717102635652e-06
8.643462933832779527e-06
8.841946510074194521e-06
8.799160241323988885e-06
8.561504728277213871e-06
8.283099305117502809e-06
8.115154741972219199e-06
8.117600373225286603e-06
8.239956514444202185e-06
8.375362995138857514e-06
8.430550224147737026e-06
8.377893209399189800e-06
8.255930879386141896e-06
8.135628377203829587e-06
8.073518074525054544e-06
8.083889952104073018e-06
8.139230885717552155e-06
8.193927897082176059e-06
8.212440661736764014e-06
8.185773367586079985e-06
8.130705282383132726e-06
8.075880032265558839e-06
8.044179594435263425e-06
8.042928129725623876e-06
8.063089808274526149e-06
8.086465641099493951e-06
8.097707905108109117e-06
8.090690243989229202e-06
8.068993338383734226e-06
8.043096386245451868e-06
8.022529073059558868e-06
8.013712431420572102e-06
8.015723324206192046e-06
8.023396731005050242e-06
8.030197932384908199e-06
8.031347533687949181e-06
8.025707757042255253e-06
8.015162165975198150e-06
8.003075890883337706e-06
7.993472536327317357e-06
7.987793651409447193e-06
7.986349373823031783e-06
7.987436219991650432e-06
7.989459845703095198e-06
7.989878213265910745e-06
7.988150173332542181e-06
7.985092452145181596e-06
7.981341695995070040e-06
7.978509529493749142e-06
7.977911991474684328e-06
7.980755981407128274e-06
7.987712706380989403e-06
7.999587978702038527e-06
8.017985237529501319e-06
8.044858986977487803e-06
8.084056389634497464e-06
8.142237675201613456e-06
8.228874321503099054e-06
8.357605111086741090e-06
8.548426194465719163e-06
8.829196303850039840e-06
9.235032848664559424e-06
9.807241440284997225e-06
1.058189445757307112e-05
1.156415601144544780e-05
1.267958032258320600e-05
1.371936195937450975e-05
1.432015687896637246e-05
1.407918989571044222e-05
1.282938956137513742e-05
1.091039848688524216e-05
9.088389560929499567e-06
8.091185009106993675e-06
8.145112587953917682e-06
8.910483302315697074e-06
9.758328815223649144e-06
1.013554538076277822e-05
9.837167453952133656e-06
9.083873010240495205e-06
8.346226422872859985e-06
8.012613761820830405e-06
8.152661393978632987e-06
8.533786058251280338e-06
8.823852112982422113e-06
8.813108252070378512e-06
8.522313692083116621e-06
8.152652299031615257e-06
7.924708370410371572e-06
7.931678737804759294e-06
8.101949788397178054e-06
8.277545020973775536e-06
8.326948773174080998e-06
8.223251825256738812e-06
8.040631655603647232e-06
7.889922017056960613e-06
7.841942533559631556e-06
7.892325811553746462e-06
7.979173460626043379e-06
8.032740879571065307e-06
8.018496373551897705e-06
7.950035069370642304e-06
7.871589332353323698e-06
7.824683962098788470e-06
7.824465683370362967e-06
7.855015610402915627e-06
7.886523235356435180e-06
7.894612281234003603e-06
7.873362847021780908e-06
7.834551070118322968e-06
7.798615115461871028e-06
7.780493433529045433e-06
7.783148248563520610e-06
7.798699698469135910e-06
7.813284355506766587e-06
7.817139703547582030e-06
7.807503607182297856e-06
7.789187293383292854e-06
7.770629963488318026e-06
7.758341780572663993e-06
7.754599209874868393e-06
7.757656931062228978e-06
7.761956112517509609e-06
7.763661415083333850e-06
7.760159860481508076e-06
7.752180863462854177e-06
7.742713023617397994e-06
7.734175596851855516e-06
7.728734999545849860e-06
7.726362127868924290e-06
7.726104740868322551e-06
7.726415788056328893e-06
7.725177965767215937e-06
7.722296686551999301e-06
7.717802873230539262e-06
7.712534170423168689e-06
7.707594704697839916e-06
7.703633855271618813e-06
7.700775313423946500e-06
7.698360604990739375e-06
7.696781722188461572e-06
7.695000931562390178e-06
7.692531653447076678e-06
7.689724043302703649e-06
7.686471690249163657e-06
7.682896466576494277e-06
7.679622285650111735e-06
7.676688255742192268e-06
7.674113476241473109e-06
7.672268111491575837e-06
7.670734703424386680e-06
7.669416845601517707e-06
7.668496436963323504e-06
7.668129001103807241e-06
7.668344551348127425e-06
7.669923434150405228e-06
7.672706487937830389e-06
7.677718713239300996e-06
7.686235221626702696e-06
7.699413799855392426e-06
7.719242603343445808e-06
7.748756615910679102e-06
7.792517862981185317e-06
7.856662705307826400e-06
7.951068255351856351e-06
8.089343282335903496e-06
8.292141501442529261e-06
8.588162927480880171e-06
9.019251592690125108e-06
9.636375580157618970e-06
1.050675746228080243e-05
1.168440212495625019e-05
1.320322280662367120e-05
1.497186713095288724e-05
1.675205930951051414e-05
1.800000973162241280e-05
1.811114998417906463e-05
1.659800000197719783e-05
1.375418014504248276e-05
1.058198267855914310e-05
8.370388968614861369e-06
7.814171112840995193e-06
8.687479748914483935e-06
1.011173935694387183e-05
1.110396533476887271e-05
1.109414552047383040e-05
1.014806002785917372e-05
8.887363946996629238e-06
8.014464583538938314e-06
7.873194590501952916e-06
8.299284672830253839e-06
8.830759725242387503e-06
9.055028385773766786e-06
8.844337571645155549e-06
8.378407983400393277e-06
7.958969035826157779e-06
7.791510142851620913e-06
7.873322829254902899e-06
8.046423317864537239e-06
8.142065780702978373e-06
8.091361451079137623e-06
7.943337550386786461e-06
7.797543730703182518e-06
7.723616363364271820e-06
7.723418093519285321e-06
7.749702490400522947e-06
7.756237209832761437e-06
7.730158358754124492e-06
7.689524863963015378e-06
7.657751666556578130e-06
7.641833690286148340e-06
7.631843800481874496e-06
7.614555670443223789e-06
7.588114385725930333e-06
7.563839062640909106e-06
7.554823241662234068e-06
7.561927304777782410e-06
7.573461516585666686e-06
7.572529739263700321e-06
7.552231181762181222e-06
7.519041446357732639e-06
7.489418294426286593e-06
7.477680355805205181e-06
7.485642981919227168e-06
7.502965672756545246e-06
7.514445314882323146e-06
7.510571776947472245e-06
7.492278200516011566e-06
7.468537205568281934e-06
7.450854809576412663e-06
7.444580660376232117e-06
7.448656560882227495e-06
7.456505045411176980e-06
7.460522283508908004e-06
7.457927495124749839e-06
7.449955319316359237e-06
7.440068657160736620e-06
7.432154234265908599e-06
7.427880518662277609e-06
7.425604053423739970e-06
7.424463092320365831e-06
7.422220278385793790e-06
7.419018402288202196e-06
7.415122126985806972e-06
7.411633305309806019e-06
7.408993496937910095e-06
7.407116299873450771e-06
7.404711141134612262e-06
7.402020855806767941e-06
7.398406523861922324e-06
7.394447493425104767e-06
7.391262897726846859e-06
7.388514859485439956e-06
7.386672223219648004e-06
7.385864137177122757e-06
7.385224307654425502e-06
7.384736818494275212e-06
7.384136097243754193e-06
7.384179752989439294e-06
7.385388016700744629e-06
7.388610356429126114e-06
7.394931344606447965e-06
7.405825272144284099e-06
7.422932412737281993e-06
7.449462373187998310e-06
7.489024483220418915e-06
7.548881512775551528e-06
7.638417628186289221e-06
7.772285243845544755e-06
7.971883860591333359e-06
8.266021723102312535e-06
8.693215931998565793e-06
9.297033102484419942e-06
1.011569474940188229e-05
1.114997576223686337e-05
1.231134683621348813e-05
1.335566867055604234e-05
1.387975680700037628e-05
1.346042063232744113e-05
1.199314283439889550e-05
9.940617928805295378e-06
8.177199561032466590e-06
7.414060746668837965e-06
7.750670192763209343e-06
8.696405529917683452e-06
9.530409442959353328e-06
9.707999197416938841e-06
9.136504559137392789e-06
8.201550372177734971e-06
7.476045539078768343e-06
7.316303708648774773e-06
7.660965820832643658e-06
8.148114829964470118e-06
8.398022146138828248e-06
8.252424777310807258e-06
7.839834324840921909e-06
7.444738457706989720e-06
7.291436759260250255e-06
7.404978532576933503e-06
7.633760105818510056e-06
7.783080945955589414e-06
7.748428288323339075e-06
7.567115062556695193e-06
7.365644705714657903e-06
7.262054168677423149e-06
7.289434961421648040e-06
7.391416602331446484e-06
7.477443887182744220e-06
7.485603418899700046e-06
7.415623258566483855e-06
7.317447852983605117e-06
7.249542704812483862e-06
7.240674221975496039e-06
7.278250450326595455e-06
7.324743364733876660e-06
7.344946880039060488e-06
7.326240393012994900e-06
7.282601018232526258e-06
7.239890237542567775e-06
7.218272457976127043e-06
7.222565272968495265e-06
7.241713319672271609e-06
7.259136054926784709e-06
7.262128292495617643e-06
7.249127975228475407e-06
7.227696187328547239e-06
7.208207989606307819e-06
7.198778803285676986e-06
7.200409527285955846e-06
7.208129773061955348e-06
7.215465302579104900e-06
7.217559414129937068e-06
7.213193384814076126e-06
7.205305792012950405e-06
7.197886134235886857e-06
7.194939371402142569e-06
7.198063485702732578e-06
7.206893769762245938e-06
7.219285180326551199e-06
7.234018994495272636e-06
7.251682745845755562e-06
7.274101790244458243e-06
7.306055522349197417e-06
7.353385171882109717e-06
7.423206625389866531e-06
7.523934527853270993e-06
7.666963028896134347e-06
7.866324267524760216e-06
8.140056706906761974e-06
8.508604878443293273e-06
8.991582035378087312e-06
9.595600204193033278e-06
1.029857958201318979e-05
1.102389251173008233e-05
1.162643911811755970e-05
1.190034436149289832e-05
1.166133188235107809e-05
1.086345037037972361e-05
9.701381713966839015e-06
8.559061825508251786e-06
7.826100954844150692e-06
7.694890882703475654e-06
8.091532436083070934e-06
8.743441867409273982e-06
9.318524462287314236e-06
9.557440534990746528e-06
9.378101822221651673e-06
8.901126420823857188e-06
8.384677130379714072e-06
8.068901479418855160e-06
8.054792488110251725e-06
8.264682946901302785e-06
8.516180969309061766e-06
8.626744602224789560e-06
8.511249689036048949e-06
8.208857252611778677e-06
7.851169357309117913e-06
7.576378266094252467e-06
7.456255843862891197e-06
7.468381681974278763e-06
7.529669801442651078e-06
7.551330782007426023e-06
7.488248229492455721e-06
7.354425179073587060e-06
7.204943358374293894e-06
7.097890829754760489e-06
7.062879376462660730e-06
7.091436600603628904e-06
7.146918051148531958e-06
7.190102223830763251e-06
7.197036666184430942e-06
7.168393949541496113e-06
7.123091108951484784e-06
7.085703146003652364e-06
7.072897005855338648e-06
7.087191988830454648e-06
7.118074790923856199e-06
7.150992132665123791e-06
7.173533049353864044e-06
7.182009539974387735e-06
7.181444289017235860e-06
7.181951787060825154e-06
7.193243163783336058e-06
7.221698979265056551e-06
7.269201887538656592e-06
7.333572739298688248e-06
7.412882951030042022e-06
7.507059308409225196e-06
7.619851203344296664e-06
7.760239896015264094e-06
7.937603186292108148e-06
8.165435247065033764e-06
8.452555448457133025e-06
8.807698577584233135e-06
9.227876034856308252e-06
9.705871889309491962e-06
1.020820218400331214e-05
1.069157315214397386e-05
1.107178286474663764e-05
1.127006271417485550e-05
1.118612726713763550e-05
1.078526292985770851e-05
1.008044819172937423e-05
9.192915058520156890e-06
8.289371180580928922e-06
7.550220743723912165e-06
7.094768989190924913e-06
6.955375738471047953e-06
7.079801889631198719e-06
7.363444183283718303e-06
7.687392098887357861e-06
7.947099220473319292e-06
8.076010999502614141e-06
8.048290510487277061e-06
7.885000741225667298e-06
7.635348993062507361e-06
7.366132194874808192e-06
7.136650310712866485e-06
6.986685093579581007e-06
6.928702987352153286e-06
6.950037459318991750e-06
7.023459147603716701e-06
7.116095730452798307e-06
7.198296316346386448e-06
7.249626833072397858e-06
7.260649454110534862e-06
7.232879397633951157e-06
7.176038707257248461e-06
7.103665666363667697e-06
7.030463621049420908e-06
6.967507943045347929e-06
6.922690772626083344e-06
6.897750608914066106e-06
6.891901648486964405e-06
6.900307653268100694e-06
6.917400696693221107e-06
6.937783382454654202e-06
6.956255219847662374e-06
6.969567493797512725e-06
6.975946689635748044e-06
6.974902134970761836e-06
6.967690296733053401e-06
6.955530807317700237e-06
6.940299954294459894e-06
6.923746241227490827e-06
6.907376700837630779e-06
6.892231340316357091e-06
6.879240572743583471e-06
6.868252512504113838e-06
6.860002031316980720e-06
6.853789727756520733e-06
6.849597866676049307e-06
6.846529686299618334e-06
6.844900326541392133e-06
6.843851224402897060e-06
6.843516530352644622e-06
6.843329174444079399e-06
6.843318260507658124e-06
6.843615665275137872e-06
6.843903520348249003e-06
6.844202289357781410e-06
6.844624749646754935e-06
6.845166808489011601e-06
6.846122687420574948e-06
6.847672921139746904e-06
6.849700639577349648e-06
6.852367278042947873e-06
6.856249910924816504e-06
6.861960628157248721e-06
6.869496246508788317e-06
6.879284683236619458e-06
6.892737474117893726e-06
6.910567208251450211e-06
6.934729299246100709e-06
6.967145964154042304e-06
7.010789431660668924e-06
7.069385901559144258e-06
7.148403710743878037e-06
7.254681349877500907e-06
7.397955869237193838e-06
7.589730557810980827e-06
7.847170309105422348e-06
8.187860657926648855e-06
8.634474397695157677e-06
9.203249646816402674e-06
9.910023436532355845e-06
1.073582188837463036e-05
1.163845900009619072e-05
1.248936041520209983e-05
1.312472159042954445e-05
1.329837414232315496e-05
1.285277630813652650e-05
1.173826967715285718e-05
1.018535022012656555e-05
8.584297574998345226e-06
7.372339950961759314e-06
6.809608294133795425e-06
6.901193955854978412e-06
7.435478437400888652e-06
8.097959835140500218e-06
8.595826329838018864e-06
8.738841643207706511e-06
8.497060662193689495e-06
7.981209819263312966e-06
7.398162779281847179e-06
6.947272595425602049e-06
6.745934570062672719e-06
6.797507467126706615e-06
7.012604328338056803e-06
7.262684448505751789e-06
7.432534403051249683e-06
7.460667347913840786e-06
7.347326118178898469e-06
7.146520147216506302e-06
6.933539680176181719e-06
6.775519068469293416e-06
6.707730790367349982e-06
6.727365871483925730e-06
6.803227279306156561e-06
6.892269084346480668e-06
6.956701326998881996e-06
6.974823918426409364e-06
6.944605502212652937e-06
6.880000455566914752e-06
6.803379164921352640e-06
6.736207978974562138e-06
6.693349405395565554e-06
6.679340003756806254e-06
6.689253041258780286e-06
6.713338279951130971e-06
6.740067874488886446e-06
6.759229108865838498e-06
6.765458238078281283e-06
6.758360996172996238e-06
6.740207481925608590e-06
6.716206826240522787e-06
6.692516308248741552e-06
6.672616109426598996e-06
6.659653990936931223e-06
6.653570380876772106e-06
6.653848231508163735e-06
6.658375696133589372e-06
6.664486136287450790e-06
6.670186394330812618e-06
6.674353244306985289e-06
6.676273187622427940e-06
6.675812983303330839e-06
6.673967163806082681e-06
6.671617029496701434e-06
6.670629318250576034e-06
6.672136350971413776e-06
6.678581030428176746e-06
6.691927865176694468e-06
6.715085419273236766e-06
6.752686658728634939e-06
6.810843387938803062e-06
6.899004802107810974e-06
7.031665518297813833e-06
7.229659786389674991e-06
7.523180556745501235e-06
7.951410225359722972e-06
8.563820301787927747e-06
9.405586752109229565e-06
1.049292313837213442e-05
1.175310808321228251e-05
1.295796755584888160e-05
1.368101038679014891e-05
1.343681469734292477e-05
1.200923179567325860e-05
9.809108632907737046e-06
7.770647243887651712e-06
6.758918971172533929e-06
6.994318482611561194e-06
7.999555236892774701e-06
8.974680895335040987e-06
9.262866115022916347e-06
8.699738827999681234e-06
7.676785571675281972e-06
6.842547009000554681e-06
6.628029041166882962e-06
6.988191671553067863e-06
7.519307018810650334e-06
7.787397407810203731e-06
7.612817626068135723e-06
7.145823929022299126e-06
6.714150913467165083e-06
6.566827323695179075e-06
6.717108590237330645e-06
6.979260888329008594e-06
7.132768132578348741e-06
7.072853804857004434e-06
6.859251243440667167e-06
6.644333552685566247e-06
6.553751063620438799e-06
6.608020612475229427e-06
6.729173492203699425e-06
6.812857009208528325e-06
6.800094979553250596e-06
6.707464308419730514e-06
6.600039341719821095e-06
6.540778940689051524e-06
6.550645139213884249e-06
6.602835128433071077e-06
6.650832347077084705e-06
6.660169674432836473e-06
6.627395578107098117e-06
6.576573923666728660e-06
6.537758054037112743e-06
6.529207894345745444e-06
6.547756129293702543e-06
6.576086889253929257e-06
6.595513696083799005e-06
6.597195351787377149e-06
6.585878509213216603e-06
6.574328835995402187e-06
6.575100542249856517e-06
6.594691967620747164e-06
6.631659289269009605e-06
6.680582828266778961e-06
6.737998319295002148e-06
6.805564225942362100e-06
6.891766588523751125e-06
7.010486569924978539e-06
7.176259714469779283e-06
7.403172730846563354e-06
7.702729817538056523e-06
8.079381586867384613e-06
8.527606041752733290e-06
9.021950063470285386e-06
9.507348295301198959e-06
9.889873581414576620e-06
1.004680962068960071e-05
9.866136679193004966e-06
9.312364454672206193e-06
8.477668416162487119e-06
7.576416010124376044e-06
6.857453172415262088e-06
6.490057785413227975e-06
6.499821665784111246e-06
6.780197509215213358e-06
7.155172625061823055e-06
7.451742931152693927e-06
7.554304829682223499e-06
7.433714927174150944e-06
7.149732482503168285e-06
6.817726443841820583e-06
6.555352229042910039e-06
6.433987437048926950e-06
6.459069481934420764e-06
6.580117315024835989e-06
6.722001216985518113e-06
6.818600013502873480e-06
6.833573479525512084e-06
6.767877948732348159e-06
6.653043783444445580e-06
6.532983206852804869e-06
6.445683993661077693e-06
6.410890364350052550e-06
6.424974799301708117e-06
6.470027074101381004e-06
6.519986527564469725e-06
6.554746960318880156e-06
6.562997441506013274e-06
6.545304586325073615e-06
6.511530955322086811e-06
6.475104783021379262e-06
6.449319698731414974e-06
6.442746780521702021e-06
6.459200903918826953e-06
6.497921276604756713e-06
6.557356755365617573e-06
6.637184469582280144e-06
6.743399353581480682e-06
6.887814834044547752e-06
7.094009106367593631e-06
7.396657110803062096e-06
7.846490916563197970e-06
8.507623533660080284e-06
9.463989044888876379e-06
1.078817149391397834e-05
1.253406389878364280e-05
1.460343810322228819e-05
1.671562858973629773e-05
1.819110548240132630e-05
1.825957042456138879e-05
1.631227860343642533e-05
1.278985746466787532e-05
9.056438102561514825e-06
6.738036972819827497e-06
6.556995231221662834e-06
8.006635653146076947e-06
9.829785994952544570e-06
1.078386412700638175e-05
1.031652936944738030e-05
8.780243661021813750e-06
7.179718068073270842e-06
6.408675290003884584e-06
6.688018402201123536e-06
7.539943453593878075e-06
8.226806130551267415e-06
8.265292308351490647e-06
7.676861969230230898e-06
6.901622782606864348e-06
6.423360900953412056e-06
6.444005066441604868e-06
6.802195002819644287e-06
7.155199455155525357e-06
7.237394129333551973e-06
7.013160029600840062e-06
6.658106030954513699e-06
6.399136509571690112e-06
6.358095106406835839e-06
6.493281034636311233e-06
6.662097803200595081e-06
6.732644578733015805e-06
6.663326530542690307e-06
6.510937055281829089e-06
6.373373707901919261e-06
6.319693966361228377e-06
6.353778644552221522e-06
6.426131676562363282e-06
6.475430836871964857e-06
6.468977062468184158e-06
6.414888957806397229e-06
6.347566795739112422e-06
6.302955171122448519e-06
6.295739694905932993e-06
6.316825420071836561e-06
6.343283985188463703e-06
6.354519882734166458e-06
6.343807399389334023e-06
6.317864517768612131e-06
6.290854798862710595e-06
6.274277893680846319e-06
6.271789970924146473e-06
6.278628461586777121e-06
6.286684310907730833e-06
6.289006705628708005e-06
6.283496531978016719e-06
6.272628070291830227e-06
6.261079306568717584e-06
6.253095762076554820e-06
6.249809302971698344e-06
6.250289970921585336e-06
6.251828381209634244e-06
6.252149887586710975e-06
6.249795205803820863e-06
6.244877113203983754e-06
6.239286904019536451e-06
6.234451575437560678e-06
6.231101906450930983e-06
6.229454356798669323e-06
6.228307029232382774e-06
6.227395260793855414e-06
6.225917331903474405e-06
6.223471700650407001e-06
6.220468094397801906e-06
6.217298505362123251e-06
6.214445420482661575e-06
6.212002062966348603e-06
6.210148967511486262e-06
6.208525064721470699e-06
6.206963917065877467e-06
6.205308181961299852e-06
6.203271823324030265e-06
6.200919870025245473e-06
6.198453775141388178e-06
6.196130470925709233e-06
6.193915851326892152e-06
6.192198270582593977e-06
6.190208296175114810e-06
6.188365659909322858e-06
6.186854079714976251e-06
6.184982339618727565e-06
6.183065124787390232e-06
6.181036042107734829e-06
6.179146566864801571e-06
6.176897386467317119e-06
6.174846930662170053e-06
6.172831035655690357e-06
6.170865617605159059e-06
6.169015705381752923e-06
6.167363608255982399e-06
6.165346349007450044e-06
6.163520538393640891e-06
6.161742021504323930e-06
6.159964868857059628e-06
6.158009000500896946e-06
6.156155905046034604e-06
6.154270067781908438e-06
6.152224614197621122e-06
6.150240551505703479e-06
6.148300599306821823e-06
6.146518899186048657e-06
6.144697181298397481e-06
6.142714028101181611e-06
6.140995537862181664e-06
6.139061042631510645e-06
6.137239324743859470e-06
6.135411695140646771e-06
6.133453098300378770e-06
6.131919235485838726e-06
6.130005658633308485e-06
6.128414952399907634e-06
6.126728749222820625e-06
6.125134405010612682e-06
6.123672392277512699e-06
6.122352715465240180e-06
6.121432306827045977e-06
6.120867055869894102e-06
6.120986199675826356e-06
6.122337708802660927e-06
6.125355412223143503e-06
6.130791916802991182e-06
6.140095138107426465e-06
6.155627488624304533e-06
6.180698164826026186e-06
6.220062914508162066e-06
6.280716661422047764e-06
6.371644303726498038e-06
6.502149972220649943e-06
6.677803867205511779e-06
6.889302767376648262e-06
7.099948106770170853e-06
7.240652848850004375e-06
7.237874342536088079e-06
7.079355327732628211e-06
6.866809599159751087e-06
6.772092092433013022e-06
6.924498393345857039e-06
7.330961580009898171e-06
7.894092050264589489e-06
8.485605576424859464e-06
9.019036042445804924e-06
9.496387065155431628e-06
9.963988304662052542e-06
1.040124516293872148e-05
1.062607043422758579e-05
1.036754474625922740e-05
9.498135113972239196e-06
8.249407073890324682e-06
7.119357633200706914e-06
6.505865712824743241e-06
6.457969902839977294e-06
6.761218628525966778e-06
7.166218892962206155e-06
7.512140200560679659e-06
7.696874490648042411e-06
7.631210792169440538e-06
7.289746463357005268e-06
6.791451141907600686e-06
6.376221790560521185e-06
6.234659394976915792e-06
6.364724868035409600e-06
6.598542768188053742e-06
6.755828962923260406e-06
6.764536919945385307e-06
6.657830908807227388e-06
6.501380539702950045e-06
6.341754215100081638e-06
6.213538654264993966e-06
6.154109541967045516e-06
6.184630819916492328e-06
6.281452442635782063e-06
6.381573712133103982e-06
6.427918378903996199e-06
6.410153218894265592e-06
6.364165983541170135e-06
6.336823844321770594e-06
6.355320692819077522e-06
6.425587343983352184e-06
6.547586053784471005e-06
6.723565547872567549e-06
6.954798664082773030e-06
7.240727882162900642e-06
7.582533271488500759e-06
7.998844921530690044e-06
8.515222361893393099e-06
9.158013199339620769e-06
9.910835615301039070e-06
1.072109080269001424e-05
1.145268106483854353e-05
1.194167452922556549e-05
1.197526489704614505e-05
1.144131420005578548e-05
1.035036530083743855e-05
8.952402822615113109e-06
7.605673545185709372e-06
6.657933226961176842e-06
6.272679001995129511e-06
6.399837729986757040e-06
6.835100975877139717e-06
7.324660600716015324e-06
7.656770321773365140e-06
7.713308150414377451e-06
7.492039912904147059e-06
7.082623142196098343e-06
6.629370545851998031e-06
6.266460331971757114e-06
6.075744295230833814e-06
6.067399226594716311e-06
6.192347882461035624e-06
6.371566541929496452e-06
6.525237495225155726e-06
6.597237643291009590e-06
6.565509920619660988e-06
6.445795406762044877e-06
6.279146873566787690e-06
6.117584234743844718e-06
6.003368071105796844e-06
5.957708708592690527e-06
5.975629846943775192e-06
6.034238140273373574e-06
6.102641236793715507e-06
6.152426067274063826e-06
6.167355422803666443e-06
6.144663984741782770e-06
6.094040600146399811e-06
6.032050350768258795e-06
5.976227839710190892e-06
5.938132744631730020e-06
5.922346645093057305e-06
5.926221092522609979e-06
5.943007636233232915e-06
5.963824605714762583e-06
5.981141384836519137e-06
5.990700628899503499e-06
5.990991212456719950e-06
5.982864877296378836e-06
5.969445737719070166e-06
5.953855179541278630e-06
5.939197762927506119e-06
5.927475285716354847e-06
5.919584964431123808e-06
5.915873316553188488e-06
5.916042937315069139e-06
5.919628165429458022e-06
5.926070571149466559e-06
5.934960881859296933e-06
5.945650627836585045e-06
5.958989731880137697e-06
5.975303338345838711e-06
5.995722858642693609e-06
6.022668912919471040e-06
6.058935014152666554e-06
6.108637535362504423e-06
6.178148851176956668e-06
6.275122814258793369e-06
6.410788046196103096e-06
6.598082109121605754e-06
6.854391813249094412e-06
7.198008461273275316e-06
7.645755431440193206e-06
8.203895049518905580e-06
8.855400665197521448e-06
9.538310223433654755e-06
1.013385917758569121e-05
1.046456691256025806e-05
1.035604054777650163e-05
9.724454685056116432e-06
8.683535270392894745e-06
7.528578862547874451e-06
6.616046448471024632e-06
6.177463092171819881e-06
6.226378445717273280e-06
6.586001745745306835e-06
6.996871888986788690e-06
7.231217750813812017e-06
7.175868177000666037e-06
6.865612704132217914e-06
6.449064130720216781e-06
6.106116870796540752e-06
5.953811069048242643e-06
6.003373982821358368e-06
6.174122063384857029e-06
6.349730938381981105e-06
6.435326667997287586e-06
6.395040600182255730e-06
6.257073891902109608e-06
6.088377631385810673e-06
5.957552730251336470e-06
5.902739758312236518e-06
5.920423063798807561e-06
5.975947715342044830e-06
6.025928996677976102e-06
6.039093477738788351e-06
6.008639502397272736e-06
5.948055331828072667e-06
5.883227004233049229e-06
5.838073320774128661e-06
5.824115760333370417e-06
5.838388915435643867e-06
5.867242180102039129e-06
5.894136393180815503e-06
5.906840669922530651e-06
5.900390533497557044e-06
5.878817319171503186e-06
5.850738489243667573e-06
5.825744210596894845e-06
5.810721631860360503e-06
5.808121841255342588e-06
5.815399617858929560e-06
5.828120720252627507e-06
5.840800440637394786e-06
5.849535682500572875e-06
5.852912636328255758e-06
5.851593869010685012e-06
5.847891316079767421e-06
5.845849500474287197e-06
5.847801276104291901e-06
5.856441475771134719e-06
5.873065674677491188e-06
5.898213657928863540e-06
5.933232387178577483e-06
5.979417437629308552e-06
6.039814707037294284e-06
6.119600129750324413e-06
6.225699962669750676e-06
6.369496986735612154e-06
6.563982424268033355e-06
6.828138793935067952e-06
7.182098670455161482e-06
7.653469765500631183e-06
8.262819392257370055e-06
9.029407920024823397e-06
9.936894457496237010e-06
1.093947594199562445e-05
1.189311569760320708e-05
1.260826684301719069e-05
1.279798470932291821e-05
1.227765824296511710e-05
1.099891687772469595e-05
9.249211871065199375e-06
7.499427738366648555e-06
6.249268153624143451e-06
5.764388333773240447e-06
6.000267603667452931e-06
6.671261871815659106e-06
7.399594323942437768e-06
7.862628990551456809e-06
7.882664249336812645e-06
7.484816251235315576e-06
6.849007149867247790e-06
6.232702162378700450e-06
5.841470283485250548e-06
5.756809514423366636e-06
5.923730441281804815e-06
6.203352313605137169e-06
6.443295205826871097e-06
6.539434252772480249e-06
6.464848411269485950e-06
6.264254352572606876e-06
6.025034963386133313e-06
5.832595434185350314e-06
5.738406798627693206e-06
5.746509941673139110e-06
5.823563697049394250e-06
5.918733677390264347e-06
5.986777523503405973e-06
6.002318514219950885e-06
5.964539468550356105e-06
5.891689852433046326e-06
5.810976745124207810e-06
5.746576334786368534e-06
5.712030088034225628e-06
5.708453954866854474e-06
5.726878953282721341e-06
5.753764980909181759e-06
5.776091711595654488e-06
5.785409939562669024e-06
5.779998446087120101e-06
5.762046384916175157e-06
5.737832452723523602e-06
5.714014605473494157e-06
5.695460004062624648e-06
5.684543793904595077e-06
5.681300535798072815e-06
5.683439667336642742e-06
5.688287728844443336e-06
5.692954346159240231e-06
5.695474555977853015e-06
5.694567789760185406e-06
5.690432317351223901e-06
5.684335519617889076e-06
5.676807177223963663e-06
5.669579422828974202e-06
5.663408501277444884e-06
5.658579993905732408e-06
5.655643235513707623e-06
5.653993412124691531e-06
5.653310381603660062e-06
5.652992967952741310e-06
5.652924755850108340e-06
5.652380423271097243e-06
5.651337232848163694e-06
5.649500508297933266e-06
5.647538728226209059e-06
5.644924840453313664e-06
5.642127689498011023e-06
5.639210030494723469e-06
5.636401510855648667e-06
5.633969067275756970e-06
5.631489784718723968e-06
5.629520728689385578e-06
5.627863629342755303e-06
5.626651727652642876e-06
5.625728135782992467e-06
5.625410722132073715e-06
5.625542598863830790e-06
5.626684014714555815e-06
5.628796316159423441e-06
5.632907686958787963e-06
5.639253231493057683e-06
5.649611466651549563e-06
5.665770459017949179e-06
5.690740636055124924e-06
5.729466920456616208e-06
5.789352599094854668e-06
5.882223376829642802e-06
6.025905804563080892e-06
6.247020792216062546e-06
6.585794380953302607e-06
7.097070465533761308e-06
7.849927897041197866e-06
8.911253644328098744e-06
1.030262137646786869e-05
1.190802322525996715e-05
1.336439436272485182e-05
1.403131773258792236e-05
1.327977497567189857e-05
1.106476793211186305e-05
8.309160875796806067e-06
6.391681836248608306e-06
6.124206720414804295e-06
7.210505827970337123e-06
8.585700925323180854e-06
9.159962246485520154e-06
8.499548130203038454e-06
7.090226972650270909e-06
5.927656729909358546e-06
5.691773367288988084e-06
6.266790478548500687e-06
6.971409675315953791e-06
7.164971066231373698e-06
6.716651114402338862e-06
6.026357368682511151e-06
5.625062385661294684e-06
5.726615199819207191e-06
6.116248641774291173e-06
6.398016921593807638e-06
6.337948889267863706e-06
6.013688107486814260e-06
5.699121629731962457e-06
5.609308118437184021e-06
5.742294433730421588e-06
5.924398010392906144e-06
5.979906291031511500e-06
5.867114396096440032e-06
5.685936685040360317e-06
5.570588655245956033e-06
5.580442120844963938e-06
5.668840458383783698e-06
5.741015684179728851e-06
5.735298145737033337e-06
5.661960585712222382e-06
5.580352535616839305e-06
5.544495706999441609e-06
5.564558705373201519e-06
5.608528681477764621e-06
5.634608896798454225e-06
5.622573098662542179e-06
5.584079190157353878e-06
5.547263754124287516e-06
5.533305284188827500e-06
5.543625775317195803e-06
5.563178547163261101e-06
5.573470389208523557e-06
5.567267635342432186e-06
5.549372872337698936e-06
5.531806436920305714e-06
5.524254447664134204e-06
5.528089786821510643e-06
5.537747711059637368e-06
5.544738087337464094e-06
5.545213753066491336e-06
5.540372967516304925e-06
5.535053333005635068e-06
5.534496722248150036e-06
5.541106929740635678e-06
5.553693426918471232e-06
5.570201210503000766e-06
5.589152351603843272e-06
5.611659616988617927e-06
5.641758434649091214e-06
5.685540600097738206e-06
5.749681349698221311e-06
5.841375696036266163e-06
5.969716312392847613e-06
6.146357463876483962e-06
6.387700068444246426e-06
6.713602033414645121e-06
7.146079497033497319e-06
7.702148650423623621e-06
8.382696250919252634e-06
9.151041922450531274e-06
9.919394869939424098e-06
1.052825973602011800e-05
1.079799494618782774e-05
1.059244823409244418e-05
9.964826858777087182e-06
9.171785677608568221e-06
8.630685442767571658e-06
8.678012818563729525e-06
9.430022146261762828e-06
1.066167078533908352e-05
1.186031931865727529e-05
1.235244053532369435e-05
1.166639322036644444e-05
9.920521733874920756e-06
7.902849574747961015e-06
6.535407464980380610e-06
6.212816060724435374e-06
6.610872787859989330e-06
7.070319043123163283e-06
7.118951998563716188e-06
6.757014034519670531e-06
6.346869213302852586e-06
6.242510153242619708e-06
6.483125162048963830e-06
6.790204679418820888e-06
6.832606231910176575e-06
6.494682565971743315e-06
5.961207989457761869e-06
5.549422894546296448e-06
5.459456588141620159e-06
5.649313152389368042e-06
5.908995717618381605e-06
6.039140316715929657e-06
5.980550668027717620e-06
5.819405487272888422e-06
5.686134500137995929e-06
5.649341801472473890e-06
5.680443337041651830e-06
5.701173449779162183e-06
5.657590463670203462e-06
5.561428679357049987e-06
5.469599727803142741e-06
5.435739240056136623e-06
5.469242751132696867e-06
5.535199306905269623e-06
5.584514383372152224e-06
5.588336989603703842e-06
5.551989943342050537e-06
5.503163720277370885e-06
5.469139978231396526e-06
5.459072326630121097e-06
5.463259640237083659e-06
5.464823516376782209e-06
5.453745870909187943e-06
5.432194484455976635e-06
5.411350684880744666e-06
5.401003818406024948e-06
5.404247986007248983e-06
5.415703071776079014e-06
5.426566985988756642e-06
5.430616511148400605e-06
5.426748430181760341e-06
5.418451110017485917e-06
5.410778612713329494e-06
5.406805485108634457e-06
5.406077434599865228e-06
5.406288437370676547e-06
5.404868716141209006e-06
5.400526333687594160e-06
5.393985702539794147e-06
5.387233613873831928e-06
5.381756182032404467e-06
5.378495188779197633e-06
5.376757144404109567e-06
5.375877663027495146e-06
5.374390184442745522e-06
5.372168288886314258e-06
5.369088285078760237e-06
5.366190180211560801e-06
5.363618129194946960e-06
5.361669991543749347e-06
5.360628620110219344e-06
5.359601345844566822e-06
5.358500857255421579e-06
5.357096597435884178e-06
5.355582743504783139e-06
5.353635060600936413e-06
5.351866093405988067e-06
5.350250830815639347e-06
5.348987087927525863e-06
5.347625574358971789e-06
5.346535090211546049e-06
5.345272256818134338e-06
5.343883003661176190e-06
5.342728400137275457e-06
5.341291398508474231e-06
5.340056304703466594e-06
5.339026301953708753e-06
5.338115897757234052e-06
5.337408310879254714e-06
5.337064067134633660e-06
5.337308266462059692e-06
5.338278697308851406e-06
5.340055395208764821e-06
5.343616521713556722e-06
5.349373623175779358e-06
5.358840553526533768e-06
5.373633484850870445e-06
5.396915639721555635e-06
5.432919351733289659e-06
5.488842816703254357e-06
5.576116109295981005e-06
5.711547146347584203e-06
5.923636763327522203e-06
6.254367235669633374e-06
6.768626462871907279e-06
7.558028300991281867e-06
8.754454938753042370e-06
1.049774618877563626e-05
1.292048909817822278e-05
1.594078094058204442e-05
1.914423228299710900e-05
2.137175579264294356e-05
2.122562909789849073e-05
1.774243173713330179e-05
1.210786740557523444e-05
7.129151981644099578e-06
5.322189736034488305e-06
6.884023150632856414e-06
9.860522368398960680e-06
1.174149656435474753e-05
1.109074855776270851e-05
8.528405487595591694e-06
6.056509846530389041e-06
5.356233486963901669e-06
6.442998710554093122e-06
7.952883606776595116e-06
8.461156539851799607e-06
7.588474090880481526e-06
6.168774689285783097e-06
5.349412731447955593e-06
5.585611233982490376e-06
6.384688731486676261e-06
6.893974841659655795e-06
6.670393304375465959e-06
5.963440798950614408e-06
5.390793830883922055e-06
5.345724275684915483e-06
5.712773145205574110e-06
6.063124146749032661e-06
6.068105903977993876e-06
5.751807748310966417e-06
5.400615009421017021e-06
5.278935987007571384e-06
5.414460702013457194e-06
5.622739536192966625e-06
5.699055691366083920e-06
5.586113275057869032e-06
5.392459570430219173e-06
5.271131158224307001e-06
5.289624823490157723e-06
5.392867478803964332e-06
5.471471922646742314e-06
5.457794031826779246e-06
5.370178769226185977e-06
5.280938694340875372e-06
5.249910827842541039e-06
5.281942776491632685e-06
5.333587068889755756e-06
5.356603196560172364e-06
5.333827175491023809e-06
5.285658971843076870e-06
5.247503850114298984e-06
5.240488007984822616e-06
5.259788395051145926e-06
5.282798611006001011e-06
5.289032742439303547e-06
5.274577688396675512e-06
5.250476533547043800e-06
5.232674084254540503e-06
5.229451289778808132e-06
5.237857749307295308e-06
5.247713488643057644e-06
5.250379217613954097e-06
5.243434316071216017e-06
5.231557224760763347e-06
5.221747414907440543e-06
5.218561909714480862e-06
5.220939328864915296e-06
5.225182121648686007e-06
5.226805569691350684e-06
5.224005235504591838e-06
5.218166734266560525e-06
5.212152245803736150e-06
5.208600214245961979e-06
5.207976755627896637e-06
5.209003120398847386e-06
5.210036306380061433e-06
5.209313712839502841e-06
5.206617970543447882e-06
5.202969532547285780e-06
5.199799488764256239e-06
5.197643076826352626e-06
5.196885922487126663e-06
5.196812253416283056e-06
5.196372512727975845e-06
5.195223366172285751e-06
5.193295692151878029e-06
5.191159289097413421e-06
5.188912382436683401e-06
5.187145234231138602e-06
5.186075668461853638e-06
5.185289410292170942e-06
5.184254860068904236e-06
5.183138455322477967e-06
5.181780579732730985e-06
5.180004791327519342e-06
5.178249011805746704e-06
5.176725608180277050e-06
5.175353180675301701e-06
5.174145826458698139e-06
5.173021691007306799e-06
5.171774773771176115e-06
5.170495114725781605e-06
5.169293217477388680e-06
5.167916697246255353e-06
5.166345545148942620e-06
5.164941740076756105e-06
5.163533842278411612e-06
5.162235538591630757e-06
5.160904038348235190e-06
5.159663942322367802e-06
5.158542080607730895e-06
5.157096438779262826e-06
5.155780854693148285e-06
5.154451173439156264e-06
5.153128313395427540e-06
5.151751338416943327e-06
5.150448487256653607e-06
5.149121534486766905e-06
5.147867341293022037e-06
5.146570856595644727e-06
5.145289833308197558e-06
5.143898761161835864e-06
5.142720510775689036e-06
5.141405381436925381e-06
5.140022949490230531e-06
5.138759661349467933e-06
5.137389507581247017e-06
5.136070285516325384e-06
5.134700131748104468e-06
5.133496870257658884e-06
5.132118985784472898e-06
5.130928002472501248e-06
5.129519195179454982e-06
5.128291377332061529e-06
5.127049917064141482e-06
5.125622465129708871e-06
5.124398285261122510e-06
5.123075425217393786e-06
5.121702997712418437e-06
5.120351943332934752e-06
5.119205070513999090e-06
5.117847194924252108e-06
5.116513875691452995e-06
5.115321073390077800e-06
5.113863153383135796e-06
5.112855433253571391e-06
5.111520749778719619e-06
5.110438451083609834e-06
5.109277026349445805e-06
5.108237928652670234e-06
5.107178367325104773e-06
5.106388925923965871e-06
5.106021944811800495e-06
5.105670879856916144e-06
5.106025582790607587e-06
5.107317520014476031e-06
5.109789071866543964e-06
5.114336545375408605e-06
5.121910362504422665e-06
5.134474577062064782e-06
5.154704467713600025e-06
5.187361693970160559e-06
5.239281563262920827e-06
5.322452125255949795e-06
5.454826350614894181e-06
5.666114248015219346e-06
6.001243946229806170e-06
6.527698133140802383e-06
7.338783234445145354e-06
8.544384400011040270e-06
1.023007644107565284e-05
1.234153114637592807e-05
1.450308627681806684e-05
1.585892823641188443e-05
1.534760667709633708e-05
1.257538497156929225e-05
8.701807018951512873e-06
5.875909664609935135e-06
5.485512701852712780e-06
7.087131962180137634e-06
8.965283086581621319e-06
9.481031156610697508e-06
8.237644578912295401e-06
6.318992745946161449e-06
5.244664407655363902e-06
5.586771294474601746e-06
6.629123163293115795e-06
7.213317076093517244e-06
6.806172223150497302e-06
5.862235866516130045e-06
5.246677574177738279e-06
5.364127446227939799e-06
5.875676833966281265e-06
6.157849838928086683e-06
5.933460670348722488e-06
5.461605269374558702e-06
5.183928351470967755e-06
5.267661435937043279e-06
5.505693934537703171e-06
5.594894446403486654e-06
5.448892807180527598e-06
5.232445801084395498e-06
5.144075657881330699e-06
5.213543317950097844e-06
5.310485448717372492e-06
5.309186235535889864e-06
5.214139036979759112e-06
5.125840743858134374e-06
5.117068667459534481e-06
5.163581136002903804e-06
5.189171588426688686e-06
5.155674898560391739e-06
5.095411324873566628e-06
5.065964160166913643e-06
5.083803443994838744e-06
5.113601218909025192e-06
5.113691258884500712e-06
5.078656613477505744e-06
5.041696567786857486e-06
5.034073183196596801e-06
5.054625489719910547e-06
5.074487035017227754e-06
5.069793132861377671e-06
5.043814326199935749e-06
5.020053322368767112e-06
5.016592695028521121e-06
5.030461579735856503e-06
5.043547844252316281e-06
5.041149051976390183e-06
5.025898644817061722e-06
5.010766926716314629e-06
5.006999799661571160e-06
5.013341251469682902e-06
5.020298431190894917e-06
5.020392109145177528e-06
5.013140707887941971e-06
5.004939794162055477e-06
5.001509180146967992e-06
5.003346359444549307e-06
5.006568244425579906e-06
5.007385880162473768e-06
5.005220828024903312e-06
5.002421858080197126e-06
5.002033958589890972e-06
5.004786089557455853e-06
5.009425876778550446e-06
5.014696398575324565e-06
5.020900971430819482e-06
5.030136890127323568e-06
5.045525995228672400e-06
5.069774033472640440e-06
5.105759100842988119e-06
5.158552539796801284e-06
5.235922799329273403e-06
5.351337222236907110e-06
5.525240339920856059e-06
5.787071131635457277e-06
6.180139735079137608e-06
6.762553766748169437e-06
7.616818948008585721e-06
8.831058948999270797e-06
1.049445927492342889e-05
1.259180862689390779e-05
1.496047570981318131e-05
1.705074282654095441e-05
1.812501795939169824e-05
1.737504317134153098e-05
1.488599082222208381e-05
1.167914251709589735e-05
9.394168955623172224e-06
8.943932698457501829e-06
9.916007911670021713e-06
1.088450881070457399e-05
1.051437448040815070e-05
8.688386515132151544e-06
6.618346560571808368e-06
5.747796421928796917e-06
6.432105692510958761e-06
7.744200956949498504e-06
8.353339580935426056e-06
7.646665835636667907e-06
6.205269073689123616e-06
5.192810021981131285e-06
5.256291842670179904e-06
6.040124389983247966e-06
6.663751719315769151e-06
6.549971203639870510e-06
5.855521521880291402e-06
5.209065875533269718e-06
5.075724857306340709e-06
5.387464170780731365e-06
5.721422439819434658e-06
5.742114353779470548e-06
5.466398306452902034e-06
5.165448783372994512e-06
5.069312464911490679e-06
5.176420927455183119e-06
5.311371751304250211e-06
5.320188847690587863e-06
5.198411599849350750e-06
5.060476723883766681e-06
5.011351277062203735e-06
5.058082024333998561e-06
5.125321422383422032e-06
5.137061179993906990e-06
5.080857135908445343e-06
5.003661499358713627e-06
4.960623755323467776e-06
4.968575922248419374e-06
5.001785211788956076e-06
5.022480308980448171e-06
5.011561370338313282e-06
4.979552613804116845e-06
4.949685262545244768e-06
4.937290668749483302e-06
4.941275165037950501e-06
4.949134108755970374e-06
4.950499715050682425e-06
4.943017302139196545e-06
4.931999683321919292e-06
4.923964752379106358e-06
4.920678293274249882e-06
4.920431365462718531e-06
4.919589173368876800e-06
4.916718808090081438e-06
4.911945779895177111e-06
4.907138645648956299e-06
4.903460649074986577e-06
4.901076863461639732e-06
4.900088697468163446e-06
4.899464329355396330e-06
4.898566203337395564e-06
4.896936388831818476e-06
4.894112862530164421e-06
4.890945547231240198e-06
4.887690465693594888e-06
4.885274847765685990e-06
4.884129793936153874e-06
4.883710062131285667e-06
4.883306701231049374e-06
4.882124358118744567e-06
4.880409960605902597e-06
4.878087111137574539e-06
4.876003913523163646e-06
4.874633305007591844e-06
4.873581929132342339e-06
4.872703357250429690e-06
4.871850251220166683e-06
4.870208158536115661e-06
4.868573341809678823e-06
4.866561084782006219e-06
4.865170012635644525e-06
4.864132733928272501e-06
4.863216872763587162e-06
4.862406967731658369e-06
4.861627985519589856e-06
4.860223270952701569e-06
4.858802640228532255e-06
4.857244221057044342e-06
4.855861334362998605e-06
4.854540293308673427e-06
4.853528025705600157e-06
4.852618985751178116e-06
4.851551238971296698e-06
4.850312961934832856e-06
4.849017386732157320e-06
4.847694526688428596e-06
4.846480806008912623e-06
4.845239800488343462e-06
4.844178420171374455e-06
4.843090209760703146e-06
4.842119324166560546e-06
4.840881501877447590e-06
4.839660050492966548e-06
4.838392669626045972e-06
4.837396772927604616e-06
4.836047992284875363e-06
4.834919309359975159e-06
4.833668754145037383e-06
4.832617378269787878e-06
4.831664227822329849e-06
4.830477337236516178e-06
4.829289537156000733e-06
4.828189048566855490e-06
4.826921212952584028e-06
4.825746145797893405e-06
4.824651114176958799e-06
4.823646577278850600e-06
4.822528808290371671e-06
4.821481979888631031e-06
4.820399681193521246e-06
4.819126388611039147e-06
4.818326942768180743e-06
4.817391527467407286e-06
4.816187356482259929e-06
4.815567535843001679e-06
4.814775820705108345e-06
4.814316980628063902e-06
4.813970917894039303e-06
4.814043222722830251e-06
4.814747171622002497e-06
4.816423825104720891e-06
4.819239620701409876e-06
4.823936251341365278e-06
4.831749720324296504e-06
4.844041995966108516e-06
4.863417871092678979e-06
4.893523055216064677e-06
4.940611233905656263e-06
5.014094313082750887e-06
5.129073088028235361e-06
5.309040716383606195e-06
5.589909051195718348e-06
6.026897153788013384e-06
6.697691333101829514e-06
7.708294106123503298e-06
9.169976692646741867e-06
1.116363637265749276e-05
1.357973269477952272e-05
1.599561437615193427e-05
1.746232192090246826e-05
1.697116749710403383e-05
1.412419169355416670e-05
1.009665083984145895e-05
6.891500106576131657e-06
5.890715783607447520e-06
6.831970040366286412e-06
8.290456207760144025e-06
8.861797141435090452e-06
8.131872164085507393e-06
6.848647444712696597e-06
6.072148153180023655e-06
6.201938958838582039e-06
6.733682312187738717e-06
6.879846750962315127e-06
6.341480911942198873e-06
5.539308403967879713e-06
5.138154847372788936e-06
5.379447884479304776e-06
5.905022590013686568e-06
6.148506599856773391e-06
5.860229521204018965e-06
5.287282419885741547e-06
4.890295713266823441e-06
4.910294137516757473e-06
5.200326995691284537e-06
5.426169991551432759e-06
5.383717962104128674e-06
5.141683686815667897e-06
4.923283995594829321e-06
4.880510459770448506e-06
4.978815468348329887e-06
5.070057341072242707e-06
5.047382273914990947e-06
4.931328476232010871e-06
4.826240001420956105e-06
4.811985036212718114e-06
4.876348612015135586e-06
4.940809958497993648e-06
4.939412519888719544e-06
4.871551482210634276e-06
4.791408628079807386e-06
4.754811016027815640e-06
4.773143245984101668e-06
4.813680334336822852e-06
4.835185336560243741e-06
4.820994035981129855e-06
4.786841145687503740e-06
4.760778665513498709e-06
4.757631359098013490e-06
4.769820861838525161e-06
4.778637958224862814e-06
4.772010925080394372e-06
4.753340817842399701e-06
4.735919901577290148e-06
4.731049557449296117e-06
4.738942152471281588e-06
4.750297193822916597e-06
4.754687779495725408e-06
4.748570518131600693e-06
4.736127266369294375e-06
4.725314283859916031e-06
4.721129698737058789e-06
4.722956418845569715e-06
4.726332917925901711e-06
4.726993665826739743e-06
4.723713118437444791e-06
4.718762284028343856e-06
4.714966962637845427e-06
4.714088845503283665e-06
4.715229806606657803e-06
4.716310286312364042e-06
4.715592240245314315e-06
4.712612280854955316e-06
4.708719188784016296e-06
4.705649644165532663e-06
4.703796093963319436e-06
4.703565082309069112e-06
4.703469585365382954e-06
4.702950263890670612e-06
4.701561465481063351e-06
4.699574219557689503e-06
4.697650638263439760e-06
4.696218638855498284e-06
4.695343250205041841e-06
4.694896688306471333e-06
4.694179096986772493e-06
4.693229584518121555e-06
4.691761205322109163e-06
4.690376044891308993e-06
4.688997705670772120e-06
4.687731689045904204e-06
4.686904048867290840e-06
4.685762633016565815e-06
4.684796749643282965e-06
4.683598490373697132e-06
4.682523922383552417e-06
4.681367499870248139e-06
4.679950052377535030e-06
4.678761342802317813e-06
4.677604010794311762e-06
4.676680418924661353e-06
4.675620402849745005e-06
4.674615865951636806e-06
4.673564035329036415e-06
4.672402155847521499e-06
4.671333499572938308e-06
4.670277121476829052e-06
4.669279860536335036e-06
4.668299879995174706e-06
4.667473149311263114e-06
4.666825589083600789e-06
4.666038876166567206e-06
4.665306732931639999e-06
4.664937023335369304e-06
4.664635071094380692e-06
4.664658717956626788e-06
4.665216692956164479e-06
4.666374024964170530e-06
4.668393103202106431e-06
4.671875558415194973e-06
4.677254764828830957e-06
4.685486601374577731e-06
4.697763415606459603e-06
4.716402145277243108e-06
4.744129000755492598e-06
4.785904820892028511e-06
4.848762273468310013e-06
4.943436124449362978e-06
5.086646524432580918e-06
5.302498266246402636e-06
5.628164217341691256e-06
6.115064479672582820e-06
6.835790372861083597e-06
7.875167284510098398e-06
9.321507604909129441e-06
1.119519674830371514e-05
1.338293077424168587e-05
1.544331098557449877e-05
1.665304989728610963e-05
1.613267158973030746e-05
1.365995740343350917e-05
1.003098168439464644e-05
6.911571290402207524e-06
5.589312877418706194e-06
6.172276243887608871e-06
7.662017196707893163e-06
8.725122825126163661e-06
8.544951015210244805e-06
7.288417691597715020e-06
5.891924956813454628e-06
5.242379756964510307e-06
5.523262643691850826e-06
6.207636488397838548e-06
6.589271379198180512e-06
6.336898877634666860e-06
5.680658432538621128e-06
5.130926183483097702e-06
5.013979262002976611e-06
5.245987267699092627e-06
5.487876933329971507e-06
5.475267698784591630e-06
5.219857939664507285e-06
4.946416993334423751e-06
4.859895398112712428e-06
4.970608642906881869e-06
5.117487944517051801e-06
5.129870260134339333e-06
4.975000592821743339e-06
4.767297923535807058e-06
4.655037628253921866e-06
4.695426923717604950e-06
4.821378297492628917e-06
4.911683845421066508e-06
4.891267053608316928e-06
4.779731170856393874e-06
4.661090315494220704e-06
4.610900305124232545e-06
4.642505700758192688e-06
4.709532731794752181e-06
4.750389507535146549e-06
4.734675258077913895e-06
4.677709512179717422e-06
4.620525032805744559e-06
4.596160124492598698e-06
4.608835752151207998e-06
4.637436177290510386e-06
4.656027613236801699e-06
4.651794370147399604e-06
4.630505372915649787e-06
4.608060407917946577e-06
4.596995495376177132e-06
4.598928171617444605e-06
4.606781658367253840e-06
4.610466021404135972e-06
4.605863978213164955e-06
4.594950951286591589e-06
4.584754151437664405e-06
4.580109361995710060e-06
4.581697794492356479e-06
4.586381692206487060e-06
4.588850060827098787e-06
4.586590421240543947e-06
4.580392669595312327e-06
4.573284059006255120e-06
4.568388703773962334e-06
4.567334144667256624e-06
4.569280463329050690e-06
4.571739737002644688e-06
4.572772013489156961e-06
4.571330919134197757e-06
4.567811174638336524e-06
4.564032224152470008e-06
4.561054538498865440e-06
4.559682565741240978e-06
4.559415629046270624e-06
4.559877652354771271e-06
4.559679382509784773e-06
4.559080025501316413e-06
4.557650754577480257e-06
4.556272415356943384e-06
4.555107352643972263e-06
4.554549832391785458e-06
4.554791757982457057e-06
4.555365649139275774e-06
4.556250132736749947e-06
4.557425199891440570e-06
4.559028639050666243e-06
4.561666628433158621e-06
4.565850758808664978e-06
4.572399575408780947e-06
4.582294423016719520e-06
4.596639428200433031e-06
4.617507784132612869e-06
4.647443347494117916e-06
4.690367859438993037e-06
4.752107997774146497e-06
4.841760073759360239e-06
4.972479473508428782e-06
5.161904937267536297e-06
5.436447736428817734e-06
5.829440851812250912e-06
6.384268999681808054e-06
7.145729796320665628e-06
8.149626410158816725e-06
9.376919479109346867e-06
1.071906626748386770e-05
1.188942405860871077e-05
1.247232376044848934e-05
1.201678060169797391e-05
1.042669282469432801e-05
8.131894901453051716e-06
6.022543857397977263e-06
4.877350420429138467e-06
4.922978405375033617e-06
5.774957116955192760e-06
6.738762749591842294e-06
7.197338163678068668e-06
6.899123491166392341e-06
6.061793101252987981e-06
5.187488113733706996e-06
4.731097760668490082e-06
4.821943548449780792e-06
5.247428362054051831e-06
5.642307769448962063e-06
5.726562449126504362e-06
5.456033250084146857e-06
5.010569566366029903e-06
4.650588834920199588e-06
4.543215254670940340e-06
4.677513061324134469e-06
4.906628873868612573e-06
5.060287548985797912e-06
5.046990736445877701e-06
4.890126092504942790e-06
4.692447419074596837e-06
4.559654826152836904e-06
4.539058863883838058e-06
4.605278718372574076e-06
4.690401055995607749e-06
4.731898116006050259e-06
4.706601885118288919e-06
4.634593551600119099e-06
4.558799446385819465e-06
4.515904038271401078e-06
4.517717115959385410e-06
4.549475306703243405e-06
4.583954705594806001e-06
4.598437953973188996e-06
4.585472197504714131e-06
4.553827693598577753e-06
4.519687990978127345e-06
4.497036570683121681e-06
4.491678737394977361e-06
4.499629085330525413e-06
4.511605311563471332e-06
4.518543846643297002e-06
4.516371063800761476e-06
4.506505320023279637e-06
4.493514552450506017e-06
4.482568783714668825e-06
4.477229140320559964e-06
4.477194124774541706e-06
4.480759798752842471e-06
4.484224064071895555e-06
4.485779754759278148e-06
4.484030341700417921e-06
4.479878043639473617e-06
4.474702564039034769e-06
4.470274234336102381e-06
4.467308372113620862e-06
4.466238351596985012e-06
4.466303835215512663e-06
4.466823611437575892e-06
4.467018243303755298e-06
4.466453447093954310e-06
4.465239726414438337e-06
4.463446657609893009e-06
4.461809112399350852e-06
4.460549007490044460e-06
4.460017862584209070e-06
4.460162472241790965e-06
4.461036496650194749e-06
4.462606739252805710e-06
4.464836365514202043e-06
4.467919097805861384e-06
4.472244654607493430e-06
4.478391019802074879e-06
4.487017122301040217e-06
4.499248916545184329e-06
4.516932222031755373e-06
4.541724138107383624e-06
4.577088930091122165e-06
4.627331236406462267e-06
4.698838893091306090e-06
4.800661372428294271e-06
4.946184162690769881e-06
5.153361144039081410e-06
5.448351203085621819e-06
5.862557827640557662e-06
6.438128821173449978e-06
7.213803201011614874e-06
8.222556971304584295e-06
9.441182555747218430e-06
1.077526940207462758e-05
1.196459288621554151e-05
1.265458558918908238e-05
1.242437338078161702e-05
1.114820224756840616e-05
9.092711479752324522e-06
6.974141797400079668e-06
5.498483005794696510e-06
5.014482212573057041e-06
5.363693617255194113e-06
6.064325134502723813e-06
6.603006568184355274e-06
6.675180429738247767e-06
6.301605480985017493e-06
5.741025688621448353e-06
5.303000307321781293e-06
5.143038833921309561e-06
5.211081770539749414e-06
5.329306077328510582e-06
5.331210559234023094e-06
5.169312771613476798e-06
4.924880158796440810e-06
4.735279617307242006e-06
4.691738922701915726e-06
4.784604698215844110e-06
4.920217179460451007e-06
4.989594344806391746e-06
4.934461230732267722e-06
4.775750312546733767e-06
4.592763616528827697e-06
4.470737167139304802e-06
4.450487267604330555e-06
4.514322881732368842e-06
4.603726665663998574e-06
4.660198555939132348e-06
4.653269570553675294e-06
4.591870492731686682e-06
4.511539827944943681e-06
4.450595952221192420e-06
4.429660748428432271e-06
4.444272690307116136e-06
4.473292392503935844e-06
4.493032975005917251e-06
4.490216269914526492e-06
4.466803147806786001e-06
4.434730271896114573e-06
4.409155735629610717e-06
4.399111276143230498e-06
4.404544597491621971e-06
4.418059234012616798e-06
4.430399258126271889e-06
4.434160928212804720e-06
4.427542535268003121e-06
4.413902388478163630e-06
4.398956662043929100e-06
4.387295120977796614e-06
4.381918643048265949e-06
4.381770850159227848e-06
4.384558451420161873e-06
4.386926775623578578e-06
4.387107310321880504e-06
4.384286057756980881e-06
4.379588062874972820e-06
4.374629952508257702e-06
4.370797341834986582e-06
4.368977442936738953e-06
4.369381258584326133e-06
4.370735950942616910e-06
4.372189323476050049e-06
4.372940111352363601e-06
4.372259809315437451e-06
4.370437636680435389e-06
4.367871952126733959e-06
4.365002041595289484e-06
4.362348590802866966e-06
4.360341790743404999e-06
4.359008926257956773e-06
4.358241312729660422e-06
4.357833859103266150e-06
4.357421403256012127e-06
4.357014859124319628e-06
4.356430054031079635e-06
4.355616056272992864e-06
4.354800239525502548e-06
4.354158591013401747e-06
4.353699750936357304e-06
4.353621534392004833e-06
4.354287739261053503e-06
4.355676537670660764e-06
4.357824309408897534e-06
4.361260380392195657e-06
4.366036591818556190e-06
4.372875082481186837e-06
4.382219685794552788e-06
4.395389169076224789e-06
4.413959686644375324e-06
4.440380052983528003e-06
4.477302354644052684e-06
4.530069418251514435e-06
4.605213234754046425e-06
4.712441295851022005e-06
4.865386472374666482e-06
5.082792085886467248e-06
5.390309070207877085e-06
5.820266324008116499e-06
6.411808044504141435e-06
7.198851108114467934e-06
8.200543561542872339e-06
9.374780347570776939e-06
1.059425176208605990e-05
1.158225040853722021e-05
1.199082453240407631e-05
1.149497620644979179e-05
1.010821779345860705e-05
8.237547262979205698e-06
6.597760147997178137e-06
5.754938683821819723e-06
5.844779479957651347e-06
6.525654953293269500e-06
7.204795565485255793e-06
7.349897714448161423e-06
6.776547252229647711e-06
5.755590336775640026e-06
4.830566922464640811e-06
4.440125394467031583e-06
4.647651621780823916e-06
5.162445631867740303e-06
5.574427177634788677e-06
5.612790118902921677e-06
5.282248821458779275e-06
4.820052708964794874e-06
4.509043264988576993e-06
4.487079422688111663e-06
4.683407496486324817e-06
4.903109584120102227e-06
4.971369889972265810e-06
4.839389475819189101e-06
4.593307494360487908e-06
4.378020094009116292e-06
4.296822680771583691e-06
4.355661076260730624e-06
4.479118160816142336e-06
4.571772024064557627e-06
4.577724212140310556e-06
4.505086508288513869e-06
4.407603228173684329e-06
4.342730335338274017e-06
4.336972779128700495e-06
4.376324341137660667e-06
4.423676273290766403e-06
4.443965735845267773e-06
4.424312919582007453e-06
4.377123332233168185e-06
4.328177965362556279e-06
4.299618467484833673e-06
4.298545263736741617e-06
4.316423201089492068e-06
4.336628535384079441e-06
4.345278739492641762e-06
4.337182872404810041e-06
4.317270850151544437e-06
4.295583948987768963e-06
4.281001565686892718e-06
4.277528205420821905e-06
4.282683221390470862e-06
4.290779543225653470e-06
4.296078714105533436e-06
4.294898189982632175e-06
4.288313448341796175e-06
4.279036147636361420e-06
4.270868885214440525e-06
4.266439191269455478e-06
4.266200448910240084e-06
4.268907105142716318e-06
4.272085334378061816e-06
4.274130787962349132e-06
4.273668309906497598e-06
4.271494162821909413e-06
4.268429620424285531e-06
4.265748430043458939e-06
4.264940344000933692e-06
4.266122687113238499e-06
4.269502369425026700e-06
4.274824277672450989e-06
4.281904693925753236e-06
4.291292043490102515e-06
4.304155027057277039e-06
4.322764652897603810e-06
4.350294148025568575e-06
4.392172741063404828e-06
4.455065209185704589e-06
4.549490313365822658e-06
4.691073627327568829e-06
4.902828095509903505e-06
5.217907528276555240e-06
5.684093594027217478e-06
6.362737622112035751e-06
7.331001143029425293e-06
8.649737537780310959e-06
1.033824628393631428e-05
1.224518018716480583e-05
1.400467135681537911e-05
1.491506009188015014e-05
1.432243516319431365e-05
1.200286533276084810e-05
8.778431038081180304e-06
6.061479780328227207e-06
4.990224169887369499e-06
5.636979039991274476e-06
7.110071237548254430e-06
8.197752322303131223e-06
8.088839422271121293e-06
6.851843863842077553e-06
5.320428044797154143e-06
4.444441856321645901e-06
4.578841071634087712e-06
5.337139100447529927e-06
5.996464551571989432e-06
6.045741884008748457e-06
5.501721716427709907e-06
4.805816388397943228e-06
4.431092747836373746e-06
4.523732968664262444e-06
4.861152319790562615e-06
5.091081220598425716e-06
5.014559064875356853e-06
4.704812909039901569e-06
4.400143097882391885e-06
4.295009148336248472e-06
4.402802460390375927e-06
4.581017492455430329e-06
4.665242158807814121e-06
4.592450750351417810e-06
4.427682142704725266e-06
4.291930963518097997e-06
4.263599748810520396e-06
4.330024239607155323e-06
4.413799615576863289e-06
4.440392331162001938e-06
4.389187779452186078e-06
4.298363819543737918e-06
4.227570116199785843e-06
4.213024567434331402e-06
4.247642209520563483e-06
4.293734036764362827e-06
4.313803401601035148e-06
4.295255621400428936e-06
4.252971848472952843e-06
4.214648015476996079e-06
4.200493549433303997e-06
4.211875420878641307e-06
4.234177140460815281e-06
4.249614448781358078e-06
4.248175173415802419e-06
4.232312221574829891e-06
4.212191470287507400e-06
4.198786882625427097e-06
4.196649115328909829e-06
4.203204298391938210e-06
4.211379746266175061e-06
4.214964519633213058e-06
4.211858140479307622e-06
4.204121978546027094e-06
4.196458576188888401e-06
4.192041615169728175e-06
4.192271262581925839e-06
4.195322162559023127e-06
4.198851911496603861e-06
4.200980583846103400e-06
4.201308911433443427e-06
4.200570856482954696e-06
4.201028332317946479e-06
4.204013748676516116e-06
4.210548013361403719e-06
4.220541995891835541e-06
4.234126208757515997e-06
4.251635800756048411e-06
4.274631919543026015e-06
4.305949005356524140e-06
4.349636583356186748e-06
4.411418103700270876e-06
4.498392172536114231e-06
4.620410436473321170e-06
4.790382263308856636e-06
5.025877271691570058e-06
5.347890692064538598e-06
5.781616891908925027e-06
6.348525403154781088e-06
7.060939879011129960e-06
7.894768714322708547e-06
8.773263289185706526e-06
9.531499927106779069e-06
9.946896170731633902e-06
9.785444490262307227e-06
8.967310350271873176e-06
7.645846380910370499e-06
6.217295776878017932e-06
5.106969183543697000e-06
4.571121280605439097e-06
4.592066943587269634e-06
4.948511559632606804e-06
5.356123892852338031e-06
5.596983100986108184e-06
5.588361545960651711e-06
5.380215043260250241e-06
5.098544988868525252e-06
4.858625743509037420e-06
4.715765044238651171e-06
4.654024905903497711e-06
4.623652785085141659e-06
4.582428118737880141e-06
4.520940819929819554e-06
4.458919647731818259e-06
4.423664449859643355e-06
4.427292424225015566e-06
4.458056992007186636e-06
4.487666046770755202e-06
4.488375907385488972e-06
4.448579602467361838e-06
4.377014192868955433e-06
4.296578026696806774e-06
4.232947503624018282e-06
4.200407602183986455e-06
4.199172963126329705e-06
4.217521563987247646e-06
4.239514510118169710e-06
4.252938651916338131e-06
4.252257440384710208e-06
4.240033831592882052e-06
4.222417373966891319e-06
4.205590812489390373e-06
4.192853793938411400e-06
4.184492809145012870e-06
4.177729351795278490e-06
4.170244210399687290e-06
4.160233856964623556e-06
4.148962034378200769e-06
4.138262283959193155e-06
4.130737579544074833e-06
4.127946795051684603e-06
4.130008164793252945e-06
4.135403287364169955e-06
4.141851150052389130e-06
4.146940682403510436e-06
4.149113919993396848e-06
4.147497747908346355e-06
4.142534635320771486e-06
4.135674316785298288e-06
4.127936790609965101e-06
4.121330221096286550e-06
4.116296167921973392e-06
4.112841452297288924e-06
4.111244834348326549e-06
4.110516329092206433e-06
4.110278496227692813e-06
4.109758720005629584e-06
4.108636403543641791e-06
4.107094810024136677e-06
4.105013886146480218e-06
4.102757884538732469e-06
4.100370006199227646e-06
4.098452336620539427e-06
4.096880275028524920e-06
4.095681561011588201e-06
4.094782070751534775e-06
4.094154064659960568e-06
4.093523330084281042e-06
4.092714334547054023e-06
4.092027666047215462e-06
4.091013579454738647e-06
4.090076345164561644e-06
4.089239155291579664e-06
4.088331479579210281e-06
4.087517481821123511e-06
4.086788976565003395e-06
4.086195531272096559e-06
4.085918135388055816e-06
4.085701675649033859e-06
4.085896762262564152e-06
4.086534318048506975e-06
4.087752131454180926e-06
4.089760750503046438e-06
4.092827566637424752e-06
4.097712917427998036e-06
4.105088009964674711e-06
4.116272066312376410e-06
4.132949015911435708e-06
4.158113370067439973e-06
4.195793735561892390e-06
4.252799044479615986e-06
4.338744020060403273e-06
4.469476607482647523e-06
4.667881057685008273e-06
4.969983365299412981e-06
5.426157258625607938e-06
6.110793492553057149e-06
7.114820618880912662e-06
8.548581718059722334e-06
1.047144269250566140e-05
1.284053269046125934e-05
1.527847962279338390e-05
1.706886723695788532e-05
1.712820449029095471e-05
1.489845726609928533e-05
1.090652585844509304e-05
7.014621587586589158e-06
5.021568085794569924e-06
5.438681000669021159e-06
7.255710897879907861e-06
8.785095815255772322e-06
8.787269507593009621e-06
7.250009730341844261e-06
5.344397322915028781e-06
4.385013653518399224e-06
4.779900336870923638e-06
5.852868525835219771e-06
6.539431524288374931e-06
6.249869784369366243e-06
5.259904355625621974e-06
4.378223820822313428e-06
4.198876922600902617e-06
4.649914899346185848e-06
5.173997124074958265e-06
5.264843366603599861e-06
4.867297320743091404e-06
4.343974978837650269e-06
4.104465460841311142e-06
4.255100066075101495e-06
4.566550614981679246e-06
4.721698132925666869e-06
4.588001502270344645e-06
4.292652192816603929e-06
4.074216121807694435e-06
4.068665020895423368e-06
4.219680704409256577e-06
4.360477305453969166e-06
4.366213033790700138e-06
4.243607236276147887e-06
4.100436854059807956e-06
4.040956810058560222e-06
4.085029559064423665e-06
4.169562089373357594e-06
4.212501607980811968e-06
4.180712494417093694e-06
4.104001618543406948e-06
4.040844032715540379e-06
4.028528110211482272e-06
4.060260380356339738e-06
4.099053057871060446e-06
4.110828740522265434e-06
4.088858531758887693e-06
4.052228177897632122e-06
4.026880560559220612e-06
4.025762791570741683e-06
4.042120963276829571e-06
4.058497779624303803e-06
4.061374966113362461e-06
4.049273229611571878e-06
4.031147000205237418e-06
4.018466370325768366e-06
4.016511411464307457e-06
4.023070687253493816e-06
4.030320269521325827e-06
4.032270226161926985e-06
4.027071554446592927e-06
4.018336767330765724e-06
4.010794327768962830e-06
4.007939878647448495e-06
4.009439180663321167e-06
4.012864792457548901e-06
4.014662863482953981e-06
4.013307261629961431e-06
4.009383701486513019e-06
4.004871243523666635e-06
4.001827619504183531e-06
4.000875378551427275e-06
4.001536126452265307e-06
4.002537480118917301e-06
4.002770310762571171e-06
4.001472461823141202e-06
3.999277851107763126e-06
3.996826762886485085e-06
3.995075985585572198e-06
3.994322014477802441e-06
3.994128746853675693e-06
3.994240614701993763e-06
3.993947757408022881e-06
3.993101017840672284e-06
3.991885478171752766e-06
3.990526693087304011e-06
3.989430751971667632e-06
3.988888693129410967e-06
3.988826392742339522e-06
3.988974185631377622e-06
3.989623564848443493e-06
3.990738150605466217e-06
3.992046003986615688e-06
3.994600319856544957e-06
3.998774900537682697e-06
4.005750270152930170e-06
4.016528691863641143e-06
4.033842742501292378e-06
4.060573701281100512e-06
4.101738340978045017e-06
4.165557129454100505e-06
4.264272320142481476e-06
4.417801392264664173e-06
4.655764769267989323e-06
5.023426638217642903e-06
5.584500286204274744e-06
6.424342245736625046e-06
7.633001587237231433e-06
9.272162969864439219e-06
1.125641665566945449e-05
1.324242384725948796e-05
1.447841623303247616e-05
1.412381880072643980e-05
1.182089908979833126e-05
8.452942893200088292e-06
5.666801371262408793e-06
4.696797532233176753e-06
5.456727194541599602e-06
6.826860499131726101e-06
7.561230177088873461e-06
7.120318514353130013e-06
5.958243491477333009e-06
5.003412297810427845e-06
4.823136805498506874e-06
5.216978479438694194e-06
5.555307325266767293e-06
5.405586307460907847e-06
4.880626875092275441e-06
4.451629592949757352e-06
4.448968866199720651e-06
4.766080564877483994e-06
5.009277174394810572e-06
4.887008799414616078e-06
4.465645361051429063e-06
4.077984158357139677e-06
4.001625711680389941e-06
4.224847089062677696e-06
4.496320798352826387e-06
4.567585165204945952e-06
4.392854407342383638e-06
4.130488832743139938e-06
3.978696440753992647e-06
4.007549250673037022e-06
4.131798050366342068e-06
4.214417913317447528e-06
4.188008006167365238e-06
4.091851678822422400e-06
4.012973931821761653e-06
4.002123660029610619e-06
4.039927262056153268e-06
4.069481292390264571e-06
4.053546035720501095e-06
4.003745743830222636e-06
3.961044058087281883e-06
3.955913143727229908e-06
3.984261638834141195e-06
4.015359536424512044e-06
4.020611413579899818e-06
3.995420684077544138e-06
3.958782599511323497e-06
3.934647338610375300e-06
3.933826064894674346e-06
3.948724952351767570e-06
3.962960363423917443e-06
3.964788447774481028e-06
3.954770363634452224e-06
3.941388968087267131e-06
3.933690095436759293e-06
3.933776952180778608e-06
3.937636392947752029e-06
3.938902864319970831e-06
3.935000222554663196e-06
3.927751549781532958e-06
3.921606094081653282e-06
3.919823029718827456e-06
3.921953975805081427e-06
3.925443252228433266e-06
3.926842964574461803e-06
3.924950306100072339e-06
3.920783910871250555e-06
3.916525656677549705e-06
3.913679393008351326e-06
3.913007731171092018e-06
3.913291038770694286e-06
3.913486125384224579e-06
3.912703050445998088e-06
3.910782652383204550e-06
3.908893631887622178e-06
3.907572136085946113e-06
3.907096470356918871e-06
3.907217433152254671e-06
3.907182872353587300e-06
3.906714027834823355e-06
3.905564881279133260e-06
3.904105142282787710e-06
3.902807293343357742e-06
3.902052412740886211e-06
3.901800027961144224e-06
3.902037860825657845e-06
3.902731350535759702e-06
3.903852757503045723e-06
3.905880021193297580e-06
3.909311089955735952e-06
3.915191427950048819e-06
3.924887550965650007e-06
3.941019258490996435e-06
3.966630174545571208e-06
4.007575626019388437e-06
4.072513547725975513e-06
4.176139555056579411e-06
4.342098236520541832e-06
4.606831680575851351e-06
5.027524821343831718e-06
5.688406872650375590e-06
6.701897291350178421e-06
8.196109774871729314e-06
1.024113316816510633e-05
1.271159180760150775e-05
1.502871418779250234e-05
1.612147570995148271e-05
1.484951280872337520e-05
1.123805122915655375e-05
7.022030786174582317e-06
4.568007170746568590e-06
4.849689958064118400e-06
6.830949587310897186e-06
8.488877938361838460e-06
8.359992534678895026e-06
6.598499567189719528e-06
4.717833689937833697e-06
4.137149971938924864e-06
4.942810392094543204e-06
6.048053819540655240e-06
6.321406999632017687e-06
5.551817594096064568e-06
4.489800176088465378e-06
4.013834768556989729e-06
4.320208063290920109e-06
4.886184342467458919e-06
5.082123152533313259e-06
4.748103037854889408e-06
4.239745976519770920e-06
4.002694822702324018e-06
4.150599579588742927e-06
4.428232841746648774e-06
4.516073659033281729e-06
4.329945568315451965e-06
4.053298653161618859e-06
3.920131348422728479e-06
3.995548468083143234e-06
4.148181233176728711e-06
4.205898676445940509e-06
4.116185209568357095e-06
3.970763827965129167e-06
3.896336693287594244e-06
3.933741481887409464e-06
4.016719231003662571e-06
4.050051757076289505e-06
4.000042736151954159e-06
3.913944965461269021e-06
3.863469828502275050e-06
3.877944891428342089e-06
3.926023055100813508e-06
3.954062322009121999e-06
3.936187567887827754e-06
3.890842890541534871e-06
3.856878720398526639e-06
3.856685452774399891e-06
3.880534222844289616e-06
3.901085165125550702e-06
3.898896011378383264e-06
3.876722985296510160e-06
3.853131147479871288e-06
3.843771992251276970e-06
3.850675057037733495e-06
3.862760877382243052e-06
3.867810846713837236e-06
3.861383902403758839e-06
3.848678716167341918e-06
3.839107648673234507e-06
3.837390522676287219e-06
3.841992111119907349e-06
3.847181233140872791e-06
3.848052983812522143e-06
3.843652393697993830e-06
3.837323674815706909e-06
3.833027221844531596e-06
3.832601578324101865e-06
3.834567451121984050e-06
3.836602445517200977e-06
3.836073119600769132e-06
3.833488335658330470e-06
3.830257810477633029e-06
3.827956788882147521e-06
3.827444743365049362e-06
3.828134140348993242e-06
3.828932676697149873e-06
3.828533863270422444e-06
3.827147338597569615e-06
3.825628482445608824e-06
3.824540726782288402e-06
3.824643499683588743e-06
3.825393378065200523e-06
3.826619831670541316e-06
3.827843102044425905e-06
3.829351044259965420e-06
3.831000867648981512e-06
3.833980827039340511e-06
3.838732936856104061e-06
3.845951596304075792e-06
3.856513103528413922e-06
3.871448825520928949e-06
3.892567747243447229e-06
3.922375526599353179e-06
3.965310042985947803e-06
4.027312570542562753e-06
4.117505795875331387e-06
4.248634922987548634e-06
4.439626081875758246e-06
4.717069714388344437e-06
5.119876277603907511e-06
5.696731932403054088e-06
6.513605512736830860e-06
7.629865649505518377e-06
9.096895155380479991e-06
1.086291740648448467e-05
1.275166323466692120e-05
1.428451469109859318e-05
1.485586471972055733e-05
1.382572372676804662e-05
1.122653884522151202e-05
7.849282155802939087e-06
5.062989657744765282e-06
3.875409674947150052e-06
4.389700279716635123e-06
5.870644145034020767e-06
7.256747267092578113e-06
7.727278898528311402e-06
7.050227850413648412e-06
5.688544661097694188e-06
4.428109150467207655e-06
3.883992576447781175e-06
4.143657406530110165e-06
4.820864432986127213e-06
5.375762157200369984e-06
5.448270258057164028e-06
5.038088602304924279e-06
4.429257842275546864e-06
3.977816049882676452e-06
3.876126356772147119e-06
4.074455773661611602e-06
4.361295850685564801e-06
4.521916252997471020e-06
4.464339781407034025e-06
4.242831892042886466e-06
3.999630280304700136e-06
3.859081971313571557e-06
3.862295670842286199e-06
3.960280082537792623e-06
4.063135747855994850e-06
4.099368197785224766e-06
4.052124495501630008e-06
3.955925421905703843e-06
3.865313829010119662e-06
3.820503934548469260e-06
3.827939053735462949e-06
3.864659447572194040e-06
3.897971510014031082e-06
3.905425728589762002e-06
3.884099442075239494e-06
3.847016614599851891e-06
3.813410330621991307e-06
3.796444161707768217e-06
3.797333647526102141e-06
3.808582050623954274e-06
3.819070116151124239e-06
3.821070549747673795e-06
3.812932845903560519e-06
3.798885927608353086e-06
3.785368335229577497e-06
3.777085566980531439e-06
3.775712457354529761e-06
3.778832251555286348e-06
3.782592102652415633e-06
3.783721240324666724e-06
3.780821316468063742e-06
3.775009645323734730e-06
3.768266424231114797e-06
3.762927462958032265e-06
3.760363597393734381e-06
3.760233084904029965e-06
3.761768311960622668e-06
3.763360155062400736e-06
3.763403810808085836e-06
3.761729658435797319e-06
3.758766524697421119e-06
3.755131956495461054e-06
3.751729082068777643e-06
3.749632242033840157e-06
3.748566086869686842e-06
3.748533345060423017e-06
3.748965355043765157e-06
3.749300731215043925e-06
3.749294819499482401e-06
3.748374638234963641e-06
3.746853508346248418e-06
3.744982677744701505e-06
3.743185061466647312e-06
3.741324917427846231e-06
3.739969088201178238e-06
3.739122121260152198e-06
3.738388841156847775e-06
3.738114628504263237e-06
3.737916586032952182e-06
3.737548922799760476e-06
3.737040515261469409e-06
3.736394091902184300e-06
3.735479594979551621e-06
3.734449592229793780e-06
3.733475068656844087e-06
3.732377308551804163e-06
3.731252490979386494e-06
3.730322532646823674e-06
3.729512400241219439e-06
3.728598585439613089e-06
3.728021738425013609e-06
3.727189096025540493e-06
3.726558361449860968e-06
3.725844862856320105e-06
3.725166152435122058e-06
3.724483121914090589e-06
3.723723921211785637e-06
3.723027020896552131e-06
3.722410156115074642e-06
3.721528401001705788e-06
3.720851509569911286e-06
3.719970436577568762e-06
3.719281039593624882e-06
3.718593461599084549e-06
3.717777190104243346e-06
3.717089384736027569e-06
3.716300398082239553e-06
3.715563480000128038e-06
3.714921604114351794e-06
3.714159220180590637e-06
3.713464138854760677e-06
3.712813622769317590e-06
3.712232910402235575e-06
3.711710633069742471e-06
3.711043291332316585e-06
3.710675855472800322e-06
3.710231794684659690e-06
3.710101509568630718e-06
3.709975999299786054e-06
3.710089004016481340e-06
3.710750434038345702e-06
3.711701083375373855e-06
3.713441856234567240e-06
3.716022774824523367e-06
3.720151653396897018e-06
3.726140448634396307e-06
3.735209702426800504e-06
3.748831659322604537e-06
3.769164550249115564e-06
3.799466185228084214e-06
3.844761522486805916e-06
3.912537977157626301e-06
4.014409569208510220e-06
4.167472070548683405e-06
4.396887561597395688e-06
4.739226369565585628e-06
5.243540272203972563e-06
5.973288807581411675e-06
6.987871529418043792e-06
8.320829692820552737e-06
9.895888979372102767e-06
1.146522936323890463e-05
1.251170851901406422e-05
1.246371903107501566e-05
1.101653469959273934e-05
8.667356269143056124e-06
6.509247214125934988e-06
5.586332918028347194e-06
6.124850187916308641e-06
7.462517260137246922e-06
8.482609700877219439e-06
8.299444743897765875e-06
6.878723525005625561e-06
5.110575330036226660e-06
4.087602519575739279e-06
4.200914645480224863e-06
4.943179192196112126e-06
5.466613401949871331e-06
5.288803549774456769e-06
4.605765298038022593e-06
4.016333605250110850e-06
3.951212420361116529e-06
4.336582605901639909e-06
4.742802047985605896e-06
4.798801455763168633e-06
4.477833499549888074e-06
4.061888375872513279e-06
3.850782377412542701e-06
3.915087290806695819e-06
4.088149580638855696e-06
4.154480848228558898e-06
4.039365649077808484e-06
3.841909347102046013e-06
3.718487278092652559e-06
3.740821057363064028e-06
3.852511326840613037e-06
3.939434463973157108e-06
3.931955689040478319e-06
3.850403572869254276e-06
3.768808483073371463e-06
3.745191179405082949e-06
3.777759957301896065e-06
3.819555786321870983e-06
3.825298790616216138e-06
3.786834668062510900e-06
3.732241111720213667e-06
3.696749217851902358e-06
3.694131464726524428e-06
3.711288627528119832e-06
3.723873533090227284e-06
3.716786295626661740e-06
3.694177166835288517e-06
3.671315425890497863e-06
3.661649088826379739e-06
3.666246129796491005e-06
3.676295364130055532e-06
3.681140469780075364e-06
3.676452706713462248e-06
3.665909389383159578e-06
3.656851049527176656e-06
3.654135980468709022e-06
3.657455181382829323e-06
3.662506742330151610e-06
3.664775022116373293e-06
3.662595872810925357e-06
3.658224386526853777e-06
3.654831516541889869e-06
3.654809916042722762e-06
3.657924253275268711e-06
3.662657945824321359e-06
3.667141299956711009e-06
3.670845444503356703e-06
3.674992740343441255e-06
3.681535417854320258e-06
3.692626705742441118e-06
3.710158807734842412e-06
3.734987330972217023e-06
3.769104296225123107e-06
3.815922354988288134e-06
3.880985786963719875e-06
3.973775619670050219e-06
4.106344022147823125e-06
4.296594397601438686e-06
4.567511950881453231e-06
4.951281425746856257e-06
5.486698228196473792e-06
6.223468972166301683e-06
7.200428626674693078e-06
8.442337275482714176e-06
9.884088285616599023e-06
1.136670653067994863e-05
1.251131652679760009e-05
1.287730538024334237e-05
1.202247403853107244e-05
9.989010322897229344e-06
7.327383173105772585e-06
5.004754257242893800e-06
3.789140237131505273e-06
3.875054517266107723e-06
4.858196916757151484e-06
6.030080385244218633e-06
6.735616807418409735e-06
6.626833055634051561e-06
5.811372375319479033e-06
4.729305601358646527e-06
3.908467533619841561e-06
3.655061618701438420e-06
3.934573214792180806e-06
4.455230282474076375e-06
4.864213224209379405e-06
4.935549441142939031e-06
4.655048996937694028e-06
4.198078386252745986e-06
3.800710146606434137e-06
3.628963895607739687e-06
3.703268021126859821e-06
3.917432877642568201e-06
4.117845946893794462e-06
4.189922492514597252e-06
4.106665983272250742e-06
3.923489202861674130e-06
3.736744702109717764e-06
3.626802481448976323e-06
3.621287760324776173e-06
3.693478674904326908e-06
3.786417892115423456e-06
3.845640094368718565e-06
3.843434569716919214e-06
3.786767138080904260e-06
3.706132247316418216e-06
3.637278950918698683e-06
3.603747927627409808e-06
3.609377472457708791e-06
3.640426484707859345e-06
3.675662355817621574e-06
3.696530029628775083e-06
3.695121904456755146e-06
3.673424316730233841e-06
3.642413275883882307e-06
3.614017032305127941e-06
3.596870101318927482e-06
3.593898554754559882e-06
3.601808657549554482e-06
3.614467686929856427e-06
3.624927330747595988e-06
3.628746981121366844e-06
3.625227918746531941e-06
3.616007234086282551e-06
3.604642870413954370e-06
3.594496547520975582e-06
3.587984792829956859e-06
3.585727199606481008e-06
3.587046194297727197e-06
3.590179858292685822e-06
3.593460178308305331e-06
3.595461294025881216e-06
3.595489715735311620e-06
3.593740530050126836e-06
3.590802862163400277e-06
3.587241280911257491e-06
3.584372052500839345e-06
3.582387080314219929e-06
3.581813416531076655e-06
3.582889121389598586e-06
3.585324748200946487e-06
3.589390416891546920e-06
3.595245061660534702e-06
3.603405730245867744e-06
3.615288733271881938e-06
3.632551624832558446e-06
3.658839204945252277e-06
3.698917453220929019e-06
3.760358367799199186e-06
3.855383965856162831e-06
4.001519300800282508e-06
4.225272277835756540e-06
4.564054506772663444e-06
5.068881819170201197e-06
5.799018254037946463e-06
6.805271823395742103e-06
8.084538421826437116e-06
9.505184607405681163e-06
1.072482245945138857e-05
1.121920649893581867e-05
1.052148490998661146e-05
8.653941222291905433e-06
6.312982804956845939e-06
4.512495706876507029e-06
3.899363036907743663e-06
4.395343694341136143e-06
5.373439307732041925e-06
6.096827746659982949e-06
6.113129074947210029e-06
5.444923317554639652e-06
4.524381893133977428e-06
3.885525529767619446e-06
3.813272314800997265e-06
4.190524578007170931e-06
4.629882823792286217e-06
4.764747245644684881e-06
4.495317625696770847e-06
4.030607215099735186e-06
3.699356057040859014e-06
3.683390332298586145e-06
3.899850526067893952e-06
4.108563189220149070e-06
4.123826784052653238e-06
3.945805019611725584e-06
3.725644319274579175e-06
3.616912408688222058e-06
3.656418584796483628e-06
3.763191216421546414e-06
3.828072749456623569e-06
3.801008006121264771e-06
3.710794544531381689e-06
3.623331167545984499e-06
3.585618969736970030e-06
3.601148591769742779e-06
3.640564955276204273e-06
3.669461875688284636e-06
3.667515102279139683e-06
3.635929033407592215e-06
3.591982931538950652e-06
3.557942136467318051e-06
3.549053644746891223e-06
3.564709913916885853e-06
3.589571633710875176e-06
3.604264747991692275e-06
3.597464228732860647e-06
3.573406047507887706e-06
3.546604148141341284e-06
3.531460379235795699e-06
3.533420567691791803e-06
3.545922027115011588e-06
3.557794343578279950e-06
3.560851155270938762e-06
3.554142267603310756e-06
3.542675813150708564e-06
3.532596338118310086e-06
3.527479748299811035e-06
3.527658691382384859e-06
3.530298045006929897e-06
3.533329163474263623e-06
3.534294819473871030e-06
3.532702066877391189e-06
3.529286232151207514e-06
3.525247393554309383e-06
3.521761755109764636e-06
3.520118525557336397e-06
3.520186965033644810e-06
3.521201961120823398e-06
3.521929329508566298e-06
3.521471626299899071e-06
3.519611482261097990e-06
3.517126060614828020e-06
3.515077423799084499e-06
3.513677711453055963e-06
3.513477167871315032e-06
3.513981710057123564e-06
3.514294121487182565e-06
3.514447371344431303e-06
3.514265927151427604e-06
3.513978299451991916e-06
3.513878482408472337e-06
3.514300715323770419e-06
3.515791149766300805e-06
3.518459379847627133e-06
3.523134409988415428e-06
3.530405592755414546e-06
3.541410933394217864e-06
3.558234084266587161e-06
3.583588295441586524e-06
3.622119947976898402e-06
3.680936970340553671e-06
3.771530373342102394e-06
3.911743533535627648e-06
4.128100499656284228e-06
4.462846845854073763e-06
4.976845957571640611e-06
5.762102773587685078e-06
6.932754331501200795e-06
8.633618563180789351e-06
1.094331491913180798e-05
1.382119444315321743e-05
1.675960811553522944e-05
1.882157812360674143e-05
1.855336267908569425e-05
1.533960312372073531e-05
1.009703100862680003e-05
5.452774075820343569e-06
3.628481408668449149e-06
4.872281806456157938e-06
7.523102340201148763e-06
9.344694262836128473e-06
9.021673577080946416e-06
6.883868081786204129e-06
4.604682544595561922e-06
3.700850356835871935e-06
4.394346433400642127e-06
5.674731710314517841e-06
6.298454991338076070e-06
5.784733730251900852e-06
4.637394795281579718e-06
3.792306642935727723e-06
3.765231213037623093e-06
4.320426796766696498e-06
4.813462055608397350e-06
4.784494649356929585e-06
4.296364750189241022e-06
3.777919118874706328e-06
3.606149675761116669e-06
3.804814923569210805e-06
4.095953954674769193e-06
4.186159912933362648e-06
4.003224148618755862e-06
3.715608954735216685e-06
3.547165988493361510e-06
3.586787897802423686e-06
3.741344471563934349e-06
3.845801074930932373e-06
3.806136874118237756e-06
3.661787559394724667e-06
3.528833985910750926e-06
3.495740884318365715e-06
3.558963271643733606e-06
3.642655201474553905e-06
3.669700618047500029e-06
3.620149527705507353e-06
3.535388714226428419e-06
3.476707206573337317e-06
3.475913217698689550e-06
3.517875484249088913e-06
3.559986680556903593e-06
3.567620296962559223e-06
3.537389829944004305e-06
3.493160193102085032e-06
3.464226892901933752e-06
3.463861958152847365e-06
3.484016360744135454e-06
3.504368805806734599e-06
3.509425596348592080e-06
3.496735189401078969e-06
3.475973699096357450e-06
3.460619154793675989e-06
3.457297225395450369e-06
3.464277142484206706e-06
3.473314791335724294e-06
3.477124437267775647e-06
3.473043307167245075e-06
3.464291239652084187e-06
3.456132617429830134e-06
3.452357759670121595e-06
3.453527369856601581e-06
3.456860213191248477e-06
3.459255594862042926e-06
3.458470700934412889e-06
3.455204023339319974e-06
3.450909616731223650e-06
3.447599056016770191e-06
3.446492428338387981e-06
3.447136805334594101e-06
3.448232746450230479e-06
3.448661345828440972e-06
3.447726840022369288e-06
3.445655465839081444e-06
3.443381046963622794e-06
3.441472699705627747e-06
3.440476120886160061e-06
3.440321279413183220e-06
3.440560476519749500e-06
3.440578666413784958e-06
3.440014552325010300e-06
3.438910653130733408e-06
3.437589612076408230e-06
3.436219230934511870e-06
3.435182634348166175e-06
3.434507334532099776e-06
3.434099880905705504e-06
3.433772917560418136e-06
3.433445954215130769e-06
3.432686526139150374e-06
3.431947561693959869e-06
3.430946662774658762e-06
3.430149718042230234e-06
3.429289108680677600e-06
3.428509444347582757e-06
3.428125182836083695e-06
3.427516048759571277e-06
3.426920102356234565e-06
3.426197054068325087e-06
3.425602017159690149e-06
3.424950818953220733e-06
3.424160240683704615e-06
3.423509269850910641e-06
3.422818281251238659e-06
3.422300551392254420e-06
3.421745759624172933e-06
3.421223709665355273e-06
3.420725306568783708e-06
3.420370148887741379e-06
3.419859240239020437e-06
3.419460426812293008e-06
3.419303084228886291e-06
3.419436779950046912e-06
3.419889253564178944e-06
3.420903112782980315e-06
3.422713007239508443e-06
3.425466047701775096e-06
3.430100832702009939e-06
3.437350187596166506e-06
3.448739334999118000e-06
3.466317593847634271e-06
3.493446456559468061e-06
3.535946916599641554e-06
3.601779098971746862e-06
3.704504024426569231e-06
3.864117388729937375e-06
4.111683210794581100e-06
4.492194420890882611e-06
5.067238362244097516e-06
5.910248091822722927e-06
7.081215699145104736e-06
8.566780707042198628e-06
1.016629084915621206e-05
1.138801781053189188e-05
1.151024025602964684e-05
1.004383375402539968e-05
7.357607046287739649e-06
4.743407771456986666e-06
3.507428118609823287e-06
3.972566446464043111e-06
5.365071046981029212e-06
6.475436748587526381e-06
6.464621947088744491e-06
5.382446943258401006e-06
4.074679054610896856e-06
3.451993734415736981e-06
3.761170773941557854e-06
4.506370714807417244e-06
4.961168997397180647e-06
4.755123427457874641e-06
4.100924343219958246e-06
3.537949169185594656e-06
3.441776016188669018e-06
3.750079031306086108e-06
4.098533281648997217e-06
4.165714017290156335e-06
3.918233687727479264e-06
3.582784074751543812e-06
3.416092113184276968e-06
3.492344376354594715e-06
3.679943120005191304e-06
3.787986315728630871e-06
3.727466491909581237e-06
3.561187895684270188e-06
3.424152737352414988e-06
3.403141363378381357e-06
3.479099405012675561e-06
3.563416839824640192e-06
3.580350494303274900e-06
3.522009592415997759e-06
3.439771489865961485e-06
3.393457291167578660e-06
3.403936034374055453e-06
3.446109758442617022e-06
3.476784740996663459e-06
3.471034688118379563e-06
3.435718099353834987e-06
3.398183253011666238e-06
3.382111572136636823e-06
3.390995061636203900e-06
3.410355930100195110e-06
3.421718702156795189e-06
3.416454546822933480e-06
3.399421757421805523e-06
3.382725481060333550e-06
3.375769665581174195e-06
3.379641839273972437e-06
3.388129925951943733e-06
3.393221049918793142e-06
3.391338168512447737e-06
3.384146793905529194e-06
3.376714403202640824e-06
3.373233312231604941e-06
3.374820607859874144e-06
3.379479039722355083e-06
3.383871217010891996e-06
3.386485332157462835e-06
3.387635388207854703e-06
3.389585117474780418e-06
3.395151452423306182e-06
3.406245468795532361e-06
3.423934685997664928e-06
3.449923042353475466e-06
3.486537252683774568e-06
3.538626515364740044e-06
3.614750085034756921e-06
3.727543116838205606e-06
3.894485871569486335e-06
4.139913471590261906e-06
4.496165274758823216e-06
5.003574187867343426e-06
5.704267550754593685e-06
6.626796675845980644e-06
7.744437425571959466e-06
8.928062015911564231e-06
9.886335647024679929e-06
1.021429943648399785e-05
9.571771443006582558e-06
8.016702850000001490e-06
6.117341854405822232e-06
4.699150395026663318e-06
4.299931333662243560e-06
4.869306394539307803e-06
5.858529220859054476e-06
6.566909178218338639e-06
6.514735559903783724e-06
5.713143764296546578e-06
4.639378403226146474e-06
3.891701908287359402e-06
3.764955181395635009e-06
4.105006610188866034e-06
4.497116606216877699e-06
4.586335307976696640e-06
4.295025064493529499e-06
3.826929514616494998e-06
3.477051905065309256e-06
3.413623289816314355e-06
3.588822664823965169e-06
3.816064236161764711e-06
3.920978542737429962e-06
3.850205757771618664e-06
3.677916538435965776e-06
3.529461082507623360e-06
3.487344883978948928e-06
3.547090273059438914e-06
3.640142494987230748e-06
3.691847723530372605e-06
3.670830437840777449e-06
3.597293925849953666e-06
3.519314304867293686e-06
3.476729943940881640e-06
3.479471843093051575e-06
3.508083636916126125e-06
3.533983999659540132e-06
3.537027851052698679e-06
3.516131528158439323e-06
3.485140496195526794e-06
3.460761035967152566e-06
3.453576709944172762e-06
3.463936309344717301e-06
3.483869249976123683e-06
3.503649850244983099e-06
3.517877757985843346e-06
3.527448598106275313e-06
3.538027158356271684e-06
3.557017180355614983e-06
3.590038204492884688e-06
3.640255272330250591e-06
3.707698169819195755e-06
3.792645657085813582e-06
3.896272119163768366e-06
4.024294867122080177e-06
4.184108547633513808e-06
4.387140506878495216e-06
4.641834948415635154e-06
4.958881163474870846e-06
5.337542916095117107e-06
5.775476438429905102e-06
6.247149030969012529e-06
6.722837952111149207e-06
7.132655809982679784e-06
7.411872957163723186e-06
7.461848781531443819e-06
7.235772045532939956e-06
6.706782187393400818e-06
5.950590093561913818e-06
5.087537374492967501e-06
4.287049705453682691e-06
3.687656999318278395e-06
3.368467332620639354e-06
3.328162392790545709e-06
3.501705350572592579e-06
3.789054517255863175e-06
4.085232376382919028e-06
4.305304628360318020e-06
4.395695214043371379e-06
4.345335128164151683e-06
4.175996764388401061e-06
3.938725512853125110e-06
3.690370931508368813e-06
3.483941782178590074e-06
3.350884981045965105e-06
3.300301841591135599e-06
3.320881887702853419e-06
3.388095365153276362e-06
3.473631750239292160e-06
3.551827376213623211e-06
3.605046003940515220e-06
3.623875727498671040e-06
3.608642600738676265e-06
3.565725364751415327e-06
3.505845370455062948e-06
3.440746695559937507e-06
3.381167289262521081e-06
3.334388566145207733e-06
3.304090796518721618e-06
3.290505446784663945e-06
3.291017037554411218e-06
3.302012828498845920e-06
3.318509925520629622e-06
3.336443342050188221e-06
3.352572093717753887e-06
3.364810481798485853e-06
3.372004812263185158e-06
3.374003199496655725e-06
3.371508455529692583e-06
3.365223619766766205e-06
3.356594334036344662e-06
3.346254516145563684e-06
3.335335122756077908e-06
3.324654699099482968e-06
3.314803734610904939e-06
3.305963673483347520e-06
3.298575848020846024e-06
3.292271230748156086e-06
3.287218305558781140e-06
3.283194018877111375e-06
3.280259761595516466e-06
3.277966925452346914e-06
3.276176585131906904e-06
3.274994014645926654e-06
3.273959009675309062e-06
3.273337824793998152e-06
3.272939693488297053e-06
3.272537924203788862e-06
3.272275080234976485e-06
3.272083404226577841e-06
3.272035428381059319e-06
3.272194135206518695e-06
3.272258936704020016e-06
3.272690719313686714e-06
3.273333732067840174e-06
3.274229356975411065e-06
3.275676135672256351e-06
3.277781161159509793e-06
3.280606051703216508e-06
3.284728109065326862e-06
3.290346739959204569e-06
3.298459432699019089e-06
3.309776730020530522e-06
3.325572834000922740e-06
3.348103291500592604e-06
3.379944473635987379e-06
3.425612476348760538e-06
3.490778453851817176e-06
3.584824753488646820e-06
3.720293989317724481e-06
3.916708465112606063e-06
4.200265721010509878e-06
4.609277766576269642e-06
5.190885531192179769e-06
6.008862328599207103e-06
7.117433142411755398e-06
8.564409654354676604e-06
1.028912538458826020e-05
1.212193910760106519e-05
1.359148336632642895e-05
1.413314748788252473e-05
1.313274333369918168e-05
1.063436047843424603e-05
7.373374046437675133e-06
4.647622972697718069e-06
3.425925797273521312e-06
3.837520125671289861e-06
5.210536528466036543e-06
6.540857611980754882e-06
7.033954261714825407e-06
6.439346634579123929e-06
5.170347321836743504e-06
3.962818027503089979e-06
3.414433876969269477e-06
3.631700110418023542e-06
4.262208676664158702e-06
4.790233560925116763e-06
4.858239663008134812e-06
4.454933332453947514e-06
3.855238901451230049e-06
3.413838840060634539e-06
3.326813839521491900e-06
3.544524588505737484e-06
3.849220320262247697e-06
4.015316335426177830e-06
3.943290721508674324e-06
3.692415020850603469e-06
3.419903805479407310e-06
3.267472038714913651e-06
3.282797706560813822e-06
3.410582849028287455e-06
3.544119863363448530e-06
3.596508804548648186e-06
3.542626018315786496e-06
3.422507461436907761e-06
3.304842039142386056e-06
3.244614163122605532e-06
3.255255705880699679e-06
3.310685769974952564e-06
3.367074214111198671e-06
3.389556923139025457e-06
3.368365241840365343e-06
3.318367362226126716e-06
3.266301973781082779e-06
3.235132226109271869e-06
3.233032884963904507e-06
3.252571104894741438e-06
3.277549694757908583e-06
3.292966766821336932e-06
3.291017037554411218e-06
3.274380560469580814e-06
3.251726184316794388e-06
3.232719109291792847e-06
3.223664407414617017e-06
3.225187128919060342e-06
3.233290499338181689e-06
3.242304728701128624e-06
3.247017730245715939e-06
3.245323114242637530e-06
3.238385488657513633e-06
3.229225512768607587e-06
3.220989583496702835e-06
3.216312052245484665e-06
3.215671767975436524e-06
3.217833409507875331e-06
3.221097585992538370e-06
3.223779231120715849e-06
3.224378133381833322e-06
3.222936584279523231e-06
3.219845893909223378e-06
3.216141749362577684e-06
3.212979208910837770e-06
3.210698196198791265e-06
3.209817577953799628e-06
3.209944679838372394e-06
3.210751629012520425e-06
3.211338025721488521e-06
3.211668854419258423e-06
3.211457624274771661e-06
3.210458999092224985e-06
3.209268470527604222e-06
3.208000862287008204e-06
3.206896508345380425e-06
3.206169822078663856e-06
3.205857865395955741e-06
3.206297833457938395e-06
3.207018608009093441e-06
3.208454472769517452e-06
3.210420118193724193e-06
3.213344825780950487e-06
3.217161975044291466e-06
3.222609166186884977e-06
3.230312131563550793e-06
3.241562353650806472e-06
3.257812068113707937e-06
3.281424369561136700e-06
3.315713229312677868e-06
3.365963038959307596e-06
3.439331749177654274e-06
3.547025016814586706e-06
3.704275286509073339e-06
3.933070729544851929e-06
4.262823949829908088e-06
4.730339696834562346e-06
5.375120053940918297e-06
6.223442596819950268e-06
7.259762242028955370e-06
8.372655429411679506e-06
9.311464964412152767e-06
9.694189429865218699e-06
9.173639227810781449e-06
7.714206731179729104e-06
5.787578629679046571e-06
4.176143647782737389e-06
3.490346898615825921e-06
3.803299023275030777e-06
4.680068286688765511e-06
5.476280875882366672e-06
5.682235951098846272e-06
5.176995728106703609e-06
4.276259005564497784e-06
3.507601604724186473e-06
3.246511823817854747e-06
3.498081014186027460e-06
3.960839421779382974e-06
4.265414190740557387e-06
4.209139206068357453e-06
3.850497705570887774e-06
3.433717211009934545e-06
3.200039600415038876e-06
3.234606765545322560e-06
3.441543185545015149e-06
3.639465376181760803e-06
3.690549874590942636e-06
3.575314394765882753e-06
3.382505383342504501e-06
3.233246161471470259e-06
3.199293360012234189e-06
3.268872433181968518e-06
3.370362946952809580e-06
3.427623141760705039e-06
3.406470568734221160e-06
3.326201522213523276e-06
3.238073531974805519e-06
3.188618848071200773e-06
3.193180418747942895e-06
3.233916686440352350e-06
3.276409188401885331e-06
3.292792143838596530e-06
3.275862809459795244e-06
3.238958242945955135e-06
3.204024324077181518e-06
3.188405571563635021e-06
3.195594899807474576e-06
3.217230414520599879e-06
3.239632633267319761e-06
3.252109536333591677e-06
3.252353735661017708e-06
3.246061396566801704e-06
3.242663524360978045e-06
3.250379904784495011e-06
3.272952653787797317e-06
3.310188503746758215e-06
3.359481070219771937e-06
3.419663926251814701e-06
3.493272515697753988e-06
3.587610990507528186e-06
3.713600108312675729e-06
3.885263595293508843e-06
4.116333002457395196e-06
4.419153810886200517e-06
4.801049726665951312e-06
5.259544650471070781e-06
5.772270924353506416e-06
6.291545560088707134e-06
6.729724645992973819e-06
6.978012606850825250e-06
6.925341949681751430e-06
6.533024588861735538e-06
5.861655154149048030e-06
5.093382696941262111e-06
4.446591901796637103e-06
4.094892574357800186e-06
4.087786692252848297e-06
4.354669272288447246e-06
4.741259090224048123e-06
5.077355581306619570e-06
5.230419901636196300e-06
5.153061920282198116e-06
4.889176580036291853e-06
4.550247467705048621e-06
4.253810857335338369e-06
4.071929197380086407e-06
4.004959919257089496e-06
4.001713932666461915e-06
3.996858140453696251e-06
3.948094672523438931e-06
3.846429081022506580e-06
3.712305215231026523e-06
3.574659331206930801e-06
3.457206730672623962e-06
3.368583293195115402e-06
3.307753786430112086e-06
3.269923581683542579e-06
3.252106580475810915e-06
3.251782572988304310e-06
3.263185817559133284e-06
3.276404413554701023e-06
3.280556256868294440e-06
3.269354238000232726e-06
3.244833578719408251e-06
3.217056473658885807e-06
3.198751528543652967e-06
3.199171487722196616e-06
3.219282007194124162e-06
3.250833515267004259e-06
3.282754050815128721e-06
3.305698783151456155e-06
3.317044502182397991e-06
3.320741598145104945e-06
3.325841589685296640e-06
3.341842557347263210e-06
3.374707603143178858e-06
3.426864850553101860e-06
3.497575107758166268e-06
3.585164904507109895e-06
3.690797711897175759e-06
3.818912318820366636e-06
3.976022981078131124e-06
4.173161869402974844e-06
4.417861873662332073e-06
4.720369361166376621e-06
5.081089511804748327e-06
5.500755378307076171e-06
5.957207577012013644e-06
6.424337698263116181e-06
6.837042747065424919e-06
7.131957318051718175e-06
7.210728654172271490e-06
7.020082648523384705e-06
6.526910055981716141e-06
5.799356586067005992e-06
4.954596533934818581e-06
4.161337528785225004e-06
3.558180196705507115e-06
3.224723286621156149e-06
3.159469088132027537e-06
3.299688614788465202e-06
3.550454493961296976e-06
3.814712272287579253e-06
4.017004812340019271e-06
4.110567715542856604e-06
4.085974069312214851e-06
3.959646619478007779e-06
3.771105411942698993e-06
3.564431381164467894e-06
3.380778707651188597e-06
3.246760570618789643e-06
3.172586957589373924e-06
3.154500291202566586e-06
3.178757879140903242e-06
3.227029083063825965e-06
3.281963699919288047e-06
3.329252876937971450e-06
3.359713446116074920e-06
3.369647629369865172e-06
3.359216179887880571e-06
3.332191681693075225e-06
3.293997224318445660e-06
3.250763938922318630e-06
3.208186853953520767e-06
3.170280479025677778e-06
3.139957016173866577e-06
3.119017947028623894e-06
3.106872782154823653e-06
3.103008111793315038e-06
3.105689756921492517e-06
3.112995045739808120e-06
3.122666839772136882e-06
3.133206973870983347e-06
3.143169124086853117e-06
3.151356622765888460e-06
3.157114178975461982e-06
3.160425421810941771e-06
3.161222593917045742e-06
3.159796733598341234e-06
3.156745606247568503e-06
3.152442332066129893e-06
3.147367124256561510e-06
3.142142759315902367e-06
3.136677605652948841e-06
3.131695621050312184e-06
3.127166564809158444e-06
3.123363740087370388e-06
3.120205519735463895e-06
3.117738287983229384e-06
3.116082780252327211e-06
3.115163735856185667e-06
3.115214212812134065e-06
3.116035713901510462e-06
3.118071163044078276e-06
3.120991323157795705e-06
3.125517196167493239e-06
3.131704033876303583e-06
3.140095714115886949e-06
3.151151986457989551e-06
3.165896487189456820e-06
3.185500418112496845e-06
3.211459670637850650e-06
3.246071401008521207e-06
3.292571363999741152e-06
3.354758064233465120e-06
3.438604835537262261e-06
3.551429927028948441e-06
3.704168193507939577e-06
3.910109626303892583e-06
4.187836111668730155e-06
4.557302418106701225e-06
5.045736088504781947e-06
5.671868166245985776e-06
6.455731636378914118e-06
7.376049779850291088e-06
8.388034984818659723e-06
9.340833457827102393e-06
1.004687146632932127e-05
1.021342814055969939e-05
9.667136509960982949e-06
8.359717867278959602e-06
6.588055839529260993e-06
4.822971277462784201e-06
3.564830876712221652e-06
3.078007239309954457e-06
3.318589278933359310e-06
4.000976787210674956e-06
4.745741534861736000e-06
5.226577741268556565e-06
5.259202225715853274e-06
4.863775757257826626e-06
4.217240530124399811e-06
3.580622660592780448e-06
3.168659532093442976e-06
3.071011860811267979e-06
3.238436420360812917e-06
3.531218226271448657e-06
3.792116103795706294e-06
3.907376139977714047e-06
3.843265858449740335e-06
3.639916030806489289e-06
3.386635171409579925e-06
3.175159235979663208e-06
3.065330247409292497e-06
3.067698571612709202e-06
3.150529892081976868e-06
3.260327275711460970e-06
3.345860250192345120e-06
3.375452479303930886e-06
3.343667685840046033e-06
3.267832425990491174e-06
3.176879772581742145e-06
3.099746436419081874e-06
3.055057050005416386e-06
3.047302698178100400e-06
3.068771093239774927e-06
3.104338929915684275e-06
3.138265356028568931e-06
3.158686922688502818e-06
3.160575488436734304e-06
3.145047912767040543e-06
3.118489757980569266e-06
3.088828407271648757e-06
3.063199983444064856e-06
3.046314532184624113e-06
3.039783905478543602e-06
3.042245907636242919e-06
3.050763325518346392e-06
3.061375309698632918e-06
3.071009132327162661e-06
3.077484734603785910e-06
3.079764837821130641e-06
3.078360805375268683e-06
3.074470896535785869e-06
3.069942522415658459e-06
3.066701992793241516e-06
3.066539647988975048e-06
3.071093715334427543e-06
3.081749582634074613e-06
3.100493358942912892e-06
3.129515334876487032e-06
3.172505785187240690e-06
3.234813902963651344e-06
3.325050556668429635e-06
3.455468458923860453e-06
3.644337311925482936e-06
3.915729394066147506e-06
4.301166882214602083e-06
4.834640549233881757e-06
5.543032784771639854e-06
6.421176749427104369e-06
7.393437954306136817e-06
8.273545063275378197e-06
8.763786354393232614e-06
8.559039088140707463e-06
7.552412171207834035e-06
6.007517185935284942e-06
4.490035280468873680e-06
3.544810624589445069e-06
3.379780764589668252e-06
3.802776291195186786e-06
4.400140824145637453e-06
4.782803443958982825e-06
4.758989689435111359e-06
4.380945483717368916e-06
3.867168743454385549e-06
3.456179683780646883e-06
3.283503701823065057e-06
3.345746108607272618e-06
3.536804115356062539e-06
3.713819978656829335e-06
3.762985897992621176e-06
3.647644689408480190e-06
3.422479039727477357e-06
3.201776507921749726e-06
3.092887709499336779e-06
3.131098992525949143e-06
3.260812718508532271e-06
3.377438815732602961e-06
3.398471335458452813e-06
3.313403794891200960e-06
3.182574346283217892e-06
3.087663344558677636e-06
3.075726453971583396e-06
3.133097834506770596e-06
3.208495854778448120e-06
3.253926706747733988e-06
3.254780494899023324e-06
3.230844640711438842e-06
3.215285460100858472e-06
3.231380333090783097e-06
3.284077138232532889e-06
3.365994871273869649e-06
3.470163846941431984e-06
3.597427394197438844e-06
3.754904582820017822e-06
3.952636234316742048e-06
4.198636815999634564e-06
4.497295321925776079e-06
4.847077889280626550e-06
5.234161108091939241e-06
5.620817773888120428e-06
5.939505626884056255e-06
6.096017841628054157e-06
6.001632755214814097e-06
5.615603186015505344e-06
4.990001343685435131e-06
4.265187271812465042e-06
3.620367806433932856e-06
3.195678118572686799e-06
3.042823664145544171e-06
3.123929673165548593e-06
3.345081722727627493e-06
3.597599061322398484e-06
3.788323056141962297e-06
3.858911895804340020e-06
3.795309339693631046e-06
3.625591034506214783e-06
3.406417590667842887e-06
3.202266498192329891e-06
3.062836640310706571e-06
3.008892235811799765e-06
3.031851974810706452e-06
3.103413746430305764e-06
3.187811444149701856e-06
3.253982640671893023e-06
3.281594217696692795e-06
3.264948418291169219e-06
3.211753892173874192e-06
3.139019099762663245e-06
3.066628323722397909e-06
3.011954959220020100e-06
2.984163756991620176e-06
2.983583271998213604e-06
3.002755647685262375e-06
3.031096184713533148e-06
3.057954018004238605e-06
3.075468384849955328e-06
3.080455144299776293e-06
3.073036396017414518e-06
3.056858076888602227e-06
3.036059524674783461e-06
3.015806214534677565e-06
2.999636762979207560e-06
2.990105485878302716e-06
2.987778088936465792e-06
2.992703457493917085e-06
3.003552137670340016e-06
3.019516270796884783e-06
3.040273668375448324e-06
3.066693579967250116e-06
3.101491756751784123e-06
3.149802068946883082e-06
3.218677875338471495e-06
3.320287078167893924e-06
3.472399612292065285e-06
3.701383775478461757e-06
4.045562491228338331e-06
4.562244612316135317e-06
5.323789991962257773e-06
6.429415861930465326e-06
7.965413715282920748e-06
9.996247172239236534e-06
1.238755794474855065e-05
1.478069134464021772e-05
1.630993210710585117e-05
1.606782279850449413e-05
1.344011798209976405e-05
9.211747965309768915e-06
5.183335360925411806e-06
3.162199163853074424e-06
3.629269713201210834e-06
5.618253453576471657e-06
7.506912879762239754e-06
7.980977898114360869e-06
6.801994004490552470e-06
4.818615252588642761e-06
3.343878233863506466e-06
3.135293127343175001e-06
3.966720669268397614e-06
4.963958872394869104e-06
5.306622824718942866e-06
4.784193606610642746e-06
3.829711658909218386e-06
3.124905333606875502e-06
3.055461093026679009e-06
3.490236622383235954e-06
3.974616902269190177e-06
4.106704182049725205e-06
3.812773002209723927e-06
3.334193479531677440e-06
3.005605549333267845e-06
2.996854391312808730e-06
3.225834916520398110e-06
3.464402880126726814e-06
3.523266514093847945e-06
3.374687594259739853e-06
3.138775582556263544e-06
2.974494236696045846e-06
2.962714006571331993e-06
3.067992338401381858e-06
3.185688228768412955e-06
3.224605734430951998e-06
3.164829649904277176e-06
3.055446086364099756e-06
2.968533635794301517e-06
2.948264182123239152e-06
2.987783091157325543e-06
3.044211325686774217e-06
3.073322659474797547e-06
3.057398544115130790e-06
3.010269438163959421e-06
2.962846338050439954e-06
2.940436843346105888e-06
2.948221208498580381e-06
2.973334176203934476e-06
2.995009708683937788e-06
2.998808213305892423e-06
2.984094862767960876e-06
2.960507117677479982e-06
2.941086222563171759e-06
2.933884388767182827e-06
2.939331352536100894e-06
2.950496309495065361e-06
2.959197445306926966e-06
2.960096935566980392e-06
2.953517196147004142e-06
2.943118488474283367e-06
2.934140411525731906e-06
2.930089749497710727e-06
2.931020617324975319e-06
2.935042630269890651e-06
2.938817033282248303e-06
2.940065314760431647e-06
2.937945282610598952e-06
2.933622454293072224e-06
2.929131596829392947e-06
2.925845137724536471e-06
2.924767841250286438e-06
2.925283979493542574e-06
2.926750994447502308e-06
2.927856030510156415e-06
2.927929472207324579e-06
2.926801698777126148e-06
2.924685759353451431e-06
2.922639168900786899e-06
2.921043233072850853e-06
2.920067117884173058e-06
2.919692860814393498e-06
2.919864982686704025e-06
2.920059614552883431e-06
2.919923417721292935e-06
2.919429107350879349e-06
2.918590325862169266e-06
2.917497113230638206e-06
2.916451649070950225e-06
2.915423692684271373e-06
2.914817059718188830e-06
2.914361857619951479e-06
2.914087417593691498e-06
2.913696562245604582e-06
2.913388470915379003e-06
2.913068556154030375e-06
2.912432819357491098e-06
2.911921228587743826e-06
2.911099500124691986e-06
2.910459443228319287e-06
2.909689555963268504e-06
2.909236854975461029e-06
2.908682972702081315e-06
2.908352598751662299e-06
2.908088845288148150e-06
2.907813723140861839e-06
2.907707312260754406e-06
2.907381713157519698e-06
2.907330554080544971e-06
2.907404223151388578e-06
2.907810994656756520e-06
2.908454462158260867e-06
2.909672957684961148e-06
2.911868023147690110e-06
2.915142886195098981e-06
2.920505949077778496e-06
2.928661160694900900e-06
2.941242883025552146e-06
2.960373421956319362e-06
2.989845370393595658e-06
3.035042709598201327e-06
3.104541974607855082e-06
3.211924195056781173e-06
3.377423581696348265e-06
3.632459083746653050e-06
4.022041593998437747e-06
4.607894425134873018e-06
5.465993581310613081e-06
6.662543455604463816e-06
8.200911906897090375e-06
9.911120287142693996e-06
1.133592104451963678e-05
1.174097542389063165e-05
1.051933213602751493e-05
7.841234946681652218e-06
4.912171334581216797e-06
3.198775175405899063e-06
3.314428568046423607e-06
4.667793746193638071e-06
6.017245141265448183e-06
6.318384748738026246e-06
5.373643944039940834e-06
3.923057647625682876e-06
3.004258587679942138e-06
3.102262780885212123e-06
3.862056928483070806e-06
4.508327037910930812e-06
4.494201675697695464e-06
3.876946266245795414e-06
3.183420631103217602e-06
2.914324795710854232e-06
3.146007429677410983e-06
3.550138217178755440e-06
3.731389597305678762e-06
3.549079565345891751e-06
3.181565716658951715e-06
2.925822400356992148e-06
2.936854343715822324e-06
3.131088305963203311e-06
3.299278887425316498e-06
3.294604994152905419e-06
3.134807457172428258e-06
2.956699745482183062e-06
2.886740276153432205e-06
2.943961590062826872e-06
3.047705604330985807e-06
3.098792376476922072e-06
3.058462880289880559e-06
2.965502517326967791e-06
2.891557869588723406e-06
2.881180989788845181e-06
2.923319698311388493e-06
2.971781214000657201e-06
2.985282435474800877e-06
2.956304570034262724e-06
2.909868499045842327e-06
2.878474788303719833e-06
2.877828592318110168e-06
2.899131004596711136e-06
2.920259021266247146e-06
2.924019099737051874e-06
2.908778242272092029e-06
2.886248921640799381e-06
2.871196329579106532e-06
2.870105163310654461e-06
2.879414751078002155e-06
2.889403049266547896e-06
2.891941676352871582e-06
2.885698449972551316e-06
2.874954134313156828e-06
2.866590193661977537e-06
2.864315547412843443e-06
2.867419425456319004e-06
2.872203822334995493e-06
2.874757910831249319e-06
2.873157427529804409e-06
2.868789124477189034e-06
2.863957433874020353e-06
2.861230314010754228e-06
2.861503389794961549e-06
2.863511099349125288e-06
2.865727537937345915e-06
2.866979002646985464e-06
2.866835075110429898e-06
2.866026306946878321e-06
2.866148179236915894e-06
2.868093133656657301e-06
2.872575350920669734e-06
2.879864041460677981e-06
2.890534460675553419e-06
2.905438122979830950e-06
2.926629349531140178e-06
2.957854121632408351e-06
3.005261532962322235e-06
3.077002475038170815e-06
3.186219146300572902e-06
3.351771965753869154e-06
3.603242703320574947e-06
3.982378075306769460e-06
4.551394340523984283e-06
5.388911176851252094e-06
6.595167178602423519e-06
8.242578587669413537e-06
1.034535762300947681e-05
1.266382514586439356e-05
1.468429763917811215e-05
1.546700514154508710e-05
1.431455075362464413e-05
1.123696438298793510e-05
7.601040124427527189e-06
5.166730716155143455e-06
4.927717782265972346e-06
6.397752713382942602e-06
8.056499609665479511e-06
8.383478416362777352e-06
6.908078376000048593e-06
4.619503670255653560e-06
3.104759343841578811e-06
3.189743893017293885e-06
4.371830527816200629e-06
5.428724307421362028e-06
5.457898623717483133e-06
4.515439741226145998e-06
3.440566388235311024e-06
3.031582082257955335e-06
3.381498800081317313e-06
3.943012416129931808e-06
4.116216132388217375e-06
3.762281494346098043e-06
3.228096375096356496e-06
2.957915967272128910e-06
3.088381163252051920e-06
3.391379550521378405e-06
3.541618525559897535e-06
3.407727717785746790e-06
3.125971488771028817e-06
2.928698904725024477e-06
2.931201379396952689e-06
3.059928985749138519e-06
3.156126467729336582e-06
3.127526269963709638e-06
3.009957708854926750e-06
2.908793248934671283e-06
2.894978706535766833e-06
2.951739361378713511e-06
3.006213773915078491e-06
3.002130370077793486e-06
2.942966602859087288e-06
2.877543010981753469e-06
2.851156750693917274e-06
2.869492391255334951e-06
2.901675770772271790e-06
2.913002390414476395e-06
2.893554892580141313e-06
2.860337190213613212e-06
2.839288299583131447e-06
2.841986542989616282e-06
2.859570713553694077e-06
2.873176299544866197e-06
2.870246817110455595e-06
2.853042360584367998e-06
2.834012775565497577e-06
2.824908051479724236e-06
2.828726110237766989e-06
2.837866304616909474e-06
2.843021093212882988e-06
2.839311719071702100e-06
2.829298864526208490e-06
2.819789187924470752e-06
2.815949301293585449e-06
2.818645270963315852e-06
2.823847353283781558e-06
2.827141088346252218e-06
2.825823685270734131e-06
2.820976760631310754e-06
2.815723291860194877e-06
2.813045966831850819e-06
2.813383389366208576e-06
2.815661446220474318e-06
2.817521135511924513e-06
2.817526365106459707e-06
2.815495463437400758e-06
2.812840648402925581e-06
2.810458227031631395e-06
2.809727902786107734e-06
2.810214482451556250e-06
2.811101694533135742e-06
2.811689000736805610e-06
2.811514377754065208e-06
2.810585556289879605e-06
2.809593752317596227e-06
2.809181296470342204e-06
2.809435727613163181e-06
2.810518026308272965e-06
2.812179445754736662e-06
2.814219442370813340e-06
2.816781034198356792e-06
2.820004510795115493e-06
2.824442162818741053e-06
2.831018491633585654e-06
2.840701654349686578e-06
2.854593503798241727e-06
2.874252913898089901e-06
2.901801053667441010e-06
2.941120783361839131e-06
2.997057890752330422e-06
3.077495193792856298e-06
3.193120619471301325e-06
3.359267338964855298e-06
3.597161139623494819e-06
3.935820586775662377e-06
4.410268502397229895e-06
5.062117452325765043e-06
5.920412604609737173e-06
6.988778750383062288e-06
8.183672434824984521e-06
9.316231626144144684e-06
1.003162196866469458e-05
9.966008292394690216e-06
8.892837286111898720e-06
7.047496183076873422e-06
5.042003522248705849e-06
3.591971562855178490e-06
3.071062110393540934e-06
3.381236410859855823e-06
4.097983492101775482e-06
4.736857135867467150e-06
4.975950560037745163e-06
4.750334483105689287e-06
4.235093456372851506e-06
3.691337042255327106e-06
3.325342504467698745e-06
3.196943680450203829e-06
3.244101662858156487e-06
3.354673253852524795e-06
3.436242195675731637e-06
3.449948735578800552e-06
3.400805553610553034e-06
3.316298943900619633e-06
3.221124188712565228e-06
3.130769982817582786e-06
3.054663011425873265e-06
2.999696107508498244e-06
2.970978812300018035e-06
2.968010903714457527e-06
2.982811110996408388e-06
3.000839797095977701e-06
3.007544137290096842e-06
2.993942871398758143e-06
2.961094878628500737e-06
2.917918209277559072e-06
2.877178076232667081e-06
2.848777285180403851e-06
2.837091415130998939e-06
2.839107992258504964e-06
2.847887571988394484e-06
2.855631692000315525e-06
2.857440222214790992e-06
2.852119223462068476e-06
2.841396508301841095e-06
2.828551032507675700e-06
2.816799906213418581e-06
2.807619011946371756e-06
2.801065420499071479e-06
2.796796252368949354e-06
2.793663043121341616e-06
2.791543465718859807e-06
2.789916152323712595e-06
2.788914116536034271e-06
2.788496658467920497e-06
2.788176288959220983e-06
2.787837047435459681e-06
2.786614686556276865e-06
2.784606749628437683e-06
2.781763669190695509e-06
2.778434236461180262e-06
2.774845142994308844e-06
2.771510480670258403e-06
2.768412514342344366e-06
2.766057377812103368e-06
2.764576493063941598e-06
2.763767952274065465e-06
2.763750217127380893e-06
2.764157670753775164e-06
2.765001227089669555e-06
2.765670160442823544e-06
2.766039642665418796e-06
2.765949830063618720e-06
2.765292265394236892e-06
2.764056489468202926e-06
2.762368694675387815e-06
2.760745701380074024e-06
2.759079961833776906e-06
2.757667743935598992e-06
2.756515641522128135e-06
2.755639116003294475e-06
2.754905153778963722e-06
2.754392653514514677e-06
2.753959961410146207e-06
2.753433136604144238e-06
2.752847194642527029e-06
2.752105956460582092e-06
2.751502279352280311e-06
2.750800831563537940e-06
2.750210114754736423e-06
2.749535042312345468e-06
2.749014811342931353e-06
2.748473889369051903e-06
2.748048700595973060e-06
2.747600547081674449e-06
2.747240841927123256e-06
2.746743348325253464e-06
2.746286327237612568e-06
2.745802248682593927e-06
2.745342499110847712e-06
2.744800667642266490e-06
2.744402536336565390e-06
2.743891627687844448e-06
2.743555342021863908e-06
2.743259756243787706e-06
2.743004870353615843e-06
2.742885953921359032e-06
2.742928245424991474e-06
2.743219283729558811e-06
2.743862296483712271e-06
2.745037818385753781e-06
2.746941618170239963e-06
2.749906116150668822e-06
2.754500656010350212e-06
2.761572659437661059e-06
2.772547532003954984e-06
2.789181280604680069e-06
2.814619165292242542e-06
2.854059630408301018e-06
2.915017830673605204e-06
3.009528882103040814e-06
3.156951379423844628e-06
3.386642902114544995e-06
3.744554533113841899e-06
4.298145540815312415e-06
5.146943749423371628e-06
6.414527888409793377e-06
8.240326678787823766e-06
1.067721768777118996e-05
1.357859400741290301e-05
1.628693644306622446e-05
1.769346090441104025e-05
1.652994251344352961e-05
1.276318289455957711e-05
8.036431609070859849e-06
4.910844836558680981e-06
4.700557838077656925e-06
6.605599992326460779e-06
8.460691788059193641e-06
8.392078598262742162e-06
6.289958946581464261e-06
3.876696609950158745e-06
3.032999529750668444e-06
4.040899966639699414e-06
5.556696123676374555e-06
5.999602763040456921e-06
4.962754246662370861e-06
3.462899258011020720e-06
2.812979118971270509e-06
3.319177949379081838e-06
4.166543931205524132e-06
4.386690761748468503e-06
3.792242523559252732e-06
3.024861825906555168e-06
2.791055976558709517e-06
3.157259243380394764e-06
3.602899596444331110e-06
3.629917728176224045e-06
3.235335725548793562e-06
2.826482386808493175e-06
2.753007038336363621e-06
2.981529632961610332e-06
3.202711695848847739e-06
3.179278110110317357e-06
2.956110847662785091e-06
2.762730673566693440e-06
2.757755964921670966e-06
2.892024667744408362e-06
2.995732984345522709e-06
2.960979145427700132e-06
2.830884795912425034e-06
2.729760808506398462e-06
2.732581606323947199e-06
2.805659505611401983e-06
2.858926109183812514e-06
2.839271701304824091e-06
2.770974333543563262e-06
2.718694986469927244e-06
2.720733846217626706e-06
2.760612005658913404e-06
2.791512315525324084e-06
2.783868239930598065e-06
2.747786993495537899e-06
2.715592245294828899e-06
2.710254193516448140e-06
2.727137598412809893e-06
2.743848654063185677e-06
2.743432787610800005e-06
2.726697630350827239e-06
2.708710326260188594e-06
2.702740630411426537e-06
2.709856744331773371e-06
2.720386646615224890e-06
2.724387059060973115e-06
2.718272980928304605e-06
2.708230567805003375e-06
2.701661287574097514e-06
2.702017354749841616e-06
2.706671239138813689e-06
2.710258968363632448e-06
2.709086629693047144e-06
2.704435019040829502e-06
2.699308424780610949e-06
2.697011495911283419e-06
2.697814807106624357e-06
2.699965307328966446e-06
2.700860932236537337e-06
2.699421884244657122e-06
2.696628598641837016e-06
2.694183649509795941e-06
2.693349870241945609e-06
2.693768692552112043e-06
2.694577688089339063e-06
2.694798467928194441e-06
2.693841906875604764e-06
2.692272119020344689e-06
2.690950395844993182e-06
2.690306246222462505e-06
2.690372639335691929e-06
2.690735072974348441e-06
2.690793962756288238e-06
2.690547489692107774e-06
2.690120254555949941e-06
2.689801931410329416e-06
2.689784878384671174e-06
2.690638211788609624e-06
2.691956296985154040e-06
2.693972874112660065e-06
2.696529236345668323e-06
2.700385266507510096e-06
2.706017994569265284e-06
2.714296670092153363e-06
2.726949560383218341e-06
2.745807250903453678e-06
2.773618916762643494e-06
2.814824028973816894e-06
2.876326789191807620e-06
2.968095941469073296e-06
3.105877340203733183e-06
3.312289209134178236e-06
3.621305040724109858e-06
4.078935944562545046e-06
4.748154879052890465e-06
5.696568678104085848e-06
6.986232619965448976e-06
8.604311005910858512e-06
1.041090581566095352e-05
1.199508096760837361e-05
1.276823331863852218e-05
1.210286063724197447e-05
9.951675565389450639e-06
7.009024557191878557e-06
4.532349521468859166e-06
3.447001290624029934e-06
3.817671313299797475e-06
4.932743649987969548e-06
5.855434665136272088e-06
5.979884917906019837e-06
5.283140126266516745e-06
4.245919626555405557e-06
3.444493358983891085e-06
3.190669531250023283e-06
3.407573558433796279e-06
3.788365347645594738e-06
4.029849606013158336e-06
3.982750513387145475e-06
3.686249328893609345e-06
3.301413926237728447e-06
3.012085244336049072e-06
2.924069121945649385e-06
3.019021960426471196e-06
3.179417717547039501e-06
3.269542276029824279e-06
3.221157157895504497e-06
3.065201781282667071e-06
2.897793592637754045e-06
2.805275698847253807e-06
2.809708803397370502e-06
2.869072432076791301e-06
2.920732413258519955e-06
2.925958369814907201e-06
2.884597279262379743e-06
2.821781890816055238e-06
2.765736098808702081e-06
2.732570919761201367e-06
2.725103286138619296e-06
2.737222530413419008e-06
2.757173888312536292e-06
2.771366325760027394e-06
2.769309503491967916e-06
2.748360884652356617e-06
2.716817562031792477e-06
2.688597533051506616e-06
2.675671112228883430e-06
2.680340685401461087e-06
2.695543571462621912e-06
2.709040018089581281e-06
2.711447905312525108e-06
2.701135599636472762e-06
2.683211505427607335e-06
2.666044565557967871e-06
2.656564902281388640e-06
2.656409833434736356e-06
2.663073928488302045e-06
2.671080210348009132e-06
2.675471250768168829e-06
2.674020151971490122e-06
2.667553189894533716e-06
2.659041911101667210e-06
2.651974227774189785e-06
2.648573627084260806e-06
2.649024963830015622e-06
2.651767772476887330e-06
2.654785475897369906e-06
2.656271135492715985e-06
2.655603793755290098e-06
2.653267301866435446e-06
2.650255055414163508e-06
2.647514293130370788e-06
2.645782842591870576e-06
2.645067525008926168e-06
2.645257836775272153e-06
2.645837639647652395e-06
2.646805796757689677e-06
2.647533392519108020e-06
2.648190502441138960e-06
2.648608187882928178e-06
2.649377165653277189e-06
2.650665919645689428e-06
2.652912144185393117e-06
2.656951210155966692e-06
2.663045279405196197e-06
2.672367600098368712e-06
2.685865638341056183e-06
2.705506403799518012e-06
2.734190502451383509e-06
2.776078417809912935e-06
2.837744887074222788e-06
2.928735739260446280e-06
3.062826635868987069e-06
3.260441417296533473e-06
3.549626853782683611e-06
3.967667453252943233e-06
4.558354703476652503e-06
5.363136551750358194e-06
6.390958787960698828e-06
7.576318694191286340e-06
8.704399078851565719e-06
9.406135177414398640e-06
9.238328857463784516e-06
8.010310011741239578e-06
6.040058906364720315e-06
4.131469722779002041e-06
3.054301942029269412e-06
3.060514700337080285e-06
3.795916427407064475e-06
4.601562068273779005e-06
4.910830739390803501e-06
4.542335318546975031e-06
3.768391479752608575e-06
3.089530764555092901e-06
2.872946652132668532e-06
3.124024715361883864e-06
3.545892695910879411e-06
3.781458190132980235e-06
3.651340648502809927e-06
3.245301968490821309e-06
2.826785248544183560e-06
2.632018777148914523e-06
2.717317101996741258e-06
2.955441686935955659e-06
3.150029442622326314e-06
3.171903927068342455e-06
3.025878868356812745e-06
2.822681381076108664e-06
2.686807874852092937e-06
2.674773440958233550e-06
2.753027729340828955e-06
2.838414729922078550e-06
2.861690063582500443e-06
2.808061253745108843e-06
2.716073595365742221e-06
2.642713980094413273e-06
2.624323542477213778e-06
2.658012363099260256e-06
2.710484068302321248e-06
2.744108087426866405e-06
2.739596993706072681e-06
2.703538029891205952e-06
2.659060328369378112e-06
2.629297114253859036e-06
2.624554781505139545e-06
2.638743126226472668e-06
2.656856850080657750e-06
2.665055717443465255e-06
2.658219727891264483e-06
2.640293359945644625e-06
2.621301291583222337e-06
2.609643615869572386e-06
2.608822796901222318e-06
2.616046003822702914e-06
2.625396291477954946e-06
2.631029929034411907e-06
2.630377366585889831e-06
2.624398121042759158e-06
2.616667643451364711e-06
2.610595174701302312e-06
2.608488557598320767e-06
2.610025831017992459e-06
2.613623792058206163e-06
2.616943902467028238e-06
2.618302460177801549e-06
2.617397512949537486e-06
2.614687446111929603e-06
2.611990566947497427e-06
2.610133151392801665e-06
2.610087904031388462e-06
2.611658374007674865e-06
2.614377763165975921e-06
2.617550308059435338e-06
2.620800387376220897e-06
2.623975206006434746e-06
2.627643425512360409e-06
2.632495352372643538e-06
2.639704689499922097e-06
2.650065425768843852e-06
2.665075271579553373e-06
2.685872686924994923e-06
2.714544962145737372e-06
2.753811259026406333e-06
2.807818191286060028e-06
2.882653689084690996e-06
2.987070956805837341e-06
3.132910933345556259e-06
3.337941279824008234e-06
3.624073997343657538e-06
4.022929260827368125e-06
4.569049451674800366e-06
5.307370429363800213e-06
6.263615432544611394e-06
7.451580131601076573e-06
8.790481842879671603e-06
1.012474785966333002e-05
1.109757431549951434e-05
1.133765545091591775e-05
1.047492605721345171e-05
8.585084287915378809e-06
6.150426997919566929e-06
4.005377377325203270e-06
2.814586878230329603e-06
2.772674633888527751e-06
3.568183046809281223e-06
4.614621047949185595e-06
5.343204520613653585e-06
5.411111942521529272e-06
4.837283086089883000e-06
3.926733825210249051e-06
3.112569629593053833e-06
2.705256065382855013e-06
2.765804765658685938e-06
3.126017190879792906e-06
3.516662218316923827e-06
3.715219463629182428e-06
3.634090035120607354e-06
3.340639068483142182e-06
2.989319000334944576e-06
2.735059524638927542e-06
2.655639718796010129e-06
2.731705080805113539e-06
2.878250370486057363e-06
2.997675437654834241e-06
3.028668061233474873e-06
2.963787892440450378e-06
2.842694584614946507e-06
2.721821829254622571e-06
2.645540462253848091e-06
2.629411483212606981e-06
2.659152187334257178e-06
2.704820644794381224e-06
2.737781642281333916e-06
2.742035349001525901e-06
2.718297992032603361e-06
2.679138106032041833e-06
2.640731281644548289e-06
2.614917320897802711e-06
2.605834424684871919e-06
2.609679995657643303e-06
2.619219912958214991e-06
2.626812374728615396e-06
2.628194124554283917e-06
2.622637794047477655e-06
2.612556272652000189e-06
2.601616415631724522e-06
2.592844111859449185e-06
2.587860308267408982e-06
2.586224809419945814e-06
2.586444225016748533e-06
2.586768687251606025e-06
2.586365553725045174e-06
2.584379899417399429e-06
2.581085027486551553e-06
2.577315399321378209e-06
2.574033487690030597e-06
2.571745426394045353e-06
2.570503738752449863e-06
2.570231572462944314e-06
2.570433707660413347e-06
2.570571268734056503e-06
2.570248170741251670e-06
2.569440766819752753e-06
2.567677483966690488e-06
2.565568820500629954e-06
2.563509042374789715e-06
2.561419478297466412e-06
2.559774429755634628e-06
2.558628239057725295e-06
2.558105052230530418e-06
2.557985681050922722e-06
2.558228061388945207e-06
2.558361074989079498e-06
2.558661890361690894e-06
2.558751930337166414e-06
2.558682581366156228e-06
2.558253527240594849e-06
2.557752395659917966e-06
2.557168500061379746e-06
2.556553226895630360e-06
2.556085064497892745e-06
2.555833816586527973e-06
2.555868150011519901e-06
2.556623257987666875e-06
2.558038431743625551e-06
2.560567281761905178e-06
2.564709575381129980e-06
2.571039658505469561e-06
2.580563204901409335e-06
2.595098521851468831e-06
2.617104883029242046e-06
2.650363057909999043e-06
2.700732920857262798e-06
2.777622285066172481e-06
2.894763156291446649e-06
3.073381094509386458e-06
3.344641527291969396e-06
3.752981683646794409e-06
4.356259069027146325e-06
5.219779723120154813e-06
6.391938313754508272e-06
7.842368177080061287e-06
9.369923645863309503e-06
1.050746868713758886e-05
1.061059174389811233e-05
9.237123776983935386e-06
6.708610726491315290e-06
4.155460828769719228e-06
2.786047161862370558e-06
3.000827064170152880e-06
4.215781700622756034e-06
5.368538040784187615e-06
5.604289981420151889e-06
4.783613803738262504e-06
3.526324462654883973e-06
2.696843012017779984e-06
2.722533963606110774e-06
3.346733592479722574e-06
3.938625468435930088e-06
4.006707968073897064e-06
3.530994490574812517e-06
2.905852625190163963e-06
2.576502538431668654e-06
2.686949073904543184e-06
3.027442289749160409e-06
3.260931862314464524e-06
3.198259037162642926e-06
2.912683612521504983e-06
2.636753606566344388e-06
2.555013452365528792e-06
2.672309619811130688e-06
2.844739810825558379e-06
2.915605364250950515e-06
2.834371343851671554e-06
2.673568587852059864e-06
2.552772230046684854e-06
2.540345121815335006e-06
2.614278628243482672e-06
2.695429202503873967e-06
2.716092012633453123e-06
2.665376086952164769e-06
2.585772335805813782e-06
2.532968437662930228e-06
2.533475026211817749e-06
2.572228368080686778e-06
2.611379841255256906e-06
2.620510258566355333e-06
2.595579644548706710e-06
2.556641675255377777e-06
2.528992126826778986e-06
2.525800709918257780e-06
2.541908770581358112e-06
2.560743268986698240e-06
2.567736373748630285e-06
2.558714868428069167e-06
2.541032699809875339e-06
2.526044227124657482e-06
2.521225724194664508e-06
2.526710886741057038e-06
2.536415649956325069e-06
2.543385562603361905e-06
2.543825985412695445e-06
2.539110937505029142e-06
2.534093709982698783e-06
2.533562792450538836e-06
2.540017476349021308e-06
2.553250396886141971e-06
2.571744062151992694e-06
2.595181285869330168e-06
2.625753950269427150e-06
2.670129561010980979e-06
2.738365083132521249e-06
2.844437858584569767e-06
3.008131443493766710e-06
3.258212245782488026e-06
3.636125256889499724e-06
4.204850938549498096e-06
5.046974365541245788e-06
6.276190561038674787e-06
7.988136530912015587e-06
1.024694211082533002e-05
1.287106078962096944e-05
1.539584991405718029e-05
1.677737782301846892e-05
1.601318763277959079e-05
1.263767717318842188e-05
7.878197720856405795e-06
3.927730176656041294e-06
2.546877794884494506e-06
3.777173560592927970e-06
6.162186309666140005e-06
7.843895218684338033e-06
7.648370228707790375e-06
5.809958111058222130e-06
3.652513896668097004e-06
2.573867732280632481e-06
2.978605834869085811e-06
4.165890459262300283e-06
5.031701221014373004e-06
4.900350177194923162e-06
3.949796337110456079e-06
2.931184098997619003e-06
2.526951220716000535e-06
2.843590209522517398e-06
3.445392167122918181e-06
3.780487077165162191e-06
3.599239107643370517e-06
3.085105845457292162e-06
2.634498287079622969e-06
2.526409843994770199e-06
2.737789827733649872e-06
3.021845486728125252e-06
3.131863195449113846e-06
2.996529246956924908e-06
2.737598151725251228e-06
2.543201617299928330e-06
2.520443104003788903e-06
2.635458031363668852e-06
2.766029183476348408e-06
2.805544909278978594e-06
2.732239863689756021e-06
2.607464466564124450e-06
2.516272616048809141e-06
2.504971689631929621e-06
2.557661446189740673e-06
2.619542556203668937e-06
2.641880200826562941e-06
2.612134267110377550e-06
2.554659431552863680e-06
2.507216549929580651e-06
2.493708734618849121e-06
2.512432274670572951e-06
2.541892399676726200e-06
2.558722371759358793e-06
2.552490286689135246e-06
2.528889808672829531e-06
2.503104042261838913e-06
2.489048483766964637e-06
2.490487531758844852e-06
2.502012648619711399e-06
2.513648041713167913e-06
2.517129132684203796e-06
2.511035972929676063e-06
2.499388983778771944e-06
2.488618065399350598e-06
2.483422122168121859e-06
2.484754759279894643e-06
2.489648068149108440e-06
2.494253749318886548e-06
2.495447233741288073e-06
2.492806515874690376e-06
2.487709934939630330e-06
2.482464424247154966e-06
2.479573595337569714e-06
2.479154318280052394e-06
2.480637931512319483e-06
2.482452828189707361e-06
2.483482603565789759e-06
2.482934405634296127e-06
2.480996499798493460e-06
2.478408759998274036e-06
2.476340341672766954e-06
2.475199835316743702e-06
2.474973598509677686e-06
2.475289420544868335e-06
2.475814426361466758e-06
2.475951305314083584e-06
2.475659812262165360e-06
2.474724851708742790e-06
2.473620043019764125e-06
2.472592541380436160e-06
2.471894958944176324e-06
2.471717380103655159e-06
2.471692368999356404e-06
2.472124151609023102e-06
2.472628466421156190e-06
2.473239419487072155e-06
2.473988615747657605e-06
2.475256223988253623e-06
2.477064754202729091e-06
2.480074044797220267e-06
2.484891638232511468e-06
2.492416570021305233e-06
2.504142912584939040e-06
2.521667738619726151e-06
2.548336851759813726e-06
2.589017412901739590e-06
2.650993110364652239e-06
2.745814299487392418e-06
2.891097210522275418e-06
3.112772219537873752e-06
3.448805955486022867e-06
3.950169684685533866e-06
4.678030109062092379e-06
5.685429641744121909e-06
6.972339178901165724e-06
8.402716957789380103e-06
9.616528586775530130e-06
1.004343084787251428e-05
9.191210665449034423e-06
7.129660843929741532e-06
4.711648216471076012e-06
3.069260628763004206e-06
2.800467655106331222e-06
3.615847617766121402e-06
4.665106189349899068e-06
5.135814262757776305e-06
4.734944013762287796e-06
3.809889676631428301e-06
3.018262077603139915e-06
2.800739594022161327e-06
3.099685272900387645e-06
3.509212092467350885e-06
3.641436023826827295e-06
3.400476089154835790e-06
2.989836502820253372e-06
2.698956905078375712e-06
2.669793957466026768e-06
2.827434855134924874e-06
2.988421556437970139e-06
3.014980848092818633e-06
2.896908654292928986e-06
2.723303396123810671e-06
2.597360435174778104e-06
2.565933527876040898e-06
2.607596343295881525e-06
2.666439058884861879e-06
2.693116584850940853e-06
2.669268496902077459e-06
2.609794819363742135e-06
2.547664053054177202e-06
2.513023218853049912e-06
2.516191671020351350e-06
2.542980382713722065e-06
2.564865098975133151e-06
2.559913355071330443e-06
2.527065362301073037e-06
2.486267931089969352e-06
2.462288648530375212e-06
2.466765863573527895e-06
2.490185579517856240e-06
2.510854301362996921e-06
2.511777438485296443e-06
2.492186695235432126e-06
2.465408442731131800e-06
2.448158966217306443e-06
2.447671249683480710e-06
2.458966719132149592e-06
2.470037998136831447e-06
2.471635298206820153e-06
2.463077407810487784e-06
2.450801503073307686e-06
2.442325239826459438e-06
2.441140168230049312e-06
2.445634891046211123e-06
2.450653482810594141e-06
2.452320813972619362e-06
2.449995463393861428e-06
2.445367272230214439e-06
2.441170863676234148e-06
2.438727278786245733e-06
2.438279352645622566e-06
2.438603814880480058e-06
2.438757519485079683e-06
2.438242063362849876e-06
2.437333932903129607e-06
2.436179102005553432e-06
2.435069518469390459e-06
2.433888084851787426e-06
2.432783503536484204e-06
2.431984285067301244e-06
2.431424718452035449e-06
2.431148914183722809e-06
2.431139137115678750e-06
2.431123675705748610e-06
2.430698259558994323e-06
2.430047288726200350e-06
2.429062533337855712e-06
2.428034804324852303e-06
2.427357912893057801e-06
2.426941819066996686e-06
2.426895889584557153e-06
2.426900209684390575e-06
2.426845867375959642e-06
2.426421360723907128e-06
2.425874754408141598e-06
2.425457751087378711e-06
2.425064394628861919e-06
2.424773128950619139e-06
2.424798140054917894e-06
2.425095999569748528e-06
2.425580078124767169e-06
2.426224000373622403e-06
2.427416802674997598e-06
2.428945435895002447e-06
2.431484290355001576e-06
2.435176384096848778e-06
2.440776597723015584e-06
2.448995701342937537e-06
2.461104031681315973e-06
2.478970827723969705e-06
2.505532393115572631e-06
2.545228880990180187e-06
2.604781684567569755e-06
2.694701606742455624e-06
2.830729499692097306e-06
3.036928774236002937e-06
3.349969347254955210e-06
3.821976861217990518e-06
4.531492777459789068e-06
5.573378530243644491e-06
7.069912953738821670e-06
9.093771041079889983e-06
1.163528213510289788e-05
1.432838689652271569e-05
1.646367309149354696e-05
1.681788853602483869e-05
1.463038279325701296e-05
1.020221043290803209e-05
5.508204594661947340e-06
2.753510443653794937e-06
2.867946932383347303e-06
4.976700438419356942e-06
7.214582637971034274e-06
7.966269549797289073e-06
6.755067715857876465e-06
4.532090770226204768e-06
2.825005594786489382e-06
2.576927727204747498e-06
3.534846655384171754e-06
4.657337285607354715e-06
4.998660642741015181e-06
4.345999514043796808e-06
3.271679133831639774e-06
2.559808308433275670e-06
2.587394874353776686e-06
3.116540256087318994e-06
3.594567033360362984e-06
3.622806843850412406e-06
3.214643129467731342e-06
2.712215973588172346e-06
2.463519649609224871e-06
2.564375108704552986e-06
2.837999772964394651e-06
3.020055601155036129e-06
2.969035449496004730e-06
2.741798880379064940e-06
2.514995003366493620e-06
2.431416987747070380e-06
2.504958047211403027e-06
2.637395709825796075e-06
2.709789896471193060e-06
2.670563617357402109e-06
2.556266281317221001e-06
2.449514113322948106e-06
2.412024741715868004e-06
2.447727410981315188e-06
2.511254933779127896e-06
2.548547172409598716e-06
2.533876568122650497e-06
2.481311639712657779e-06
2.426838364044670016e-06
2.401127858320251107e-06
2.411150944681139663e-06
2.440072194076492451e-06
2.463203372826683335e-06
2.464526914991438389e-06
2.444759275022079237e-06
2.417386895103845745e-06
2.398137667114497162e-06
2.394780494796577841e-06
2.404444330750266090e-06
2.417329369563958608e-06
2.424126250843983144e-06
2.420578994133393280e-06
2.409559101579361595e-06
2.397532853137818165e-06
2.390401959928567521e-06
2.390200279478449374e-06
2.394881448708474636e-06
2.400112407485721633e-06
2.402317250016494654e-06
2.400261564616812393e-06
2.395104274910409003e-06
2.389498376942356117e-06
2.385881543887080625e-06
2.385294010309735313e-06
2.386983624091953970e-06
2.389322617091238499e-06
2.390569306953693740e-06
2.390061581536429003e-06
2.387980430285097100e-06
2.385166681051487103e-06
2.382910679443739355e-06
2.381822014285717160e-06
2.381898639214341529e-06
2.382763341302052140e-06
2.383823130003293045e-06
2.384263552812626585e-06
2.384316303505329415e-06
2.383832224950310774e-06
2.383524815741111524e-06
2.383785613346844912e-06
2.384907247687806375e-06
2.387410177107085474e-06
2.391715725025278516e-06
2.397924845354282297e-06
2.407102556389872916e-06
2.420464852548320778e-06
2.440353455313015729e-06
2.470435902068857104e-06
2.516492259019287303e-06
2.587204562587430701e-06
2.695300509003573097e-06
2.860779659386025742e-06
3.113046886937809177e-06
3.493188160064164549e-06
4.056392299389699474e-06
4.864777565671829507e-06
5.965788659523241222e-06
7.334773272305028513e-06
8.787676961219403893e-06
9.889974535326473415e-06
1.003355191642185673e-05
8.787993465375620872e-06
6.432861482608132064e-06
4.013078068965114653e-06
2.668026581886806525e-06
2.794843339870567434e-06
3.871046374115394428e-06
4.925564553559524938e-06
5.175498699827585369e-06
4.485557838052045554e-06
3.397161890461575240e-06
2.667653916432755068e-06
2.669076366146327928e-06
3.175913661834783852e-06
3.643186801127740182e-06
3.658473588075139560e-06
3.224205784135847352e-06
2.692936959647340700e-06
2.441321612423053011e-06
2.572235871411976404e-06
2.884191189878038131e-06
3.077331257372861728e-06
2.994423084601294249e-06
2.713917865548864938e-06
2.451721002216800116e-06
2.374689302087062970e-06
2.484747710695955902e-06
2.649624320838483982e-06
2.724695605138549581e-06
2.659821120687411167e-06
2.516453605494461954e-06
2.400804760327446274e-06
2.378213139309082180e-06
2.434512452964554541e-06
2.503343011994729750e-06
2.525116997276199982e-06
2.486346375007997267e-06
2.420894134047557600e-06
2.375186113567906432e-06
2.373128154431469738e-06
2.403658299954258837e-06
2.435526312183355913e-06
2.442600589347421192e-06
2.420504870315198787e-06
2.385459765719133429e-06
2.359427298870286904e-06
2.354575372010003775e-06
2.367546585446689278e-06
2.384750359851750545e-06
2.392862370470538735e-06
2.387419499427778646e-06
2.373130882915575057e-06
2.359558493481017649e-06
2.353458285142551176e-06
2.355883680138504133e-06
2.362667601119028404e-06
2.367600018260418437e-06
2.367066599617828615e-06
2.361507540626917034e-06
2.354077651034458540e-06
2.348717316635884345e-06
2.347287818338372745e-06
2.349441501792171039e-06
2.352651335968403146e-06
2.354523076064651832e-06
2.353986246816930361e-06
2.351467855987721123e-06
2.348153657294460572e-06
2.345645953027997166e-06
2.344743961657513864e-06
2.345165285078110173e-06
2.346145492992945947e-06
2.346830115129705518e-06
2.346612745895981789e-06
2.345532038816600107e-06
2.344101403650711291e-06
2.342845618841238320e-06
2.342171455893549137e-06
2.342445668546133675e-06
2.343133701288024895e-06
2.344170525248046033e-06
2.345422672078711912e-06
2.346776909689651802e-06
2.348638417970505543e-06
2.351196826566592790e-06
2.355319793423404917e-06
2.361562337682698853e-06
2.371281198065844364e-06
2.385115294600836933e-06
2.405620080025983043e-06
2.435600208627874963e-06
2.479307568137301132e-06
2.543723894632421434e-06
2.639076456034672447e-06
2.780170461846864782e-06
2.988495680256164633e-06
3.293131840109708719e-06
3.731408469320740551e-06
4.344567059888504446e-06
5.164262347534531727e-06
6.179489446367369965e-06
7.286865184141788632e-06
8.233818334701936692e-06
8.634085133962798864e-06
8.124760825012344867e-06
6.674660198768833652e-06
4.767156951857032254e-06
3.197380920028081164e-06
2.559503400334506296e-06
2.893165174100431614e-06
3.738866098501603119e-06
4.465900929062627256e-06
4.620350409823004156e-06
4.146452283748658374e-06
3.372908622623072006e-06
2.762783196885720827e-06
2.596542572064208798e-06
2.828301830959389918e-06
3.182600949003244750e-06
3.374260131749906577e-06
3.284293370597879402e-06
2.999842990902834572e-06
2.714175479923142120e-06
2.580784439487615600e-06
2.624267608553054743e-06
2.756599542408366688e-06
2.859998176063527353e-06
2.867272996809333563e-06
2.788635583783616312e-06
2.686098468984710053e-06
2.622650981720653363e-06
2.626783725645509548e-06
2.685128720258944668e-06
2.763555130513850600e-06
2.830319544955273159e-06
2.873585344786988571e-06
2.902916776292840950e-06
2.942228320534923114e-06
3.014842832271824591e-06
3.136525947411428206e-06
3.308036411908688024e-06
3.522118277032859623e-06
3.763926315514254384e-06
4.026248461741488427e-06
4.303136847738642246e-06
4.600666215992532670e-06
4.910242751066107303e-06
5.220017555984668434e-06
5.479848368850070983e-06
5.640667950501665473e-06
5.629649422189686447e-06
5.420209163276012987e-06
5.005522325518541038e-06
4.448544586921343580e-06
3.829687557299621403e-06
3.250559302614419721e-06
2.786430059131816961e-06
2.482939635228831321e-06
2.347009285585954785e-06
2.357886387471808121e-06
2.475761220921413042e-06
2.652243892953265458e-06
2.838088903445168398e-06
2.989163476740941405e-06
3.075837867072550580e-06
3.083889396293670870e-06
3.019920313818147406e-06
2.902379947045119479e-06
2.758783011813648045e-06
2.614172672110726126e-06
2.489154894647072069e-06
2.395123829046497121e-06
2.336217903575743549e-06
2.311012622158159502e-06
2.314155381100135855e-06
2.338792455702787265e-06
2.376004886173177510e-06
2.417225687167956494e-06
2.454798277540248819e-06
2.483016714904806577e-06
2.499134325262275524e-06
2.502888719391194172e-06
2.495634134902502410e-06
2.480439206919982098e-06
2.459935558363213204e-06
2.436655677229282446e-06
2.412693220321671106e-06
2.389467226748820394e-06
2.367953356952057220e-06
2.349084979869076051e-06
2.333163820367190056e-06
2.320488420082256198e-06
2.310918944203876890e-06
2.303943574588629417e-06
2.299485458934213966e-06
2.296636466780910268e-06
2.295270860486198217e-06
2.294910245836945251e-06
2.295267449881066568e-06
2.296039383509196341e-06
2.297297896802774630e-06
2.298840627190656960e-06
2.300658252352150157e-06
2.302868324477458373e-06
2.305502448507468216e-06
2.308571993125951849e-06
2.312358446943107992e-06
2.317001644769334234e-06
2.322640739294001833e-06
2.329873723283526488e-06
2.339217189728515223e-06
2.351240937059628777e-06
2.367201886954717338e-06
2.388361508565139957e-06
2.416727056697709486e-06
2.454748027957975864e-06
2.506430291759897955e-06
2.576419774413807318e-06
2.672437631190405227e-06
2.803902134473901242e-06
2.984835873576230370e-06
3.232023118471261114e-06
3.569790806068340316e-06
4.023848759970860556e-06
4.628682745533296838e-06
5.405183856055373326e-06
6.370816208800533786e-06
7.478250154235865921e-06
8.637316568638198078e-06
9.608964319340884686e-06
1.012374195852316916e-05
9.837281140789855272e-06
8.658550541440490633e-06
6.756400125595973805e-06
4.691667527367826551e-06
3.084365516770048998e-06
2.353691115786205046e-06
2.521574060665443540e-06
3.272785306762671098e-06
4.142323177802609280e-06
4.705172614194452763e-06
4.735526999866124243e-06
4.247461220074910671e-06
3.486779405648121610e-06
2.776386736513813958e-06
2.371963773839524947e-06
2.350101340198307298e-06
2.612098569443332963e-06
2.962327471323078498e-06
3.209045871699345298e-06
3.245252173655899242e-06
3.071441142310504802e-06
2.781542434604489245e-06
2.500731170584913343e-06
2.328562914044596255e-06
2.300871301486040466e-06
2.387494987488025799e-06
2.519449935789452866e-06
2.625190973049029708e-06
2.659621941347722895e-06
2.614688128232955933e-06
2.516391987228416838e-06
2.406116891506826505e-06
2.322178715985501185e-06
2.285449681949103251e-06
2.295056219736579806e-06
2.333882775928941555e-06
2.378231556576793082e-06
2.407945203231065534e-06
2.412595449641230516e-06
2.392974693066207692e-06
2.358157644266611896e-06
2.320738076377892867e-06
2.291192231496097520e-06
2.275610768265323713e-06
2.274687403769348748e-06
2.283954472659388557e-06
2.297488663316471502e-06
2.309218643858912401e-06
2.314955281690345146e-06
2.313704044354381040e-06
2.306231635884614661e-06
2.295337935720453970e-06
2.283820094817201607e-06
2.274402049806667492e-06
2.268418484163703397e-06
2.266135879835928790e-06
2.266905312353628688e-06
2.269544211230822839e-06
2.272701067340676673e-06
2.275016186104039662e-06
2.276360419273260050e-06
2.276099849041202106e-06
2.274621692777145654e-06
2.272484152854303829e-06
2.269798869747319259e-06
2.267603349537239410e-06
2.266118826810270548e-06
2.265597458972479217e-06
2.266155433972016908e-06
2.268083107992424630e-06
2.271473704240634106e-06
2.276658278788090684e-06
2.284154561493778601e-06
2.294596242791158147e-06
2.309455339855048805e-06
2.330703409825218841e-06
2.361460246902424842e-06
2.406417706879437901e-06
2.472696678523789160e-06
2.570499191278940998e-06
2.715054961299756542e-06
2.927747573266969994e-06
3.238229282942484133e-06
3.684255716507323086e-06
4.307672043069032952e-06
5.139392669661901891e-06
6.167726041894638911e-06
7.287719199666753411e-06
8.242377589340321720e-06
8.641028216516133398e-06
8.112804607662837952e-06
6.626980393775738776e-06
4.675840045820223168e-06
3.073266498176963069e-06
2.426911578368162736e-06
2.775125949483481236e-06
3.644533762781065889e-06
4.382964561955304816e-06
4.516860371950315312e-06
3.982617272413335741e-06
3.132206757072708569e-06
2.471876769050140865e-06
2.315913206984987482e-06
2.615751100165653042e-06
3.057958110730396584e-06
3.305158998045953922e-06
3.202565721949213184e-06
2.842920139300986193e-06
2.467302465447573923e-06
2.285693653902853839e-06
2.347393319723778404e-06
2.541262574595748447e-06
2.698542857615393586e-06
2.708940428419737145e-06
2.576876568127772771e-06
2.396414174654637463e-06
2.275829046993749216e-06
2.266320962007739581e-06
2.342321295145666227e-06
2.432525889162207022e-06
2.472017058607889339e-06
2.439728859826573171e-06
2.361231963732279837e-06
2.285226400999817997e-06
2.249636281703715213e-06
2.261514964629895985e-06
2.299833795404992998e-06
2.333098336748662405e-06
2.339329512324184179e-06
2.316705604243907146e-06
2.279718728459556587e-06
2.248522605441394262e-06
2.236457476101350039e-06
2.243795051981578581e-06
2.261102508782641962e-06
2.275626002301578410e-06
2.278516376463812776e-06
2.269268179588834755e-06
2.253482534797512926e-06
2.239203467979677953e-06
2.232279030067729764e-06
2.233656687167240307e-06
2.240583398815942928e-06
2.247906650154618546e-06
2.251587375212693587e-06
2.250040097351302393e-06
2.244996039735269733e-06
2.238815341115696356e-06
2.234731255157385021e-06
2.234272187706665136e-06
2.237655735370935872e-06
2.243442850158317015e-06
2.250258376079727896e-06
2.257250343973282725e-06
2.264865315737552010e-06
2.274841108373948373e-06
2.290124939463566989e-06
2.314573293915600516e-06
2.352964656893163919e-06
2.411952436887077056e-06
2.501031758583849296e-06
2.634941438373061828e-06
2.836019802998634987e-06
3.139642331007053144e-06
3.596388751248014160e-06
4.281248948245774955e-06
5.287141448206966743e-06
6.731409030180657282e-06
8.687287845532409847e-06
1.115113263949751854e-05
1.379041259497171268e-05
1.595610046933870763e-05
1.651649654377251863e-05
1.475632143410621211e-05
1.088187309505883604e-05
6.654545359197072685e-06
4.089160938747227192e-06
4.097332748642656952e-06
5.871700523130130023e-06
7.597463081765454262e-06
7.742788511677645147e-06
6.086346729716751724e-06
3.870940872729988769e-06
2.653390083651174791e-06
3.022755663550924510e-06
4.266998985258396715e-06
5.128290467837359756e-06
4.847802301810588688e-06
3.692330210469663143e-06
2.617000745885889046e-06
2.360265398237970658e-06
2.870026492018951103e-06
3.500117145449621603e-06
3.645468268587137572e-06
3.223871772206621245e-06
2.638570776980486698e-06
2.351931243538274430e-06
2.482525587765849195e-06
2.780212071229470894e-06
2.915274080805829726e-06
2.769572574834455736e-06
2.492208523108274676e-06
2.316642394362133928e-06
2.345491566302371211e-06
2.489612143108388409e-06
2.582117531346739270e-06
2.533991391828749329e-06
2.391720954619813710e-06
2.273556219734018669e-06
2.256630978081375360e-06
2.322067302884534001e-06
2.389262590440921485e-06
2.393170689174439758e-06
2.333344355065491982e-06
2.261536337755387649e-06
2.229780420748284087e-06
2.248957343908841722e-06
2.287893948960117996e-06
2.306074520674883388e-06
2.287089046149048954e-06
2.246221811219584197e-06
2.214394953625742346e-06
2.210075763287022710e-06
2.229233587058843113e-06
2.251245632578502409e-06
2.257141431982745416e-06
2.243109065602766350e-06
2.220050873802392744e-06
2.203532176281441934e-06
2.201548795710550621e-06
2.211128276030649431e-06
2.222060857093310915e-06
2.225469415861880407e-06
2.218919689767062664e-06
2.207649004049017094e-06
2.198698894062545151e-06
2.196655486841336824e-06
2.200624976467224769e-06
2.206181306974031031e-06
2.208979594797710888e-06
2.207135366916190833e-06
2.202096311521017924e-06
2.196968353018746711e-06
2.194075250372407027e-06
2.194292392232455313e-06
2.196198011006345041e-06
2.197871708631282672e-06
2.197959474870003760e-06
2.196350351368892007e-06
2.193982936660177074e-06
2.191959310948732309e-06
2.190966142734396271e-06
2.191020939790178090e-06
2.191632120229769498e-06
2.192047531934804283e-06
2.191651219618506730e-06
2.190822215197840706e-06
2.189665792684536427e-06
2.188744929298991337e-06
2.188111466239206493e-06
2.188108055634074844e-06
2.188108965128776617e-06
2.188004827985423617e-06
2.187746304116444662e-06
2.187068275816272944e-06
2.186405254178680480e-06
2.185783159802667797e-06
2.185380935770808719e-06
2.185026687584468164e-06
2.184949835282168351e-06
2.184863433285499923e-06
2.184669710914022289e-06
2.184506456615054049e-06
2.184161758123082109e-06
2.183864353355602361e-06
2.183634478569729254e-06
2.183668129873694852e-06
2.183991000492824242e-06
2.184436880270368420e-06
2.185255652875639498e-06
2.186529172831797041e-06
2.188119196944171563e-06
2.190602572227362543e-06
2.194296484958613291e-06
2.199576783823431470e-06
2.207408897447749041e-06
2.218994040958932601e-06
2.236028194602113217e-06
2.261093641209299676e-06
2.298081653862027451e-06
2.353391892029321752e-06
2.435702072034473531e-06
2.558542746555758640e-06
2.742304332059575245e-06
3.016419441337347962e-06
3.421666860958794132e-06
4.012619228888070211e-06
4.848824119108030573e-06
5.982120455882977694e-06
7.399396508844802156e-06
8.961658750195056200e-06
1.028983388096094131e-05
1.082736980606568977e-05
1.003218130790628493e-05
7.922654731373768300e-06
5.255577889329288155e-06
3.205653456461732276e-06
2.524034925954765640e-06
3.112295189566793852e-06
4.217781224724603817e-06
4.973458089807536453e-06
4.898764018435031176e-06
4.117173830309184268e-06
3.200909532097284682e-06
2.698805019463179633e-06
2.763382326520513743e-06
3.125513330815010704e-06
3.376339691385510378e-06
3.283878186266520061e-06
2.926138677139533684e-06
2.575865664766752161e-06
2.455715275573311374e-06
2.576266069809207693e-06
2.764739292615558952e-06
2.826705895131453872e-06
2.694007207537651993e-06
2.458643393765669316e-06
2.280232820339733735e-06
2.257881305922637694e-06
2.366928356423159130e-06
2.495982926120632328e-06
2.537772616051370278e-06
2.462747488607419655e-06
2.324994056834839284e-06
2.212455001426860690e-06
2.181652234867215157e-06
2.226542392236297019e-06
2.295199010404758155e-06
2.332737267352058552e-06
2.316783820788259618e-06
2.264474915136815980e-06
2.211748096669907682e-06
2.187353175031603314e-06
2.194748276451718993e-06
2.216992697867681272e-06
2.231719236078788526e-06
2.226739297839230858e-06
2.205765213147969916e-06
2.182613116019638255e-06
2.169821300412877463e-06
2.171354481106391177e-06
2.182021489716134965e-06
2.192087094954331405e-06
2.194065245930687524e-06
2.186919118685182184e-06
2.174960172851569951e-06
2.164284524042159319e-06
2.159418272640323266e-06
2.160440772058791481e-06
2.164666511816903949e-06
2.167887942050583661e-06
2.168172159144887701e-06
2.165187879654695280e-06
2.160849817300913855e-06
2.157184553652768955e-06
2.155613856302807108e-06
2.156188429580652155e-06
2.157565404559136368e-06
2.158396227969205938e-06
2.157911012545810081e-06
2.156038817702210508e-06
2.153496097889728844e-06
2.151205080735962838e-06
2.149856982214259915e-06
2.149527290384867229e-06
2.150028421965544112e-06
2.150896307284710929e-06
2.151502485503442585e-06
2.151826265617273748e-06
2.151822855012142099e-06
2.151708940800745040e-06
2.152048637071857229e-06
2.153124341930379160e-06
2.155027232220163569e-06
2.157981043637846597e-06
2.161958946089725941e-06
2.167765615013195202e-06
2.175516783609054983e-06
2.186411393267917447e-06
2.202031282649841160e-06
2.224817762908060104e-06
2.258159156554029323e-06
2.306942405994050205e-06
2.378198587393853813e-06
2.482450327079277486e-06
2.634558313729939982e-06
2.856415449059568346e-06
3.177028474965482019e-06
3.633889718912541866e-06
4.267596068530110642e-06
5.110625806992175058e-06
6.157621555757941678e-06
7.319596988963894546e-06
8.370541763724759221e-06
8.951822564995381981e-06
8.696049917489290237e-06
7.502982953155878931e-06
5.740424967370927334e-06
4.142272246099309996e-06
3.348658538016024977e-06
3.522711494952091016e-06
4.292289759177947417e-06
5.016691829951014370e-06
5.140042048878967762e-06
4.507069661485729739e-06
3.451100837992271408e-06
2.559920403655269183e-06
2.251806108688469976e-06
2.518074779800372198e-06
3.003574875037884340e-06
3.295734131825156510e-06
3.194134251316427253e-06
2.802084509312408045e-06
2.409087983323843218e-06
2.260512019347515889e-06
2.395261844867491163e-06
2.655775233506574295e-06
2.828070137184113264e-06
2.791258339129853994e-06
2.581881744845304638e-06
2.342563902857364155e-06
2.209749709436437115e-06
2.225271828137920238e-06
2.327700258319964632e-06
2.413711854387656786e-06
2.413421043456764892e-06
2.327836227777879685e-06
2.214655978605151176e-06
2.140320475518819876e-06
2.135182967322180048e-06
2.181945774282212369e-06
2.235857436971855350e-06
2.257992036902578548e-06
2.237422222606255673e-06
2.192316060245502740e-06
2.152399247279390693e-06
2.138938270945800468e-06
2.153726654796628281e-06
2.181671561629627831e-06
2.203773419751087204e-06
2.208039632023428567e-06
2.195731212850660086e-06
2.177173655582009815e-06
2.165018486266490072e-06
2.166239028156269342e-06
2.180325964218354784e-06
2.200883727709879167e-06
2.220552914877771400e-06
2.236013415313209407e-06
2.248555801998008974e-06
2.264017666675499640e-06
2.288744099132600240e-06
2.328759592273854651e-06
2.387193262620712630e-06
2.466823843860765919e-06
2.570503966126125306e-06
2.704854523472022265e-06
2.879618250517523848e-06
3.110971874775714241e-06
3.416273557377280667e-06
3.818403001787373796e-06
4.332908702053828165e-06
4.975640422344440594e-06
5.731007149734068662e-06
6.567640866705914959e-06
7.377140718745067716e-06
8.025330316741019487e-06
8.291694939543958753e-06
8.028281627048272640e-06
7.145849394873948768e-06
5.803233761980663985e-06
4.303493824409088120e-06
3.043455080842250027e-06
2.304364443261874840e-06
2.166784724977333099e-06
2.506579448890988715e-06
3.078962663494166918e-06
3.619550170697038993e-06
3.920594735973281786e-06
3.892076165357138962e-06
3.561397534213028848e-06
3.065914825128857046e-06
2.577318582552834414e-06
2.242048367406823672e-06
2.126019580828142352e-06
2.208376599810435437e-06
2.405773329883231781e-06
2.613979177112923935e-06
2.747754479059949517e-06
2.763237716862931848e-06
2.666825366759439930e-06
2.500646360203973018e-06
2.324284878341131844e-06
2.188614871556637809e-06
2.122030764439841732e-06
2.125059609170421027e-06
2.176914449592004530e-06
2.246568328700959682e-06
2.305079533471143804e-06
2.333694510525674559e-06
2.326463345525553450e-06
2.289875510541605763e-06
2.237119815617916174e-06
2.183466222049901262e-06
2.140918468285235576e-06
2.116060159096377902e-06
2.109706656483467668e-06
2.117655185429612175e-06
2.133512680302374065e-06
2.150838326997472905e-06
2.164359329981380142e-06
2.170788548028212972e-06
2.169565050280652940e-06
2.161639940823079087e-06
2.149364718206925318e-06
2.135371460099122487e-06
2.122165369655704126e-06
2.111508820235030726e-06
2.104300165228778496e-06
2.100586698361439630e-06
2.099872062899521552e-06
2.101324071190902032e-06
2.104009354297886603e-06
2.107138016071985476e-06
2.109669821948045865e-06
2.111494268319802359e-06
2.112061338266357780e-06
2.111743697241763584e-06
2.110436298607965000e-06
2.108641865561367013e-06
2.106532519974280149e-06
2.104193072227644734e-06
2.101867266901535913e-06
2.099693801937974058e-06
2.097866854455787688e-06
2.096138587148743682e-06
2.094747515002381988e-06
2.093557668558787555e-06
2.092493787131388672e-06
2.091670467052608728e-06
2.090906491503119469e-06
2.090303496515844017e-06
2.089691179207875393e-06
2.089142526529030874e-06
2.088779410769348033e-06
2.088460405502701178e-06
2.088090013785404153e-06
2.087750090140616521e-06
2.087421080432250164e-06
2.087138682327349670e-06
2.086878566842642613e-06
2.086783069898956455e-06
2.086579570459434763e-06
2.086474296447704546e-06
2.086544782287091948e-06
2.086674385282094590e-06
2.086791937472298741e-06
2.087317625409923494e-06
2.087925849991734140e-06
2.088926066790008917e-06
2.090280077027273364e-06
2.092184104185434990e-06
2.094842557198717259e-06
2.098486902468721382e-06
2.103510496453964151e-06
2.110453806380974129e-06
2.119968712577247061e-06
2.133458337993943132e-06
2.152041815861593932e-06
2.178166369048994966e-06
2.215087988588493317e-06
2.266914634674321860e-06
2.340202854611561634e-06
2.443383891659323126e-06
2.588881216070149094e-06
2.792783334371051751e-06
3.076691655223839916e-06
3.467298711257171817e-06
3.998917691205861047e-06
4.707546850113430992e-06
5.636114565277239308e-06
6.807636509620351717e-06
8.227143553085625172e-06
9.791687261895276606e-06
1.130712553276680410e-05
1.236657226399984211e-05
1.258945030713221058e-05
1.165908270195359364e-05
9.784129360923543572e-06
7.609033218614058569e-06
6.114032203186070547e-06
5.864254490006715059e-06
6.528795893245842308e-06
6.999583547440124676e-06
6.254229901969665661e-06
4.419623564899666235e-06
2.854890681192046031e-06
2.744492348938365467e-06
3.822839971689973027e-06
4.790679668076336384e-06
4.691212325269589201e-06
3.736473445314913988e-06
2.835247414623154327e-06
2.536714191592182033e-06
2.699321612453786656e-06
2.966429974549100734e-06
3.149879830743884668e-06
3.153130819555372000e-06
2.895671059377491474e-06
2.476814870533416979e-06
2.215980430264608003e-06
2.329176368220942095e-06
2.635477358126081526e-06
2.752660975602339022e-06
2.548606744312564842e-06
2.261142753923195414e-06
2.165448677260428667e-06
2.263573378513683565e-06
2.364720785408280790e-06
2.352661340410122648e-06
2.271331595693482086e-06
2.201519464506418444e-06
2.163722228942788206e-06
2.152014531020540744e-06
2.174801011278759688e-06
2.223147703261929564e-06
2.244463075840030797e-06
2.196796913267462514e-06
2.111041567331994884e-06
2.061645545836654492e-06
2.080758349620737135e-06
2.128103687937255017e-06
2.147989562217844650e-06
2.130132088495884091e-06
2.102856342389713973e-06
2.089078179778880440e-06
2.087315124299493618e-06
2.088298288072110154e-06
2.090705265800352208e-06
2.094036062771920115e-06
2.091811438731383532e-06
2.079437990687438287e-06
2.063374495264724828e-06
2.057061010418692604e-06
2.064033878923510201e-06
2.074807980534387752e-06
2.077841145364800468e-06
2.071630206046393141e-06
2.063401097984751686e-06
2.058576683339197189e-06
2.057329311355715618e-06
2.057387291642953642e-06
2.057943447653087787e-06
2.059396365439170040e-06
2.060246742985327728e-06
2.058738800769788213e-06
2.055255663435673341e-06
2.052477157121757045e-06
2.052273202934884466e-06
2.054199740086914971e-06
2.055798177025280893e-06
2.055286131508182734e-06
2.053675189017667435e-06
2.051986029982799664e-06
2.050877810688689351e-06
2.050026068900479004e-06
2.049563136097276583e-06
2.049572458417969756e-06
2.050071316261892207e-06
2.050589955615578219e-06
2.050567218248033896e-06
2.050145667453762144e-06
2.049842805718071759e-06
2.050359171335003339e-06
2.051698174909688532e-06
2.053552179859252647e-06
2.055768845821148716e-06
2.058729933196445927e-06
2.062821977233397774e-06
2.068601133942138404e-06
2.076441205645096488e-06
2.087668008243781514e-06
2.103610313497483730e-06
2.126577555827680044e-06
2.159655878131161444e-06
2.206887074862606823e-06
2.274806774948956445e-06
2.373016286583151668e-06
2.515416781534440815e-06
2.721947112149791792e-06
3.019973746631876566e-06
3.447773224252159707e-06
4.050239567732205614e-06
4.880093456449685618e-06
5.967792731098597869e-06
7.305522103706607595e-06
8.753447218623477966e-06
1.003009037958690897e-05
1.064128264260943979e-05
1.015649650071281940e-05
8.428315595665480942e-06
5.985870757285738364e-06
3.759999799513025209e-06
2.593965973574086092e-06
2.704354983507073484e-06
3.656584112832206301e-06
4.689989964390406385e-06
5.131112629896961153e-06
4.724922291643451899e-06
3.724899670487502590e-06
2.710267381189623848e-06
2.183095830332604237e-06
2.278333795402431861e-06
2.752508180492441170e-06
3.204664380973554216e-06
3.337808266223873943e-06
3.102134996879613027e-06
2.678447344806045294e-06
2.321182137166033499e-06
2.191823341490817256e-06
2.281763272549142130e-06
2.457785512888222001e-06
2.571746108515071683e-06
2.548612201280775480e-06
2.414409436823916622e-06
2.254070977869560011e-06
2.148808107449440286e-06
2.128582309524063021e-06
2.169332674384349957e-06
2.220788019258179702e-06
2.242147047581966035e-06
2.222798912043799646e-06
2.178275735786883160e-06
2.134605665560229681e-06
2.109406523231882602e-06
2.104873829011921771e-06
2.111420144501607865e-06
2.116785708494717255e-06
2.114431026711827144e-06
2.105024123011389747e-06
2.093667717417702079e-06
2.084794004986179061e-06
2.080189005937427282e-06
2.077399585687089711e-06
2.074052190437214449e-06
2.068343292194185778e-06
2.061344730464043096e-06
2.055470304185291752e-06
2.052874151559080929e-06
2.053973958027199842e-06
2.057312713077408262e-06
2.060377710222383030e-06
2.061389750451780856e-06
2.059797907350002788e-06
2.056915946013759822e-06
2.055016466329107061e-06
2.056578296105726622e-06
2.062724433926632628e-06
2.073703399219084531e-06
2.089068175337160937e-06
2.108124363076058216e-06
2.131255996573599987e-06
2.160111307603074238e-06
2.198591118940385059e-06
2.251634668937185779e-06
2.326404683117289096e-06
2.431611846986925229e-06
2.578358134996960871e-06
2.780355316645000130e-06
3.055193019463331439e-06
3.422509507799986750e-06
3.904384357156231999e-06
4.513915882853325456e-06
5.247894478088710457e-06
6.058580311218975112e-06
6.842406492069130763e-06
7.415073923766613007e-06
7.564126008219318464e-06
7.116838332876795903e-06
6.090775514167034999e-06
4.724842710857046768e-06
3.424209126023924910e-06
2.543556547607295215e-06
2.236114141851430759e-06
2.414650907667237334e-06
2.842481762854731642e-06
3.258413926232606173e-06
3.476686060821521096e-06
3.437290388319524936e-06
3.197311571057070978e-06
2.881822410927270539e-06
2.607908527352265082e-06
2.438803676341194659e-06
2.371178197790868580e-06
2.363060957577545196e-06
2.367890374443959445e-06
2.360228791076224297e-06
2.340600985917262733e-06
2.323622766198241152e-06
2.321352212675265037e-06
2.331245923414826393e-06
2.338678768865065649e-06
2.325016339455032721e-06
2.280586159031372517e-06
2.209925241913879290e-06
2.131409701178199612e-06
2.067460172838764265e-06
2.035484612861182541e-06
2.040019126070546918e-06
2.072267989206011407e-06
2.114795051966211759e-06
2.149238298443378881e-06
2.162972805308527313e-06
2.152123215637402609e-06
2.121772240570862778e-06
2.082311311824014410e-06
2.045334895228734240e-06
2.018992745433934033e-06
2.006767090279026888e-06
2.006970134971197695e-06
2.014867504840367474e-06
2.025336698352475651e-06
2.033773853327147663e-06
2.038173761320649646e-06
2.038219463429413736e-06
2.035101033470709808e-06
2.030557652688003145e-06
2.026172978730755858e-06
2.022889248110004701e-06
2.020638930844143033e-06
2.018894520006142557e-06
2.017165797951747663e-06
2.014855681409244426e-06
2.011585820582695305e-06
2.007715465879300609e-06
2.003574536502128467e-06
1.999637561311828904e-06
1.996466153286746703e-06
1.994316335185430944e-06
1.993151272472459823e-06
1.992890474866726436e-06
1.993325213334173895e-06
1.994131935134646483e-06
1.995032107515726238e-06
1.995821094169514254e-06
1.996198079723399132e-06
1.996479568333597854e-06
1.996520722968853079e-06
1.996504124690545723e-06
1.996626224354258738e-06
1.996707851503742859e-06
1.997218305405112915e-06
1.998063225983059965e-06
1.999252390305628069e-06
2.001060920520103537e-06
2.003403096750844270e-06
2.006556542255566455e-06
2.010467369473190047e-06
2.015884774664300494e-06
2.023063643719069660e-06
2.032555130426771939e-06
2.045374685621936806e-06
2.062680550807272084e-06
2.086283984681358561e-06
2.118948259521857835e-06
2.164100123991374858e-06
2.226934384452761151e-06
2.314517359991441481e-06
2.437191142234951258e-06
2.609127250252640806e-06
2.850889586625271477e-06
3.188157734257401899e-06
3.657664592537912540e-06
4.297216037230100483e-06
5.154572590981842950e-06
6.248787485674256459e-06
7.576760253868997097e-06
9.010603207570966333e-06
1.033265652949921787e-05
1.110836274165194482e-05
1.094828348868759349e-05
9.568509995006024837e-06
7.251316219480941072e-06
4.696589257946470752e-06
2.800451284201699309e-06
2.097110154863912612e-06
2.542247102610417642e-06
3.617152515289490111e-06
4.635463028535014018e-06
5.061648607807001099e-06
4.700911176769295707e-06
3.783300371651421301e-06
2.781638613669201732e-06
2.153754849132383242e-06
2.089652980430400930e-06
2.464423459969111718e-06
2.961653535749064758e-06
3.265983878009137698e-06
3.219488689865102060e-06
2.868760248020407744e-06
2.414561095065437257e-06
2.077567387459566817e-06
1.981957893804064952e-06
2.108738271999754943e-06
2.333970314793987200e-06
2.511653519832179882e-06
2.548127895352081396e-06
2.437962393742054701e-06
2.247799102406133898e-06
2.072227971439133398e-06
1.981049990718020126e-06
1.991277713386807591e-06
2.069448555630515330e-06
2.158407369279302657e-06
2.208741761933197267e-06
2.199031541749718599e-06
2.139798198186326772e-06
2.062002522507100366e-06
1.999158030230319127e-06
1.971767915165401064e-06
1.981298055397928692e-06
2.013408447965048254e-06
2.047977886832086369e-06
2.067776676994981244e-06
2.065526587102795020e-06
2.044231450781808235e-06
2.013924131460953504e-06
1.986159759326255880e-06
1.969405275303870440e-06
1.966399850061861798e-06
1.974027554751955904e-06
1.986394408959313296e-06
1.997343133552931249e-06
2.002314886340172961e-06
2.000111635425128043e-06
1.992054649235797115e-06
1.981259856620454229e-06
1.971260189748136327e-06
1.964413058885838836e-06
1.961888528967392631e-06
1.962873739103088155e-06
1.966282752619008534e-06
1.970273160623037256e-06
1.973298822122160345e-06
1.974515498659457080e-06
1.973711960090440698e-06
1.971304072867496870e-06
1.967952130144112743e-06
1.964595412573544309e-06
1.961866473720874637e-06
1.960290774150053039e-06
1.959763949344051071e-06
1.960278268597903661e-06
1.961560428753728047e-06
1.963303702723351307e-06
1.965136561921099201e-06
1.967192929441807792e-06
1.969310233107535169e-06
1.971902293007588014e-06
1.975224222405813634e-06
1.980264414669363759e-06
1.987674522752058692e-06
1.998677362280432135e-06
2.015317022596718743e-06
2.040017989202169701e-06
2.076483497148728929e-06
2.130632537955534644e-06
2.210455022577662021e-06
2.328765958736767061e-06
2.503212954252376221e-06
2.759491735560004599e-06
3.131115363430581056e-06
3.658709829323925078e-06
4.382576207717647776e-06
5.320034688338637352e-06
6.424614184652455151e-06
7.525544333475409076e-06
8.293191967823076993e-06
8.312561476486735046e-06
7.332141194638097659e-06
5.563276317843701690e-06
3.709330712808878161e-06
2.560295115472399630e-06
2.476421059327549301e-06
3.217280891476548277e-06
4.163864105066750199e-06
4.695310963143128902e-06
4.512453415372874588e-06
3.791546987486071885e-06
3.043623564735753462e-06
2.746899554040282965e-06
3.024217448910349049e-06
3.610185331126558594e-06
4.076797722518676892e-06
4.124106908420799300e-06
3.756389105546986684e-06
3.242783805035287514e-06
2.895708121286588721e-06
2.844557457137852907e-06
2.976167252199957147e-06
3.061750931010465138e-06
2.942596893262816593e-06
2.638958676470792852e-06
2.310091986146289855e-06
2.118345264534582384e-06
2.112093170580919832e-06
2.213419065810739994e-06
2.296057800776907243e-06
2.281845809193328023e-06
2.182191565225366503e-06
2.071903963951626793e-06
2.022821718128398061e-06
2.054389597105910070e-06
2.129824224539333954e-06
2.191772182413842529e-06
2.204275915573816746e-06
2.171425421693129465e-06
2.125507307937368751e-06
2.100273150063003413e-06
2.107608906953828409e-06
2.134747319360030815e-06
2.157373273803386837e-06
2.157572907890425995e-06
2.134492660843534395e-06
2.100916162817156874e-06
2.073794803436612710e-06
2.062361090793274343e-06
2.065097532977233641e-06
2.072472852887585759e-06
2.075271595458616503e-06
2.069621586997527629e-06
2.058719701381050982e-06
2.049141357929329388e-06
2.046828512902720831e-06
2.053652224276447669e-06
2.067585683107608929e-06
2.084765583276748657e-06
2.102650341839762405e-06
2.121044644809444435e-06
2.142280891348491423e-06
2.170470907003618777e-06
2.209543026765459217e-06
2.262102952954592183e-06
2.329906692466465756e-06
2.414516075077699497e-06
2.518254859751323238e-06
2.644517962835379876e-06
2.798269633785821497e-06
2.983307467729900964e-06
3.202982043148949742e-06
3.454962779869674705e-06
3.732515779120149091e-06
4.017272658529691398e-06
4.284421720512909815e-06
4.494217137107625604e-06
4.608687049767468125e-06
4.588364845403702930e-06
4.420924142323201522e-06
4.115558567718835548e-06
3.724864654941484332e-06
3.316953552712220699e-06
2.972093398057040758e-06
2.746448444668203592e-06
2.667641410880605690e-06
2.724224259509355761e-06
2.877482756957761012e-06
3.069572130698361434e-06
3.239012357880710624e-06
3.331552989038755186e-06
3.313078423161641695e-06
3.178177621521172114e-06
2.953054490717477165e-06
2.686503194126999006e-06
2.435560190860996954e-06
2.245893938379595056e-06
2.140821607099496759e-06
2.116616087732836604e-06
2.150320597138488665e-06
2.208945488746394403e-06
2.261322151753120124e-06
2.284992433487786911e-06
2.270792037961655296e-06
2.221687282144557685e-06
2.149704187104362063e-06
2.071166591122164391e-06
2.001450638999813236e-06
1.951335889316396788e-06
1.925370042954455130e-06
1.922045612445799634e-06
1.935556610987987369e-06
1.957716449396684766e-06
1.980927663680631667e-06
1.998966126848245040e-06
2.008305500567075796e-06
2.008169076361809857e-06
1.999458618229255080e-06
1.984908521990291774e-06
1.967451680684462190e-06
1.950243358805892058e-06
1.935663021868094802e-06
1.924946445797104388e-06
1.918796669997391291e-06
1.917056351885548793e-06
1.918915813803323545e-06
1.923736363096395507e-06
1.930596454258193262e-06
1.938645709742559120e-06
1.947985538208740763e-06
1.958466555151971988e-06
1.971012125068227760e-06
1.986769120776443742e-06
2.007846205742680468e-06
2.037500735241337679e-06
2.080440708596142940e-06
2.143802248610882089e-06
2.237718263131682761e-06
2.377679720666492358e-06
2.586052687547635287e-06
2.896937303376034833e-06
3.356469278514850885e-06
4.031076969113200903e-06
4.997557425667764619e-06
6.348377610265742987e-06
8.123069164867047220e-06
1.028423594107152894e-05
1.250629247806500643e-05
1.421876095264451578e-05
1.449043247703230008e-05
1.276733837585197762e-05
9.241632142220623791e-06
5.336414687917567790e-06
2.725073500187136233e-06
2.297437958986847661e-06
3.634625954873627052e-06
5.456669896375387907e-06
6.459782980527961627e-06
6.006511739542474970e-06
4.479326889850199223e-06
2.895290435844799504e-06
2.173202119593042880e-06
2.500748223610571586e-06
3.345516688568750396e-06
3.944186119042569771e-06
3.842063506453996524e-06
3.156433422191184945e-06
2.394134753558319062e-06
2.036457317444728687e-06
2.198051561208558269e-06
2.617430027385125868e-06
2.909903059844509698e-06
2.851539647963363677e-06
2.506488044673460536e-06
2.128476126017631032e-06
1.951263129740254954e-06
2.029412371484795585e-06
2.236527279819711111e-06
2.386969072176725604e-06
2.370938318563275971e-06
2.213099378423066810e-06
2.029387360380496830e-06
1.931617362060933374e-06
1.953248784047900699e-06
2.043999529632856138e-06
2.119704731740057468e-06
2.124437060047057457e-06
2.060340875686961226e-06
1.974264478121767752e-06
1.919068381539545953e-06
1.917817144203581847e-06
1.955843572432058863e-06
1.996649871216504835e-06
2.009750687648192979e-06
1.987292080229963176e-06
1.945213853105087765e-06
1.908656486193649471e-06
1.894877755148627330e-06
1.905563635773432907e-06
1.927993025674368255e-06
1.945364147104555741e-06
1.947025566551019438e-06
1.933312660185038112e-06
1.912742618515039794e-06
1.896166736514715012e-06
1.890036173790576868e-06
1.894195406748622190e-06
1.903530801428132690e-06
1.911344952532090247e-06
1.913061851155362092e-06
1.908321337396046147e-06
1.899863150356395636e-06
1.892100840450439136e-06
1.887940697997692041e-06
1.888107590275467373e-06
1.891277975119010080e-06
1.894774754873651545e-06
1.896757453323516529e-06
1.895984951261198148e-06
1.893205649139417801e-06
1.889580403258150909e-06
1.886435029518906958e-06
1.884862172119028401e-06
1.884809989860514179e-06
1.885668893919500988e-06
1.886690938590618316e-06
1.887110897769161966e-06
1.886789846139436122e-06
1.885654683064785786e-06
1.884300331767008174e-06
1.882862989077693783e-06
1.881936896097613499e-06
1.881536604741995689e-06
1.881619596133532468e-06
1.881827188299212139e-06
1.881992034213908482e-06
1.882009314613242168e-06
1.881618459265155252e-06
1.880993295344524086e-06
1.880352328953449614e-06
1.879629962786566466e-06
1.879103251667402219e-06
1.878661350929178298e-06
1.878472062344371807e-06
1.878461944215814583e-06
1.878379066511115525e-06
1.878418402156967204e-06
1.878293119261797983e-06
1.878251282505516429e-06
1.878150214906781912e-06
1.878037437563762069e-06
1.877999466159963049e-06
1.878264470178692136e-06
1.878588250292523298e-06
1.879457727227418218e-06
1.880736249404435512e-06
1.882678020592720713e-06
1.885545998447923921e-06
1.889868713078612927e-06
1.896093863251735456e-06
1.905259637169365305e-06
1.918579073389992118e-06
1.938389004862983711e-06
1.967517164302989841e-06
2.010978278121910989e-06
2.076101509373984300e-06
2.174090241169324145e-06
2.321240117453271523e-06
2.542422862461535260e-06
2.873261792046832852e-06
3.361579047123086639e-06
4.068568614457035437e-06
5.054307166574290022e-06
6.351526280923280865e-06
7.889852895459625870e-06
9.419350135431159288e-06
1.043014435708755627e-05
1.032272484735585749e-05
8.770265594648662955e-06
6.218494036147603765e-06
3.758475941140204668e-06
2.449375642754603177e-06
2.578150315457605757e-06
3.590217602322809398e-06
4.554429779091151431e-06
4.756385806103935465e-06
4.099281341041205451e-06
3.086923470618785359e-06
2.396414174654637463e-06
2.357737230340717360e-06
2.782815045065945014e-06
3.197815885869204067e-06
3.230934453313238919e-06
2.857097342712222598e-06
2.356912318646209314e-06
2.056376843029283918e-06
2.079300429613795131e-06
2.300806954735890031e-06
2.492742396498215385e-06
2.505823204046464525e-06
2.352292312934878282e-06
2.155107722501270473e-06
2.033083774222177453e-06
2.019809699049801566e-06
2.067952436846098863e-06
2.108054786731372587e-06
2.102689222738263197e-06
2.059601683868095279e-06
2.008876208492438309e-06
1.974783799596480094e-06
1.963408294614055194e-06
1.966764102689921856e-06
1.974331098608672619e-06
1.977518195417360403e-06
1.970895709746400826e-06
1.952566890395246446e-06
1.925945070979651064e-06
1.900050051517609973e-06
1.885312258309568278e-06
1.887168878056399990e-06
1.900637926155468449e-06
1.913824235089123249e-06
1.915411985464743339e-06
1.902841631817864254e-06
1.883800450741546229e-06
1.869749098659667652e-06
1.867813807621132582e-06
1.876081796581274830e-06
1.885873075480049010e-06
1.888741962829953991e-06
1.881814000626036432e-06
1.869250695563096087e-06
1.858244218055915553e-06
1.854013817137456499e-06
1.856722860793524887e-06
1.862398562479938846e-06
1.866291768237715587e-06
1.865768581410520710e-06
1.861485770859871991e-06
1.856541985034709796e-06
1.853471644608362112e-06
1.853371372817491647e-06
1.855296090980118606e-06
1.857572897279169410e-06
1.858999439718900248e-06
1.859311396401608363e-06
1.859327085185213946e-06
1.859888016042532399e-06
1.861631290012155659e-06
1.865104991338739637e-06
1.870605160547711421e-06
1.878656576081993990e-06
1.890617340905009769e-06
1.908258354887948371e-06
1.934579131557256915e-06
1.973984353753621690e-06
2.032782049354864284e-06
2.121283159794984385e-06
2.255020717711886391e-06
2.457149776091682725e-06
2.762018539215205237e-06
3.217703351765521802e-06
3.887387265422148630e-06
4.840226665692171082e-06
6.128886070655426010e-06
7.721709152974653989e-06
9.415623935637995601e-06
1.072862050932599232e-05
1.100237113860202953e-05
9.756828148965723813e-06
7.287643256859155372e-06
4.702949354395968840e-06
3.258170181652531028e-06
3.416994331928435713e-06
4.621328116627410054e-06
5.730447810492478311e-06
5.772154054284328595e-06
4.590313437802251428e-06
2.971828507725149393e-06
1.986190000025089830e-06
2.095832314807921648e-06
2.885204821723164059e-06
3.534946017680340447e-06
3.503165771689964458e-06
2.886351694542099722e-06
2.240439698653062806e-06
2.048016312983236276e-06
2.331135419808560982e-06
2.718730911510647275e-06
2.822673422997468151e-06
2.555338141974061728e-06
2.150364480257849209e-06
1.914433369165635668e-06
1.962119085874292068e-06
2.160383246518904343e-06
2.286667267981101759e-06
2.225627440566313453e-06
2.041594143520342186e-06
1.891718852675694507e-06
1.879515480140980799e-06
1.980929710043710656e-06
2.086645736198988743e-06
2.104434997818316333e-06
2.027792106673587114e-06
1.924667458297335543e-06
1.870754317678802181e-06
1.889189547910063993e-06
1.943790721270488575e-06
1.977973852262948640e-06
1.961508814929402433e-06
1.908539616124471650e-06
1.857907022895233240e-06
1.839811829995596781e-06
1.855535174399847165e-06
1.882305127764993813e-06
1.894585579975682776e-06
1.883091726995189674e-06
1.857564711826853454e-06
1.836127694332390092e-06
1.830625365073501598e-06
1.839514879975467920e-06
1.852010655056801625e-06
1.857508891589532141e-06
1.852018158388091251e-06
1.840647428252850659e-06
1.830934252211591229e-06
1.828293306971318088e-06
1.832306679716566578e-06
1.838386538111080881e-06
1.841534526647592429e-06
1.839893684518756345e-06
1.834923182286729570e-06
1.830056817198055796e-06
1.828457811825501267e-06
1.830374799283163156e-06
1.834473323469865136e-06
1.838601974668563344e-06
1.841348307607404422e-06
1.842907181526243221e-06
1.845191945903934538e-06
1.850008857218199410e-06
1.859367898759956006e-06
1.874520762612519320e-06
1.896536900858336594e-06
1.927458470163401216e-06
1.971383653653902002e-06
2.035127863564412110e-06
2.129433141817571595e-06
2.269432570756180212e-06
2.478463329680380411e-06
2.787760195133159868e-06
3.244370645916205831e-06
3.907384780177380890e-06
4.856360646954271942e-06
6.159246822790009901e-06
7.864866347517818213e-06
9.869950190477538854e-06
1.189576232718536630e-05
1.327787686022929847e-05
1.329614406131440774e-05
1.139721371146151796e-05
8.044527930906042457e-06
4.522217295743757859e-06
2.326299181731883436e-06
2.099808625644072890e-06
3.378253040864365175e-06
5.033263732912018895e-06
5.952567335043568164e-06
5.626332495012320578e-06
4.319571871747029945e-06
2.872624236260890029e-06
2.066720753646222875e-06
2.157503786293091252e-06
2.813361788867041469e-06
3.441148692218121141e-06
3.597446038838825189e-06
3.215190872651874088e-06
2.584082039902568795e-06
2.091783471769304015e-06
1.967041271200287156e-06
2.166430704164667986e-06
2.461055828462122008e-06
2.616513256725738756e-06
2.534407940402161330e-06
2.286110884597292170e-06
2.031769781751791015e-06
1.905575913951906841e-06
1.938006789714563638e-06
2.059272219412378035e-06
2.161948486900655553e-06
2.172661197619163431e-06
2.089414692818536423e-06
1.967127218449604698e-06
1.875311340882035438e-06
1.852837613114388660e-06
1.891496708594786469e-06
1.949592842720448971e-06
1.982749154194607399e-06
1.969432560144923627e-06
1.919500846270238981e-06
1.862424142018426210e-06
1.826817083383502904e-06
1.824773335101781413e-06
1.848088686529081315e-06
1.876234932751685847e-06
1.889983536784711760e-06
1.881681896520603914e-06
1.856660333032777999e-06
1.828585936891613528e-06
1.810438106986111961e-06
1.807976332202088088e-06
1.818157215893734246e-06
1.832426505643525161e-06
1.841647758737963159e-06
1.841258608692442067e-06
1.831920599215663970e-06
1.818661075958516449e-06
1.807340140658197924e-06
1.801995608730067033e-06
1.803073701012181118e-06
1.808027377592225093e-06
1.813728886190801859e-06
1.817009888327447698e-06
1.816503527152235620e-06
1.812726850403123535e-06
1.807566604838939384e-06
1.802764586500416044e-06
1.800066911528119817e-06
1.799371148081263527e-06
1.800402174012560863e-06
1.801950133994978387e-06
1.803284249035641551e-06
1.803581312742608134e-06
1.802874066925141960e-06
1.801483904273482040e-06
1.799697088245011400e-06
1.798274411157763097e-06
1.797176082618534565e-06
1.796622882466181181e-06
1.796503283912898041e-06
1.796594233383075334e-06
1.796830815692374017e-06
1.796796595954219811e-06
1.796620495042589027e-06
1.796125729924824554e-06
1.795495109035982750e-06
1.794832087398390286e-06
1.794099716789787635e-06
1.793571641428570729e-06
1.793119963622302748e-06
1.792861894500674680e-06
1.792620651031029411e-06
1.792446710169315338e-06
1.792378157006169204e-06
1.792292437130527105e-06
1.792039711290271953e-06
1.791779368431889452e-06
1.791500721992633771e-06
1.791054160094063263e-06
1.790668193279998377e-06
1.790355554476263933e-06
1.789805651242204476e-06
1.789556336007080972e-06
1.789194357115775347e-06
1.788790427781350445e-06
1.788607846719969530e-06
1.788336930985678919e-06
1.788142981240525842e-06
1.787855694601603318e-06
1.787699147826060653e-06
1.787439828149217647e-06
1.787082283044583164e-06
1.786901407285768073e-06
1.786590132724086288e-06
1.786363668543344829e-06
1.786130155778664630e-06
1.785919835128879640e-06
1.785522840691555757e-06
1.785370159268495627e-06
1.785210656635172199e-06
1.785084009497950319e-06
1.784991354725207202e-06
1.785003519216843415e-06
1.785015911082155071e-06
1.785200765880290419e-06
1.785644258234242443e-06
1.786394250302691944e-06
1.787590917956549674e-06
1.789386828932038043e-06
1.792236957953718957e-06
1.796522042241122108e-06
1.802895894797984511e-06
1.812665004763402976e-06
1.827508413043688051e-06
1.850241119427664671e-06
1.885110464172612410e-06
1.938709829119034111e-06
2.021285354203428142e-06
2.148983867300557904e-06
2.345752363908104599e-06
2.647265091582085006e-06
3.103351218669558875e-06
3.778664222409133799e-06
4.740195890917675570e-06
6.028060852258931845e-06
7.583115348097635433e-06
9.168905307888053358e-06
1.031092142511624843e-05
1.047236310114385560e-05
9.369695362693164498e-06
7.368254046014044434e-06
5.311996574164368212e-06
4.026296210213331506e-06
3.775389814109075814e-06
4.261386948201106861e-06
4.909368271910352632e-06
5.177022103453055024e-06
4.757846909342333674e-06
3.727356443050666712e-06
2.601478854558081366e-06
2.085273081320337951e-06
2.453419256198685616e-06
3.206813289580168203e-06
3.520337259033112787e-06
3.043591277673840523e-06
2.244117240479681641e-06
1.864331238721206319e-06
2.107365844494779594e-06
2.539891283959150314e-06
2.683359298316645436e-06
2.486310677340952680e-06
2.216459506598766893e-06
2.068470166705083102e-06
2.030599944191635586e-06
2.038488446487463079e-06
2.081190132230403833e-06
2.134512669726973400e-06
2.113863956765271723e-06
1.978130057977978140e-06
1.821587375161470845e-06
1.783187144610565156e-06
1.878588022918847855e-06
1.983663878490915522e-06
1.985108610824681818e-06
1.898927280308271293e-06
1.823107481868646573e-06
1.813576091080904007e-06
1.843787345023883972e-06
1.866928982963145245e-06
1.870472829068603460e-06
1.865599529082828667e-06
1.854144215940323193e-06
1.831035547184001189e-06
1.806305817808606662e-06
1.801606458684545942e-06
1.822055196498695295e-06
1.845937845246226061e-06
1.849069235504430253e-06
1.831351823966542725e-06
1.813677158679638524e-06
1.812340542528545484e-06
1.824667492655862588e-06
1.838664843489823397e-06
1.848620740929618478e-06
1.857439656305359676e-06
1.868901790658128448e-06
1.883436766547674779e-06
1.901915084090433083e-06
1.929390919030993246e-06
1.972118752746609971e-06
2.032550810326938517e-06
2.110004970745649189e-06
2.207035095125320368e-06
2.333070142412907444e-06
2.504004214642918669e-06
2.734941745075047947e-06
3.043166543648112565e-06
3.443311015871586278e-06
3.956457021558890119e-06
4.591189281200058758e-06
5.349425464373780414e-06
6.184863650560146198e-06
7.023349098744802177e-06
7.698945410083979368e-06
8.035966857278253883e-06
7.821422514098230749e-06
6.998950084380339831e-06
5.661700470227515325e-06
4.144976173847680911e-06
2.840187335095833987e-06
2.060296310446574353e-06
1.897240963444346562e-06
2.227264076282153837e-06
2.794171450659632683e-06
3.317678874736884609e-06
3.587658284232020378e-06
3.512346665957011282e-06
3.144481070194160566e-06
2.634210432006511837e-06
2.168635774069116451e-06
1.886243012449995149e-06
1.834334284467331599e-06
1.967793423318653367e-06
2.185219500461244024e-06
2.375659050812828355e-06
2.459637016727356240e-06
2.410946763120591640e-06
2.256149400636786595e-06
2.056834318864275701e-06
1.880498075479408726e-06
1.775073656062886585e-06
1.755091830091259908e-06
1.804214434741879813e-06
1.887216740215080790e-06
1.965563569683581591e-06
2.010896650972426869e-06
2.011317974393023178e-06
1.971543269974063151e-06
1.907867954287212342e-06
1.841275775404938031e-06
1.788737449714972172e-06
1.760215013746346813e-06
1.756658775775576942e-06
1.771851884768693708e-06
1.795918365132820327e-06
1.819179374251689296e-06
1.834311433412949555e-06
1.837497279666422401e-06
1.829062739489017986e-06
1.812178652471629903e-06
1.791530053196765948e-06
1.771930897120910231e-06
1.756510300765512511e-06
1.747302690091601107e-06
1.744289875205140561e-06
1.746627276588696986e-06
1.751872900968010072e-06
1.758385906214243732e-06
1.764237708812288474e-06
1.768312131389393471e-06
1.769813252394669689e-06
1.768993342921021394e-06
1.766205286912736483e-06
1.762012971084914170e-06
1.757353174980380572e-06
1.752662342369148973e-06
1.748559725456289016e-06
1.745283384479989763e-06
1.742967356221925002e-06
1.741851519909687340e-06
1.741572077662567608e-06
1.742166659823851660e-06
1.743522716424195096e-06
1.745576014400285203e-06
1.748263798617699649e-06
1.751888930812128820e-06
1.756753135850885883e-06
1.763353793649002910e-06
1.772664745658403262e-06
1.786131861081230454e-06
1.805960096135095228e-06
1.835288003348978236e-06
1.879807314253412187e-06
1.946988959389273077e-06
2.049287331828963943e-06
2.205154032708378509e-06
2.442725644868914969e-06
2.801938762786448933e-06
3.338815304232412018e-06
4.121010988455964252e-06
5.216348199610365555e-06
6.640660103585105389e-06
8.285039257316384465e-06
9.782217603060416877e-06
1.051835897669661790e-05
9.844728083407972008e-06
7.705025382165331393e-06
4.943207841279217973e-06
2.918494146797456779e-06
2.467143758622114547e-06
3.365653356013353914e-06
4.607207301887683570e-06
5.122959464642917737e-06
4.471485681278863922e-06
3.116250354651128873e-06
2.025390585913555697e-06
1.853207777458010241e-06
2.472205778758507222e-06
3.203800588380545378e-06
3.413874765101354569e-06
2.975428742502117530e-06
2.290224074386060238e-06
1.888994233922858257e-06
1.979899479920277372e-06
2.340060518690734170e-06
2.576404995124903508e-06
2.468763341312296689e-06
2.117488747899187729e-06
1.807104013096250128e-06
1.745338749969960190e-06
1.909624188556335866e-06
2.108567514369497076e-06
2.163339104299666360e-06
2.043862423306563869e-06
1.863058173512399662e-06
1.760706936693168245e-06
1.789936959539772943e-06
1.892074919851438608e-06
1.964711600521695800e-06
1.947614919117768295e-06
1.860364477579423692e-06
1.772306291059067007e-06
1.739601088956987951e-06
1.766874447639565915e-06
1.814103029573743697e-06
1.835631223912059795e-06
1.814368374652985949e-06
1.768930474099761341e-06
1.732248620101017877e-06
1.725409219943685457e-06
1.744471319398144260e-06
1.768230049492558464e-06
1.776902763594989665e-06
1.765144247656280641e-06
1.743115944918827154e-06
1.726145342217932921e-06
1.723502919048769400e-06
1.733100248202390503e-06
1.745438794387155212e-06
1.751318109199928585e-06
1.747532451190636493e-06
1.738217974889266770e-06
1.730000803945586085e-06
1.728101665321446490e-06
1.732658120090491138e-06
1.740263314786716364e-06
1.746801103763573337e-06
1.750157935020979494e-06
1.751321633491897956e-06
1.753282390382082667e-06
1.759566316650307272e-06
1.772045493453333620e-06
1.790887040442612488e-06
1.816164626688987482e-06
1.848825831984868273e-06
1.891871875159267802e-06
1.951000967892468907e-06
2.034490080404793844e-06
2.153611148969503120e-06
2.323495664313668385e-06
2.563197540439432487e-06
2.900409754147403874e-06
3.368349098309408873e-06
4.012266799691133201e-06
4.871615601587109268e-06
5.983411938359495252e-06
7.319672022276790813e-06
8.787025763012934476e-06
1.009862717182841152e-05
1.087650252884486690e-05
1.062614228430902585e-05
9.171290912490803748e-06
6.752918579877587035e-06
4.182823431619908661e-06
2.343106189073296264e-06
1.747438773236353882e-06
2.294444129802286625e-06
3.424538590479642153e-06
4.446344519237754866e-06
4.830242232856107876e-06
4.428115971677470952e-06
3.475288849585922435e-06
2.464348426656215452e-06
1.839802962422254495e-06
1.783001835065078922e-06
2.163233148166909814e-06
2.665478405106114224e-06
2.980417775688692927e-06
2.948156634374754503e-06
2.615332050481811166e-06
2.170166226278524846e-06
1.829350367188453674e-06
1.718677822282188572e-06
1.827855271585576702e-06
2.042615278696757741e-06
2.220478108938550577e-06
2.266667479489115067e-06
2.168427954529761337e-06
1.987211817322531715e-06
1.813316089283034671e-06
1.717632130748825148e-06
1.720792397463810630e-06
1.794158379198051989e-06
1.883254299173131585e-06
1.938416062330361456e-06
1.935411319209379144e-06
1.881200205389177427e-06
1.804707949304429349e-06
1.738863829814363271e-06
1.705745944491354749e-06
1.709259322524303570e-06
1.737809043333982117e-06
1.772014229572960176e-06
1.794879267436044756e-06
1.797505206013738643e-06
1.780866455192153808e-06
1.753404831106308848e-06
1.725733682178542949e-06
1.706650778032781091e-06
1.699995891613070853e-06
1.704410806269152090e-06
1.715390339995792601e-06
1.727021185615740251e-06
1.734437091727158986e-06
1.735348860165686347e-06
1.730011149447818752e-06
1.720857426334987395e-06
1.710860033199423924e-06
1.702691065474937204e-06
1.697843458714487497e-06
1.696784352134272922e-06
1.698840719654981513e-06
1.702243139334314037e-06
1.705726049294753466e-06
1.707951469143154100e-06
1.708491140561818611e-06
1.707159526631585322e-06
1.704580313344195019e-06
1.701308519841404632e-06
1.698151095297362190e-06
1.695679770818969700e-06
1.694127831797231920e-06
1.693459580565104261e-06
1.693720264483999927e-06
1.694256752671208233e-06
1.695021410341723822e-06
1.695612695584713947e-06
1.696101662673754618e-06
1.696044364507542923e-06
1.695803462098410819e-06
1.695141349955520127e-06
1.694219918135786429e-06
1.693403419267269783e-06
1.692510977591155097e-06
1.691764168754161801e-06
1.691102056611271109e-06
1.690464841885841452e-06
1.690037379376008175e-06
1.689796818027389236e-06
1.689648001956811640e-06
1.689569444351946004e-06
1.689649820946215186e-06
1.689663918114092667e-06
1.689829446149815340e-06
1.690119347586005460e-06
1.690541807874978986e-06
1.691051238594809547e-06
1.691865463726571761e-06
1.693049625828280114e-06
1.694711727395770140e-06
1.697220909591123927e-06
1.700926759440335445e-06
1.706176817606319673e-06
1.714001996333536226e-06
1.725574861666245852e-06
1.742769541124289390e-06
1.768265065038576722e-06
1.806238515200675465e-06
1.863336706264817622e-06
1.949131501532974653e-06
2.078005536532145925e-06
2.271718130941735581e-06
2.561318069638218731e-06
2.988740561704616994e-06
3.605103074733051471e-06
4.460720447241328657e-06
5.574265287577873096e-06
6.875784947624197230e-06
8.126015018206089735e-06
8.889805940270889550e-06
8.664394954394083470e-06
7.254465799633180723e-06
5.093953859613975510e-06
3.133646714559290558e-06
2.204272277595009655e-06
2.478240503478446044e-06
3.448689994911546819e-06
4.325154350226512179e-06
4.498046564549440518e-06
3.866070983349345624e-06
2.857994786609197035e-06
2.097288415825460106e-06
1.947058763107634149e-06
2.304795543750515208e-06
2.758232540145399980e-06
2.916806352004641667e-06
2.664577777977683581e-06
2.194819217038457282e-06
1.825429762902786024e-06
1.753460765030467883e-06
1.938602736117900349e-06
2.178294835175620392e-06
2.277392695759772323e-06
2.176920588681241497e-06
1.966912350326310843e-06
1.794133254406915512e-06
1.750570390868233517e-06
1.823153638724761549e-06
1.926665390783455223e-06
1.976604835363104939e-06
1.943653387570520863e-06
1.858786617958685383e-06
1.780252659955294803e-06
1.750018554957932793e-06
1.771725237631471828e-06
1.817370844037213828e-06
1.851134015851130243e-06
1.852276000136043876e-06
1.824132141337031499e-06
1.787750761650386266e-06
1.767079766068491153e-06
1.774591737557784654e-06
1.806215209398942534e-06
1.847282646849635057e-06
1.882402784758596681e-06
1.906216652969305869e-06
1.925573769767652266e-06
1.955871766767813824e-06
2.012254753935849294e-06
2.103173756040632725e-06
2.230528025393141434e-06
2.392352826063870452e-06
2.592773853393737227e-06
2.841452214852324687e-06
3.159496600346756168e-06
3.565548695405595936e-06
4.079323389305500314e-06
4.695521965913940221e-06
5.400073860073462129e-06
6.124372248450526968e-06
6.784495326428441331e-06
7.221554369607474655e-06
7.304419796128058806e-06
6.892947112646652386e-06
6.003829639666946605e-06
4.763332526636077091e-06
3.461967935436405241e-06
2.398038532192003913e-06
1.789272232599614654e-06
1.685430220277339686e-06
1.980643901333678514e-06
2.476695499353809282e-06
2.957903234346304089e-06
3.256259105910430662e-06
3.282001671323087066e-06
3.049670112886815332e-06
2.647796691235271282e-06
2.213151219621067867e-06
1.868189542619802523e-06
1.687887561274692416e-06
1.680566128925420344e-06
1.800820427888538688e-06
1.975667146325577050e-06
2.131966994056710973e-06
2.218353074567858130e-06
2.213738071077386849e-06
2.129272616002708673e-06
1.996085529754054733e-06
1.854950937740795780e-06
1.740799007166060619e-06
1.674614168223342858e-06
1.660501538935932331e-06
1.688094812379858922e-06
1.738593255140585825e-06
1.791669660633488093e-06
1.831176632549613714e-06
1.847691009970731102e-06
1.839754190768871922e-06
1.811871470636106096e-06
1.772553559931111522e-06
1.731157112772052642e-06
1.695514697530597914e-06
1.670616711635375395e-06
1.658057726672268473e-06
1.656868676036538091e-06
1.664116211941291112e-06
1.675996600170037709e-06
1.688968382040911820e-06
1.700049324426800013e-06
1.707417254692700226e-06
1.710439846647204831e-06
1.708903937469585799e-06
1.703857151369447820e-06
1.696173399068356957e-06
1.687324470367457252e-06
1.678219859968521632e-06
1.670108417783922050e-06
1.663220018599531613e-06
1.657999177950841840e-06
1.654468405831721611e-06
1.652469904911413323e-06
1.651670459068554919e-06
1.651804836910741869e-06
1.652638047744403593e-06
1.653817548685765360e-06
1.655444862080912571e-06
1.656893459767161403e-06
1.658309997765172739e-06
1.659701183598372154e-06
1.661020519350131508e-06
1.662133513491426129e-06
1.663256739448115695e-06
1.664512524257588666e-06
1.665612785473058466e-06
1.666999196459073573e-06
1.668549771238758694e-06
1.670440610723744612e-06
1.672823827902902849e-06
1.675905991760373581e-06
1.679965066614386160e-06
1.685062557044147979e-06
1.691986767582420725e-06
1.700943244031805079e-06
1.712970970402238891e-06
1.729194082145113498e-06
1.751084710122086108e-06
1.781114860932575539e-06
1.822609760893101338e-06
1.880531726783374324e-06
1.961843508979654871e-06
2.076575810860958882e-06
2.239578179796808399e-06
2.471166908435407095e-06
2.800441052386304364e-06
3.262947302573593333e-06
3.903284778061788529e-06
4.757247552333865315e-06
5.838780452904757112e-06
7.075474968587514013e-06
8.273055755125824362e-06
9.043224963534157723e-06
8.940633961174171418e-06
7.682630894123576581e-06
5.541071004699915648e-06
3.318955577924498357e-06
1.923526042446610518e-06
1.766796003721538000e-06
2.578702606115257367e-06
3.661376467789523304e-06
4.306746632209978998e-06
4.155540864303475246e-06
3.348282461956841871e-06
2.409958597127115354e-06
1.870455321295594331e-06
1.930116013681981713e-06
2.391355792497051880e-06
2.854126478268881328e-06
2.992775534949032590e-06
2.739916681093745865e-06
2.292528506586677395e-06
1.944864834513282403e-06
1.880165882539586164e-06
2.069359197776066139e-06
2.328942173335235566e-06
2.468443199177272618e-06
2.409517946944106370e-06
2.218437430201447569e-06
2.035680154222063720e-06
1.976413841475732625e-06
2.059706730506150052e-06
2.216722805314930156e-06
2.349699116166448221e-06
2.397752950855647214e-06
2.367722117924131453e-06
2.318580754945287481e-06
2.315510073458426632e-06
2.390032932453323156e-06
2.524763203837210312e-06
2.675994437595363706e-06
2.800889433274278417e-06
2.887349410229944624e-06
2.947670736830332316e-06
3.011536364283529110e-06
3.093510940743726678e-06
3.189834160366444848e-06
3.271044533903477713e-06
3.305792006358387880e-06
3.270944944233633578e-06
3.167543354720692150e-06
3.012195975315989926e-06
2.831377059919759631e-06
2.642670096975052729e-06
2.455729372741188854e-06
2.271063294756459072e-06
2.092501063089002855e-06
1.928063056766404770e-06
1.791975591913796961e-06
1.696050048849429004e-06
1.645217935219989158e-06
1.634088903301744722e-06
1.650504259487206582e-06
1.680936406955879647e-06
1.715141706881695427e-06
1.748676822899142280e-06
1.781103946996154264e-06
1.813666017369541805e-06
1.846325176302343607e-06
1.877742306533036754e-06
1.905026124404685106e-06
1.925939614011440426e-06
1.939444018717040308e-06
1.947087184817064553e-06
1.950803380168508738e-06
1.953471837623510510e-06
1.956345386133762076e-06
1.960263944056350738e-06
1.964749571925494820e-06
1.969360937437159009e-06
1.973513235498103313e-06
1.978256477741524577e-06
1.984152959266793914e-06
1.992868419620208442e-06
2.005187070608371869e-06
2.021792170125991106e-06
2.042876303676166572e-06
2.068842832159134559e-06
2.099450739478925243e-06
2.135810063919052482e-06
2.178075192205142230e-06
2.227865252280025743e-06
2.285505388499586843e-06
2.352438059460837394e-06
2.428474317639484070e-06
2.514560037525370717e-06
2.609085640870034695e-06
2.711860815907130018e-06
2.819366272888146341e-06
2.930129994638264179e-06
3.037303713426808827e-06
3.136514123980305158e-06
3.217339553884812631e-06
3.273630682087969035e-06
3.293512008895049803e-06
3.272404683229979128e-06
3.202662128387601115e-06
3.087055119976866990e-06
2.927918103523552418e-06
2.737880777203827165e-06
2.529008725105086342e-06
2.318904080311767757e-06
2.122027126461034641e-06
1.951200829353183508e-06
1.814291863411199301e-06
1.714732093205384444e-06
1.651522779866354540e-06
1.620570969862455968e-06
1.616159465811506379e-06
1.631305849514319561e-06
1.659741201365250163e-06
1.695926926004176494e-06
1.735163436933362391e-06
1.774187694536522031e-06
1.810830440263089258e-06
1.844073835854942445e-06
1.873426754173124209e-06
1.898608388728462160e-06
1.920111344588804059e-06
1.938417199198738672e-06
1.954347453647642396e-06
1.968537844732054509e-06
1.982039748327224515e-06
1.995046204683603719e-06
2.008500132433255203e-06
2.022775788645958528e-06
2.038935917880735360e-06
2.057081474049482495e-06
