5.566766262054443359e-01
1.642298817634582520e+00
1.600844860076904297e+00
1.542698621749877930e+00
1.477035284042358398e+00
1.407756090164184570e+00
1.336952686309814453e+00
1.265899896621704102e+00
1.195439815521240234e+00
1.126160144805908203e+00
1.058485746383666992e+00
9.927304983139038086e-01
9.291294813156127930e-01
8.678584098815917969e-01
8.090476989746093750e-01
7.527908086776733398e-01
6.991518735885620117e-01
6.481699347496032715e-01
5.998633503913879395e-01
5.542322993278503418e-01
5.112615227699279785e-01
4.709225296974182129e-01
4.331750869750976562e-01
3.979691267013549805e-01
3.652460277080535889e-01
3.349395990371704102e-01
3.069772124290466309e-01
2.812811136245727539e-01
2.577688694000244141e-01
2.363544851541519165e-01
2.169491648674011230e-01
1.994616836309432983e-01
1.837994009256362915e-01
1.698686331510543823e-01
1.575751900672912598e-01
1.468250453472137451e-01
1.375243961811065674e-01
1.295805126428604126e-01
1.229017972946166992e-01
1.173982471227645874e-01
1.129817664623260498e-01
1.095663756132125854e-01
1.070685386657714844e-01
1.054073199629783630e-01
1.045046597719192505e-01
1.042854636907577515e-01
1.046777516603469849e-01
1.056128293275833130e-01
1.070253551006317139e-01
1.088533401489257812e-01
1.110383570194244385e-01
1.135253757238388062e-01
1.162629276514053345e-01
1.192029714584350586e-01
1.223009824752807617e-01
1.255157887935638428e-01
1.288095563650131226e-01
1.321477442979812622e-01
1.354989856481552124e-01
1.388349235057830811e-01
1.421302258968353271e-01
1.453623771667480469e-01
1.485115587711334229e-01
1.515604704618453979e-01
1.544943451881408691e-01
1.573006063699722290e-01
1.599688529968261719e-01
1.624906957149505615e-01
1.648595035076141357e-01
1.670705229043960571e-01
1.691203713417053223e-01
1.710071861743927002e-01
1.727303564548492432e-01
1.742904186248779297e-01
1.756890267133712769e-01
1.769286841154098511e-01
1.780127435922622681e-01
1.789451241493225098e-01
1.797304749488830566e-01
1.803738772869110107e-01
1.808809041976928711e-01
1.812573224306106567e-01
1.815093010663986206e-01
1.816431730985641479e-01
1.816653907299041748e-01
1.815823465585708618e-01
1.814007312059402466e-01
1.811270117759704590e-01
1.807676702737808228e-01
1.803290992975234985e-01
1.798175573348999023e-01
1.792392134666442871e-01
1.786000281572341919e-01
1.779057383537292480e-01
1.771619021892547607e-01
1.763739585876464844e-01
1.755469143390655518e-01
1.746858060359954834e-01
1.737952828407287598e-01
1.728798151016235352e-01
1.719436645507812500e-01
1.709908097982406616e-01
1.700249314308166504e-01
1.690496802330017090e-01
1.680683642625808716e-01
1.670840829610824585e-01
1.660997718572616577e-01
1.651180982589721680e-01
1.641415953636169434e-01
1.631726622581481934e-01
1.622134596109390259e-01
1.612659841775894165e-01
1.603320837020874023e-01
1.594134867191314697e-01
1.585118025541305542e-01
1.576284170150756836e-01
1.567646861076354980e-01
1.559218764305114746e-01
1.551010310649871826e-01
1.543032675981521606e-01
1.535294204950332642e-01
1.527804285287857056e-01
1.520570665597915649e-01
1.513600349426269531e-01
1.506900191307067871e-01
1.500475704669952393e-01
1.494333148002624512e-01
1.488476991653442383e-01
1.482911705970764160e-01
1.477642059326171875e-01
1.472671180963516235e-01
1.468003094196319580e-01
1.463640928268432617e-01
1.459587365388870239e-01
1.455844938755035400e-01
1.452416181564331055e-01
1.449302732944488525e-01
1.446506083011627197e-01
1.444027423858642578e-01
1.441868245601654053e-01
1.440028846263885498e-01
1.438509821891784668e-01
1.437311321496963501e-01
1.436432749032974243e-01
1.435873806476593018e-01
1.435633450746536255e-01
1.435710042715072632e-01
1.436101496219635010e-01
1.436806172132492065e-01
1.437821090221405029e-01
1.439143270254135132e-01
1.440768837928771973e-01
1.442694067955017090e-01
1.444913744926452637e-01
1.447423845529556274e-01
1.450218558311462402e-01
1.453292220830917358e-01
1.456638276576995850e-01
1.460250318050384521e-01
1.464120447635650635e-01
1.468241810798645020e-01
1.472605764865875244e-01
1.477204859256744385e-01
1.482029557228088379e-01
1.487071216106414795e-01
1.492320001125335693e-01
1.497766673564910889e-01
1.503401696681976318e-01
1.509214788675308228e-01
1.515195667743682861e-01
1.521334648132324219e-01
1.527621150016784668e-01
1.534045040607452393e-01
1.540596187114715576e-01
1.547264158725738525e-01
1.554039716720581055e-01
1.560912132263183594e-01
1.567872166633605957e-01
1.574911177158355713e-01
1.582019180059432983e-01
1.589188277721405029e-01
1.596410125494003296e-01
1.603676378726959229e-01
1.610979586839675903e-01
1.618313193321228027e-01
1.625669747591018677e-01
1.633043289184570312e-01
1.640428304672241211e-01
1.647818982601165771e-01
1.655210554599761963e-01
1.662598848342895508e-01
1.669979244470596313e-01
1.677347868680953979e-01
1.684701740741729736e-01
1.692037582397460938e-01
1.699352860450744629e-01
1.706645190715789795e-01
1.713912338018417358e-01
1.721152663230895996e-01
1.728364378213882446e-01
1.735546290874481201e-01
1.742697656154632568e-01
1.749817579984664917e-01
1.756905019283294678e-01
1.763960123062133789e-01
1.770982742309570312e-01
1.777972877025604248e-01
1.784930527210235596e-01
1.791856586933135986e-01
1.798751354217529297e-01
1.805615723133087158e-01
1.812450885772705078e-01
1.819258332252502441e-01
1.826038807630538940e-01
1.832794398069381714e-01
1.839527040719985962e-01
1.846238076686859131e-01
1.852930188179016113e-01
1.859605610370635986e-01
1.866266429424285889e-01
1.872915923595428467e-01
1.879556477069854736e-01
1.886191070079803467e-01
1.892822682857513428e-01
1.899454891681671143e-01
1.906090974807739258e-01
1.912734061479568481e-01
1.919387876987457275e-01
1.926056295633316040e-01
1.932742297649383545e-01
1.939450502395629883e-01
1.946184039115905762e-01
1.952947080135345459e-01
1.959743499755859375e-01
1.966576874256134033e-01
1.973450928926467896e-01
1.980370134115219116e-01
1.987337768077850342e-01
1.994358003139495850e-01
2.001434564590454102e-01
2.008571028709411621e-01
2.015771269798278809e-01
2.023038417100906372e-01
2.030376493930816650e-01
2.037789225578308105e-01
2.045279592275619507e-01
2.052851021289825439e-01
2.060507237911224365e-01
2.068250626325607300e-01
2.076084762811660767e-01
2.084012627601623535e-01
2.092037796974182129e-01
2.100162506103515625e-01
2.108389884233474731e-01
2.116722762584686279e-01
2.125163227319717407e-01
2.133714407682418823e-01
2.142378985881805420e-01
2.151159495115280151e-01
2.160057723522186279e-01
2.169076800346374512e-01
2.178218811750411987e-01
2.187485694885253906e-01
2.196880280971527100e-01
2.206404507160186768e-01
2.216060757637023926e-01
2.225850820541381836e-01
2.235777378082275391e-01
2.245842218399047852e-01
2.256047278642654419e-01
2.266394495964050293e-01
2.276886850595474243e-01
2.287525087594985962e-01
2.298311889171600342e-01
2.309249490499496460e-01
2.320339977741241455e-01
2.331584841012954712e-01
2.342986613512039185e-01
2.354547083377838135e-01
2.366268485784530640e-01
2.378152906894683838e-01
2.390202283859252930e-01
2.402418851852416992e-01
2.414804697036743164e-01
2.427361607551574707e-01
2.440092116594314575e-01
2.452998310327529907e-01
2.466082125902175903e-01
2.479346096515655518e-01
2.492792308330535889e-01
2.506422996520996094e-01
2.520240545272827148e-01
2.534247338771820068e-01
2.548445463180541992e-01
2.562837004661560059e-01
2.577425241470336914e-01
2.592211961746215820e-01
2.607199847698211670e-01
2.622390985488891602e-01
2.637788057327270508e-01
2.653393745422363281e-01
2.669209837913513184e-01
2.685239613056182861e-01
2.701485455036163330e-01
2.717950046062469482e-01
2.734635472297668457e-01
2.751545310020446777e-01
2.768681347370147705e-01
2.786046862602233887e-01
2.803643345832824707e-01
2.821475267410278320e-01
2.839544117450714111e-01
2.857852876186370850e-01
2.876404523849487305e-01
2.895201742649078369e-01
2.914246916770935059e-01
2.933543324470520020e-01
2.953094244003295898e-01
2.972900867462158203e-01
2.992967963218688965e-01
3.013297021389007568e-01
3.033891320228576660e-01
3.054753839969635010e-01
3.075886964797973633e-01
3.097294569015502930e-01
3.118978440761566162e-01
3.140941858291625977e-01
3.163187801837921143e-01
3.185719847679138184e-01
3.208539485931396484e-01
3.231650590896606445e-01
3.255055844783782959e-01
3.278758227825164795e-01
3.302760720252990723e-01
3.327065706253051758e-01
3.351677060127258301e-01
3.376596271991729736e-01
3.401826918125152588e-01
3.427371978759765625e-01
3.453235030174255371e-01
3.479417562484741211e-01
3.505923449993133545e-01
3.532754778861999512e-01
3.559914827346801758e-01
3.587405979633331299e-01
3.615232408046722412e-01
3.643395304679870605e-01
3.671897351741790771e-01
3.700742721557617188e-01
3.729933202266693115e-01
3.759471774101257324e-01
3.789361119270324707e-01
3.819603323936462402e-01
3.850201368331909180e-01
3.881158828735351562e-01
3.912477493286132812e-01
3.944159150123596191e-01
3.976207375526428223e-01
4.008624255657196045e-01
4.041412472724914551e-01
4.074574112892150879e-01
4.108111858367919922e-01
4.142027795314788818e-01
4.176324903964996338e-01
4.211004674434661865e-01
4.246070086956024170e-01
4.281522333621978760e-01
4.317364096641540527e-01
4.353598356246948242e-01
4.390226006507873535e-01
4.427249431610107422e-01
4.464671611785888672e-01
4.502492547035217285e-01
4.540715217590332031e-01
4.579342305660247803e-01
4.618374109268188477e-01
4.657813310623168945e-01
4.697661101818084717e-01
4.737919569015502930e-01
4.778589606285095215e-01
4.819673895835876465e-01
4.861173033714294434e-01
4.903088212013244629e-01
4.945422112941741943e-01
4.988175630569458008e-01
5.031348466873168945e-01
5.074944496154785156e-01
5.118962526321411133e-01
5.163404941558837891e-01
5.208272337913513184e-01
5.253565907478332520e-01
5.299286842346191406e-01
5.345435738563537598e-01
5.392012596130371094e-01
5.439020991325378418e-01
5.486458539962768555e-01
5.534327030181884766e-01
5.582628250122070312e-01
5.631359815597534180e-01
5.680524706840515137e-01
5.730123519897460938e-01
5.780155062675476074e-01
5.830620527267456055e-01
5.881519913673400879e-01
5.932854413986206055e-01
5.984622240066528320e-01
6.036824584007263184e-01
6.089461445808410645e-01
6.142532825469970703e-01
6.196038722991943359e-01
6.249979734420776367e-01
6.304354667663574219e-01
6.359163522720336914e-01
6.414405107498168945e-01
6.470080614089965820e-01
6.526189446449279785e-01
6.582729220390319824e-01
6.639702320098876953e-01
6.697105765342712402e-01
6.754940748214721680e-01
6.813206672668457031e-01
6.871900558471679688e-01
6.931024789810180664e-01
6.990576982498168945e-01
7.050555944442749023e-01
7.110961675643920898e-01
7.171792984008789062e-01
7.233048081398010254e-01
7.294726967811584473e-01
7.356829047203063965e-01
7.419351935386657715e-01
7.482296228408813477e-01
7.545659542083740234e-01
7.609441280364990234e-01
7.673640251159667969e-01
7.738253474235534668e-01
7.803282737731933594e-01
7.868723869323730469e-01
7.934577465057373047e-01
8.000842928886413574e-01
8.067516684532165527e-01
8.134598135948181152e-01
8.202085494995117188e-01
8.269978761672973633e-01
8.338274359703063965e-01
8.406972885131835938e-01
8.476071357727050781e-01
8.545567393302917480e-01
8.615462183952331543e-01
8.685752153396606445e-01
8.756436705589294434e-01
8.827512860298156738e-01
8.898981213569641113e-01
8.970838785171508789e-01
9.043083190917968750e-01
9.115713834762573242e-01
9.188728332519531250e-01
9.262125492095947266e-01
9.335902929306030273e-01
9.410059452056884766e-01
9.484594464302062988e-01
9.559504985809326172e-01
9.634788036346435547e-01
9.710444211959838867e-01
9.786471128463745117e-01
9.862866401672363281e-01
9.939627647399902344e-01
1.001675486564636230e+00
1.009424448013305664e+00
1.017209768295288086e+00
1.025030851364135742e+00
1.032887697219848633e+00
1.040780305862426758e+00
1.048708200454711914e+00
1.056671380996704102e+00
1.064669847488403320e+00
1.072703123092651367e+00
1.080771088600158691e+00
1.088873624801635742e+00
1.097010612487792969e+00
1.105181694030761719e+00
1.113386750221252441e+00
1.121625661849975586e+00
1.129898309707641602e+00
1.138204455375671387e+00
1.146543860435485840e+00
1.154916286468505859e+00
1.163321971893310547e+00
1.171760320663452148e+00
1.180231094360351562e+00
1.188734292984008789e+00
1.197270035743713379e+00
1.205837726593017578e+00
1.214437246322631836e+00
1.223068594932556152e+00
1.231731653213500977e+00
1.240425825119018555e+00
1.249151587486267090e+00
1.257908105850219727e+00
1.266695737838745117e+00
1.275513887405395508e+00
1.284362792968750000e+00
1.293241977691650391e+00
1.302151203155517578e+00
1.311090707778930664e+00
1.320060253143310547e+00
1.329059123992919922e+00
1.338087677955627441e+00
1.347145795822143555e+00
1.356233000755310059e+00
1.365349173545837402e+00
1.374494314193725586e+00
1.383667945861816406e+00
1.392870426177978516e+00
1.402101159095764160e+00
1.411360025405883789e+00
1.420646786689758301e+00
1.429961442947387695e+00
1.439304113388061523e+00
1.448674082756042480e+00
1.458071231842041016e+00
1.467495679855346680e+00
1.476947069168090820e+00
1.486425399780273438e+00
1.495930314064025879e+00
1.505461692810058594e+00
1.515019178390502930e+00
1.524602890014648438e+00
1.534212589263916016e+00
1.543848037719726562e+00
1.553508996963500977e+00
1.563195347785949707e+00
1.572906970977783203e+00
1.582643508911132812e+00
1.592405080795288086e+00
1.602191090583801270e+00
1.612001538276672363e+00
1.621836304664611816e+00
1.631695032119750977e+00
1.641577482223510742e+00
1.651483774185180664e+00
1.661413431167602539e+00
1.671366453170776367e+00
1.681342363357543945e+00
1.691341161727905273e+00
1.701362371444702148e+00
1.711406230926513672e+00
1.721472144126892090e+00
1.731559991836547852e+00
1.741669654846191406e+00
1.751800537109375000e+00
1.761952996253967285e+00
1.772126197814941406e+00
1.782320380210876465e+00
1.792534947395324707e+00
1.802769899368286133e+00
1.813024997711181641e+00
1.823299884796142578e+00
1.833594322204589844e+00
1.843907952308654785e+00
1.854240655899047852e+00
1.864592313766479492e+00
1.874962449073791504e+00
1.885350823402404785e+00
1.895756959915161133e+00
1.906181097030639648e+00
1.916622638702392578e+00
1.927081108093261719e+00
1.937556505203247070e+00
1.948048472404479980e+00
1.958556652069091797e+00
1.969080924987792969e+00
1.979620695114135742e+00
1.990175843238830566e+00
2.000746011734008789e+00
2.011331081390380859e+00
2.021930456161499023e+00
2.032543897628784180e+00
2.043170928955078125e+00
2.053811788558959961e+00
2.064465522766113281e+00
2.075132131576538086e+00
2.085811138153076172e+00
2.096501827239990234e+00
2.107204675674438477e+00
2.117918968200683594e+00
2.128644466400146484e+00
2.139380216598510742e+00
2.150126218795776367e+00
2.160882234573364258e+00
2.171647787094116211e+00
2.182422637939453125e+00
2.193206310272216797e+00
2.203998565673828125e+00
2.214798450469970703e+00
2.225606441497802734e+00
2.236421346664428711e+00
2.247243404388427734e+00
2.258071899414062500e+00
2.268906593322753906e+00
2.279746770858764648e+00
2.290592432022094727e+00
2.301442861557006836e+00
2.312297582626342773e+00
2.323156356811523438e+00
2.334019184112548828e+00
2.344885110855102539e+00
2.355753660202026367e+00
2.366624832153320312e+00
2.377497673034667969e+00
2.388371944427490234e+00
2.399247407913208008e+00
2.410123586654663086e+00
2.421000003814697266e+00
2.431876182556152344e+00
2.442751407623291016e+00
2.453625440597534180e+00
2.464498519897460938e+00
2.475368976593017578e+00
2.486237525939941406e+00
2.497102737426757812e+00
2.507964611053466797e+00
2.518822669982910156e+00
2.529676914215087891e+00
2.540526151657104492e+00
2.551370143890380859e+00
2.562208414077758789e+00
2.573040962219238281e+00
2.583866596221923828e+00
2.594685316085815430e+00
2.605496406555175781e+00
2.616299867630004883e+00
2.627094745635986328e+00
2.637881278991699219e+00
2.648658037185668945e+00
2.659424781799316406e+00
2.670181274414062500e+00
2.680927515029907227e+00
2.691661834716796875e+00
2.702384948730468750e+00
2.713095903396606445e+00
2.723794698715209961e+00
2.734479665756225586e+00
2.745151519775390625e+00
2.755809307098388672e+00
2.766452789306640625e+00
2.777081489562988281e+00
2.787694931030273438e+00
2.798292636871337891e+00
2.808873653411865234e+00
2.819438457489013672e+00
2.829985380172729492e+00
2.840515375137329102e+00
2.851027011871337891e+00
2.861520290374755859e+00
2.871994495391845703e+00
2.882449388504028320e+00
2.892884492874145508e+00
2.903299331665039062e+00
2.913693189620971680e+00
2.924066066741943359e+00
2.934417247772216797e+00
2.944746494293212891e+00
2.955053329467773438e+00
2.965336799621582031e+00
2.975597858428955078e+00
2.985834598541259766e+00
2.996047019958496094e+00
3.006234884262084961e+00
3.016397953033447266e+00
3.026535987854003906e+00
3.036647796630859375e+00
3.046733379364013672e+00
3.056792259216308594e+00
3.066824436187744141e+00
3.076829433441162109e+00
3.086806297302246094e+00
3.096755266189575195e+00
3.106675386428833008e+00
3.116566658020019531e+00
3.126428604125976562e+00
3.136261463165283203e+00
3.146063566207885742e+00
3.155835390090942383e+00
3.165576457977294922e+00
3.175286293029785156e+00
3.184965133666992188e+00
3.194612026214599609e+00
3.204226255416870117e+00
3.213808536529541016e+00
3.223357677459716797e+00
3.232873916625976562e+00
3.242356777191162109e+00
3.251805305480957031e+00
3.261219978332519531e+00
3.270600557327270508e+00
3.279946088790893555e+00
3.289256334304809570e+00
3.298531770706176758e+00
3.307771682739257812e+00
3.316975593566894531e+00
3.326143026351928711e+00
3.335274219512939453e+00
3.344368457794189453e+00
3.353425979614257812e+00
3.362445831298828125e+00
3.371428966522216797e+00
3.380373954772949219e+00
3.389280796051025391e+00
3.398149490356445312e+00
3.406980037689208984e+00
3.415771245956420898e+00
3.424523830413818359e+00
3.433237075805664062e+00
3.441911697387695312e+00
3.450546026229858398e+00
3.459141016006469727e+00
3.467695713043212891e+00
3.476210355758666992e+00
3.484684705734252930e+00
3.493118762969970703e+00
3.501511573791503906e+00
3.509863853454589844e+00
3.518175125122070312e+00
3.526444911956787109e+00
3.534673452377319336e+00
3.542860507965087891e+00
3.551006317138671875e+00
3.559109687805175781e+00
3.567171096801757812e+00
3.575191020965576172e+00
3.583168745040893555e+00
3.591103553771972656e+00
3.598996639251708984e+00
3.606846809387207031e+00
3.614654541015625000e+00
3.622419357299804688e+00
3.630141735076904297e+00
3.637820720672607422e+00
3.645457267761230469e+00
3.653050661087036133e+00
3.660600423812866211e+00
3.668107032775878906e+00
3.675570964813232422e+00
3.682991504669189453e+00
3.690368175506591797e+00
3.697701930999755859e+00
3.704991817474365234e+00
3.712238311767578125e+00
3.719441413879394531e+00
3.726601123809814453e+00
3.733717203140258789e+00
3.740789413452148438e+00
3.747818470001220703e+00
3.754803657531738281e+00
3.761745452880859375e+00
3.768643379211425781e+00
3.775497913360595703e+00
3.782308816909790039e+00
3.789075851440429688e+00
3.795799732208251953e+00
3.802480220794677734e+00
3.809116840362548828e+00
3.815710067749023438e+00
3.822259902954101562e+00
3.828766107559204102e+00
3.835229396820068359e+00
3.841649293899536133e+00
3.848025560379028320e+00
3.854358911514282227e+00
3.860649108886718750e+00
3.866896152496337891e+00
3.873100757598876953e+00
3.879261732101440430e+00
3.885380268096923828e+00
3.891456365585327148e+00
3.897489070892333984e+00
3.903479576110839844e+00
3.909427881240844727e+00
3.915333032608032227e+00
3.921196460723876953e+00
3.927017927169799805e+00
3.932796716690063477e+00
3.938533782958984375e+00
3.944229364395141602e+00
3.949882745742797852e+00
3.955494880676269531e+00
3.961065292358398438e+00
3.966593980789184570e+00
3.972082138061523438e+00
3.977529048919677734e+00
3.982934951782226562e+00
3.988299369812011719e+00
3.993623971939086914e+00
3.998907566070556641e+00
4.004150867462158203e+00
4.009354114532470703e+00
4.014516830444335938e+00
4.019639968872070312e+00
4.024724006652832031e+00
4.029767036437988281e+00
4.034771442413330078e+00
4.039736747741699219e+00
4.044661998748779297e+00
4.049549579620361328e+00
4.054397106170654297e+00
4.059206962585449219e+00
4.063978195190429688e+00
4.068711280822753906e+00
4.073405742645263672e+00
4.078063488006591797e+00
4.082682609558105469e+00
4.087264537811279297e+00
4.091809272766113281e+00
4.096316337585449219e+00
4.100786209106445312e+00
4.105220317840576172e+00
4.109617710113525391e+00
4.113978385925292969e+00
4.118303298950195312e+00
4.122591972351074219e+00
4.126844882965087891e+00
4.131062507629394531e+00
4.135245323181152344e+00
4.139391899108886719e+00
4.143504619598388672e+00
4.147582054138183594e+00
4.151625156402587891e+00
4.155633926391601562e+00
4.159608840942382812e+00
4.163549900054931641e+00
4.167457103729248047e+00
4.171331405639648438e+00
4.175171852111816406e+00
4.178979873657226562e+00
4.182754993438720703e+00
4.186497688293457031e+00
4.190208435058593750e+00
4.193886280059814453e+00
4.197533130645751953e+00
4.201148033142089844e+00
4.204731464385986328e+00
4.208283424377441406e+00
4.211804389953613281e+00
4.215295314788818359e+00
4.218755722045898438e+00
4.222185611724853516e+00
4.225585937500000000e+00
4.228955745697021484e+00
4.232295989990234375e+00
4.235607147216796875e+00
4.238889694213867188e+00
4.242142677307128906e+00
4.245367050170898438e+00
4.248563766479492188e+00
4.251731872558593750e+00
4.254872322082519531e+00
4.257984638214111328e+00
4.261069774627685547e+00
4.264127731323242188e+00
4.267158508300781250e+00
4.270162582397460938e+00
4.273139953613281250e+00
4.276091098785400391e+00
4.279015541076660156e+00
4.281915187835693359e+00
4.284788131713867188e+00
4.287636756896972656e+00
4.290459632873535156e+00
4.293258190155029297e+00
4.296030998229980469e+00
4.298780441284179688e+00
4.301505088806152344e+00
4.304205894470214844e+00
4.306882858276367188e+00
4.309535980224609375e+00
4.312166213989257812e+00
4.314773559570312500e+00
4.317357540130615234e+00
4.319919109344482422e+00
4.322458267211914062e+00
4.324975013732910156e+00
4.327469825744628906e+00
4.329942703247070312e+00
4.332394599914550781e+00
4.334825515747070312e+00
4.337234497070312500e+00
4.339622497558593750e+00
4.341990947723388672e+00
4.344338417053222656e+00
4.346665859222412109e+00
4.348973274230957031e+00
4.351260662078857422e+00
4.353528976440429688e+00
4.355777740478515625e+00
4.358007907867431641e+00
4.360218524932861328e+00
4.362410545349121094e+00
4.364583969116210938e+00
4.366739749908447266e+00
4.368877410888671875e+00
4.370997428894042969e+00
4.373098850250244141e+00
4.375183582305908203e+00
4.377250671386718750e+00
4.379301548004150391e+00
4.381335258483886719e+00
4.383352279663085938e+00
4.385352611541748047e+00
4.387336730957031250e+00
4.389306068420410156e+00
4.391258239746093750e+00
4.393195152282714844e+00
4.395117282867431641e+00
4.397023677825927734e+00
4.398915290832519531e+00
4.400792121887207031e+00
4.402654170989990234e+00
4.404502391815185547e+00
4.406334877014160156e+00
4.408154487609863281e+00
4.409960269927978516e+00
4.411752223968505859e+00
4.413530826568603516e+00
4.415296077728271484e+00
4.417047500610351562e+00
4.418787002563476562e+00
4.420512676239013672e+00
4.422226905822753906e+00
4.423927307128906250e+00
4.425617218017578125e+00
4.427294254302978516e+00
4.428959369659423828e+00
4.430612564086914062e+00
4.432254314422607422e+00
4.433885097503662109e+00
4.435503959655761719e+00
4.437112331390380859e+00
4.438710212707519531e+00
4.440296649932861328e+00
4.441873073577880859e+00
4.443438529968261719e+00
4.444993972778320312e+00
4.446539402008056641e+00
4.448075294494628906e+00
4.449601173400878906e+00
4.451117515563964844e+00
4.452624320983886719e+00
4.454121589660644531e+00
4.455610275268554688e+00
4.457089424133300781e+00
4.458559989929199219e+00
4.460021972656250000e+00
4.461475372314453125e+00
4.462919712066650391e+00
4.464356422424316406e+00
4.465785026550292969e+00
4.467205047607421875e+00
4.468617439270019531e+00
4.470023155212402344e+00
4.471420288085937500e+00
4.472809791564941406e+00
4.474192619323730469e+00
4.475567817687988281e+00
4.476935863494873047e+00
4.478297233581542969e+00
4.479652404785156250e+00
4.481000423431396484e+00
4.482341766357421875e+00
4.483676433563232422e+00
4.485005378723144531e+00
4.486328125000000000e+00
4.487644672393798828e+00
4.488955497741699219e+00
4.490260124206542969e+00
4.491559028625488281e+00
4.492852210998535156e+00
4.494140625000000000e+00
4.495423316955566406e+00
4.496701240539550781e+00
4.497973442077636719e+00
4.499240398406982422e+00
4.500502586364746094e+00
4.501760005950927734e+00
4.503013134002685547e+00
4.504261493682861328e+00
4.505505561828613281e+00
4.506744384765625000e+00
4.507979393005371094e+00
4.509210586547851562e+00
4.510437011718750000e+00
4.511660099029541016e+00
4.512878417968750000e+00
4.514093399047851562e+00
4.515304565429687500e+00
4.516512393951416016e+00
4.517716407775878906e+00
4.518917560577392578e+00
4.520114898681640625e+00
4.521308898925781250e+00
4.522499561309814453e+00
4.523687362670898438e+00
4.524871826171875000e+00
4.526054382324218750e+00
4.527233600616455078e+00
4.528409481048583984e+00
4.529582977294921875e+00
4.530754089355468750e+00
4.531922340393066406e+00
4.533087730407714844e+00
4.534251213073730469e+00
4.535412788391113281e+00
4.536571025848388672e+00
4.537728309631347656e+00
4.538883209228515625e+00
4.540036201477050781e+00
4.541187286376953125e+00
4.542335510253906250e+00
4.543482780456542969e+00
4.544628143310546875e+00
4.545771598815917969e+00
4.546914100646972656e+00
4.548054695129394531e+00
4.549193859100341797e+00
4.550331115722656250e+00
4.551467895507812500e+00
4.552603244781494141e+00
4.553736686706542969e+00
4.554869174957275391e+00
4.556000709533691406e+00
4.557131290435791016e+00
4.558260917663574219e+00
4.559389114379882812e+00
4.560517311096191406e+00
4.561644077301025391e+00
4.562769889831542969e+00
4.563895225524902344e+00
4.565020084381103516e+00
4.566143989562988281e+00
4.567267417907714844e+00
4.568390369415283203e+00
4.569512844085693359e+00
4.570634841918945312e+00
4.571757316589355469e+00
4.572878360748291016e+00
4.573999404907226562e+00
4.575119972229003906e+00
4.576241016387939453e+00
4.577361106872558594e+00
4.578482151031494141e+00
4.579602241516113281e+00
4.580722808837890625e+00
4.581842422485351562e+00
4.582962512969970703e+00
4.584083557128906250e+00
4.585204124450683594e+00
4.586324691772460938e+00
4.587445259094238281e+00
4.588566780090332031e+00
4.589688777923583984e+00
4.590810775756835938e+00
4.591932773590087891e+00
4.593055248260498047e+00
4.594178199768066406e+00
4.595301628112792969e+00
4.596425056457519531e+00
4.597550392150878906e+00
4.598675727844238281e+00
4.599800109863281250e+00
4.600927352905273438e+00
4.602054595947265625e+00
4.603181838989257812e+00
4.604310512542724609e+00
4.605439186096191406e+00
4.606569290161132812e+00
4.607700347900390625e+00
4.608832359313964844e+00
4.609964370727539062e+00
4.611097335815429688e+00
4.612232208251953125e+00
4.613367080688476562e+00
4.614503860473632812e+00
4.615640640258789062e+00
4.616778850555419922e+00
4.617918014526367188e+00
4.619058132171630859e+00
4.620199203491210938e+00
4.621341705322265625e+00
4.622485160827636719e+00
4.623629570007324219e+00
4.624775886535644531e+00
4.625923156738281250e+00
4.627071380615234375e+00
4.628220558166503906e+00
4.629371166229248047e+00
4.630523681640625000e+00
4.631676673889160156e+00
4.632831096649169922e+00
4.633987426757812500e+00
4.635144710540771484e+00
4.636302947998046875e+00
4.637463092803955078e+00
4.638624668121337891e+00
4.639787673950195312e+00
4.640951633453369141e+00
4.642117500305175781e+00
4.643284320831298828e+00
4.644453048706054688e+00
4.645622730255126953e+00
4.646794319152832031e+00
4.647967338562011719e+00
4.649142265319824219e+00
4.650318145751953125e+00
4.651495933532714844e+00
4.652675628662109375e+00
4.653856277465820312e+00
4.655038833618164062e+00
4.656222343444824219e+00
4.657407760620117188e+00
4.658595085144042969e+00
4.659784317016601562e+00
4.660974502563476562e+00
4.662166595458984375e+00
4.663360595703125000e+00
4.664555549621582031e+00
4.665752410888671875e+00
4.666951656341552734e+00
4.668152332305908203e+00
4.669354438781738281e+00
4.670557975769042969e+00
4.671763420104980469e+00
4.672970771789550781e+00
4.674180030822753906e+00
4.675391197204589844e+00
4.676603317260742188e+00
4.677817821502685547e+00
4.679034233093261719e+00
4.680251598358154297e+00
4.681471347808837891e+00
4.682692527770996094e+00
4.683915615081787109e+00
4.685140132904052734e+00
4.686367511749267578e+00
4.687595844268798828e+00
4.688826084136962891e+00
4.690057754516601562e+00
4.691291809082031250e+00
4.692527770996093750e+00
4.693765163421630859e+00
4.695004463195800781e+00
4.696245193481445312e+00
4.697488784790039062e+00
4.698733329772949219e+00
4.699979782104492188e+00
4.701228141784667969e+00
4.702478408813476562e+00
4.703730583190917969e+00
4.704984664916992188e+00
4.706240177154541016e+00
4.707498550415039062e+00
4.708757400512695312e+00
4.710019111633300781e+00
4.711282730102539062e+00
4.712547302246093750e+00
4.713814258575439453e+00
4.715082645416259766e+00
4.716353416442871094e+00
4.717626571655273438e+00
4.718900680541992188e+00
4.720176696777343750e+00
4.721454620361328125e+00
4.722734451293945312e+00
4.724015712738037109e+00
4.725298881530761719e+00
4.726584434509277344e+00
4.727871894836425781e+00
4.729160785675048828e+00
4.730452060699462891e+00
4.731744289398193359e+00
4.733038902282714844e+00
4.734334945678710938e+00
4.735632896423339844e+00
4.736932754516601562e+00
4.738234996795654297e+00
4.739538192749023438e+00
4.740843772888183594e+00
4.742151260375976562e+00
4.743459701538085938e+00
4.744771003723144531e+00
4.746084213256835938e+00
4.747398376464843750e+00
4.748714447021484375e+00
4.750032424926757812e+00
4.751352787017822266e+00
4.752674102783203125e+00
4.753997802734375000e+00
4.755323410034179688e+00
4.756649971008300781e+00
4.757978916168212891e+00
4.759309291839599609e+00
4.760642051696777344e+00
4.761975765228271484e+00
4.763311386108398438e+00
4.764648437500000000e+00
4.765988349914550781e+00
4.767329216003417969e+00
4.768672466278076172e+00
4.770016670227050781e+00
4.771362781524658203e+00
4.772711277008056641e+00
4.774060249328613281e+00
4.775411605834960938e+00
4.776764869689941406e+00
4.778119564056396484e+00
4.779475688934326172e+00
4.780834197998046875e+00
4.782193660736083984e+00
4.783555030822753906e+00
4.784918785095214844e+00
4.786283493041992188e+00
4.787650108337402344e+00
4.789018154144287109e+00
4.790388107299804688e+00
4.791759014129638672e+00
4.793131828308105469e+00
4.794507026672363281e+00
4.795883178710937500e+00
4.797261238098144531e+00
4.798640251159667969e+00
4.800021171569824219e+00
4.801403999328613281e+00
4.802787780761718750e+00
4.804172992706298828e+00
4.805561065673828125e+00
4.806949615478515625e+00
4.808339595794677734e+00
4.809731483459472656e+00
4.811124801635742188e+00
4.812520027160644531e+00
4.813917160034179688e+00
4.815315246582031250e+00
4.816714286804199219e+00
4.818115234375000000e+00
4.819517612457275391e+00
4.820921897888183594e+00
4.822327613830566406e+00
4.823734283447265625e+00
4.825142383575439453e+00
4.826552391052246094e+00
4.827963352203369141e+00
4.829376220703125000e+00
4.830790519714355469e+00
4.832205772399902344e+00
4.833622932434082031e+00
4.835041046142578125e+00
4.836461067199707031e+00
4.837882041931152344e+00
4.839303970336914062e+00
4.840727806091308594e+00
4.842153549194335938e+00
4.843579769134521484e+00
4.845007896423339844e+00
4.846437454223632812e+00
4.847867965698242188e+00
4.849299430847167969e+00
4.850732803344726562e+00
4.852167606353759766e+00
4.853603363037109375e+00
4.855040550231933594e+00
4.856478691101074219e+00
4.857918739318847656e+00
4.859359741210937500e+00
4.860801219940185547e+00
4.862244606018066406e+00
4.863688945770263672e+00
4.865134716033935547e+00
4.866581439971923828e+00
4.868030071258544922e+00
4.869479656219482422e+00
4.870929718017578125e+00
4.872382164001464844e+00
4.873834609985351562e+00
4.875288963317871094e+00
4.876744270324707031e+00
4.878201007843017578e+00
4.879658699035644531e+00
4.881117820739746094e+00
4.882577896118164062e+00
4.884038925170898438e+00
4.885500907897949219e+00
4.886963844299316406e+00
4.888427734375000000e+00
4.889894008636474609e+00
4.891359806060791016e+00
4.892827033996582031e+00
4.894296169281005859e+00
4.895765781402587891e+00
4.897236347198486328e+00
4.898708343505859375e+00
4.900180816650390625e+00
4.901654243469238281e+00
4.903129577636718750e+00
4.904604911804199219e+00
4.906082153320312500e+00
4.907559871673583984e+00
4.909038543701171875e+00
4.910518646240234375e+00
4.911999225616455078e+00
4.913481235504150391e+00
4.914963245391845703e+00
4.916447162628173828e+00
4.917931079864501953e+00
4.919416427612304688e+00
4.920903205871582031e+00
4.922389984130859375e+00
4.923878192901611328e+00
4.925367355346679688e+00
4.926856994628906250e+00
4.928347587585449219e+00
4.929839611053466797e+00
4.931331634521484375e+00
4.932824611663818359e+00
4.934318542480468750e+00
4.935813903808593750e+00
4.937309741973876953e+00
4.938806533813476562e+00
4.940303802490234375e+00
4.941802024841308594e+00
4.943301677703857422e+00
4.944801330566406250e+00
4.946301460266113281e+00
4.947803497314453125e+00
4.949305534362792969e+00
4.950808525085449219e+00
4.952312469482421875e+00
4.953816413879394531e+00
4.955322265625000000e+00
4.956828117370605469e+00
4.958334922790527344e+00
4.959841728210449219e+00
4.961349964141845703e+00
4.962858676910400391e+00
4.964368343353271484e+00
4.965878486633300781e+00
4.967389583587646484e+00
4.968900680541992188e+00
4.970413208007812500e+00
4.971925735473632812e+00
4.973439693450927734e+00
4.974954128265380859e+00
4.976469039916992188e+00
4.977984428405761719e+00
4.979500293731689453e+00
4.981017589569091797e+00
4.982534885406494141e+00
4.984053134918212891e+00
4.985571861267089844e+00
4.987091064453125000e+00
4.988611221313476562e+00
4.990131855010986328e+00
4.991652488708496094e+00
4.993173599243164062e+00
4.994696617126464844e+00
4.996219158172607422e+00
4.997742176055908203e+00
4.999266624450683594e+00
5.000790596008300781e+00
5.002315521240234375e+00
5.003841400146484375e+00
5.005367279052734375e+00
5.006894111633300781e+00
5.008421421051025391e+00
5.009948730468750000e+00
5.011477470397949219e+00
5.013006210327148438e+00
5.014534950256347656e+00
5.016064643859863281e+00
5.017595291137695312e+00
5.019125461578369141e+00
5.020657062530517578e+00
5.022188663482666016e+00
5.023720741271972656e+00
5.025253295898437500e+00
5.026786327362060547e+00
5.028320312500000000e+00
5.029853820800781250e+00
5.031388282775878906e+00
5.032923221588134766e+00
5.034458637237548828e+00
5.035994529724121094e+00
5.037530899047851562e+00
5.039067268371582031e+00
5.040604591369628906e+00
5.042141914367675781e+00
5.043680191040039062e+00
5.045218467712402344e+00
5.046757698059082031e+00
5.048296451568603516e+00
5.049836158752441406e+00
5.051376342773437500e+00
5.052916526794433594e+00
5.054457187652587891e+00
5.055998325347900391e+00
5.057540893554687500e+00
5.059082031250000000e+00
5.060624122619628906e+00
5.062166690826416016e+00
5.063710212707519531e+00
5.065253257751464844e+00
5.066797256469726562e+00
5.068340778350830078e+00
5.069885730743408203e+00
5.071430206298828125e+00
5.072976112365722656e+00
5.074521064758300781e+00
5.076066970825195312e+00
5.077613353729248047e+00
5.079159736633300781e+00
5.080706596374511719e+00
5.082253456115722656e+00
5.083801746368408203e+00
5.085349559783935547e+00
5.086897373199462891e+00
5.088446617126464844e+00
5.089994430541992188e+00
5.091544151306152344e+00
5.093093395233154297e+00
5.094643592834472656e+00
5.096193313598632812e+00
5.097743988037109375e+00
5.099294662475585938e+00
5.100845813751220703e+00
5.102396965026855469e+00
5.103948593139648438e+00
5.105500698089599609e+00
5.107052803039550781e+00
5.108605384826660156e+00
5.110158443450927734e+00
5.111711502075195312e+00
5.113265037536621094e+00
5.114818572998046875e+00
5.116372108459472656e+00
5.117926597595214844e+00
5.119481086730957031e+00
5.121036529541015625e+00
5.122591018676757812e+00
5.124146461486816406e+00
5.125701904296875000e+00
5.127258300781250000e+00
5.128814220428466797e+00
5.130370616912841797e+00
5.131927013397216797e+00
5.133483886718750000e+00
5.135041236877441406e+00
5.136599063873291016e+00
5.138156890869140625e+00
5.139714241027832031e+00
5.141273021697998047e+00
5.142831325531005859e+00
5.144389629364013672e+00
5.145948886871337891e+00
5.147508144378662109e+00
5.149067878723144531e+00
5.150628089904785156e+00
5.152187347412109375e+00
5.153748035430908203e+00
5.155308723449707031e+00
5.156869888305664062e+00
5.158430099487304688e+00
5.159992218017578125e+00
5.161553382873535156e+00
5.163115501403808594e+00
5.164677619934082031e+00
5.166239738464355469e+00
5.167801856994628906e+00
5.169365406036376953e+00
5.170928001403808594e+00
5.172491073608398438e+00
5.174055099487304688e+00
5.175619125366210938e+00
5.177183151245117188e+00
5.178747177124023438e+00
5.180311203002929688e+00
5.181876182556152344e+00
5.183441162109375000e+00
5.185006141662597656e+00
5.186572074890136719e+00
5.188137054443359375e+00
5.189703464508056641e+00
5.191269874572753906e+00
5.192835807800292969e+00
5.194402694702148438e+00
5.195969581604003906e+00
5.197536468505859375e+00
5.199104309082031250e+00
5.200671195983886719e+00
5.202239513397216797e+00
5.203807830810546875e+00
5.205375671386718750e+00
5.206944465637207031e+00
5.208513259887695312e+00
5.210082054138183594e+00
5.211651802062988281e+00
5.213221549987792969e+00
5.214791297912597656e+00
5.216361045837402344e+00
5.217931747436523438e+00
5.219501972198486328e+00
5.221073150634765625e+00
5.222644329071044922e+00
5.224215507507324219e+00
5.225787162780761719e+00
5.227358818054199219e+00
5.228930473327636719e+00
5.230503082275390625e+00
5.232075691223144531e+00
5.233648300170898438e+00
5.235220909118652344e+00
5.236794471740722656e+00
5.238368511199951172e+00
5.239941596984863281e+00
5.241516113281250000e+00
5.243090629577636719e+00
5.244664669036865234e+00
5.246239662170410156e+00
5.247814178466796875e+00
5.249389648437500000e+00
5.250965118408203125e+00
5.252541542053222656e+00
5.254117965698242188e+00
5.255693435668945312e+00
5.257270336151123047e+00
5.258847236633300781e+00
5.260424613952636719e+00
5.262001991271972656e+00
5.263579845428466797e+00
5.265157222747802734e+00
5.266736030578613281e+00
5.268314361572265625e+00
5.269892692565917969e+00
5.271471977233886719e+00
5.273051261901855469e+00
5.274631023406982422e+00
5.276210308074951172e+00
5.277790546417236328e+00
5.279371261596679688e+00
5.280951976776123047e+00
5.282532691955566406e+00
5.284113883972167969e+00
5.285695075988769531e+00
5.287276744842529297e+00
5.288858413696289062e+00
5.290441036224365234e+00
5.292023658752441406e+00
5.293606758117675781e+00
5.295188903808593750e+00
5.296772956848144531e+00
5.298357009887695312e+00
5.299940109252929688e+00
5.301525115966796875e+00
5.303109169006347656e+00
5.304694175720214844e+00
5.306279659271240234e+00
5.307865142822265625e+00
5.309450626373291016e+00
5.311036586761474609e+00
5.312622547149658203e+00
5.314209938049316406e+00
5.315796852111816406e+00
5.317383289337158203e+00
5.318970680236816406e+00
5.320558547973632812e+00
5.322146415710449219e+00
5.323734760284423828e+00
5.325323581695556641e+00
5.326912403106689453e+00
5.328502178192138672e+00
5.330091476440429688e+00
5.331681251525878906e+00
5.333271980285644531e+00
5.334862709045410156e+00
5.336453437805175781e+00
5.338044166564941406e+00
5.339635848999023438e+00
5.341227054595947266e+00
5.342819213867187500e+00
5.344411849975585938e+00
5.346004486083984375e+00
5.347597599029541016e+00
5.349190711975097656e+00
5.350784301757812500e+00
5.352378845214843750e+00
5.353972434997558594e+00
5.355566978454589844e+00
5.357162475585937500e+00
5.358757019042968750e+00
5.360353469848632812e+00
5.361948966979980469e+00
5.363545417785644531e+00
5.365141391754150391e+00
5.366738796234130859e+00
5.368335723876953125e+00
5.369933605194091797e+00
5.371531009674072266e+00
5.373129367828369141e+00
5.374727725982666016e+00
5.376327514648437500e+00
5.377926349639892578e+00
5.379526138305664062e+00
5.381125926971435547e+00
5.382726669311523438e+00
5.384326934814453125e+00
5.385927677154541016e+00
5.387529373168945312e+00
5.389130592346191406e+00
5.390732765197753906e+00
5.392334461212158203e+00
5.393937587738037109e+00
5.395540714263916016e+00
5.397144317626953125e+00
5.398747920989990234e+00
5.400352001190185547e+00
5.401956558227539062e+00
5.403561115264892578e+00
5.405166149139404297e+00
5.406771659851074219e+00
5.408377647399902344e+00
5.409984111785888672e+00
5.411590576171875000e+00
5.413197517395019531e+00
5.414804935455322266e+00
5.416412353515625000e+00
5.418020248413085938e+00
5.419628620147705078e+00
5.421236991882324219e+00
5.422846317291259766e+00
5.424455642700195312e+00
5.426065444946289062e+00
5.427676200866699219e+00
5.429286956787109375e+00
5.430897235870361328e+00
5.432508945465087891e+00
5.434119701385498047e+00
5.435731887817382812e+00
5.437344074249267578e+00
5.438956737518310547e+00
5.440569400787353516e+00
5.442183017730712891e+00
5.443796634674072266e+00
5.445411205291748047e+00
5.447025299072265625e+00
5.448640823364257812e+00
5.450255870819091797e+00
5.451871395111083984e+00
5.453487873077392578e+00
5.455103874206542969e+00
5.456720352172851562e+00
5.458337783813476562e+00
5.459955215454101562e+00
5.461573123931884766e+00
5.463191032409667969e+00
5.464809894561767578e+00
5.466428756713867188e+00
5.468048095703125000e+00
5.469668388366699219e+00
5.471288204193115234e+00
5.472908973693847656e+00
5.474529743194580078e+00
5.476150512695312500e+00
5.477772712707519531e+00
5.479393959045410156e+00
5.481016635894775391e+00
5.482639789581298828e+00
5.484262466430664062e+00
5.485885620117187500e+00
5.487510681152343750e+00
5.489134788513183594e+00
5.490759849548339844e+00
5.492384433746337891e+00
5.494009971618652344e+00
5.495635986328125000e+00
5.497262001037597656e+00
5.498888969421386719e+00
5.500515460968017578e+00
5.502142906188964844e+00
5.503770351409912109e+00
5.505398750305175781e+00
5.507027149200439453e+00
5.508656024932861328e+00
5.510285854339599609e+00
5.511915206909179688e+00
5.513545513153076172e+00
5.515175819396972656e+00
5.516806125640869141e+00
5.518437385559082031e+00
5.520069122314453125e+00
5.521700859069824219e+00
5.523333549499511719e+00
5.524966239929199219e+00
5.526598930358886719e+00
5.528232097625732422e+00
5.529866218566894531e+00
5.531500816345214844e+00
5.533135414123535156e+00
5.534770488739013672e+00
5.536405563354492188e+00
5.538041114807128906e+00
5.539677619934082031e+00
5.541314125061035156e+00
5.542950630187988281e+00
5.544588088989257812e+00
5.546225547790527344e+00
5.547863960266113281e+00
5.549501895904541016e+00
5.551140785217285156e+00
5.552780628204345703e+00
5.554419517517089844e+00
5.556059360504150391e+00
5.557699203491210938e+00
5.559340476989746094e+00
5.560980796813964844e+00
5.562623023986816406e+00
5.564264297485351562e+00
5.565906524658203125e+00
5.567549228668212891e+00
5.569192409515380859e+00
5.570835590362548828e+00
5.572479248046875000e+00
5.574122428894042969e+00
5.575767517089843750e+00
5.577412605285644531e+00
5.579057693481445312e+00
5.580702781677246094e+00
5.582348823547363281e+00
5.583994865417480469e+00
5.585641860961914062e+00
5.587288856506347656e+00
5.588935852050781250e+00
5.590583801269531250e+00
5.592231750488281250e+00
5.593880176544189453e+00
5.595528602600097656e+00
5.597177505493164062e+00
5.598827362060546875e+00
5.600477218627929688e+00
5.602127075195312500e+00
5.603777885437011719e+00
5.605428695678710938e+00
5.607080459594726562e+00
5.608731269836425781e+00
5.610383987426757812e+00
5.612036228179931641e+00
5.613688468933105469e+00
5.615342140197753906e+00
5.616995334625244141e+00
5.618648529052734375e+00
5.620302677154541016e+00
5.621957302093505859e+00
5.623612403869628906e+00
5.625266551971435547e+00
5.626922607421875000e+00
5.628578186035156250e+00
5.630233764648437500e+00
5.631890296936035156e+00
5.633547306060791016e+00
5.635204315185546875e+00
5.636861801147460938e+00
5.638520240783691406e+00
5.640178203582763672e+00
5.641836166381835938e+00
5.643495559692382812e+00
5.645154476165771484e+00
5.646814346313476562e+00
5.648474216461181641e+00
5.650134086608886719e+00
5.651794433593750000e+00
5.653454780578613281e+00
5.655116081237792969e+00
5.656777381896972656e+00
5.658439636230468750e+00
5.660100936889648438e+00
5.661764144897460938e+00
5.663426876068115234e+00
5.665089607238769531e+00
5.666752815246582031e+00
5.668416976928710938e+00
5.670081138610839844e+00
5.671745300292968750e+00
5.673408985137939453e+00
5.675074577331542969e+00
5.676739215850830078e+00
5.678404808044433594e+00
5.680070877075195312e+00
5.681736469268798828e+00
5.683403015136718750e+00
5.685069084167480469e+00
5.686736106872558594e+00
5.688403606414794922e+00
5.690071105957031250e+00
5.691739082336425781e+00
5.693407058715820312e+00
5.695075511932373047e+00
5.696744441986083984e+00
5.698412895202636719e+00
5.700082302093505859e+00
5.701751708984375000e+00
5.703422546386718750e+00
5.705091953277587891e+00
5.706761837005615234e+00
5.708433151245117188e+00
5.710103988647460938e+00
5.711775779724121094e+00
5.713447093963623047e+00
5.715118408203125000e+00
5.716790199279785156e+00
5.718462944030761719e+00
5.720135688781738281e+00
5.721808433532714844e+00
5.723481178283691406e+00
5.725154399871826172e+00
5.726828098297119141e+00
5.728501319885253906e+00
5.730175971984863281e+00
5.731849670410156250e+00
5.733524322509765625e+00
5.735198497772216797e+00
5.736874103546142578e+00
5.738549232482910156e+00
5.740224838256835938e+00
5.741900444030761719e+00
5.743577003479003906e+00
5.745252609252929688e+00
5.746929168701171875e+00
5.748605728149414062e+00
5.750282764434814453e+00
5.751959800720214844e+00
5.753637313842773438e+00
5.755314826965332031e+00
5.756992340087890625e+00
5.758670330047607422e+00
5.760349273681640625e+00
5.762026786804199219e+00
5.763705730438232422e+00
5.765384674072265625e+00
5.767064094543457031e+00
5.768743038177490234e+00
5.770422935485839844e+00
5.772101879119873047e+00
5.773781776428222656e+00
5.775462150573730469e+00
5.777142047882080078e+00
5.778822898864746094e+00
5.780502796173095703e+00
5.782184123992919922e+00
5.783864974975585938e+00
5.785546302795410156e+00
5.787227630615234375e+00
5.788908481597900391e+00
5.790590286254882812e+00
5.792272090911865234e+00
5.793954849243164062e+00
5.795636653900146484e+00
5.797319412231445312e+00
5.799001693725585938e+00
5.800683975219726562e+00
5.802367210388183594e+00
5.804049491882324219e+00
5.805732727050781250e+00
5.807415962219238281e+00
5.809099197387695312e+00
5.810783386230468750e+00
5.812467098236083984e+00
5.814150810241699219e+00
5.815834999084472656e+00
5.817519187927246094e+00
5.819203376770019531e+00
5.820887565612792969e+00
5.822571754455566406e+00
5.824256896972656250e+00
5.825942039489746094e+00
5.827626705169677734e+00
5.829311370849609375e+00
5.830996513366699219e+00
5.832682132720947266e+00
5.834367752075195312e+00
5.836052894592285156e+00
5.837738037109375000e+00
5.839424133300781250e+00
5.841109275817871094e+00
5.842795848846435547e+00
5.844481945037841797e+00
5.846167564392089844e+00
5.847853660583496094e+00
5.849539756774902344e+00
5.851226806640625000e+00
5.852912902832031250e+00
5.854599475860595703e+00
5.856286048889160156e+00
5.857973098754882812e+00
5.859659671783447266e+00
5.861346244812011719e+00
5.863032817840576172e+00
5.864720344543457031e+00
5.866407394409179688e+00
5.868093967437744141e+00
5.869781494140625000e+00
5.871468544006347656e+00
5.873156070709228516e+00
5.874843597412109375e+00
5.876530647277832031e+00
5.878218173980712891e+00
5.879904747009277344e+00
5.881592750549316406e+00
5.883279800415039062e+00
5.884967803955078125e+00
5.886655807495117188e+00
5.888342857360839844e+00
5.890030860900878906e+00
5.891718387603759766e+00
5.893405914306640625e+00
5.895093441009521484e+00
5.896780967712402344e+00
5.898468971252441406e+00
5.900156974792480469e+00
5.901844501495361328e+00
5.903532028198242188e+00
5.905220031738281250e+00
5.906908035278320312e+00
5.908596038818359375e+00
5.910283088684082031e+00
5.911971092224121094e+00
5.913659095764160156e+00
5.915345668792724609e+00
5.917034149169921875e+00
5.918721675872802734e+00
5.920409202575683594e+00
5.922096729278564453e+00
5.923784255981445312e+00
5.925472259521484375e+00
5.927159309387207031e+00
5.928846836090087891e+00
5.930534362792968750e+00
5.932221889495849609e+00
5.933909416198730469e+00
5.935596466064453125e+00
5.937283515930175781e+00
5.938970565795898438e+00
5.940658092498779297e+00
5.942345142364501953e+00
5.944032669067382812e+00
5.945719242095947266e+00
5.947406291961669922e+00
5.949092864990234375e+00
5.950779438018798828e+00
5.952466011047363281e+00
5.954153060913085938e+00
5.955839157104492188e+00
5.957526206970214844e+00
5.959212303161621094e+00
5.960898399353027344e+00
5.962584972381591797e+00
5.964271545410156250e+00
5.965957641601562500e+00
5.967642784118652344e+00
5.969328880310058594e+00
5.971014499664306641e+00
5.972700119018554688e+00
5.974385261535644531e+00
5.976070404052734375e+00
5.977756023406982422e+00
5.979441165924072266e+00
5.981126785278320312e+00
5.982810974121093750e+00
5.984496116638183594e+00
5.986180305480957031e+00
5.987864971160888672e+00
5.989549636840820312e+00
5.991232872009277344e+00
5.992917060852050781e+00
5.994600772857666016e+00
5.996284961700439453e+00
5.997968196868896484e+00
5.999651908874511719e+00
6.001335144042968750e+00
6.003018379211425781e+00
6.004701137542724609e+00
6.006383895874023438e+00
6.008067131042480469e+00
6.009748458862304688e+00
6.011430740356445312e+00
6.013113021850585938e+00
6.014795303344726562e+00
6.016476631164550781e+00
6.018157958984375000e+00
6.019839286804199219e+00
6.021520614624023438e+00
6.023201465606689453e+00
6.024882316589355469e+00
6.026562690734863281e+00
6.028242588043212891e+00
6.029923439025878906e+00
6.031602859497070312e+00
6.033282756805419922e+00
6.034962177276611328e+00
6.036641120910644531e+00
6.038321495056152344e+00
6.039999485015869141e+00
6.041678428649902344e+00
6.043356895446777344e+00
6.045034885406494141e+00
6.046712875366210938e+00
6.048390865325927734e+00
6.050067901611328125e+00
6.051745414733886719e+00
6.053421974182128906e+00
6.055099010467529297e+00
6.056775569915771484e+00
6.058451652526855469e+00
6.060127258300781250e+00
6.061802864074707031e+00
6.063478469848632812e+00
6.065153598785400391e+00
6.066828727722167969e+00
6.068502902984619141e+00
6.070178031921386719e+00
6.071852207183837891e+00
6.073525428771972656e+00
6.075199127197265625e+00
6.076872348785400391e+00
6.078545093536376953e+00
6.080217361450195312e+00
6.081890106201171875e+00
6.083561897277832031e+00
6.085233688354492188e+00
6.086905479431152344e+00
6.088576316833496094e+00
6.090247154235839844e+00
6.091917991638183594e+00
6.093587875366210938e+00
6.095257759094238281e+00
6.096927165985107422e+00
6.098596572875976562e+00
6.100265502929687500e+00
6.101934432983398438e+00
6.103602409362792969e+00
6.105270385742187500e+00
6.106937885284423828e+00
6.108604431152343750e+00
6.110271930694580078e+00
6.111938476562500000e+00
6.113604545593261719e+00
6.115270614624023438e+00
6.116936683654785156e+00
6.118601322174072266e+00
6.120265960693359375e+00
6.121930122375488281e+00
6.123594760894775391e+00
6.125258445739746094e+00
6.126921653747558594e+00
6.128584384918212891e+00
6.130247116088867188e+00
6.131909847259521484e+00
6.133571147918701172e+00
6.135232925415039062e+00
6.136893749237060547e+00
6.138554573059082031e+00
6.140214920043945312e+00
6.141874313354492188e+00
6.143534660339355469e+00
6.145193576812744141e+00
6.146852493286132812e+00
6.148509979248046875e+00
6.150168895721435547e+00
6.151825904846191406e+00
6.153482913970947266e+00
6.155139446258544922e+00
6.156795501708984375e+00
6.158451557159423828e+00
6.160106658935546875e+00
6.161762237548828125e+00
6.163416385650634766e+00
6.165070533752441406e+00
6.166724205017089844e+00
6.168377876281738281e+00
6.170031070709228516e+00
6.171682357788085938e+00
6.173334598541259766e+00
6.174985885620117188e+00
6.176636695861816406e+00
6.178287029266357422e+00
6.179937362670898438e+00
6.181587219238281250e+00
6.183236122131347656e+00
6.184885025024414062e+00
6.186533451080322266e+00
6.188180923461914062e+00
6.189827919006347656e+00
6.191475391387939453e+00
6.193121433258056641e+00
6.194766998291015625e+00
6.196412563323974609e+00
6.198057651519775391e+00
6.199702262878417969e+00
6.201345920562744141e+00
6.202989578247070312e+00
6.204632759094238281e+00
6.206274986267089844e+00
6.207917213439941406e+00
6.209558486938476562e+00
6.211200237274169922e+00
6.212840080261230469e+00
6.214480400085449219e+00
6.216119766235351562e+00
6.217758178710937500e+00
6.219396591186523438e+00
6.221035003662109375e+00
6.222671508789062500e+00
6.224308967590332031e+00
6.225945472717285156e+00
6.227581501007080078e+00
6.229216575622558594e+00
6.230851173400878906e+00
6.232485771179199219e+00
6.234119415283203125e+00
6.235752105712890625e+00
6.237385272979736328e+00
6.239017486572265625e+00
6.240649223327636719e+00
6.242279052734375000e+00
6.243910789489746094e+00
6.245540618896484375e+00
6.247169494628906250e+00
6.248798847198486328e+00
6.250426769256591797e+00
6.252054214477539062e+00
6.253681659698486328e+00
6.255308628082275391e+00
6.256934165954589844e+00
6.258559703826904297e+00
6.260184288024902344e+00
6.261808395385742188e+00
6.263432502746582031e+00
6.265055656433105469e+00
6.266677856445312500e+00
6.268300056457519531e+00
6.269921302795410156e+00
6.271542072296142578e+00
6.273161888122558594e+00
6.274781703948974609e+00
6.276400566101074219e+00
6.278018951416015625e+00
6.279636859893798828e+00
6.281254768371582031e+00
6.282871246337890625e+00
6.284486770629882812e+00
6.286102294921875000e+00
6.287716865539550781e+00
6.289330482482910156e+00
6.290944099426269531e+00
6.292557716369628906e+00
6.294169425964355469e+00
6.295781135559082031e+00
6.297391891479492188e+00
6.299002647399902344e+00
6.300611972808837891e+00
6.302221298217773438e+00
6.303829669952392578e+00
6.305437564849853516e+00
6.307044982910156250e+00
6.308650970458984375e+00
6.310256481170654297e+00
6.311861991882324219e+00
6.313467025756835938e+00
6.315071105957031250e+00
6.316674232482910156e+00
6.318276882171630859e+00
6.319879055023193359e+00
6.321480751037597656e+00
6.323081016540527344e+00
6.324681282043457031e+00
6.326280593872070312e+00
6.327879905700683594e+00
6.329477787017822266e+00
6.331074714660644531e+00
6.332672119140625000e+00
6.334267616271972656e+00
6.335864067077636719e+00
6.337458610534667969e+00
6.339052200317382812e+00
6.340645790100097656e+00
6.342238426208496094e+00
6.343830585479736328e+00
6.345421791076660156e+00
6.347012519836425781e+00
6.348602771759033203e+00
6.350192070007324219e+00
6.351780414581298828e+00
6.353368759155273438e+00
6.354955673217773438e+00
6.356542587280273438e+00
6.358128547668457031e+00
6.359712600708007812e+00
6.361297607421875000e+00
6.362881660461425781e+00
6.364464759826660156e+00
6.366046905517578125e+00
6.367628097534179688e+00
6.369209289550781250e+00
6.370789527893066406e+00
6.372368812561035156e+00
6.373947143554687500e+00
6.375525474548339844e+00
6.377102375030517578e+00
6.378679275512695312e+00
6.380254745483398438e+00
6.381830215454101562e+00
6.383403778076171875e+00
6.384977817535400391e+00
6.386550903320312500e+00
6.388123035430908203e+00
6.389694690704345703e+00
6.391265869140625000e+00
6.392835617065429688e+00
6.394404888153076172e+00
6.395973205566406250e+00
6.397541046142578125e+00
6.399107933044433594e+00
6.400674343109130859e+00
6.402240276336669922e+00
6.403804779052734375e+00
6.405368804931640625e+00
6.406931877136230469e+00
6.408494949340820312e+00
6.410056114196777344e+00
6.411617279052734375e+00
6.413177490234375000e+00
6.414737701416015625e+00
6.416296005249023438e+00
6.417854309082031250e+00
6.419411659240722656e+00
6.420967578887939453e+00
6.422523975372314453e+00
6.424078941345214844e+00
6.425632953643798828e+00
6.427186489105224609e+00
6.428739070892333984e+00
6.430290699005126953e+00
6.431842803955078125e+00
6.433393478393554688e+00
6.434942245483398438e+00
6.436491489410400391e+00
6.438039302825927734e+00
6.439586639404296875e+00
6.441133022308349609e+00
6.442679405212402344e+00
6.444223403930664062e+00
6.445767402648925781e+00
6.447310447692871094e+00
6.448853492736816406e+00
6.450394630432128906e+00
6.451935768127441406e+00
6.453475475311279297e+00
6.455014705657958984e+00
6.456552982330322266e+00
6.458090782165527344e+00
6.459627151489257812e+00
6.461163520812988281e+00
6.462698936462402344e+00
6.464233398437500000e+00
6.465766906738281250e+00
6.467299461364746094e+00
6.468831539154052734e+00
6.470363140106201172e+00
6.471893310546875000e+00
6.473423004150390625e+00
6.474952697753906250e+00
6.476480484008789062e+00
6.478007316589355469e+00
6.479533195495605469e+00
6.481059551239013672e+00
6.482583999633789062e+00
6.484107971191406250e+00
6.485630989074707031e+00
6.487153053283691406e+00
6.488674640655517578e+00
6.490196228027343750e+00
6.491715908050537109e+00
6.493234634399414062e+00
6.494753360748291016e+00
6.496271133422851562e+00
6.497787475585937500e+00
6.499302864074707031e+00
6.500817775726318359e+00
6.502331733703613281e+00
6.503846168518066406e+00
6.505358695983886719e+00
6.506869316101074219e+00
6.508379936218261719e+00
6.509889602661132812e+00
6.511399269104003906e+00
6.512907981872558594e+00
6.514414787292480469e+00
6.515921592712402344e+00
6.517427444458007812e+00
6.518932342529296875e+00
6.520436286926269531e+00
6.521938800811767578e+00
6.523441314697265625e+00
6.524942874908447266e+00
6.526443481445312500e+00
6.527942657470703125e+00
6.529441833496093750e+00
6.530940055847167969e+00
6.532437801361083984e+00
6.533933639526367188e+00
6.535429954528808594e+00
6.536923885345458984e+00
6.538417816162109375e+00
6.539911270141601562e+00
6.541403293609619141e+00
6.542895317077636719e+00
6.544385910034179688e+00
6.545874595642089844e+00
6.547363758087158203e+00
6.548851966857910156e+00
6.550338745117187500e+00
6.551824569702148438e+00
6.553309917449951172e+00
6.554794788360595703e+00
6.556278228759765625e+00
6.557760715484619141e+00
6.559243202209472656e+00
6.560723781585693359e+00
6.562203407287597656e+00
6.563683509826660156e+00
6.565161705017089844e+00
6.566638946533203125e+00
6.568115234375000000e+00
6.569591522216796875e+00
6.571066856384277344e+00
6.572540283203125000e+00
6.574013233184814453e+00
6.575485229492187500e+00
6.576956748962402344e+00
6.578427791595458984e+00
6.579897880554199219e+00
6.581366539001464844e+00
6.582834243774414062e+00
6.584301471710205078e+00
6.585767269134521484e+00
6.587232589721679688e+00
6.588696956634521484e+00
6.590160846710205078e+00
6.591624259948730469e+00
6.593085289001464844e+00
6.594547271728515625e+00
6.596006393432617188e+00
6.597465991973876953e+00
6.598924636840820312e+00
6.600380897521972656e+00
6.601837635040283203e+00
6.603293418884277344e+00
6.604748249053955078e+00
6.606202125549316406e+00
6.607655048370361328e+00
6.609107494354248047e+00
6.610558509826660156e+00
6.612009525299072266e+00
6.613458633422851562e+00
6.614907264709472656e+00
6.616355419158935547e+00
6.617802143096923828e+00
6.619248390197753906e+00
6.620693206787109375e+00
6.622137069702148438e+00
6.623580455780029297e+00
6.625022888183593750e+00
6.626463890075683594e+00
6.627904891967773438e+00
6.629344940185546875e+00
6.630784034729003906e+00
6.632222175598144531e+00
6.633659362792968750e+00
6.635096073150634766e+00
6.636530876159667969e+00
6.637965202331542969e+00
6.639399051666259766e+00
6.640831947326660156e+00
6.642263412475585938e+00
6.643694400787353516e+00
6.645124435424804688e+00
6.646553516387939453e+00
6.647982120513916016e+00
6.649409294128417969e+00
6.650835990905761719e+00
6.652260780334472656e+00
6.653685092926025391e+00
6.655109405517578125e+00
6.656531810760498047e+00
6.657954216003417969e+00
6.659374237060546875e+00
6.660795211791992188e+00
6.662214279174804688e+00
6.663632869720458984e+00
6.665050506591796875e+00
6.666466712951660156e+00
6.667881965637207031e+00
6.669297218322753906e+00
6.670711517333984375e+00
6.672124862670898438e+00
6.673536300659179688e+00
6.674947738647460938e+00
6.676358222961425781e+00
6.677767276763916016e+00
6.679176330566406250e+00
6.680583953857421875e+00
6.681990623474121094e+00
6.683396339416503906e+00
6.684801101684570312e+00
6.686204910278320312e+00
6.687608242034912109e+00
6.689010620117187500e+00
6.690411567687988281e+00
6.691812515258789062e+00
6.693212032318115234e+00
6.694610595703125000e+00
6.696007728576660156e+00
6.697405338287353516e+00
6.698801040649414062e+00
6.700196266174316406e+00
6.701590538024902344e+00
6.702983856201171875e+00
6.704376220703125000e+00
6.705768585205078125e+00
6.707159042358398438e+00
6.708548545837402344e+00
6.709937572479248047e+00
6.711325645446777344e+00
6.712712287902832031e+00
6.714098453521728516e+00
6.715483665466308594e+00
6.716867923736572266e+00
6.718251228332519531e+00
6.719634056091308594e+00
6.721014976501464844e+00
6.722395420074462891e+00
6.723775386810302734e+00
6.725153923034667969e+00
6.726532936096191406e+00
6.727909564971923828e+00
6.729286193847656250e+00
6.730661392211914062e+00
6.732036590576171875e+00
6.733409881591796875e+00
6.734782218933105469e+00
6.736154556274414062e+00
6.737525463104248047e+00
6.738895416259765625e+00
6.740263938903808594e+00
6.741632938385009766e+00
6.743000030517578125e+00
6.744366645812988281e+00
6.745732307434082031e+00
6.747096538543701172e+00
6.748460769653320312e+00
6.749823570251464844e+00
6.751185894012451172e+00
6.752547264099121094e+00
6.753906726837158203e+00
6.755266666412353516e+00
6.756624698638916016e+00
6.757982254028320312e+00
6.759339332580566406e+00
6.760694026947021484e+00
6.762049674987792969e+00
6.763403892517089844e+00
6.764757156372070312e+00
6.766108512878417969e+00
6.767459869384765625e+00
6.768810272216796875e+00
6.770159721374511719e+00
6.771508216857910156e+00
6.772855758666992188e+00
6.774202823638916016e+00
6.775548458099365234e+00
6.776892662048339844e+00
6.778237342834472656e+00
6.779580593109130859e+00
6.780922889709472656e+00
6.782265186309814453e+00
6.783605098724365234e+00
6.784944534301757812e+00
6.786283969879150391e+00
6.787621974945068359e+00
6.788958549499511719e+00
6.790294647216796875e+00
6.791629791259765625e+00
6.792964458465576172e+00
6.794298171997070312e+00
6.795630931854248047e+00
6.796962738037109375e+00
6.798293113708496094e+00
6.799623489379882812e+00
6.800953388214111328e+00
6.802281379699707031e+00
6.803608417510986328e+00
6.804935455322265625e+00
6.806260108947753906e+00
6.807584762573242188e+00
6.808908939361572266e+00
6.810231208801269531e+00
6.811553955078125000e+00
6.812874794006347656e+00
6.814195156097412109e+00
6.815515041351318359e+00
6.816833496093750000e+00
6.818150997161865234e+00
6.819468021392822266e+00
6.820783615112304688e+00
6.822098731994628906e+00
6.823412895202636719e+00
6.824726104736328125e+00
6.826038360595703125e+00
6.827350139617919922e+00
6.828660011291503906e+00
6.829970836639404297e+00
6.831279754638671875e+00
6.832587718963623047e+00
6.833895206451416016e+00
6.835201263427734375e+00
6.836506366729736328e+00
6.837810993194580078e+00
6.839114665985107422e+00
6.840416908264160156e+00
6.841718673706054688e+00
6.843019962310791016e+00
6.844319820404052734e+00
6.845619201660156250e+00
6.846917152404785156e+00
6.848215103149414062e+00
6.849511623382568359e+00
6.850807666778564453e+00
6.852102279663085938e+00
6.853396892547607422e+00
6.854689598083496094e+00
6.855982303619384766e+00
6.857274055480957031e+00
6.858563899993896484e+00
6.859853267669677734e+00
6.861142635345458984e+00
6.862430572509765625e+00
6.863717555999755859e+00
6.865004539489746094e+00
6.866289615631103516e+00
6.867574691772460938e+00
6.868858337402343750e+00
6.870141029357910156e+00
6.871423244476318359e+00
6.872704505920410156e+00
6.873984336853027344e+00
6.875264167785644531e+00
6.876542568206787109e+00
6.877820968627929688e+00
6.879096984863281250e+00
6.880373477935791016e+00
6.881648540496826172e+00
6.882922649383544922e+00
6.884196281433105469e+00
6.885468482971191406e+00
6.886740684509277344e+00
6.888011932373046875e+00
6.889282226562500000e+00
6.890550136566162109e+00
6.891818523406982422e+00
6.893086433410644531e+00
6.894352912902832031e+00
6.895618915557861328e+00
6.896883487701416016e+00
6.898147583007812500e+00
6.899411678314208984e+00
6.900673389434814453e+00
6.901934623718261719e+00
6.903195381164550781e+00
6.904456138610839844e+00
6.905714988708496094e+00
6.906972885131835938e+00
6.908229827880859375e+00
6.909486770629882812e+00
6.910742759704589844e+00
6.911996841430664062e+00
6.913250923156738281e+00
6.914503574371337891e+00
6.915755271911621094e+00
6.917007446289062500e+00
6.918257713317871094e+00
6.919507503509521484e+00
6.920756340026855469e+00
6.922004222869873047e+00
6.923252105712890625e+00
6.924498558044433594e+00
6.925744056701660156e+00
6.926988601684570312e+00
6.928233146667480469e+00
6.929475307464599609e+00
6.930717945098876953e+00
6.931958675384521484e+00
6.933198928833007812e+00
6.934438705444335938e+00
6.935678482055664062e+00
6.936915874481201172e+00
6.938153743743896484e+00
6.939389228820800781e+00
6.940625190734863281e+00
6.941859722137451172e+00
6.943093776702880859e+00
6.944327354431152344e+00
6.945559501647949219e+00
6.946790218353271484e+00
6.948020935058593750e+00
6.949250221252441406e+00
6.950479984283447266e+00
6.951707839965820312e+00
6.952935218811035156e+00
6.954161643981933594e+00
6.955387115478515625e+00
6.956611633300781250e+00
6.957836151123046875e+00
6.959059238433837891e+00
6.960281848907470703e+00
6.961503505706787109e+00
6.962724208831787109e+00
6.963944435119628906e+00
6.965162754058837891e+00
6.966381072998046875e+00
6.967598438262939453e+00
6.968814849853515625e+00
6.970030307769775391e+00
6.971245288848876953e+00
6.972459316253662109e+00
6.973673343658447266e+00
6.974885940551757812e+00
6.976097106933593750e+00
6.977308273315429688e+00
6.978518486022949219e+00
6.979727268218994141e+00
6.980936050415039062e+00
6.982143402099609375e+00
6.983349800109863281e+00
6.984556198120117188e+00
6.985761642456054688e+00
6.986966609954833984e+00
6.988169670104980469e+00
6.989372730255126953e+00
6.990574359893798828e+00
6.991775512695312500e+00
6.992976188659667969e+00
6.994175434112548828e+00
6.995374202728271484e+00
6.996571540832519531e+00
6.997768878936767578e+00
6.998965263366699219e+00
7.000161170959472656e+00
7.001356124877929688e+00
7.002550125122070312e+00
7.003743171691894531e+00
7.004934787750244141e+00
7.006127357482910156e+00
7.007317543029785156e+00
7.008507728576660156e+00
7.009696960449218750e+00
7.010885238647460938e+00
7.012073516845703125e+00
7.013259887695312500e+00
7.014445304870605469e+00
7.015631198883056641e+00
7.016815185546875000e+00
7.017999172210693359e+00
7.019181728363037109e+00
7.020364284515380859e+00
7.021545886993408203e+00
7.022726058959960938e+00
7.023906230926513672e+00
7.025084495544433594e+00
7.026263236999511719e+00
7.027440071105957031e+00
7.028616905212402344e+00
7.029791831970214844e+00
7.030966758728027344e+00
7.032141685485839844e+00
7.033314704895019531e+00
7.034486770629882812e+00
7.035659790039062500e+00
7.036829948425292969e+00
7.038000106811523438e+00
7.039169788360595703e+00
7.040338516235351562e+00
7.041505813598632812e+00
7.042673110961914062e+00
7.043839454650878906e+00
7.045004844665527344e+00
7.046169281005859375e+00
7.047333717346191406e+00
7.048497200012207031e+00
7.049659252166748047e+00
7.050820827484130859e+00
7.051981925964355469e+00
7.053141593933105469e+00
7.054301261901855469e+00
7.055459976196289062e+00
7.056617736816406250e+00
7.057774066925048828e+00
7.058930397033691406e+00
7.060085773468017578e+00
7.061240196228027344e+00
7.062393665313720703e+00
7.063547134399414062e+00
7.064699649810791016e+00
7.065851211547851562e+00
7.067002296447753906e+00
7.068152427673339844e+00
7.069301605224609375e+00
7.070450305938720703e+00
7.071598052978515625e+00
7.072744846343994141e+00
7.073891162872314453e+00
7.075036525726318359e+00
7.076181411743164062e+00
7.077324867248535156e+00
7.078468322753906250e+00
7.079610824584960938e+00
7.080752849578857422e+00
7.081893444061279297e+00
7.083033561706542969e+00
7.084172725677490234e+00
7.085311412811279297e+00
7.086449623107910156e+00
7.087586402893066406e+00
7.088722229003906250e+00
7.089858055114746094e+00
7.090992927551269531e+00
7.092126369476318359e+00
7.093260765075683594e+00
7.094392776489257812e+00
7.095524787902832031e+00
7.096655845642089844e+00
7.097785949707031250e+00
7.098914623260498047e+00
7.100043296813964844e+00
7.101171493530273438e+00
7.102297782897949219e+00
7.103425025939941406e+00
7.104550361633300781e+00
7.105674743652343750e+00
7.106799125671386719e+00
7.107923030853271484e+00
7.109045028686523438e+00
7.110167026519775391e+00
7.111288070678710938e+00
7.112408638000488281e+00
7.113528251647949219e+00
7.114646911621093750e+00
7.115765571594238281e+00
7.116882801055908203e+00
7.118000030517578125e+00
7.119115829467773438e+00
7.120230674743652344e+00
7.121344566345214844e+00
7.122458934783935547e+00
7.123571395874023438e+00
7.124683380126953125e+00
7.125795364379882812e+00
7.126905441284179688e+00
7.128016471862792969e+00
7.129125595092773438e+00
7.130233764648437500e+00
7.131341457366943359e+00
7.132448673248291016e+00
7.133554458618164062e+00
7.134660243988037109e+00
7.135765075683593750e+00
7.136868953704833984e+00
7.137972354888916016e+00
7.139074325561523438e+00
7.140176773071289062e+00
7.141277790069580078e+00
7.142378330230712891e+00
7.143477439880371094e+00
7.144576072692871094e+00
7.145673751831054688e+00
7.146770954132080078e+00
7.147867679595947266e+00
7.148963928222656250e+00
7.150058746337890625e+00
7.151153564453125000e+00
7.152247428894042969e+00
7.153340339660644531e+00
7.154432296752929688e+00
7.155523300170898438e+00
7.156614303588867188e+00
7.157704353332519531e+00
7.158792495727539062e+00
7.159881591796875000e+00
7.160968780517578125e+00
7.162055969238281250e+00
7.163143157958984375e+00
7.164228439331054688e+00
7.165312767028808594e+00
7.166397094726562500e+00
7.167481422424316406e+00
7.168562889099121094e+00
7.169645309448242188e+00
7.170726776123046875e+00
7.171807289123535156e+00
7.172886848449707031e+00
7.173965454101562500e+00
7.175044059753417969e+00
7.176121711730957031e+00
7.177198410034179688e+00
7.178275108337402344e+00
7.179350852966308594e+00
7.180424690246582031e+00
7.181498527526855469e+00
7.182571887969970703e+00
7.183643341064453125e+00
7.184715270996093750e+00
7.185787200927734375e+00
7.186857223510742188e+00
7.187927246093750000e+00
7.188995838165283203e+00
7.190064430236816406e+00
7.191131591796875000e+00
7.192198276519775391e+00
7.193264007568359375e+00
7.194329261779785156e+00
7.195393562316894531e+00
7.196457386016845703e+00
7.197521209716796875e+00
7.198583126068115234e+00
7.199644088745117188e+00
7.200705528259277344e+00
7.201766014099121094e+00
7.202824592590332031e+00
7.203883171081542969e+00
7.204941272735595703e+00
7.205998420715332031e+00
7.207055568695068359e+00
7.208110809326171875e+00
7.209166526794433594e+00
7.210220813751220703e+00
7.211274623870849609e+00
7.212327957153320312e+00
7.213379859924316406e+00
7.214431762695312500e+00
7.215482234954833984e+00
7.216532230377197266e+00
7.217581748962402344e+00
7.218629837036132812e+00
7.219677925109863281e+00
7.220725059509277344e+00
7.221771240234375000e+00
7.222817420959472656e+00
7.223862648010253906e+00
7.224906921386718750e+00
7.225950241088867188e+00
7.226992607116699219e+00
7.228035926818847656e+00
7.229077339172363281e+00
7.230117797851562500e+00
7.231157779693603516e+00
7.232197761535644531e+00
7.233236312866210938e+00
7.234273433685302734e+00
7.235311508178710938e+00
7.236348152160644531e+00
7.237383842468261719e+00
7.238418579101562500e+00
7.239453315734863281e+00
7.240486621856689453e+00
7.241519927978515625e+00
7.242552757263183594e+00
7.243583679199218750e+00
7.244614124298095703e+00
7.245644569396972656e+00
7.246674060821533203e+00
7.247702598571777344e+00
7.248730182647705078e+00
7.249757766723632812e+00
7.250783920288085938e+00
7.251810073852539062e+00
7.252834796905517578e+00
7.253859519958496094e+00
7.254883766174316406e+00
7.255906581878662109e+00
7.256928920745849609e+00
7.257950782775878906e+00
7.258971214294433594e+00
7.259992122650146484e+00
7.261011123657226562e+00
7.262030124664306641e+00
7.263048171997070312e+00
7.264064788818359375e+00
7.265082359313964844e+00
7.266098022460937500e+00
7.267112731933593750e+00
7.268127441406250000e+00
7.269141197204589844e+00
7.270153999328613281e+00
7.271166801452636719e+00
7.272178649902343750e+00
7.273189067840576172e+00
7.274199485778808594e+00
7.275208950042724609e+00
7.276217460632324219e+00
7.277225971221923828e+00
7.278233051300048828e+00
7.279240131378173828e+00
7.280245780944824219e+00
7.281251907348632812e+00
7.282256603240966797e+00
7.283260345458984375e+00
7.284263610839843750e+00
7.285266399383544922e+00
7.286268234252929688e+00
7.287269115447998047e+00
7.288269996643066406e+00
7.289268970489501953e+00
7.290268898010253906e+00
7.291266441345214844e+00
7.292263984680175781e+00
7.293261051177978516e+00
7.294257164001464844e+00
7.295252799987792969e+00
7.296247005462646484e+00
7.297241210937500000e+00
7.298234939575195312e+00
7.299227237701416016e+00
7.300218582153320312e+00
7.301210403442382812e+00
7.302200317382812500e+00
7.303189754486083984e+00
7.304179668426513672e+00
7.305168151855468750e+00
7.306156158447265625e+00
7.307143211364746094e+00
7.308129310607910156e+00
7.309114456176757812e+00
7.310100078582763672e+00
7.311083793640136719e+00
7.312067508697509766e+00
7.313051223754882812e+00
7.314033508300781250e+00
7.315014839172363281e+00
7.315995216369628906e+00
7.316974639892578125e+00
7.317954063415527344e+00
7.318931579589843750e+00
7.319909572601318359e+00
7.320887565612792969e+00
7.321864128112792969e+00
7.322839260101318359e+00
7.323814392089843750e+00
7.324788570404052734e+00
7.325762748718261719e+00
7.326735496520996094e+00
7.327707290649414062e+00
7.328679561614990234e+00
7.329649925231933594e+00
7.330620765686035156e+00
7.331589698791503906e+00
7.332559108734130859e+00
7.333527088165283203e+00
7.334494590759277344e+00
7.335461616516113281e+00
7.336427688598632812e+00
7.337392807006835938e+00
7.338357925415039062e+00
7.339321613311767578e+00
7.340285301208496094e+00
7.341247558593750000e+00
7.342208862304687500e+00
7.343170166015625000e+00
7.344130516052246094e+00
7.345089912414550781e+00
7.346048831939697266e+00
7.347007274627685547e+00
7.347965240478515625e+00
7.348920822143554688e+00
7.349876880645751953e+00
7.350832939147949219e+00
7.351786613464355469e+00
7.352742195129394531e+00
7.353694915771484375e+00
7.354647159576416016e+00
7.355599403381347656e+00
7.356551170349121094e+00
7.357501029968261719e+00
7.358450889587402344e+00
7.359400272369384766e+00
7.360348701477050781e+00
7.361296653747558594e+00
7.362243175506591797e+00
7.363189697265625000e+00
7.364135265350341797e+00
7.365080833435058594e+00
7.366024971008300781e+00
7.366968631744384766e+00
7.367911815643310547e+00
7.368853569030761719e+00
7.369794845581054688e+00
7.370736122131347656e+00
7.371676445007324219e+00
7.372615814208984375e+00
7.373554229736328125e+00
7.374491691589355469e+00
7.375429153442382812e+00
7.376365661621093750e+00
7.377302169799804688e+00
7.378236770629882812e+00
7.379171371459960938e+00
7.380105018615722656e+00
7.381037712097167969e+00
7.381970405578613281e+00
7.382902145385742188e+00
7.383833885192871094e+00
7.384763717651367188e+00
7.385693550109863281e+00
7.386622428894042969e+00
7.387550354003906250e+00
7.388478279113769531e+00
7.389405727386474609e+00
7.390331268310546875e+00
7.391256809234619141e+00
7.392181396484375000e+00
7.393105506896972656e+00
7.394029140472412109e+00
7.394950866699218750e+00
7.395873069763183594e+00
7.396794319152832031e+00
7.397714614868164062e+00
7.398634433746337891e+00
7.399553298950195312e+00
7.400471687316894531e+00
7.401389122009277344e+00
7.402306079864501953e+00
7.403222560882568359e+00
7.404138088226318359e+00
7.405053615570068359e+00
7.405967712402343750e+00
7.406881332397460938e+00
7.407793998718261719e+00
7.408706665039062500e+00
7.409617424011230469e+00
7.410528659820556641e+00
7.411438465118408203e+00
7.412347793579101562e+00
7.413257122039794922e+00
7.414164543151855469e+00
7.415071964263916016e+00
7.415978431701660156e+00
7.416884422302246094e+00
7.417788982391357422e+00
7.418693542480468750e+00
7.419597625732421875e+00
7.420500755310058594e+00
7.421402931213378906e+00
7.422304630279541016e+00
7.423205852508544922e+00
7.424105644226074219e+00
7.425004959106445312e+00
7.425904750823974609e+00
7.426802635192871094e+00
7.427700042724609375e+00
7.428596496582031250e+00
7.429492950439453125e+00
7.430387496948242188e+00
7.431282997131347656e+00
7.432176589965820312e+00
7.433069705963134766e+00
7.433962821960449219e+00
7.434854507446289062e+00
7.435745239257812500e+00
7.436635971069335938e+00
7.437525749206542969e+00
7.438414573669433594e+00
7.439302921295166016e+00
7.440190315246582031e+00
7.441077232360839844e+00
7.441963672637939453e+00
7.442850112915039062e+00
7.443735122680664062e+00
7.444619178771972656e+00
7.445502281188964844e+00
7.446385383605957031e+00
7.447266578674316406e+00
7.448147773742675781e+00
7.449029922485351562e+00
7.449909210205078125e+00
7.450788974761962891e+00
7.451667785644531250e+00
7.452545166015625000e+00
7.453422069549560547e+00
7.454298973083496094e+00
7.455174446105957031e+00
7.456049442291259766e+00
7.456923484802246094e+00
7.457797527313232422e+00
7.458670616149902344e+00
7.459543228149414062e+00
7.460414886474609375e+00
7.461286067962646484e+00
7.462156295776367188e+00
7.463025569915771484e+00
7.463894367218017578e+00
7.464762687683105469e+00
7.465630531311035156e+00
7.466496467590332031e+00
7.467362880706787109e+00
7.468228340148925781e+00
7.469092845916748047e+00
7.469956398010253906e+00
7.470820426940917969e+00
7.471682071685791016e+00
7.472544193267822266e+00
7.473405361175537109e+00
7.474266052246093750e+00
7.475126266479492188e+00
7.475985527038574219e+00
7.476843833923339844e+00
7.477701663970947266e+00
7.478558063507080078e+00
7.479414939880371094e+00
7.480270385742187500e+00
7.481124401092529297e+00
7.481979370117187500e+00
7.482832908630371094e+00
7.483685493469238281e+00
7.484537601470947266e+00
7.485389709472656250e+00
7.486240386962890625e+00
7.487090110778808594e+00
7.487939834594726562e+00
7.488788127899169922e+00
7.489635944366455078e+00
7.490482807159423828e+00
7.491329193115234375e+00
7.492176055908203125e+00
7.493020534515380859e+00
7.493865013122558594e+00
7.494708538055419922e+00
7.495551109313964844e+00
7.496394157409667969e+00
7.497235298156738281e+00
7.498075962066650391e+00
7.498917102813720703e+00
7.499755859375000000e+00
7.500595092773437500e+00
7.501433372497558594e+00
7.502270221710205078e+00
7.503107070922851562e+00
7.503942966461181641e+00
7.504778861999511719e+00
7.505613327026367188e+00
7.506447792053222656e+00
7.507281303405761719e+00
7.508113861083984375e+00
7.508945465087890625e+00
7.509777069091796875e+00
7.510607242584228516e+00
7.511436462402343750e+00
7.512266159057617188e+00
7.513094902038574219e+00
7.513922691345214844e+00
7.514749526977539062e+00
7.515575408935546875e+00
7.516401290893554688e+00
7.517225742340087891e+00
7.518050193786621094e+00
7.518873691558837891e+00
7.519696235656738281e+00
7.520518302917480469e+00
7.521340370178222656e+00
7.522160530090332031e+00
7.522981166839599609e+00
7.523800849914550781e+00
7.524619102478027344e+00
7.525437355041503906e+00
7.526254653930664062e+00
7.527070999145507812e+00
7.527887344360351562e+00
7.528702735900878906e+00
7.529517173767089844e+00
7.530331611633300781e+00
7.531144618988037109e+00
7.531956672668457031e+00
7.532768249511718750e+00
7.533579349517822266e+00
7.534389495849609375e+00
7.535199165344238281e+00
7.536008358001708984e+00
7.536816596984863281e+00
7.537624359130859375e+00
7.538431167602539062e+00
7.539237499237060547e+00
7.540042877197265625e+00
7.540847778320312500e+00
7.541651725769042969e+00
7.542455673217773438e+00
7.543257713317871094e+00
7.544060230255126953e+00
7.544861793518066406e+00
7.545662403106689453e+00
7.546463012695312500e+00
7.547262191772460938e+00
7.548061370849609375e+00
7.548858642578125000e+00
7.549655914306640625e+00
7.550452709197998047e+00
7.551248550415039062e+00
7.552043914794921875e+00
7.552838325500488281e+00
7.553631782531738281e+00
7.554425239562988281e+00
7.555216789245605469e+00
7.556009292602539062e+00
7.556799888610839844e+00
7.557590484619140625e+00
7.558379173278808594e+00
7.559168815612792969e+00
7.559957027435302734e+00
7.560744762420654297e+00
7.561531066894531250e+00
7.562317848205566406e+00
7.563103675842285156e+00
7.563888549804687500e+00
7.564672470092773438e+00
7.565456390380859375e+00
7.566238880157470703e+00
7.567020416259765625e+00
7.567801952362060547e+00
7.568582534790039062e+00
7.569363117218017578e+00
7.570142269134521484e+00
7.570920944213867188e+00
7.571699142456054688e+00
7.572475433349609375e+00
7.573252677917480469e+00
7.574028968811035156e+00
7.574803352355957031e+00
7.575578689575195312e+00
7.576352596282958984e+00
7.577126026153564453e+00
7.577898025512695312e+00
7.578670024871826172e+00
7.579442024230957031e+00
7.580212116241455078e+00
7.580981254577636719e+00
7.581750869750976562e+00
7.582519054412841797e+00
7.583286762237548828e+00
7.584053993225097656e+00
7.584820270538330078e+00
7.585585594177246094e+00
7.586350440979003906e+00
7.587115287780761719e+00
7.587879180908203125e+00
7.588642120361328125e+00
7.589403629302978516e+00
7.590166091918945312e+00
7.590926647186279297e+00
7.591686248779296875e+00
7.592446327209472656e+00
7.593205451965332031e+00
7.593964099884033203e+00
7.594721794128417969e+00
7.595479011535644531e+00
7.596235275268554688e+00
7.596991539001464844e+00
7.597745895385742188e+00
7.598499298095703125e+00
7.599253177642822266e+00
7.600005149841308594e+00
7.600758552551269531e+00
7.601510524749755859e+00
7.602261543273925781e+00
7.603011131286621094e+00
7.603760242462158203e+00
7.604508399963378906e+00
7.605257034301757812e+00
7.606003761291503906e+00
7.606750488281250000e+00
7.607496261596679688e+00
7.608242988586425781e+00
7.608987331390380859e+00
7.609731674194335938e+00
7.610474586486816406e+00
7.611217021942138672e+00
7.611959457397460938e+00
7.612700462341308594e+00
7.613440513610839844e+00
7.614180564880371094e+00
7.614920139312744141e+00
7.615658760070800781e+00
7.616396427154541016e+00
7.617134094238281250e+00
7.617870330810546875e+00
7.618606567382812500e+00
7.619340896606445312e+00
7.620075702667236328e+00
7.620809555053710938e+00
7.621543407440185547e+00
7.622275352478027344e+00
7.623007774353027344e+00
7.623739242553710938e+00
7.624469757080078125e+00
7.625199794769287109e+00
7.625928878784179688e+00
7.626657485961914062e+00
7.627385139465332031e+00
7.628112792968750000e+00
7.628839015960693359e+00
7.629565238952636719e+00
7.630290508270263672e+00
7.631015300750732422e+00
7.631739616394042969e+00
7.632463455200195312e+00
7.633185386657714844e+00
7.633906364440917969e+00
7.634628295898437500e+00
7.635349273681640625e+00
7.636069297790527344e+00
7.636788368225097656e+00
7.637506961822509766e+00
7.638224601745605469e+00
7.638941764831542969e+00
7.639658927917480469e+00
7.640375137329101562e+00
7.641090393066406250e+00
7.641804218292236328e+00
7.642518043518066406e+00
7.643232345581054688e+00
7.643945217132568359e+00
7.644657135009765625e+00
7.645368576049804688e+00
7.646080017089843750e+00
7.646789550781250000e+00
7.647499084472656250e+00
7.648207664489746094e+00
7.648916244506835938e+00
7.649623394012451172e+00
7.650330543518066406e+00
7.651036262512207031e+00
7.651741981506347656e+00
7.652446746826171875e+00
7.653150558471679688e+00
7.653855323791503906e+00
7.654557704925537109e+00
7.655259609222412109e+00
7.655961513519287109e+00
7.656661987304687500e+00
7.657362937927246094e+00
7.658061981201171875e+00
7.658761501312255859e+00
7.659459590911865234e+00
7.660157203674316406e+00
7.660853385925292969e+00
7.661550521850585938e+00
7.662246227264404297e+00
7.662940979003906250e+00
7.663635730743408203e+00
7.664329528808593750e+00
7.665022850036621094e+00
7.665715217590332031e+00
7.666407585144042969e+00
7.667098999023437500e+00
7.667789459228515625e+00
7.668479442596435547e+00
7.669168949127197266e+00
7.669857025146484375e+00
7.670544624328613281e+00
7.671232223510742188e+00
7.671919345855712891e+00
7.672605514526367188e+00
7.673290729522705078e+00
7.673975944519042969e+00
7.674660205841064453e+00
7.675343036651611328e+00
7.676026344299316406e+00
7.676708698272705078e+00
7.677389621734619141e+00
7.678071022033691406e+00
7.678751468658447266e+00
7.679431438446044922e+00
7.680109977722167969e+00
7.680788993835449219e+00
7.681467056274414062e+00
7.682144165039062500e+00
7.682820320129394531e+00
7.683496475219726562e+00
7.684171676635742188e+00
7.684845924377441406e+00
7.685520172119140625e+00
7.686193466186523438e+00
7.686865806579589844e+00
7.687538146972656250e+00
7.688209533691406250e+00
7.688880920410156250e+00
7.689550399780273438e+00
7.690219879150390625e+00
7.690889358520507812e+00
7.691557407379150391e+00
7.692224502563476562e+00
7.692892074584960938e+00
7.693558692932128906e+00
7.694223880767822266e+00
7.694889068603515625e+00
7.695553779602050781e+00
7.696217536926269531e+00
7.696880817413330078e+00
7.697543621063232422e+00
7.698205947875976562e+00
7.698867797851562500e+00
7.699528694152832031e+00
7.700188159942626953e+00
7.700848102569580078e+00
7.701506614685058594e+00
7.702165603637695312e+00
7.702822685241699219e+00
7.703479766845703125e+00
7.704136848449707031e+00
7.704792022705078125e+00
7.705447196960449219e+00
7.706101417541503906e+00
7.706755638122558594e+00
7.707409858703613281e+00
7.708062171936035156e+00
7.708714485168457031e+00
7.709365844726562500e+00
7.710016250610351562e+00
7.710667610168457031e+00
7.711316585540771484e+00
7.711966037750244141e+00
7.712614536285400391e+00
7.713262081146240234e+00
7.713909626007080078e+00
7.714556694030761719e+00
7.715202331542968750e+00
7.715847969055175781e+00
7.716492652893066406e+00
7.717136859893798828e+00
7.717781066894531250e+00
7.718423843383789062e+00
7.719066143035888672e+00
7.719707012176513672e+00
7.720348358154296875e+00
7.720988273620605469e+00
7.721628189086914062e+00
7.722267150878906250e+00
7.722906112670898438e+00
7.723544120788574219e+00
7.724182128906250000e+00
7.724819183349609375e+00
7.725456237792968750e+00
7.726091384887695312e+00
7.726726531982421875e+00
7.727361679077148438e+00
7.727994918823242188e+00
7.728628158569335938e+00
7.729261398315429688e+00
7.729893207550048828e+00
7.730524539947509766e+00
7.731156349182128906e+00
7.731786251068115234e+00
7.732416152954101562e+00
7.733045578002929688e+00
7.733674526214599609e+00
7.734302520751953125e+00
7.734930038452148438e+00
7.735557556152343750e+00
7.736183166503906250e+00
7.736809253692626953e+00
7.737434387207031250e+00
7.738058567047119141e+00
7.738682270050048828e+00
7.739305496215820312e+00
7.739928245544433594e+00
7.740550041198730469e+00
7.741171836853027344e+00
7.741791725158691406e+00
7.742412567138671875e+00
7.743032455444335938e+00
7.743651390075683594e+00
7.744270801544189453e+00
7.744888782501220703e+00
7.745505809783935547e+00
7.746123313903808594e+00
7.746739387512207031e+00
7.747354507446289062e+00
7.747969627380371094e+00
7.748583793640136719e+00
7.749197959899902344e+00
7.749811172485351562e+00
7.750423431396484375e+00
7.751036643981933594e+00
7.751647949218750000e+00
7.752259254455566406e+00
7.752870082855224609e+00
7.753479957580566406e+00
7.754089355468750000e+00
7.754698753356933594e+00
7.755307197570800781e+00
7.755914211273193359e+00
7.756521224975585938e+00
7.757127761840820312e+00
7.757733821868896484e+00
7.758338928222656250e+00
7.758944511413574219e+00
7.759548187255859375e+00
7.760151863098144531e+00
7.760755062103271484e+00
7.761357307434082031e+00
7.761959075927734375e+00
7.762560844421386719e+00
7.763162136077880859e+00
7.763761520385742188e+00
7.764361381530761719e+00
7.764960765838623047e+00
7.765560150146484375e+00
7.766157627105712891e+00
7.766755104064941406e+00
7.767351627349853516e+00
7.767948627471923828e+00
7.768544197082519531e+00
7.769139289855957031e+00
7.769733905792236328e+00
7.770328521728515625e+00
7.770922183990478516e+00
7.771514892578125000e+00
7.772107601165771484e+00
7.772699356079101562e+00
7.773290634155273438e+00
7.773881912231445312e+00
7.774471759796142578e+00
7.775062084197998047e+00
7.775650978088378906e+00
7.776239395141601562e+00
7.776828289031982422e+00
7.777415275573730469e+00
7.778002738952636719e+00
7.778589248657226562e+00
7.779174804687500000e+00
7.779760360717773438e+00
7.780344486236572266e+00
7.780928611755371094e+00
7.781512737274169922e+00
7.782095909118652344e+00
7.782679080963134766e+00
7.783261299133300781e+00
7.783842563629150391e+00
7.784423828125000000e+00
7.785004615783691406e+00
7.785584449768066406e+00
7.786163806915283203e+00
7.786742210388183594e+00
7.787321090698242188e+00
7.787899017333984375e+00
7.788475990295410156e+00
7.789052963256835938e+00
7.789628982543945312e+00
7.790205001831054688e+00
7.790780067443847656e+00
7.791355133056640625e+00
7.791928291320800781e+00
7.792501926422119141e+00
7.793075084686279297e+00
7.793647766113281250e+00
7.794219970703125000e+00
7.794791221618652344e+00
7.795362472534179688e+00
7.795932769775390625e+00
7.796503067016601562e+00
7.797072887420654297e+00
7.797640800476074219e+00
7.798209667205810547e+00
7.798777580261230469e+00
7.799344062805175781e+00
7.799911499023437500e+00
7.800477981567382812e+00
7.801043987274169922e+00
7.801609039306640625e+00
7.802174091339111328e+00
7.802738189697265625e+00
7.803301811218261719e+00
7.803864955902099609e+00
7.804427146911621094e+00
7.804989814758300781e+00
7.805551528930664062e+00
7.806112289428710938e+00
7.806673526763916016e+00
7.807233333587646484e+00
7.807792663574218750e+00
7.808351993560791016e+00
7.808910846710205078e+00
7.809469223022460938e+00
7.810026168823242188e+00
7.810583591461181641e+00
7.811140060424804688e+00
7.811695575714111328e+00
7.812252044677734375e+00
7.812806129455566406e+00
7.813361167907714844e+00
7.813915252685546875e+00
7.814468860626220703e+00
7.815021514892578125e+00
7.815574645996093750e+00
7.816125869750976562e+00
7.816678047180175781e+00
7.817229270935058594e+00
7.817780017852783203e+00
7.818329811096191406e+00
7.818880081176757812e+00
7.819429397583007812e+00
7.819977283477783203e+00
7.820526123046875000e+00
7.821073532104492188e+00
7.821620941162109375e+00
7.822166919708251953e+00
7.822713851928710938e+00
7.823259353637695312e+00
7.823803901672363281e+00
7.824348449707031250e+00
7.824892520904541016e+00
7.825435638427734375e+00
7.825979232788085938e+00
7.826522350311279297e+00
7.827064514160156250e+00
7.827606678009033203e+00
7.828147411346435547e+00
7.828688621520996094e+00
7.829228401184082031e+00
7.829768180847167969e+00
7.830307960510253906e+00
7.830847263336181641e+00
7.831385612487792969e+00
7.831923484802246094e+00
7.832461357116699219e+00
7.832997322082519531e+00
7.833533763885498047e+00
7.834070205688476562e+00
7.834605216979980469e+00
7.835140705108642578e+00
7.835675239562988281e+00
7.836209297180175781e+00
7.836742877960205078e+00
7.837276458740234375e+00
7.837808609008789062e+00
7.838341712951660156e+00
7.838873863220214844e+00
7.839404582977294922e+00
7.839935779571533203e+00
7.840466499328613281e+00
7.840996742248535156e+00
7.841525077819824219e+00
7.842054367065429688e+00
7.842582225799560547e+00
7.843110561370849609e+00
7.843638420104980469e+00
7.844165802001953125e+00
7.844692230224609375e+00
7.845218658447265625e+00
7.845744609832763672e+00
7.846270084381103516e+00
7.846795082092285156e+00
7.847319602966308594e+00
7.847843647003173828e+00
7.848367214202880859e+00
7.848889350891113281e+00
7.849411964416503906e+00
7.849933624267578125e+00
7.850455760955810547e+00
7.850977420806884766e+00
7.851497650146484375e+00
7.852018833160400391e+00
7.852538585662841797e+00
7.853058338165283203e+00
7.853577136993408203e+00
7.854096412658691406e+00
7.854613780975341797e+00
7.855132102966308594e+00
7.855649471282958984e+00
7.856165885925292969e+00
7.856682777404785156e+00
7.857197761535644531e+00
7.857713222503662109e+00
7.858228206634521484e+00
7.858743667602539062e+00
7.859257698059082031e+00
7.859771728515625000e+00
7.860284805297851562e+00
7.860797882080078125e+00
7.861310958862304688e+00
7.861822605133056641e+00
7.862333774566650391e+00
7.862844467163085938e+00
7.863355636596679688e+00
7.863865852355957031e+00
7.864375591278076172e+00
7.864885330200195312e+00
7.865393638610839844e+00
7.865903377532958984e+00
7.866411685943603516e+00
7.866918563842773438e+00
7.867425918579101562e+00
7.867932796478271484e+00
7.868439674377441406e+00
7.868945598602294922e+00
7.869450569152832031e+00
7.869956493377685547e+00
7.870460510253906250e+00
7.870965003967285156e+00
7.871469497680664062e+00
7.871972560882568359e+00
7.872476100921630859e+00
7.872978210449218750e+00
7.873481273651123047e+00
7.873982429504394531e+00
7.874483585357666016e+00
7.874985218048095703e+00
7.875485420227050781e+00
7.875985145568847656e+00
7.876485824584960938e+00
7.876984596252441406e+00
7.877483367919921875e+00
7.877982139587402344e+00
7.878479957580566406e+00
7.878977775573730469e+00
7.879474639892578125e+00
7.879971504211425781e+00
7.880468368530273438e+00
7.880964279174804688e+00
7.881460189819335938e+00
7.881955146789550781e+00
7.882450103759765625e+00
7.882945537567138672e+00
7.883439064025878906e+00
7.883933067321777344e+00
7.884426593780517578e+00
7.884919166564941406e+00
7.885412216186523438e+00
7.885904312133789062e+00
7.886395931243896484e+00
7.886887073516845703e+00
7.887378692626953125e+00
7.887868881225585938e+00
7.888359069824218750e+00
7.888848304748535156e+00
7.889338016510009766e+00
7.889827251434326172e+00
7.890315055847167969e+00
7.890803813934326172e+00
7.891291618347167969e+00
7.891778469085693359e+00
7.892265319824218750e+00
7.892753124237060547e+00
7.893238544464111328e+00
7.893724441528320312e+00
7.894209861755371094e+00
7.894695281982421875e+00
7.895179748535156250e+00
7.895664691925048828e+00
7.896148681640625000e+00
7.896632194519042969e+00
7.897115230560302734e+00
7.897597789764404297e+00
7.898080348968505859e+00
7.898562431335449219e+00
7.899043560028076172e+00
7.899524688720703125e+00
7.900005817413330078e+00
7.900485992431640625e+00
7.900967121124267578e+00
7.901446342468261719e+00
7.901926040649414062e+00
7.902404785156250000e+00
7.902884006500244141e+00
7.903362274169921875e+00
7.903840541839599609e+00
7.904318332672119141e+00
7.904795169830322266e+00
7.905272483825683594e+00
7.905748844146728516e+00
7.906224250793457031e+00
7.906700134277343750e+00
7.907175064086914062e+00
7.907649993896484375e+00
7.908125877380371094e+00
7.908599853515625000e+00
7.909073829650878906e+00
7.909547805786132812e+00
7.910020828247070312e+00
7.910493373870849609e+00
7.910965919494628906e+00
7.911437988281250000e+00
7.911909103393554688e+00
7.912380695343017578e+00
7.912852287292480469e+00
7.913322925567626953e+00
7.913793563842773438e+00
7.914264202117919922e+00
7.914733886718750000e+00
7.915203094482421875e+00
7.915672302246093750e+00
7.916141033172607422e+00
7.916609287261962891e+00
7.917077064514160156e+00
7.917544364929199219e+00
7.918011665344238281e+00
7.918478965759277344e+00
7.918945312500000000e+00
7.919411659240722656e+00
7.919877052307128906e+00
7.920342922210693359e+00
7.920807838439941406e+00
7.921273231506347656e+00
7.921737670898437500e+00
7.922201633453369141e+00
7.922665596008300781e+00
7.923129081726074219e+00
7.923591613769531250e+00
7.924055099487304688e+00
7.924517631530761719e+00
7.924979209899902344e+00
7.925441265106201172e+00
7.925902366638183594e+00
7.926362991333007812e+00
7.926824569702148438e+00
7.927284717559814453e+00
7.927745342254638672e+00
7.928204536437988281e+00
7.928663730621337891e+00
7.929122447967529297e+00
7.929581642150878906e+00
7.930039882659912109e+00
7.930497646331787109e+00
7.930955410003662109e+00
7.931412696838378906e+00
7.931869506835937500e+00
7.932326316833496094e+00
7.932783126831054688e+00
7.933239936828613281e+00
7.933695316314697266e+00
7.934152126312255859e+00
7.934606075286865234e+00
7.935061931610107422e+00
7.935516357421875000e+00
7.935970783233642578e+00
7.936425209045410156e+00
7.936879158020019531e+00
7.937331676483154297e+00
7.937785148620605469e+00
7.938237190246582031e+00
7.938690185546875000e+00
7.939141750335693359e+00
7.939594268798828125e+00
7.940045356750488281e+00
7.940495967864990234e+00
7.940946102142333984e+00
7.941397190093994141e+00
7.941847324371337891e+00
7.942296981811523438e+00
7.942746639251708984e+00
7.943195343017578125e+00
7.943644046783447266e+00
7.944092750549316406e+00
7.944541454315185547e+00
7.944988727569580078e+00
7.945437431335449219e+00
7.945883750915527344e+00
7.946331024169921875e+00
7.946777343750000000e+00
7.947224140167236328e+00
7.947670459747314453e+00
7.948116302490234375e+00
7.948562145233154297e+00
7.949007034301757812e+00
7.949451923370361328e+00
7.949896812438964844e+00
7.950341224670410156e+00
7.950785636901855469e+00
7.951229095458984375e+00
7.951672554016113281e+00
7.952115535736083984e+00
7.952558517456054688e+00
7.953001022338867188e+00
7.953444004058837891e+00
7.953885078430175781e+00
7.954326629638671875e+00
7.954769134521484375e+00
7.955210208892822266e+00
7.955651283264160156e+00
7.956092357635498047e+00
7.956532001495361328e+00
7.956972122192382812e+00
7.957411766052246094e+00
7.957851409912109375e+00
7.958290576934814453e+00
7.958729743957519531e+00
7.959167957305908203e+00
7.959606647491455078e+00
7.960045814514160156e+00
7.960482597351074219e+00
7.960920333862304688e+00
7.961358070373535156e+00
7.961794853210449219e+00
7.962231636047363281e+00
7.962667942047119141e+00
7.963103771209716797e+00
7.963540077209472656e+00
7.963975429534912109e+00
7.964410305023193359e+00
7.964845657348632812e+00
7.965279579162597656e+00
7.965714454650878906e+00
7.966148376464843750e+00
7.966582775115966797e+00
7.967016220092773438e+00
7.967450141906738281e+00
7.967882156372070312e+00
7.968316078186035156e+00
7.968747138977050781e+00
7.969180107116699219e+00
7.969611644744873047e+00
7.970043182373046875e+00
7.970474720001220703e+00
7.970905780792236328e+00
7.971337318420410156e+00
7.971766948699951172e+00
7.972198486328125000e+00
7.972628593444824219e+00
7.973058700561523438e+00
7.973487377166748047e+00
7.973917961120605469e+00
7.974346637725830078e+00
7.974774837493896484e+00
7.975203514099121094e+00
7.975631713867187500e+00
7.976059436798095703e+00
7.976488113403320312e+00
7.976915359497070312e+00
7.977342128753662109e+00
7.977769374847412109e+00
7.978196144104003906e+00
7.978622436523437500e+00
7.979048252105712891e+00
7.979475021362304688e+00
7.979900836944580078e+00
7.980325698852539062e+00
7.980751037597656250e+00
7.981175422668457031e+00
7.981600761413574219e+00
7.982025623321533203e+00
7.982449531555175781e+00
7.982873439788818359e+00
7.983297348022460938e+00
7.983720779418945312e+00
7.984144687652587891e+00
7.984566688537597656e+00
7.984989643096923828e+00
7.985412597656250000e+00
7.985835552215576172e+00
7.986256599426269531e+00
7.986678600311279297e+00
7.987100601196289062e+00
7.987521648406982422e+00
7.987943172454833984e+00
7.988364219665527344e+00
7.988784790039062500e+00
7.989205360412597656e+00
7.989624977111816406e+00
7.990044593811035156e+00
7.990464687347412109e+00
7.990884780883789062e+00
7.991303443908691406e+00
7.991722106933593750e+00
7.992141246795654297e+00
7.992558479309082031e+00
7.992977619171142578e+00
7.993395328521728516e+00
7.993813037872314453e+00
7.994230270385742188e+00
7.994647979736328125e+00
7.995064735412597656e+00
7.995480537414550781e+00
7.995897293090820312e+00
7.996314048767089844e+00
7.996729850769042969e+00
7.997146129608154297e+00
7.997561454772949219e+00
7.997976779937744141e+00
7.998391628265380859e+00
7.998806953430175781e+00
7.999221801757812500e+00
7.999636173248291016e+00
8.000051498413085938e+00
8.000465393066406250e+00
8.000878334045410156e+00
8.001292228698730469e+00
8.001706123352050781e+00
8.002119064331054688e+00
8.002532005310058594e+00
8.002944946289062500e+00
8.003357887268066406e+00
8.003769874572753906e+00
8.004181861877441406e+00
8.004593849182128906e+00
8.005004882812500000e+00
8.005416870117187500e+00
8.005828857421875000e+00
8.006238937377929688e+00
8.006649017333984375e+00
8.007060050964355469e+00
8.007470130920410156e+00
8.007881164550781250e+00
8.008290290832519531e+00
8.008699417114257812e+00
8.009108543395996094e+00
8.009517669677734375e+00
8.009927749633789062e+00
8.010335922241210938e+00
8.010745048522949219e+00
8.011154174804687500e+00
8.011562347412109375e+00
8.011970520019531250e+00
8.012378692626953125e+00
8.012786865234375000e+00
8.013193130493164062e+00
8.013601303100585938e+00
8.014008522033691406e+00
8.014414787292480469e+00
8.014822006225585938e+00
8.015228271484375000e+00
8.015634536743164062e+00
8.016040802001953125e+00
8.016446113586425781e+00
8.016851425170898438e+00
8.017256736755371094e+00
8.017662048339843750e+00
8.018066406250000000e+00
8.018470764160156250e+00
8.018876075744628906e+00
8.019280433654785156e+00
8.019683837890625000e+00
8.020088195800781250e+00
8.020492553710937500e+00
8.020895957946777344e+00
8.021299362182617188e+00
8.021701812744140625e+00
8.022105216979980469e+00
8.022507667541503906e+00
8.022911071777343750e+00
8.023313522338867188e+00
8.023715019226074219e+00
8.024116516113281250e+00
8.024518966674804688e+00
8.024920463562011719e+00
8.025322914123535156e+00
8.025723457336425781e+00
8.026124954223632812e+00
8.026525497436523438e+00
8.026925086975097656e+00
8.027326583862304688e+00
8.027727127075195312e+00
8.028126716613769531e+00
8.028527259826660156e+00
8.028927803039550781e+00
8.029326438903808594e+00
8.029726028442382812e+00
8.030124664306640625e+00
8.030524253845214844e+00
8.030923843383789062e+00
8.031322479248046875e+00
8.031720161437988281e+00
8.032118797302246094e+00
8.032516479492187500e+00
8.032915115356445312e+00
8.033311843872070312e+00
8.033709526062011719e+00
8.034106254577636719e+00
8.034503936767578125e+00
8.034900665283203125e+00
8.035297393798828125e+00
8.035694122314453125e+00
8.036090850830078125e+00
8.036486625671386719e+00
8.036882400512695312e+00
8.037277221679687500e+00
8.037672996520996094e+00
8.038069725036621094e+00
8.038464546203613281e+00
8.038859367370605469e+00
8.039255142211914062e+00
8.039649963378906250e+00
8.040044784545898438e+00
8.040439605712890625e+00
8.040833473205566406e+00
8.041227340698242188e+00
8.041621208190917969e+00
8.042015075683593750e+00
8.042409896850585938e+00
8.042802810668945312e+00
8.043195724487304688e+00
8.043590545654296875e+00
8.043982505798339844e+00
8.044376373291015625e+00
8.044768333435058594e+00
8.045160293579101562e+00
8.045552253723144531e+00
8.045944213867187500e+00
8.046337127685546875e+00
8.046728134155273438e+00
8.047119140625000000e+00
8.047511100769042969e+00
8.047903060913085938e+00
8.048294067382812500e+00
8.048685073852539062e+00
8.049076080322265625e+00
8.049467086791992188e+00
8.049857139587402344e+00
8.050247192382812500e+00
8.050638198852539062e+00
8.051027297973632812e+00
8.051417350769042969e+00
8.051807403564453125e+00
8.052197456359863281e+00
8.052586555480957031e+00
8.052976608276367188e+00
8.053363800048828125e+00
8.053752899169921875e+00
8.054142951965332031e+00
8.054531097412109375e+00
8.054919242858886719e+00
8.055307388305664062e+00
8.055696487426757812e+00
8.056083679199218750e+00
8.056471824645996094e+00
8.056859970092773438e+00
8.057247161865234375e+00
8.057634353637695312e+00
8.058021545410156250e+00
8.058407783508300781e+00
8.058794975280761719e+00
8.059182167053222656e+00
8.059568405151367188e+00
8.059954643249511719e+00
8.060340881347656250e+00
8.060727119445800781e+00
8.061113357543945312e+00
8.061498641967773438e+00
8.061883926391601562e+00
8.062270164489746094e+00
8.062655448913574219e+00
8.063039779663085938e+00
8.063425064086914062e+00
8.063810348510742188e+00
8.064194679260253906e+00
8.064579010009765625e+00
8.064964294433593750e+00
8.065348625183105469e+00
8.065732955932617188e+00
8.066116333007812500e+00
8.066499710083007812e+00
8.066884994506835938e+00
8.067268371582031250e+00
8.067651748657226562e+00
8.068035125732421875e+00
8.068418502807617188e+00
8.068800926208496094e+00
8.069185256958007812e+00
8.069566726684570312e+00
8.069950103759765625e+00
8.070331573486328125e+00
8.070713996887207031e+00
8.071095466613769531e+00
8.071477890014648438e+00
8.071860313415527344e+00
8.072241783142089844e+00
8.072622299194335938e+00
8.073004722595214844e+00
8.073386192321777344e+00
8.073766708374023438e+00
8.074148178100585938e+00
8.074528694152832031e+00
8.074909210205078125e+00
8.075290679931640625e+00
8.075671195983886719e+00
8.076050758361816406e+00
8.076431274414062500e+00
8.076810836791992188e+00
8.077190399169921875e+00
8.077569961547851562e+00
8.077949523925781250e+00
8.078329086303710938e+00
8.078708648681640625e+00
8.079088211059570312e+00
8.079467773437500000e+00
8.079847335815429688e+00
8.080225944519042969e+00
8.080604553222656250e+00
8.080983161926269531e+00
8.081361770629882812e+00
8.081741333007812500e+00
8.082118034362792969e+00
8.082496643066406250e+00
8.082874298095703125e+00
8.083252906799316406e+00
8.083629608154296875e+00
8.084007263183593750e+00
8.084384918212890625e+00
8.084762573242187500e+00
8.085138320922851562e+00
8.085515975952148438e+00
8.085893630981445312e+00
8.086269378662109375e+00
8.086647033691406250e+00
8.087022781372070312e+00
8.087398529052734375e+00
8.087774276733398438e+00
8.088151931762695312e+00
8.088527679443359375e+00
8.088903427124023438e+00
8.089279174804687500e+00
8.089654922485351562e+00
8.090031623840332031e+00
8.090406417846679688e+00
8.090782165527343750e+00
8.091156959533691406e+00
8.091532707214355469e+00
8.091906547546386719e+00
8.092281341552734375e+00
8.092657089233398438e+00
8.093030929565429688e+00
8.093404769897460938e+00
8.093779563903808594e+00
8.094154357910156250e+00
8.094528198242187500e+00
8.094902038574218750e+00
8.095275878906250000e+00
8.095650672912597656e+00
8.096023559570312500e+00
8.096395492553710938e+00
8.096770286560058594e+00
8.097143173217773438e+00
8.097515106201171875e+00
8.097888946533203125e+00
8.098261833190917969e+00
8.098634719848632812e+00
8.099006652832031250e+00
8.099380493164062500e+00
8.099752426147460938e+00
8.100124359130859375e+00
8.100497245788574219e+00
8.100868225097656250e+00
8.101240158081054688e+00
8.101613044738769531e+00
8.101984024047851562e+00
8.102355957031250000e+00
8.102726936340332031e+00
8.103097915649414062e+00
8.103469848632812500e+00
8.103839874267578125e+00
8.104211807250976562e+00
8.104583740234375000e+00
8.104953765869140625e+00
8.105324745178222656e+00
8.105694770812988281e+00
8.106065750122070312e+00
8.106435775756835938e+00
8.106805801391601562e+00
8.107175827026367188e+00
8.107546806335449219e+00
8.107915878295898438e+00
8.108285903930664062e+00
8.108654975891113281e+00
8.109024047851562500e+00
8.109394073486328125e+00
8.109763145446777344e+00
8.110132217407226562e+00
8.110502243041992188e+00
8.110870361328125000e+00
8.111239433288574219e+00
8.111607551574707031e+00
8.111976623535156250e+00
8.112344741821289062e+00
8.112713813781738281e+00
8.113082885742187500e+00
8.113451004028320312e+00
8.113818168640136719e+00
8.114187240600585938e+00
8.114555358886718750e+00
8.114923477172851562e+00
8.115290641784667969e+00
8.115657806396484375e+00
8.116025924682617188e+00
8.116392135620117188e+00
8.116760253906250000e+00
8.117127418518066406e+00
8.117494583129882812e+00
8.117862701416015625e+00
8.118228912353515625e+00
8.118596076965332031e+00
8.118962287902832031e+00
8.119328498840332031e+00
8.119695663452148438e+00
8.120060920715332031e+00
8.120428085327148438e+00
8.120794296264648438e+00
8.121159553527832031e+00
8.121526718139648438e+00
8.121891975402832031e+00
8.122257232666015625e+00
8.122622489929199219e+00
8.122987747192382812e+00
8.123353958129882812e+00
8.123718261718750000e+00
8.124083518981933594e+00
8.124448776245117188e+00
8.124814033508300781e+00
8.125180244445800781e+00
8.125543594360351562e+00
8.125909805297851562e+00
8.126273155212402344e+00
8.126638412475585938e+00
8.127002716064453125e+00
8.127367019653320312e+00
8.127732276916503906e+00
8.128096580505371094e+00
8.128459930419921875e+00
8.128824234008789062e+00
8.129188537597656250e+00
8.129551887512207031e+00
8.129915237426757812e+00
8.130279541015625000e+00
8.130641937255859375e+00
8.131006240844726562e+00
8.131368637084960938e+00
8.131731986999511719e+00
8.132095336914062500e+00
8.132458686828613281e+00
8.132821083068847656e+00
8.133184432983398438e+00
8.133546829223632812e+00
8.133909225463867188e+00
8.134271621704101562e+00
8.134634017944335938e+00
8.134996414184570312e+00
8.135358810424804688e+00
8.135721206665039062e+00
8.136083602905273438e+00
8.136445999145507812e+00
8.136806488037109375e+00
8.137168884277343750e+00
8.137530326843261719e+00
8.137891769409179688e+00
8.138253211975097656e+00
8.138615608215332031e+00
8.138977050781250000e+00
8.139337539672851562e+00
8.139698028564453125e+00
8.140058517456054688e+00
8.140419960021972656e+00
8.140780448913574219e+00
8.141141891479492188e+00
8.141501426696777344e+00
8.141862869262695312e+00
8.142223358154296875e+00
8.142583847045898438e+00
8.142943382263183594e+00
8.143304824829101562e+00
8.143664360046386719e+00
8.144023895263671875e+00
8.144383430480957031e+00
8.144743919372558594e+00
8.145103454589843750e+00
8.145462036132812500e+00
8.145822525024414062e+00
8.146183013916015625e+00
8.146540641784667969e+00
8.146900177001953125e+00
8.147258758544921875e+00
8.147618293762207031e+00
8.147977828979492188e+00
8.148336410522460938e+00
8.148694992065429688e+00
8.149053573608398438e+00
8.149412155151367188e+00
8.149770736694335938e+00
8.150129318237304688e+00
8.150486946105957031e+00
8.150845527648925781e+00
8.151204109191894531e+00
8.151561737060546875e+00
8.151919364929199219e+00
8.152277946472167969e+00
8.152635574340820312e+00
8.152993202209472656e+00
8.153350830078125000e+00
8.153707504272460938e+00
8.154066085815429688e+00
8.154424667358398438e+00
8.154781341552734375e+00
8.155138015747070312e+00
8.155495643615722656e+00
8.155853271484375000e+00
8.156209945678710938e+00
8.156566619873046875e+00
8.156924247741699219e+00
8.157279968261718750e+00
8.157636642456054688e+00
8.157993316650390625e+00
8.158349037170410156e+00
8.158706665039062500e+00
8.159062385559082031e+00
8.159418106079101562e+00
8.159773826599121094e+00
8.160130500793457031e+00
8.160486221313476562e+00
8.160842895507812500e+00
8.161197662353515625e+00
8.161553382873535156e+00
8.161910057067871094e+00
8.162265777587890625e+00
8.162620544433593750e+00
8.162976264953613281e+00
8.163331031799316406e+00
8.163686752319335938e+00
8.164042472839355469e+00
8.164397239685058594e+00
8.164752006530761719e+00
8.165106773376464844e+00
8.165460586547851562e+00
8.165815353393554688e+00
8.166170120239257812e+00
8.166523933410644531e+00
8.166879653930664062e+00
8.167234420776367188e+00
8.167588233947753906e+00
8.167942047119140625e+00
8.168296813964843750e+00
8.168650627136230469e+00
8.169004440307617188e+00
8.169358253479003906e+00
8.169712066650390625e+00
8.170065879821777344e+00
8.170418739318847656e+00
8.170772552490234375e+00
8.171127319335937500e+00
8.171480178833007812e+00
8.171833038330078125e+00
8.172185897827148438e+00
8.172538757324218750e+00
8.172892570495605469e+00
8.173246383666992188e+00
8.173598289489746094e+00
8.173952102661132812e+00
8.174304962158203125e+00
8.174656867980957031e+00
8.175008773803710938e+00
8.175361633300781250e+00
8.175714492797851562e+00
8.176067352294921875e+00
8.176418304443359375e+00
8.176771163940429688e+00
8.177122116088867188e+00
8.177474975585937500e+00
8.177825927734375000e+00
8.178178787231445312e+00
8.178529739379882812e+00
8.178880691528320312e+00
8.179233551025390625e+00
8.179584503173828125e+00
8.179935455322265625e+00
8.180286407470703125e+00
8.180639266967773438e+00
8.180990219116210938e+00
8.181341171264648438e+00
8.181691169738769531e+00
8.182042121887207031e+00
8.182393074035644531e+00
8.182744026184082031e+00
8.183094978332519531e+00
8.183444976806640625e+00
8.183795928955078125e+00
8.184146881103515625e+00
8.184496879577636719e+00
8.184846878051757812e+00
8.185197830200195312e+00
8.185547828674316406e+00
8.185897827148437500e+00
8.186248779296875000e+00
8.186597824096679688e+00
8.186948776245117188e+00
8.187297821044921875e+00
8.187646865844726562e+00
8.187996864318847656e+00
8.188345909118652344e+00
8.188694000244140625e+00
8.189044952392578125e+00
8.189393997192382812e+00
8.189743041992187500e+00
8.190092086791992188e+00
8.190441131591796875e+00
8.190790176391601562e+00
8.191139221191406250e+00
8.191488265991210938e+00
8.191837310791015625e+00
8.192186355590820312e+00
8.192534446716308594e+00
8.192883491516113281e+00
8.193231582641601562e+00
8.193580627441406250e+00
8.193927764892578125e+00
8.194276809692382812e+00
8.194625854492187500e+00
8.194972991943359375e+00
8.195320129394531250e+00
8.195668220520019531e+00
8.196016311645507812e+00
8.196363449096679688e+00
8.196711540222167969e+00
8.197058677673339844e+00
8.197405815124511719e+00
8.197752952575683594e+00
8.198101043701171875e+00
8.198447227478027344e+00
8.198795318603515625e+00
8.199143409729003906e+00
8.199489593505859375e+00
8.199835777282714844e+00
8.200181961059570312e+00
8.200530052185058594e+00
8.200876235961914062e+00
8.201223373413085938e+00
8.201569557189941406e+00
8.201916694641113281e+00
8.202262878417968750e+00
8.202609062194824219e+00
8.202956199645996094e+00
8.203302383422851562e+00
8.203647613525390625e+00
8.203993797302246094e+00
8.204339981079101562e+00
8.204685211181640625e+00
8.205032348632812500e+00
8.205377578735351562e+00
8.205722808837890625e+00
8.206068038940429688e+00
8.206413269042968750e+00
8.206759452819824219e+00
8.207105636596679688e+00
8.207449913024902344e+00
8.207796096801757812e+00
8.208139419555664062e+00
8.208485603332519531e+00
8.208830833435058594e+00
8.209175109863281250e+00
8.209520339965820312e+00
8.209864616394042969e+00
8.210208892822265625e+00
8.210553169250488281e+00
8.210898399353027344e+00
8.211242675781250000e+00
8.211587905883789062e+00
8.211931228637695312e+00
8.212275505065917969e+00
8.212619781494140625e+00
8.212963104248046875e+00
8.213307380676269531e+00
8.213649749755859375e+00
8.213994979858398438e+00
8.214338302612304688e+00
8.214682579040527344e+00
8.215024948120117188e+00
8.215370178222656250e+00
8.215712547302246094e+00
8.216056823730468750e+00
8.216400146484375000e+00
8.216743469238281250e+00
8.217085838317871094e+00
8.217430114746093750e+00
8.217772483825683594e+00
8.218115806579589844e+00
8.218458175659179688e+00
8.218801498413085938e+00
8.219144821166992188e+00
8.219487190246582031e+00
8.219829559326171875e+00
8.220171928405761719e+00
8.220514297485351562e+00
8.220856666564941406e+00
8.221198081970214844e+00
8.221540451049804688e+00
8.221882820129394531e+00
8.222225189208984375e+00
8.222566604614257812e+00
8.222908973693847656e+00
8.223250389099121094e+00
8.223592758178710938e+00
8.223934173583984375e+00
8.224275588989257812e+00
8.224616050720214844e+00
8.224957466125488281e+00
8.225298881530761719e+00
8.225639343261718750e+00
8.225980758666992188e+00
8.226322174072265625e+00
8.226661682128906250e+00
8.227004051208496094e+00
8.227344512939453125e+00
8.227685928344726562e+00
8.228026390075683594e+00
8.228366851806640625e+00
8.228706359863281250e+00
8.229047775268554688e+00
8.229388236999511719e+00
8.229728698730468750e+00
8.230068206787109375e+00
8.230408668518066406e+00
8.230749130249023438e+00
8.231088638305664062e+00
8.231428146362304688e+00
8.231768608093261719e+00
8.232108116149902344e+00
8.232447624206542969e+00
8.232788085937500000e+00
8.233126640319824219e+00
8.233466148376464844e+00
8.233805656433105469e+00
8.234144210815429688e+00
8.234483718872070312e+00
8.234823226928710938e+00
8.235161781311035156e+00
8.235500335693359375e+00
8.235838890075683594e+00
8.236179351806640625e+00
8.236516952514648438e+00
8.236855506896972656e+00
8.237194061279296875e+00
8.237532615661621094e+00
8.237871170043945312e+00
8.238208770751953125e+00
8.238548278808593750e+00
8.238885879516601562e+00
8.239223480224609375e+00
8.239562034606933594e+00
8.239900588989257812e+00
8.240237236022949219e+00
8.240575790405273438e+00
8.240913391113281250e+00
8.241250991821289062e+00
8.241588592529296875e+00
8.241926193237304688e+00
8.242263793945312500e+00
8.242601394653320312e+00
8.242938041687011719e+00
8.243276596069335938e+00
8.243612289428710938e+00
8.243949890136718750e+00
8.244286537170410156e+00
8.244623184204101562e+00
8.244959831237792969e+00
8.245296478271484375e+00
8.245633125305175781e+00
8.245969772338867188e+00
8.246306419372558594e+00
8.246643066406250000e+00
8.246978759765625000e+00
8.247314453125000000e+00
8.247652053833007812e+00
8.247987747192382812e+00
8.248323440551757812e+00
8.248659133911132812e+00
8.248994827270507812e+00
8.249330520629882812e+00
8.249666213989257812e+00
8.250001907348632812e+00
8.250337600708007812e+00
8.250673294067382812e+00
8.251008987426757812e+00
8.251344680786132812e+00
8.251678466796875000e+00
8.252014160156250000e+00
8.252349853515625000e+00
8.252684593200683594e+00
8.253019332885742188e+00
8.253354072570800781e+00
8.253688812255859375e+00
8.254023551940917969e+00
8.254358291625976562e+00
8.254692077636718750e+00
8.255025863647460938e+00
8.255360603332519531e+00
8.255695343017578125e+00
8.256029129028320312e+00
8.256362915039062500e+00
8.256696701049804688e+00
8.257031440734863281e+00
8.257364273071289062e+00
8.257698059082031250e+00
8.258031845092773438e+00
8.258365631103515625e+00
8.258699417114257812e+00
8.259031295776367188e+00
8.259364128112792969e+00
8.259697914123535156e+00
8.260030746459960938e+00
8.260364532470703125e+00
8.260696411132812500e+00
8.261028289794921875e+00
8.261362075805664062e+00
8.261693954467773438e+00
8.262027740478515625e+00
8.262360572814941406e+00
8.262693405151367188e+00
8.263025283813476562e+00
8.263357162475585938e+00
8.263689994812011719e+00
8.264022827148437500e+00
8.264354705810546875e+00
8.264686584472656250e+00
8.265018463134765625e+00
8.265350341796875000e+00
8.265681266784667969e+00
8.266012191772460938e+00
8.266344070434570312e+00
8.266675949096679688e+00
8.267007827758789062e+00
8.267337799072265625e+00
8.267669677734375000e+00
8.268000602722167969e+00
8.268331527709960938e+00
8.268663406372070312e+00
8.268994331359863281e+00
8.269325256347656250e+00
8.269655227661132812e+00
8.269985198974609375e+00
8.270316123962402344e+00
8.270647048950195312e+00
8.270977020263671875e+00
8.271307945251464844e+00
8.271636962890625000e+00
8.271968841552734375e+00
8.272297859191894531e+00
8.272627830505371094e+00
8.272957801818847656e+00
8.273287773132324219e+00
8.273616790771484375e+00
8.273946762084960938e+00
8.274274826049804688e+00
8.274604797363281250e+00
8.274933815002441406e+00
8.275262832641601562e+00
8.275592803955078125e+00
8.275920867919921875e+00
8.276249885559082031e+00
8.276578903198242188e+00
8.276908874511718750e+00
8.277238845825195312e+00
8.277566909790039062e+00
8.277894973754882812e+00
8.278223037719726562e+00
8.278552055358886719e+00
8.278881072998046875e+00
8.279209136962890625e+00
8.279537200927734375e+00
8.279865264892578125e+00
8.280192375183105469e+00
8.280519485473632812e+00
8.280848503112792969e+00
8.281175613403320312e+00
8.281504631042480469e+00
8.281831741333007812e+00
8.282158851623535156e+00
8.282486915588378906e+00
8.282813072204589844e+00
8.283140182495117188e+00
8.283468246459960938e+00
8.283794403076171875e+00
8.284122467041015625e+00
8.284447669982910156e+00
8.284775733947753906e+00
8.285100936889648438e+00
8.285428047180175781e+00
8.285755157470703125e+00
8.286081314086914062e+00
8.286407470703125000e+00
8.286733627319335938e+00
8.287060737609863281e+00
8.287385940551757812e+00
8.287712097167968750e+00
8.288038253784179688e+00
8.288363456726074219e+00
8.288689613342285156e+00
8.289014816284179688e+00
8.289340972900390625e+00
8.289666175842285156e+00
8.289991378784179688e+00
8.290315628051757812e+00
8.290640830993652344e+00
8.290966033935546875e+00
8.291290283203125000e+00
8.291614532470703125e+00
8.291939735412597656e+00
8.292264938354492188e+00
8.292589187622070312e+00
8.292913436889648438e+00
8.293237686157226562e+00
8.293561935424804688e+00
8.293886184692382812e+00
8.294210433959960938e+00
8.294534683227539062e+00
8.294858932495117188e+00
8.295181274414062500e+00
8.295505523681640625e+00
8.295828819274902344e+00
8.296153068542480469e+00
8.296477317810058594e+00
8.296800613403320312e+00
8.297123908996582031e+00
8.297448158264160156e+00
8.297771453857421875e+00
8.298093795776367188e+00
8.298416137695312500e+00
8.298738479614257812e+00
8.299060821533203125e+00
8.299384117126464844e+00
8.299706459045410156e+00
8.300027847290039062e+00
8.300350189208984375e+00
8.300673484802246094e+00
8.300994873046875000e+00
8.301317214965820312e+00
8.301639556884765625e+00
8.301960945129394531e+00
8.302282333374023438e+00
8.302604675292968750e+00
8.302926063537597656e+00
8.303247451782226562e+00
8.303568840026855469e+00
8.303890228271484375e+00
8.304210662841796875e+00
8.304533004760742188e+00
8.304853439331054688e+00
8.305175781250000000e+00
8.305496215820312500e+00
8.305816650390625000e+00
8.306138038635253906e+00
8.306457519531250000e+00
8.306777954101562500e+00
8.307098388671875000e+00
8.307418823242187500e+00
8.307738304138183594e+00
8.308058738708496094e+00
8.308378219604492188e+00
8.308696746826171875e+00
8.309017181396484375e+00
8.309335708618164062e+00
8.309656143188476562e+00
8.309976577758789062e+00
8.310295104980468750e+00
8.310615539550781250e+00
8.310934066772460938e+00
8.311252593994140625e+00
8.311572074890136719e+00
8.311889648437500000e+00
8.312209129333496094e+00
8.312527656555175781e+00
8.312847137451171875e+00
8.313165664672851562e+00
8.313484191894531250e+00
8.313802719116210938e+00
8.314120292663574219e+00
8.314437866210937500e+00
8.314755439758300781e+00
8.315073013305664062e+00
8.315391540527343750e+00
8.315709114074707031e+00
8.316025733947753906e+00
8.316344261169433594e+00
8.316659927368164062e+00
8.316978454589843750e+00
8.317295074462890625e+00
8.317612648010253906e+00
8.317929267883300781e+00
8.318246841430664062e+00
8.318563461303710938e+00
8.318880081176757812e+00
8.319196701049804688e+00
8.319513320922851562e+00
8.319829940795898438e+00
8.320145606994628906e+00
8.320461273193359375e+00
8.320777893066406250e+00
8.321094512939453125e+00
8.321410179138183594e+00
8.321725845336914062e+00
8.322041511535644531e+00
8.322357177734375000e+00
8.322672843933105469e+00
8.322988510131835938e+00
8.323303222656250000e+00
8.323617935180664062e+00
8.323933601379394531e+00
8.324248313903808594e+00
8.324562072753906250e+00
8.324877738952636719e+00
8.325191497802734375e+00
8.325506210327148438e+00
8.325820922851562500e+00
8.326134681701660156e+00
8.326448440551757812e+00
8.326763153076171875e+00
8.327077865600585938e+00
8.327391624450683594e+00
8.327705383300781250e+00
8.328019142150878906e+00
8.328332901000976562e+00
8.328647613525390625e+00
8.328960418701171875e+00
8.329273223876953125e+00
8.329586029052734375e+00
8.329899787902832031e+00
8.330211639404296875e+00
8.330524444580078125e+00
8.330838203430175781e+00
8.331150054931640625e+00
8.331462860107421875e+00
8.331774711608886719e+00
8.332087516784667969e+00
8.332399368286132812e+00
8.332710266113281250e+00
8.333023071289062500e+00
8.333333969116210938e+00
8.333646774291992188e+00
8.333958625793457031e+00
8.334270477294921875e+00
8.334581375122070312e+00
8.334894180297851562e+00
8.335204124450683594e+00
8.335515975952148438e+00
8.335826873779296875e+00
8.336137771606445312e+00
8.336447715759277344e+00
8.336758613586425781e+00
8.337070465087890625e+00
8.337379455566406250e+00
8.337690353393554688e+00
8.338000297546386719e+00
8.338310241699218750e+00
8.338621139526367188e+00
8.338930130004882812e+00
8.339241027832031250e+00
8.339550018310546875e+00
8.339859962463378906e+00
8.340168952941894531e+00
8.340477943420410156e+00
8.340786933898925781e+00
8.341096878051757812e+00
8.341404914855957031e+00
8.341714859008789062e+00
8.342023849487304688e+00
8.342331886291503906e+00
8.342639923095703125e+00
8.342948913574218750e+00
8.343257904052734375e+00
8.343565940856933594e+00
8.343873977661132812e+00
8.344182968139648438e+00
8.344491004943847656e+00
8.344799041748046875e+00
8.345106124877929688e+00
8.345413208007812500e+00
8.345722198486328125e+00
8.346028327941894531e+00
8.346335411071777344e+00
8.346641540527343750e+00
8.346948623657226562e+00
8.347255706787109375e+00
8.347562789916992188e+00
8.347868919372558594e+00
8.348176002502441406e+00
8.348483085632324219e+00
8.348789215087890625e+00
8.349094390869140625e+00
8.349401473999023438e+00
8.349706649780273438e+00
8.350012779235839844e+00
8.350318908691406250e+00
8.350624084472656250e+00
8.350929260253906250e+00
8.351235389709472656e+00
8.351541519165039062e+00
8.351845741271972656e+00
8.352150917053222656e+00
8.352455139160156250e+00
8.352760314941406250e+00
8.353065490722656250e+00
8.353368759155273438e+00
8.353673934936523438e+00
8.353978157043457031e+00
8.354282379150390625e+00
8.354586601257324219e+00
8.354890823364257812e+00
8.355194091796875000e+00
8.355498313903808594e+00
8.355802536010742188e+00
8.356105804443359375e+00
8.356408119201660156e+00
8.356712341308593750e+00
8.357015609741210938e+00
8.357318878173828125e+00
8.357621192932128906e+00
8.357924461364746094e+00
8.358226776123046875e+00
8.358530044555664062e+00
8.358831405639648438e+00
8.359134674072265625e+00
8.359436988830566406e+00
8.359739303588867188e+00
8.360040664672851562e+00
8.360342979431152344e+00
8.360643386840820312e+00
8.360945701599121094e+00
8.361246109008789062e+00
8.361548423767089844e+00
8.361848831176757812e+00
8.362150192260742188e+00
8.362451553344726562e+00
8.362752914428710938e+00
8.363052368164062500e+00
8.363353729248046875e+00
8.363654136657714844e+00
8.363954544067382812e+00
8.364254951477050781e+00
8.364555358886718750e+00
8.364854812622070312e+00
8.365154266357421875e+00
8.365454673767089844e+00
8.365753173828125000e+00
8.366053581237792969e+00
8.366353988647460938e+00
8.366651535034179688e+00
8.366952896118164062e+00
8.367252349853515625e+00
8.367549896240234375e+00
8.367849349975585938e+00
8.368147850036621094e+00
8.368446350097656250e+00
8.368744850158691406e+00
8.369042396545410156e+00
8.369340896606445312e+00
8.369639396667480469e+00
8.369935989379882812e+00
8.370233535766601562e+00
8.370532989501953125e+00
8.370830535888671875e+00
8.371128082275390625e+00
8.371424674987792969e+00
8.371722221374511719e+00
8.372019767761230469e+00
8.372316360473632812e+00
8.372612953186035156e+00
8.372909545898437500e+00
8.373207092285156250e+00
8.373502731323242188e+00
8.373799324035644531e+00
8.374095916748046875e+00
8.374391555786132812e+00
8.374687194824218750e+00
8.374982833862304688e+00
8.375279426574707031e+00
8.375574111938476562e+00
8.375869750976562500e+00
8.376165390014648438e+00
8.376459121704101562e+00
8.376754760742187500e+00
8.377050399780273438e+00
8.377344131469726562e+00
8.377639770507812500e+00
8.377933502197265625e+00
8.378228187561035156e+00
8.378522872924804688e+00
8.378816604614257812e+00
8.379109382629394531e+00
8.379403114318847656e+00
8.379697799682617188e+00
8.379991531372070312e+00
8.380285263061523438e+00
8.380578994750976562e+00
8.380871772766113281e+00
8.381164550781250000e+00
8.381458282470703125e+00
8.381751060485839844e+00
8.382043838500976562e+00
8.382335662841796875e+00
8.382629394531250000e+00
8.382921218872070312e+00
8.383213043212890625e+00
8.383504867553710938e+00
8.383796691894531250e+00
8.384089469909667969e+00
8.384380340576171875e+00
8.384672164916992188e+00
8.384963989257812500e+00
8.385253906250000000e+00
8.385545730590820312e+00
8.385836601257324219e+00
8.386127471923828125e+00
8.386417388916015625e+00
8.386707305908203125e+00
8.386998176574707031e+00
8.387288093566894531e+00
8.387578010559082031e+00
8.387868881225585938e+00
8.388158798217773438e+00
8.388448715209960938e+00
8.388738632202148438e+00
8.389028549194335938e+00
8.389317512512207031e+00
8.389606475830078125e+00
8.389895439147949219e+00
8.390184402465820312e+00
8.390474319458007812e+00
8.390762329101562500e+00
8.391050338745117188e+00
8.391338348388671875e+00
8.391628265380859375e+00
8.391916275024414062e+00
8.392203330993652344e+00
8.392490386962890625e+00
8.392778396606445312e+00
8.393066406250000000e+00
8.393354415893554688e+00
8.393640518188476562e+00
8.393927574157714844e+00
8.394214630126953125e+00
8.394502639770507812e+00
8.394788742065429688e+00
8.395075798034667969e+00
8.395362854003906250e+00
8.395648956298828125e+00
8.395935058593750000e+00
8.396222114562988281e+00
8.396507263183593750e+00
8.396793365478515625e+00
8.397079467773437500e+00
8.397364616394042969e+00
8.397649765014648438e+00
8.397935867309570312e+00
8.398221015930175781e+00
8.398506164550781250e+00
8.398790359497070312e+00
8.399075508117675781e+00
8.399360656738281250e+00
8.399644851684570312e+00
8.399928092956542969e+00
8.400213241577148438e+00
8.400496482849121094e+00
8.400781631469726562e+00
8.401064872741699219e+00
8.401349067687988281e+00
8.401631355285644531e+00
8.401915550231933594e+00
8.402198791503906250e+00
8.402481079101562500e+00
8.402764320373535156e+00
8.403045654296875000e+00
8.403327941894531250e+00
8.403611183166503906e+00
8.403892517089843750e+00
8.404176712036132812e+00
8.404457092285156250e+00
8.404739379882812500e+00
8.405021667480468750e+00
8.405302047729492188e+00
8.405583381652832031e+00
8.405865669250488281e+00
8.406147003173828125e+00
8.406428337097167969e+00
8.406708717346191406e+00
8.406989097595214844e+00
8.407270431518554688e+00
8.407550811767578125e+00
8.407831192016601562e+00
8.408110618591308594e+00
8.408391952514648438e+00
8.408670425415039062e+00
8.408950805664062500e+00
8.409231185913085938e+00
8.409509658813476562e+00
8.409790039062500000e+00
8.410069465637207031e+00
8.410347938537597656e+00
8.410626411437988281e+00
8.410905838012695312e+00
8.411184310913085938e+00
8.411462783813476562e+00
8.411742210388183594e+00
8.412019729614257812e+00
8.412298202514648438e+00
8.412574768066406250e+00
8.412853240966796875e+00
8.413131713867187500e+00
8.413408279418945312e+00
8.413685798645019531e+00
8.413963317871093750e+00
8.414239883422851562e+00
8.414518356323242188e+00
8.414794921875000000e+00
8.415070533752441406e+00
8.415348052978515625e+00
8.415623664855957031e+00
8.415899276733398438e+00
8.416175842285156250e+00
8.416450500488281250e+00
8.416728019714355469e+00
8.417003631591796875e+00
8.417278289794921875e+00
8.417553901672363281e+00
8.417828559875488281e+00
8.418104171752929688e+00
8.418377876281738281e+00
8.418653488159179688e+00
8.418928146362304688e+00
8.419201850891113281e+00
8.419477462768554688e+00
8.419752120971679688e+00
8.420024871826171875e+00
8.420299530029296875e+00
8.420572280883789062e+00
8.420845031738281250e+00
8.421118736267089844e+00
8.421391487121582031e+00
8.421665191650390625e+00
8.421937942504882812e+00
8.422209739685058594e+00
8.422483444213867188e+00
8.422755241394042969e+00
8.423027038574218750e+00
8.423299789428710938e+00
8.423571586608886719e+00
8.423843383789062500e+00
8.424116134643554688e+00
8.424386978149414062e+00
8.424657821655273438e+00
8.424929618835449219e+00
8.425201416015625000e+00
8.425472259521484375e+00
8.425743103027343750e+00
8.426013946533203125e+00
8.426284790039062500e+00
8.426553726196289062e+00
8.426824569702148438e+00
8.427093505859375000e+00
8.427365303039550781e+00
8.427634239196777344e+00
8.427904129028320312e+00
8.428173065185546875e+00
8.428442001342773438e+00
8.428711891174316406e+00
8.428980827331542969e+00
8.429249763488769531e+00
8.429518699645996094e+00
8.429786682128906250e+00
8.430055618286132812e+00
8.430322647094726562e+00
8.430591583251953125e+00
8.430860519409179688e+00
8.431127548217773438e+00
8.431395530700683594e+00
8.431661605834960938e+00
8.431928634643554688e+00
8.432195663452148438e+00
8.432462692260742188e+00
8.432729721069335938e+00
8.432996749877929688e+00
8.433263778686523438e+00
8.433529853820800781e+00
8.433795928955078125e+00
8.434062004089355469e+00
8.434328079223632812e+00
8.434593200683593750e+00
8.434859275817871094e+00
8.435124397277832031e+00
8.435390472412109375e+00
8.435654640197753906e+00
8.435920715332031250e+00
8.436184883117675781e+00
8.436449050903320312e+00
8.436714172363281250e+00
8.436977386474609375e+00
8.437241554260253906e+00
8.437507629394531250e+00
8.437770843505859375e+00
8.438034057617187500e+00
8.438297271728515625e+00
8.438561439514160156e+00
8.438823699951171875e+00
8.439087867736816406e+00
8.439351081848144531e+00
8.439613342285156250e+00
8.439877510070800781e+00
8.440138816833496094e+00
8.440401077270507812e+00
8.440664291381835938e+00
8.440925598144531250e+00
8.441187858581542969e+00
8.441450119018554688e+00
8.441711425781250000e+00
8.441972732543945312e+00
8.442234039306640625e+00
8.442493438720703125e+00
8.442755699157714844e+00
8.443016052246093750e+00
8.443277359008789062e+00
8.443536758422851562e+00
8.443798065185546875e+00
8.444057464599609375e+00
8.444317817687988281e+00
8.444578170776367188e+00
8.444836616516113281e+00
8.445096969604492188e+00
8.445356369018554688e+00
8.445615768432617188e+00
8.445874214172363281e+00
8.446132659912109375e+00
8.446391105651855469e+00
8.446649551391601562e+00
8.446908950805664062e+00
8.447166442871093750e+00
8.447423934936523438e+00
8.447683334350585938e+00
8.447940826416015625e+00
8.448197364807128906e+00
8.448455810546875000e+00
8.448711395263671875e+00
8.448969841003417969e+00
8.449226379394531250e+00
8.449483871459960938e+00
8.449739456176757812e+00
8.449995994567871094e+00
8.450252532958984375e+00
8.450509071350097656e+00
8.450765609741210938e+00
8.451021194458007812e+00
8.451276779174804688e+00
8.451533317565917969e+00
8.451787948608398438e+00
8.452043533325195312e+00
8.452298164367675781e+00
8.452552795410156250e+00
8.452808380126953125e+00
8.453062057495117188e+00
8.453316688537597656e+00
8.453571319580078125e+00
8.453824996948242188e+00
8.454078674316406250e+00
8.454333305358886719e+00
8.454586029052734375e+00
8.454839706420898438e+00
8.455093383789062500e+00
8.455346107482910156e+00
8.455598831176757812e+00
8.455851554870605469e+00
8.456104278564453125e+00
8.456356048583984375e+00
8.456609725952148438e+00
8.456861495971679688e+00
8.457113265991210938e+00
8.457364082336425781e+00
8.457616806030273438e+00
8.457868576049804688e+00
8.458120346069335938e+00
8.458371162414550781e+00
8.458621978759765625e+00
8.458872795104980469e+00
8.459121704101562500e+00
8.459373474121093750e+00
8.459623336791992188e+00
8.459874153137207031e+00
8.460124015808105469e+00
8.460373878479003906e+00
8.460622787475585938e+00
8.460872650146484375e+00
8.461122512817382812e+00
8.461370468139648438e+00
8.461620330810546875e+00
8.461868286132812500e+00
8.462118148803710938e+00
8.462366104125976562e+00
8.462614059448242188e+00
8.462862014770507812e+00
8.463109970092773438e+00
8.463357925415039062e+00
8.463605880737304688e+00
8.463852882385253906e+00
8.464101791381835938e+00
8.464347839355468750e+00
8.464594841003417969e+00
8.464841842651367188e+00
8.465088844299316406e+00
8.465334892272949219e+00
8.465581893920898438e+00
8.465827941894531250e+00
8.466074943542480469e+00
8.466320037841796875e+00
8.466566085815429688e+00
8.466812133789062500e+00
8.467058181762695312e+00
8.467302322387695312e+00
8.467547416687011719e+00
8.467792510986328125e+00
8.468036651611328125e+00
8.468282699584960938e+00
8.468525886535644531e+00
8.468770980834960938e+00
8.469015121459960938e+00
8.469257354736328125e+00
8.469501495361328125e+00
8.469745635986328125e+00
8.469989776611328125e+00
8.470232009887695312e+00
8.470476150512695312e+00
8.470718383789062500e+00
8.470960617065429688e+00
8.471202850341796875e+00
8.471446037292480469e+00
8.471689224243164062e+00
8.471931457519531250e+00
8.472172737121582031e+00
8.472414016723632812e+00
8.472656250000000000e+00
8.472898483276367188e+00
8.473138809204101562e+00
8.473379135131835938e+00
8.473621368408203125e+00
8.473861694335937500e+00
8.474102020263671875e+00
8.474342346191406250e+00
8.474582672119140625e+00
8.474822998046875000e+00
8.475062370300292969e+00
8.475301742553710938e+00
8.475542068481445312e+00
8.475780487060546875e+00
8.476020812988281250e+00
8.476259231567382812e+00
8.476498603820800781e+00
8.476737976074218750e+00
8.476976394653320312e+00
8.477214813232421875e+00
8.477452278137207031e+00
8.477690696716308594e+00
8.477927207946777344e+00
8.478165626525878906e+00
8.478403091430664062e+00
8.478640556335449219e+00
8.478878021240234375e+00
8.479114532470703125e+00
8.479351997375488281e+00
8.479589462280273438e+00
8.479825973510742188e+00
8.480062484741210938e+00
8.480298995971679688e+00
8.480535507202148438e+00
8.480772018432617188e+00
8.481006622314453125e+00
8.481243133544921875e+00
8.481477737426757812e+00
8.481713294982910156e+00
8.481948852539062500e+00
8.482183456420898438e+00
8.482418060302734375e+00
8.482652664184570312e+00
8.482887268066406250e+00
8.483120918273925781e+00
8.483354568481445312e+00
8.483589172363281250e+00
8.483822822570800781e+00
8.484056472778320312e+00
8.484290122985839844e+00
8.484521865844726562e+00
8.484755516052246094e+00
8.484989166259765625e+00
8.485221862792968750e+00
8.485454559326171875e+00
8.485686302185058594e+00
8.485918998718261719e+00
8.486150741577148438e+00
8.486383438110351562e+00
8.486614227294921875e+00
8.486845016479492188e+00
8.487077713012695312e+00
8.487308502197265625e+00
8.487539291381835938e+00
8.487770080566406250e+00
8.488000869750976562e+00
8.488232612609863281e+00
8.488461494445800781e+00
8.488691329956054688e+00
8.488922119140625000e+00
8.489151000976562500e+00
8.489380836486816406e+00
8.489610671997070312e+00
8.489839553833007812e+00
8.490068435668945312e+00
8.490297317504882812e+00
8.490526199340820312e+00
8.490756034851074219e+00
8.490983963012695312e+00
8.491212844848632812e+00
8.491440773010253906e+00
8.491668701171875000e+00
8.491897583007812500e+00
8.492125511169433594e+00
8.492351531982421875e+00
8.492580413818359375e+00
8.492806434631347656e+00
8.493034362792968750e+00
8.493261337280273438e+00
8.493487358093261719e+00
8.493713378906250000e+00
8.493939399719238281e+00
8.494165420532226562e+00
8.494390487670898438e+00
8.494617462158203125e+00
8.494842529296875000e+00
8.495068550109863281e+00
8.495292663574218750e+00
8.495517730712890625e+00
8.495743751525878906e+00
8.495967864990234375e+00
8.496192932128906250e+00
8.496417999267578125e+00
8.496643066406250000e+00
8.496866226196289062e+00
8.497089385986328125e+00
8.497314453125000000e+00
8.497537612915039062e+00
8.497761726379394531e+00
8.497983932495117188e+00
8.498208999633789062e+00
8.498431205749511719e+00
8.498653411865234375e+00
8.498876571655273438e+00
8.499097824096679688e+00
8.499320983886718750e+00
8.499542236328125000e+00
8.499764442443847656e+00
8.499985694885253906e+00
8.500207901000976562e+00
8.500429153442382812e+00
8.500650405883789062e+00
8.500870704650878906e+00
8.501091003417968750e+00
8.501312255859375000e+00
8.501532554626464844e+00
8.501752853393554688e+00
8.501972198486328125e+00
8.502192497253417969e+00
8.502412796020507812e+00
8.502632141113281250e+00
8.502851486206054688e+00
8.503071784973144531e+00
8.503290176391601562e+00
8.503509521484375000e+00
8.503728866577148438e+00
8.503947257995605469e+00
8.504165649414062500e+00
8.504384994506835938e+00
8.504603385925292969e+00
8.504820823669433594e+00
8.505039215087890625e+00
8.505257606506347656e+00
8.505475044250488281e+00
8.505691528320312500e+00
8.505908966064453125e+00
8.506125450134277344e+00
8.506341934204101562e+00
8.506559371948242188e+00
8.506775856018066406e+00
8.506992340087890625e+00
8.507207870483398438e+00
8.507423400878906250e+00
8.507638931274414062e+00
8.507855415344238281e+00
8.508069992065429688e+00
8.508285522460937500e+00
8.508501052856445312e+00
8.508716583251953125e+00
8.508932113647460938e+00
8.509145736694335938e+00
8.509360313415527344e+00
8.509573936462402344e+00
8.509788513183593750e+00
8.510003089904785156e+00
8.510216712951660156e+00
8.510431289672851562e+00
8.510644912719726562e+00
8.510858535766601562e+00
8.511070251464843750e+00
8.511283874511718750e+00
8.511496543884277344e+00
8.511708259582519531e+00
8.511920928955078125e+00
8.512133598327636719e+00
8.512345314025878906e+00
8.512557983398437500e+00
8.512768745422363281e+00
8.512981414794921875e+00
8.513192176818847656e+00
8.513402938842773438e+00
8.513613700866699219e+00
8.513825416564941406e+00
8.514036178588867188e+00
8.514247894287109375e+00
8.514457702636718750e+00
8.514667510986328125e+00
8.514877319335937500e+00
8.515087127685546875e+00
8.515296936035156250e+00
8.515506744384765625e+00
8.515716552734375000e+00
8.515926361083984375e+00
8.516135215759277344e+00
8.516344070434570312e+00
8.516552925109863281e+00
8.516759872436523438e+00
8.516968727111816406e+00
8.517176628112792969e+00
8.517384529113769531e+00
8.517593383789062500e+00
8.517801284790039062e+00
8.518007278442382812e+00
8.518215179443359375e+00
8.518423080444335938e+00
8.518629074096679688e+00
8.518836975097656250e+00
8.519043922424316406e+00
8.519250869750976562e+00
8.519456863403320312e+00
8.519662857055664062e+00
8.519869804382324219e+00
8.520075798034667969e+00
8.520281791687011719e+00
8.520487785339355469e+00
8.520692825317382812e+00
8.520897865295410156e+00
8.521102905273437500e+00
8.521307945251464844e+00
8.521512031555175781e+00
8.521715164184570312e+00
8.521921157836914062e+00
8.522126197814941406e+00
8.522329330444335938e+00
8.522533416748046875e+00
8.522737503051757812e+00
8.522940635681152344e+00
8.523143768310546875e+00
8.523346900939941406e+00
8.523550033569335938e+00
8.523754119873046875e+00
8.523955345153808594e+00
8.524158477783203125e+00
8.524360656738281250e+00
8.524563789367675781e+00
8.524765014648437500e+00
8.524967193603515625e+00
8.525169372558593750e+00
8.525369644165039062e+00
8.525571823120117188e+00
8.525772094726562500e+00
8.525973320007324219e+00
8.526174545288085938e+00
8.526374816894531250e+00
8.526576042175292969e+00
8.526776313781738281e+00
8.526976585388183594e+00
8.527175903320312500e+00
8.527376174926757812e+00
8.527576446533203125e+00
8.527775764465332031e+00
8.527976036071777344e+00
8.528175354003906250e+00
8.528373718261718750e+00
8.528573989868164062e+00
8.528773307800292969e+00
8.528970718383789062e+00
8.529169082641601562e+00
8.529367446899414062e+00
8.529565811157226562e+00
8.529763221740722656e+00
8.529960632324218750e+00
8.530158042907714844e+00
8.530355453491210938e+00
8.530553817749023438e+00
8.530750274658203125e+00
8.530946731567382812e+00
8.531143188476562500e+00
8.531339645385742188e+00
8.531537055969238281e+00
8.531732559204101562e+00
8.531929016113281250e+00
8.532124519348144531e+00
8.532321929931640625e+00
8.532517433166503906e+00
8.532712936401367188e+00
8.532909393310546875e+00
8.533103942871093750e+00
8.533298492431640625e+00
8.533493041992187500e+00
8.533687591552734375e+00
8.533882141113281250e+00
8.534077644348144531e+00
8.534271240234375000e+00
8.534464836120605469e+00
8.534658432006835938e+00
8.534851074218750000e+00
8.535045623779296875e+00
8.535238265991210938e+00
8.535430908203125000e+00
8.535626411437988281e+00
8.535818099975585938e+00
8.536010742187500000e+00
8.536203384399414062e+00
8.536395072937011719e+00
8.536587715148925781e+00
8.536780357360839844e+00
8.536972045898437500e+00
8.537163734436035156e+00
8.537355422973632812e+00
8.537546157836914062e+00
8.537737846374511719e+00
8.537929534912109375e+00
8.538120269775390625e+00
8.538309097290039062e+00
8.538500785827636719e+00
8.538692474365234375e+00
8.538882255554199219e+00
8.539072036743164062e+00
8.539262771606445312e+00
8.539452552795410156e+00
8.539642333984375000e+00
8.539831161499023438e+00
8.540020942687988281e+00
8.540209770202636719e+00
8.540397644042968750e+00
8.540587425231933594e+00
8.540775299072265625e+00
8.540964126586914062e+00
8.541152954101562500e+00
8.541341781616210938e+00
8.541530609130859375e+00
8.541717529296875000e+00
8.541905403137207031e+00
8.542093276977539062e+00
8.542280197143554688e+00
8.542468070983886719e+00
8.542655944824218750e+00
8.542841911315917969e+00
8.543028831481933594e+00
8.543214797973632812e+00
8.543401718139648438e+00
8.543587684631347656e+00
8.543775558471679688e+00
8.543960571289062500e+00
8.544145584106445312e+00
8.544331550598144531e+00
8.544517517089843750e+00
8.544702529907226562e+00
8.544888496398925781e+00
8.545073509216308594e+00
8.545257568359375000e+00
8.545442581176757812e+00
8.545627593994140625e+00
8.545810699462890625e+00
8.545995712280273438e+00
8.546178817749023438e+00
8.546362876892089844e+00
8.546546936035156250e+00
8.546730995178222656e+00
8.546914100646972656e+00
8.547096252441406250e+00
8.547280311584472656e+00
8.547463417053222656e+00
8.547645568847656250e+00
8.547828674316406250e+00
8.548011779785156250e+00
8.548193931579589844e+00
8.548376083374023438e+00
8.548559188842773438e+00
8.548739433288574219e+00
8.548921585083007812e+00
8.549102783203125000e+00
8.549284934997558594e+00
8.549465179443359375e+00
8.549646377563476562e+00
8.549827575683593750e+00
8.550007820129394531e+00
8.550188064575195312e+00
8.550369262695312500e+00
8.550548553466796875e+00
8.550729751586914062e+00
8.550909042358398438e+00
8.551090240478515625e+00
8.551269531250000000e+00
8.551448822021484375e+00
8.551628112792968750e+00
8.551807403564453125e+00
8.551986694335937500e+00
8.552165031433105469e+00
8.552344322204589844e+00
8.552522659301757812e+00
8.552700996398925781e+00
8.552879333496093750e+00
8.553056716918945312e+00
8.553236007690429688e+00
8.553412437438964844e+00
8.553590774536132812e+00
8.553768157958984375e+00
8.553945541381835938e+00
8.554122924804687500e+00
8.554300308227539062e+00
8.554476737976074219e+00
8.554653167724609375e+00
8.554830551147460938e+00
8.555006027221679688e+00
8.555183410644531250e+00
8.555359840393066406e+00
8.555536270141601562e+00
8.555711746215820312e+00
8.555887222290039062e+00
8.556062698364257812e+00
8.556238174438476562e+00
8.556412696838378906e+00
8.556588172912597656e+00
8.556763648986816406e+00
8.556938171386718750e+00
8.557111740112304688e+00
8.557287216186523438e+00
8.557460784912109375e+00
8.557635307312011719e+00
8.557809829711914062e+00
8.557983398437500000e+00
8.558156967163085938e+00
8.558329582214355469e+00
8.558503150939941406e+00
8.558677673339843750e+00
8.558850288391113281e+00
8.559022903442382812e+00
8.559196472167968750e+00
8.559369087219238281e+00
8.559541702270507812e+00
8.559713363647460938e+00
8.559886932373046875e+00
8.560057640075683594e+00
8.560230255126953125e+00
8.560401916503906250e+00
8.560573577880859375e+00
8.560745239257812500e+00
8.560916900634765625e+00
8.561086654663085938e+00
8.561258316040039062e+00
8.561429977416992188e+00
8.561599731445312500e+00
8.561770439147949219e+00
8.561940193176269531e+00
8.562110900878906250e+00
8.562280654907226562e+00
8.562450408935546875e+00
8.562621116638183594e+00
8.562789916992187500e+00
8.562959671020507812e+00
8.563129425048828125e+00
8.563299179077148438e+00
8.563467979431152344e+00
8.563636779785156250e+00
8.563806533813476562e+00
8.563974380493164062e+00
8.564144134521484375e+00
8.564311027526855469e+00
8.564479827880859375e+00
8.564647674560546875e+00
8.564815521240234375e+00
8.564983367919921875e+00
8.565151214599609375e+00
8.565319061279296875e+00
8.565485000610351562e+00
8.565652847290039062e+00
8.565819740295410156e+00
8.565986633300781250e+00
8.566153526306152344e+00
8.566320419311523438e+00
8.566486358642578125e+00
8.566652297973632812e+00
8.566819190979003906e+00
8.566985130310058594e+00
8.567150115966796875e+00
8.567317008972167969e+00
8.567482948303222656e+00
8.567647933959960938e+00
8.567812919616699219e+00
8.567977905273437500e+00
8.568143844604492188e+00
8.568307876586914062e+00
8.568472862243652344e+00
8.568637847900390625e+00
8.568801879882812500e+00
8.568965911865234375e+00
8.569129943847656250e+00
8.569293975830078125e+00
8.569458007812500000e+00
8.569622039794921875e+00
8.569786071777343750e+00
8.569950103759765625e+00
8.570112228393554688e+00
8.570275306701660156e+00
8.570438385009765625e+00
8.570601463317871094e+00
8.570764541625976562e+00
8.570926666259765625e+00
8.571088790893554688e+00
8.571252822875976562e+00
8.571413040161132812e+00
8.571575164794921875e+00
8.571738243103027344e+00
8.571899414062500000e+00
8.572061538696289062e+00
8.572223663330078125e+00
8.572384834289550781e+00
8.572546005249023438e+00
8.572706222534179688e+00
8.572867393493652344e+00
8.573028564453125000e+00
8.573188781738281250e+00
8.573348999023437500e+00
8.573510169982910156e+00
8.573669433593750000e+00
8.573830604553222656e+00
8.573989868164062500e+00
8.574150085449218750e+00
8.574310302734375000e+00
8.574469566345214844e+00
8.574628829956054688e+00
8.574787139892578125e+00
8.574947357177734375e+00
8.575105667114257812e+00
8.575265884399414062e+00
8.575424194335937500e+00
8.575582504272460938e+00
8.575740814208984375e+00
8.575900077819824219e+00
8.576057434082031250e+00
8.576216697692871094e+00
8.576373100280761719e+00
8.576531410217285156e+00
8.576688766479492188e+00
8.576846122741699219e+00
8.577003479003906250e+00
8.577161788940429688e+00
8.577320098876953125e+00
8.577476501464843750e+00
8.577632904052734375e+00
8.577789306640625000e+00
8.577945709228515625e+00
8.578102111816406250e+00
8.578258514404296875e+00
8.578414916992187500e+00
8.578571319580078125e+00
8.578726768493652344e+00
8.578882217407226562e+00
8.579037666320800781e+00
8.579193115234375000e+00
8.579348564147949219e+00
8.579504013061523438e+00
8.579659461975097656e+00
8.579813957214355469e+00
8.579969406127929688e+00
8.580122947692871094e+00
8.580278396606445312e+00
8.580432891845703125e+00
8.580586433410644531e+00
8.580741882324218750e+00
8.580895423889160156e+00
8.581048965454101562e+00
8.581203460693359375e+00
8.581356048583984375e+00
8.581510543823242188e+00
8.581663131713867188e+00
8.581815719604492188e+00
8.581970214843750000e+00
8.582122802734375000e+00
8.582275390625000000e+00
8.582427978515625000e+00
8.582579612731933594e+00
8.582732200622558594e+00
8.582884788513183594e+00
8.583036422729492188e+00
8.583189010620117188e+00
8.583340644836425781e+00
8.583492279052734375e+00
8.583643913269042969e+00
8.583795547485351562e+00
8.583947181701660156e+00
8.584098815917968750e+00
8.584249496459960938e+00
8.584401130676269531e+00
8.584552764892578125e+00
8.584703445434570312e+00
8.584854125976562500e+00
8.585004806518554688e+00
8.585154533386230469e+00
8.585304260253906250e+00
8.585453987121582031e+00
8.585604667663574219e+00
8.585754394531250000e+00
8.585904121398925781e+00
8.586052894592285156e+00
8.586202621459960938e+00
8.586352348327636719e+00
8.586501121520996094e+00
8.586649894714355469e+00
8.586799621582031250e+00
8.586947441101074219e+00
8.587097167968750000e+00
8.587244987487792969e+00
8.587392807006835938e+00
8.587541580200195312e+00
8.587690353393554688e+00
8.587838172912597656e+00
8.587986946105957031e+00
8.588134765625000000e+00
8.588282585144042969e+00
8.588429450988769531e+00
8.588578224182128906e+00
8.588724136352539062e+00
8.588871002197265625e+00
8.589017868041992188e+00
8.589165687561035156e+00
8.589312553405761719e+00
8.589459419250488281e+00
8.589606285095214844e+00
8.589753150939941406e+00
8.589900016784667969e+00
8.590045928955078125e+00
8.590191841125488281e+00
8.590337753295898438e+00
8.590482711791992188e+00
8.590629577636718750e+00
8.590774536132812500e+00
8.590921401977539062e+00
8.591064453125000000e+00
8.591211318969726562e+00
8.591355323791503906e+00
8.591501235961914062e+00
8.591646194458007812e+00
8.591791152954101562e+00
8.591934204101562500e+00
8.592079162597656250e+00
8.592224121093750000e+00
8.592367172241210938e+00
8.592512130737304688e+00
8.592657089233398438e+00
8.592800140380859375e+00
8.592945098876953125e+00
8.593089103698730469e+00
8.593233108520507812e+00
8.593377113342285156e+00
8.593520164489746094e+00
8.593663215637207031e+00
8.593806266784667969e+00
8.593949317932128906e+00
8.594092369079589844e+00
8.594234466552734375e+00
8.594377517700195312e+00
8.594518661499023438e+00
8.594661712646484375e+00
8.594804763793945312e+00
8.594947814941406250e+00
8.595088958740234375e+00
8.595232009887695312e+00
8.595373153686523438e+00
8.595516204833984375e+00
8.595657348632812500e+00
8.595798492431640625e+00
8.595939636230468750e+00
8.596080780029296875e+00
8.596221923828125000e+00
8.596362113952636719e+00
8.596502304077148438e+00
8.596643447875976562e+00
8.596783638000488281e+00
8.596924781799316406e+00
8.597064971923828125e+00
8.597205162048339844e+00
8.597346305847167969e+00
8.597486495971679688e+00
8.597625732421875000e+00
8.597766876220703125e+00
8.597906112670898438e+00
8.598045349121093750e+00
8.598186492919921875e+00
8.598325729370117188e+00
8.598464965820312500e+00
8.598604202270507812e+00
8.598743438720703125e+00
8.598880767822265625e+00
8.599019050598144531e+00
8.599158287048339844e+00
8.599297523498535156e+00
8.599435806274414062e+00
8.599574089050292969e+00
8.599712371826171875e+00
8.599849700927734375e+00
8.599987983703613281e+00
8.600128173828125000e+00
8.600265502929687500e+00
8.600402832031250000e+00
8.600540161132812500e+00
8.600677490234375000e+00
8.600814819335937500e+00
8.600954055786132812e+00
8.601089477539062500e+00
8.601227760314941406e+00
8.601364135742187500e+00
8.601500511169433594e+00
8.601636886596679688e+00
8.601774215698242188e+00
8.601911544799804688e+00
8.602046966552734375e+00
8.602184295654296875e+00
8.602319717407226562e+00
8.602455139160156250e+00
8.602592468261718750e+00
8.602727890014648438e+00
8.602863311767578125e+00
8.602999687194824219e+00
8.603135108947753906e+00
8.603270530700683594e+00
8.603405952453613281e+00
8.603541374206542969e+00
8.603676795959472656e+00
8.603811264038085938e+00
8.603946685791015625e+00
8.604082107543945312e+00
8.604216575622558594e+00
8.604351043701171875e+00
8.604486465454101562e+00
8.604620933532714844e+00
8.604754447937011719e+00
8.604890823364257812e+00
8.605024337768554688e+00
8.605157852172851562e+00
8.605291366577148438e+00
8.605424880981445312e+00
8.605559349060058594e+00
8.605692863464355469e+00
8.605825424194335938e+00
8.605958938598632812e+00
8.606091499328613281e+00
8.606225013732910156e+00
8.606357574462890625e+00
8.606491088867187500e+00
8.606624603271484375e+00
8.606757164001464844e+00
8.606889724731445312e+00
8.607023239135742188e+00
8.607154846191406250e+00
8.607287406921386719e+00
8.607419013977050781e+00
8.607551574707031250e+00
8.607685089111328125e+00
8.607814788818359375e+00
8.607947349548339844e+00
8.608079910278320312e+00
8.608210563659667969e+00
8.608343124389648438e+00
8.608473777770996094e+00
8.608604431152343750e+00
8.608736038208007812e+00
8.608865737915039062e+00
8.608998298645019531e+00
8.609128952026367188e+00
8.609259605407714844e+00
8.609391212463378906e+00
8.609521865844726562e+00
8.609652519226074219e+00
8.609783172607421875e+00
8.609913825988769531e+00
8.610044479370117188e+00
8.610174179077148438e+00
8.610302925109863281e+00
8.610433578491210938e+00
8.610563278198242188e+00
8.610692977905273438e+00
8.610822677612304688e+00
8.610952377319335938e+00
8.611082077026367188e+00
8.611210823059082031e+00
8.611339569091796875e+00
8.611469268798828125e+00
8.611598968505859375e+00
8.611726760864257812e+00
8.611856460571289062e+00
8.611984252929687500e+00
8.612112998962402344e+00
8.612242698669433594e+00
8.612371444702148438e+00
8.612499237060546875e+00
8.612627029418945312e+00
8.612755775451660156e+00
8.612884521484375000e+00
8.613012313842773438e+00
8.613141059875488281e+00
8.613267898559570312e+00
8.613395690917968750e+00
8.613523483276367188e+00
8.613651275634765625e+00
8.613779067993164062e+00
8.613904953002929688e+00
8.614033699035644531e+00
8.614160537719726562e+00
8.614288330078125000e+00
8.614416122436523438e+00
8.614542007446289062e+00
8.614668846130371094e+00
8.614795684814453125e+00
8.614921569824218750e+00
8.615049362182617188e+00
8.615175247192382812e+00
8.615301132202148438e+00
8.615427970886230469e+00
8.615553855895996094e+00
8.615678787231445312e+00
8.615804672241210938e+00
8.615930557250976562e+00
8.616056442260742188e+00
8.616182327270507812e+00
8.616308212280273438e+00
8.616435050964355469e+00
8.616559982299804688e+00
8.616684913635253906e+00
8.616809844970703125e+00
8.616935729980468750e+00
8.617059707641601562e+00
8.617185592651367188e+00
8.617310523986816406e+00
8.617435455322265625e+00
8.617560386657714844e+00
8.617685317993164062e+00
8.617809295654296875e+00
8.617935180664062500e+00
8.618059158325195312e+00
8.618183135986328125e+00
8.618306159973144531e+00
8.618431091308593750e+00
8.618554115295410156e+00
8.618679046630859375e+00
8.618801116943359375e+00
8.618926048278808594e+00
8.619049072265625000e+00
8.619173049926757812e+00
8.619296073913574219e+00
8.619420051574707031e+00
8.619542121887207031e+00
8.619665145874023438e+00
8.619789123535156250e+00
8.619911193847656250e+00
8.620035171508789062e+00
8.620158195495605469e+00
8.620280265808105469e+00
8.620403289794921875e+00
8.620525360107421875e+00
8.620649337768554688e+00
8.620771408081054688e+00
8.620893478393554688e+00
8.621015548706054688e+00
8.621138572692871094e+00
8.621259689331054688e+00
8.621381759643554688e+00
8.621503829956054688e+00
8.621625900268554688e+00
8.621747970581054688e+00
8.621870040893554688e+00
8.621991157531738281e+00
8.622113227844238281e+00
8.622234344482421875e+00
8.622356414794921875e+00
8.622476577758789062e+00
8.622598648071289062e+00
8.622719764709472656e+00
8.622839927673339844e+00
8.622961044311523438e+00
8.623081207275390625e+00
8.623203277587890625e+00
8.623323440551757812e+00
8.623443603515625000e+00
8.623564720153808594e+00
8.623684883117675781e+00
8.623805046081542969e+00
8.623924255371093750e+00
8.624044418334960938e+00
8.624166488647460938e+00
8.624286651611328125e+00
8.624406814575195312e+00
8.624526977539062500e+00
8.624647140502929688e+00
8.624767303466796875e+00
8.624885559082031250e+00
8.625005722045898438e+00
8.625125885009765625e+00
8.625245094299316406e+00
8.625364303588867188e+00
8.625482559204101562e+00
8.625602722167968750e+00
8.625720977783203125e+00
8.625840187072753906e+00
8.625959396362304688e+00
8.626077651977539062e+00
8.626196861267089844e+00
8.626316070556640625e+00
8.626434326171875000e+00
8.626554489135742188e+00
8.626672744750976562e+00
8.626790046691894531e+00
8.626909255981445312e+00
8.627026557922363281e+00
8.627145767211914062e+00
8.627262115478515625e+00
8.627382278442382812e+00
8.627498626708984375e+00
8.627616882324218750e+00
8.627735137939453125e+00
8.627853393554687500e+00
8.627969741821289062e+00
8.628087997436523438e+00
8.628205299377441406e+00
8.628322601318359375e+00
8.628439903259277344e+00
8.628558158874511719e+00
8.628675460815429688e+00
8.628791809082031250e+00
8.628909111022949219e+00
8.629025459289550781e+00
8.629142761230468750e+00
8.629259109497070312e+00
8.629375457763671875e+00
8.629492759704589844e+00
8.629610061645507812e+00
8.629724502563476562e+00
8.629842758178710938e+00
8.629959106445312500e+00
8.630075454711914062e+00
8.630191802978515625e+00
8.630308151245117188e+00
8.630424499511718750e+00
8.630540847778320312e+00
8.630657196044921875e+00
8.630773544311523438e+00
8.630887985229492188e+00
8.631004333496093750e+00
8.631120681762695312e+00
8.631236076354980469e+00
8.631352424621582031e+00
8.631467819213867188e+00
8.631582260131835938e+00
8.631696701049804688e+00
8.631812095642089844e+00
8.631927490234375000e+00
8.632041931152343750e+00
8.632158279418945312e+00
8.632272720336914062e+00
8.632387161254882812e+00
8.632501602172851562e+00
8.632617950439453125e+00
8.632732391357421875e+00
8.632846832275390625e+00
8.632961273193359375e+00
8.633075714111328125e+00
8.633190155029296875e+00
8.633304595947265625e+00
8.633419036865234375e+00
8.633533477783203125e+00
8.633646965026855469e+00
8.633760452270507812e+00
8.633874893188476562e+00
8.633989334106445312e+00
8.634103775024414062e+00
8.634217262268066406e+00
8.634330749511718750e+00
8.634445190429687500e+00
8.634557723999023438e+00
8.634672164916992188e+00
8.634784698486328125e+00
8.634899139404296875e+00
8.635011672973632812e+00
8.635125160217285156e+00
8.635238647460937500e+00
8.635351181030273438e+00
8.635463714599609375e+00
8.635577201843261719e+00
8.635689735412597656e+00
8.635802268981933594e+00
8.635915756225585938e+00
8.636028289794921875e+00
8.636140823364257812e+00
8.636253356933593750e+00
8.636365890502929688e+00
8.636478424072265625e+00
8.636590957641601562e+00
8.636705398559570312e+00
8.636816024780273438e+00
8.636929512023925781e+00
8.637040138244628906e+00
8.637153625488281250e+00
8.637264251708984375e+00
8.637376785278320312e+00
8.637489318847656250e+00
8.637599945068359375e+00
8.637712478637695312e+00
8.637823104858398438e+00
8.637935638427734375e+00
8.638047218322753906e+00
8.638158798217773438e+00
8.638271331787109375e+00
8.638381004333496094e+00
8.638493537902832031e+00
8.638604164123535156e+00
8.638715744018554688e+00
8.638826370239257812e+00
8.638937950134277344e+00
8.639049530029296875e+00
8.639160156250000000e+00
8.639270782470703125e+00
8.639383316040039062e+00
8.639493942260742188e+00
8.639603614807128906e+00
8.639714241027832031e+00
8.639824867248535156e+00
8.639934539794921875e+00
8.640045166015625000e+00
8.640155792236328125e+00
8.640266418457031250e+00
8.640376091003417969e+00
8.640486717224121094e+00
8.640597343444824219e+00
8.640707015991210938e+00
8.640817642211914062e+00
8.640926361083984375e+00
8.641036987304687500e+00
8.641148567199707031e+00
8.641258239746093750e+00
8.641367912292480469e+00
8.641477584838867188e+00
8.641586303710937500e+00
8.641696929931640625e+00
8.641805648803710938e+00
8.641915321350097656e+00
8.642024993896484375e+00
8.642133712768554688e+00
8.642244338989257812e+00
8.642353057861328125e+00
8.642461776733398438e+00
8.642571449279785156e+00
8.642680168151855469e+00
8.642789840698242188e+00
8.642898559570312500e+00
8.643007278442382812e+00
8.643115997314453125e+00
8.643225669860839844e+00
8.643334388732910156e+00
8.643443107604980469e+00
8.643552780151367188e+00
8.643659591674804688e+00
8.643768310546875000e+00
8.643876075744628906e+00
8.643985748291015625e+00
8.644094467163085938e+00
8.644201278686523438e+00
8.644309997558593750e+00
8.644418716430664062e+00
8.644527435302734375e+00
8.644635200500488281e+00
8.644742965698242188e+00
8.644851684570312500e+00
8.644958496093750000e+00
8.645066261291503906e+00
8.645174026489257812e+00
8.645282745361328125e+00
8.645390510559082031e+00
8.645497322082519531e+00
8.645605087280273438e+00
8.645713806152343750e+00
8.645820617675781250e+00
8.645928382873535156e+00
8.646036148071289062e+00
8.646142005920410156e+00
8.646249771118164062e+00
8.646356582641601562e+00
8.646464347839355469e+00
8.646572113037109375e+00
8.646678924560546875e+00
8.646785736083984375e+00
8.646893501281738281e+00
8.646999359130859375e+00
8.647106170654296875e+00
8.647212982177734375e+00
8.647319793701171875e+00
8.647428512573242188e+00
8.647533416748046875e+00
8.647641181945800781e+00
8.647747993469238281e+00
8.647853851318359375e+00
8.647961616516113281e+00
8.648067474365234375e+00
8.648173332214355469e+00
8.648280143737792969e+00
8.648386001586914062e+00
8.648492813110351562e+00
8.648597717285156250e+00
8.648704528808593750e+00
8.648810386657714844e+00
8.648917198181152344e+00
8.649022102355957031e+00
8.649129867553710938e+00
8.649234771728515625e+00
8.649341583251953125e+00
8.649446487426757812e+00
8.649552345275878906e+00
8.649657249450683594e+00
8.649763107299804688e+00
8.649868011474609375e+00
8.649972915649414062e+00
8.650079727172851562e+00
8.650184631347656250e+00
8.650289535522460938e+00
8.650394439697265625e+00
8.650501251220703125e+00
8.650606155395507812e+00
8.650711059570312500e+00
8.650815963745117188e+00
8.650920867919921875e+00
8.651026725769042969e+00
8.651131629943847656e+00
8.651237487792968750e+00
8.651342391967773438e+00
8.651447296142578125e+00
8.651552200317382812e+00
8.651657104492187500e+00
8.651761054992675781e+00
8.651865959167480469e+00
8.651969909667968750e+00
8.652074813842773438e+00
8.652179718017578125e+00
8.652284622192382812e+00
8.652389526367187500e+00
8.652493476867675781e+00
8.652597427368164062e+00
8.652702331542968750e+00
8.652807235717773438e+00
8.652910232543945312e+00
8.653014183044433594e+00
8.653119087219238281e+00
8.653223037719726562e+00
8.653326988220214844e+00
8.653430938720703125e+00
8.653535842895507812e+00
8.653638839721679688e+00
8.653742790222167969e+00
8.653846740722656250e+00
8.653950691223144531e+00
8.654053688049316406e+00
8.654157638549804688e+00
8.654262542724609375e+00
8.654365539550781250e+00
8.654470443725585938e+00
8.654571533203125000e+00
8.654675483703613281e+00
8.654779434204101562e+00
8.654882431030273438e+00
8.654985427856445312e+00
8.655088424682617188e+00
8.655191421508789062e+00
8.655296325683593750e+00
8.655397415161132812e+00
8.655501365661621094e+00
8.655605316162109375e+00
8.655708312988281250e+00
8.655809402465820312e+00
8.655914306640625000e+00
8.656017303466796875e+00
8.656119346618652344e+00
8.656221389770507812e+00
8.656324386596679688e+00
8.656427383422851562e+00
8.656529426574707031e+00
8.656631469726562500e+00
8.656734466552734375e+00
8.656837463378906250e+00
8.656940460205078125e+00
8.657042503356933594e+00
8.657144546508789062e+00
8.657247543334960938e+00
8.657349586486816406e+00
8.657451629638671875e+00
8.657554626464843750e+00
8.657655715942382812e+00
8.657758712768554688e+00
8.657859802246093750e+00
8.657961845397949219e+00
8.658063888549804688e+00
8.658166885375976562e+00
8.658267974853515625e+00
8.658370971679687500e+00
8.658472061157226562e+00
8.658574104309082031e+00
8.658677101135253906e+00
8.658778190612792969e+00
8.658880233764648438e+00
8.658982276916503906e+00
8.659083366394042969e+00
8.659185409545898438e+00
8.659287452697753906e+00
8.659389495849609375e+00
8.659490585327148438e+00
8.659591674804687500e+00
8.659692764282226562e+00
8.659795761108398438e+00
8.659895896911621094e+00
8.659996032714843750e+00
8.660097122192382812e+00
8.660198211669921875e+00
8.660299301147460938e+00
8.660402297973632812e+00
8.660503387451171875e+00
8.660604476928710938e+00
8.660705566406250000e+00
8.660806655883789062e+00
8.660907745361328125e+00
8.661008834838867188e+00
8.661108016967773438e+00
8.661209106445312500e+00
8.661310195922851562e+00
8.661411285400390625e+00
8.661510467529296875e+00
8.661612510681152344e+00
8.661712646484375000e+00
8.661813735961914062e+00
8.661913871765136719e+00
8.662014007568359375e+00
8.662115097045898438e+00
8.662216186523437500e+00
8.662316322326660156e+00
8.662416458129882812e+00
8.662516593933105469e+00
8.662617683410644531e+00
8.662717819213867188e+00
8.662817001342773438e+00
8.662918090820312500e+00
8.663019180297851562e+00
8.663118362426757812e+00
8.663218498229980469e+00
8.663318634033203125e+00
8.663417816162109375e+00
8.663518905639648438e+00
8.663618087768554688e+00
8.663719177246093750e+00
8.663818359375000000e+00
8.663917541503906250e+00
8.664016723632812500e+00
8.664115905761718750e+00
8.664216041564941406e+00
8.664316177368164062e+00
8.664415359497070312e+00
8.664514541625976562e+00
8.664615631103515625e+00
8.664714813232421875e+00
8.664813995361328125e+00
8.664913177490234375e+00
8.665014266967773438e+00
8.665113449096679688e+00
8.665214538574218750e+00
8.665312767028808594e+00
8.665410995483398438e+00
8.665511131286621094e+00
8.665610313415527344e+00
8.665709495544433594e+00
8.665809631347656250e+00
8.665906906127929688e+00
8.666007041931152344e+00
8.666105270385742188e+00
8.666204452514648438e+00
8.666303634643554688e+00
8.666401863098144531e+00
8.666501045227050781e+00
8.666600227355957031e+00
8.666699409484863281e+00
8.666798591613769531e+00
8.666896820068359375e+00
8.666996002197265625e+00
8.667095184326171875e+00
8.667194366455078125e+00
8.667293548583984375e+00
8.667390823364257812e+00
8.667489051818847656e+00
8.667588233947753906e+00
8.667686462402343750e+00
8.667785644531250000e+00
8.667882919311523438e+00
8.667982101440429688e+00
8.668080329895019531e+00
8.668177604675292969e+00
8.668276786804199219e+00
8.668375015258789062e+00
8.668474197387695312e+00
8.668571472167968750e+00
8.668669700622558594e+00
8.668767929077148438e+00
8.668866157531738281e+00
8.668962478637695312e+00
8.669061660766601562e+00
8.669159889221191406e+00
8.669257164001464844e+00
8.669355392456054688e+00
8.669453620910644531e+00
8.669550895690917969e+00
8.669649124145507812e+00
8.669747352600097656e+00
8.669845581054687500e+00
8.669942855834960938e+00
8.670042037963867188e+00
8.670139312744140625e+00
8.670236587524414062e+00
8.670335769653320312e+00
8.670433044433593750e+00
8.670530319213867188e+00
8.670627593994140625e+00
8.670724868774414062e+00
8.670822143554687500e+00
8.670920372009277344e+00
8.671016693115234375e+00
8.671114921569824219e+00
8.671212196350097656e+00
8.671309471130371094e+00
8.671405792236328125e+00
8.671503067016601562e+00
8.671601295471191406e+00
8.671697616577148438e+00
8.671794891357421875e+00
8.671893119812011719e+00
8.671989440917968750e+00
8.672086715698242188e+00
8.672183036804199219e+00
8.672280311584472656e+00
8.672378540039062500e+00
8.672474861145019531e+00
8.672571182250976562e+00
8.672668457031250000e+00
8.672765731811523438e+00
8.672862052917480469e+00
8.672960281372070312e+00
8.673056602478027344e+00
8.673152923583984375e+00
8.673249244689941406e+00
8.673346519470214844e+00
8.673442840576171875e+00
8.673540115356445312e+00
8.673636436462402344e+00
8.673733711242675781e+00
8.673830032348632812e+00
8.673926353454589844e+00
8.674022674560546875e+00
8.674119949340820312e+00
8.674215316772460938e+00
8.674312591552734375e+00
8.674408912658691406e+00
8.674505233764648438e+00
8.674600601196289062e+00
8.674697875976562500e+00
8.674794197082519531e+00
8.674890518188476562e+00
8.674985885620117188e+00
8.675083160400390625e+00
8.675178527832031250e+00
8.675274848937988281e+00
8.675370216369628906e+00
8.675466537475585938e+00
8.675561904907226562e+00
8.675658226013183594e+00
8.675754547119140625e+00
8.675849914550781250e+00
8.675945281982421875e+00
8.676040649414062500e+00
8.676136970520019531e+00
8.676233291625976562e+00
8.676328659057617188e+00
8.676425933837890625e+00
8.676521301269531250e+00
8.676616668701171875e+00
8.676712036132812500e+00
8.676809310913085938e+00
8.676904678344726562e+00
8.677000045776367188e+00
8.677095413208007812e+00
8.677190780639648438e+00
8.677286148071289062e+00
8.677382469177246094e+00
8.677476882934570312e+00
8.677573204040527344e+00
8.677668571472167969e+00
8.677764892578125000e+00
8.677860260009765625e+00
8.677955627441406250e+00
8.678049087524414062e+00
8.678145408630371094e+00
8.678239822387695312e+00
8.678335189819335938e+00
8.678430557250976562e+00
8.678525924682617188e+00
8.678621292114257812e+00
8.678716659545898438e+00
8.678810119628906250e+00
8.678905487060546875e+00
8.679000854492187500e+00
8.679096221923828125e+00
8.679191589355468750e+00
8.679286956787109375e+00
8.679380416870117188e+00
8.679476737976074219e+00
8.679571151733398438e+00
8.679666519165039062e+00
8.679760932922363281e+00
8.679856300354003906e+00
8.679949760437011719e+00
8.680046081542968750e+00
8.680140495300292969e+00
8.680234909057617188e+00
8.680330276489257812e+00
8.680424690246582031e+00
8.680519104003906250e+00
8.680614471435546875e+00
8.680708885192871094e+00
8.680803298950195312e+00
8.680897712707519531e+00
8.680992126464843750e+00
8.681087493896484375e+00
8.681180000305175781e+00
8.681274414062500000e+00
8.681369781494140625e+00
8.681463241577148438e+00
8.681557655334472656e+00
8.681652069091796875e+00
8.681747436523437500e+00
8.681840896606445312e+00
8.681936264038085938e+00
8.682028770446777344e+00
8.682123184204101562e+00
8.682216644287109375e+00
8.682312011718750000e+00
8.682405471801757812e+00
8.682500839233398438e+00
8.682594299316406250e+00
8.682688713073730469e+00
8.682782173156738281e+00
8.682876586914062500e+00
8.682971000671386719e+00
8.683065414428710938e+00
8.683158874511718750e+00
8.683252334594726562e+00
8.683345794677734375e+00
8.683439254760742188e+00
8.683532714843750000e+00
8.683627128601074219e+00
8.683720588684082031e+00
8.683815002441406250e+00
8.683908462524414062e+00
8.684001922607421875e+00
8.684095382690429688e+00
8.684188842773437500e+00
8.684282302856445312e+00
8.684375762939453125e+00
8.684470176696777344e+00
8.684563636779785156e+00
8.684656143188476562e+00
8.684750556945800781e+00
8.684843063354492188e+00
8.684936523437500000e+00
8.685029983520507812e+00
8.685123443603515625e+00
8.685216903686523438e+00
8.685310363769531250e+00
8.685402870178222656e+00
8.685495376586914062e+00
8.685589790344238281e+00
8.685682296752929688e+00
8.685776710510253906e+00
8.685869216918945312e+00
8.685962677001953125e+00
8.686056137084960938e+00
8.686149597167968750e+00
8.686243057250976562e+00
8.686336517333984375e+00
8.686429023742675781e+00
8.686522483825683594e+00
8.686614990234375000e+00
8.686707496643066406e+00
8.686800003051757812e+00
8.686891555786132812e+00
8.686985015869140625e+00
8.687078475952148438e+00
8.687171936035156250e+00
8.687263488769531250e+00
8.687356948852539062e+00
8.687449455261230469e+00
8.687541961669921875e+00
8.687635421752929688e+00
8.687727928161621094e+00
8.687822341918945312e+00
8.687913894653320312e+00
8.688006401062011719e+00
8.688098907470703125e+00
8.688191413879394531e+00
8.688284873962402344e+00
8.688376426696777344e+00
8.688468933105468750e+00
8.688562393188476562e+00
8.688653945922851562e+00
8.688746452331542969e+00
8.688838958740234375e+00
8.688930511474609375e+00
8.689023971557617188e+00
8.689116477966308594e+00
8.689208984375000000e+00
8.689301490783691406e+00
8.689393997192382812e+00
8.689485549926757812e+00
8.689578056335449219e+00
8.689669609069824219e+00
8.689762115478515625e+00
8.689854621887207031e+00
8.689946174621582031e+00
8.690038681030273438e+00
8.690130233764648438e+00
8.690222740173339844e+00
8.690315246582031250e+00
8.690406799316406250e+00
8.690498352050781250e+00
8.690590858459472656e+00
8.690683364868164062e+00
8.690774917602539062e+00
8.690866470336914062e+00
8.690958023071289062e+00
8.691051483154296875e+00
8.691141128540039062e+00
8.691233634948730469e+00
8.691325187683105469e+00
8.691416740417480469e+00
8.691509246826171875e+00
8.691600799560546875e+00
8.691692352294921875e+00
8.691784858703613281e+00
8.691875457763671875e+00
8.691967010498046875e+00
8.692058563232421875e+00
8.692150115966796875e+00
8.692242622375488281e+00
8.692334175109863281e+00
8.692425727844238281e+00
8.692518234252929688e+00
8.692608833312988281e+00
8.692700386047363281e+00
8.692791938781738281e+00
8.692882537841796875e+00
8.692974090576171875e+00
8.693065643310546875e+00
8.693157196044921875e+00
8.693247795104980469e+00
8.693338394165039062e+00
8.693429946899414062e+00
8.693522453308105469e+00
8.693613052368164062e+00
8.693704605102539062e+00
8.693796157836914062e+00
8.693885803222656250e+00
8.693977355957031250e+00
8.694068908691406250e+00
8.694160461425781250e+00
8.694252014160156250e+00
8.694341659545898438e+00
8.694433212280273438e+00
8.694524765014648438e+00
8.694614410400390625e+00
8.694705009460449219e+00
8.694796562194824219e+00
8.694888114929199219e+00
8.694978713989257812e+00
8.695070266723632812e+00
8.695160865783691406e+00
8.695250511169433594e+00
8.695342063903808594e+00
8.695433616638183594e+00
8.695524215698242188e+00
8.695614814758300781e+00
8.695704460144042969e+00
8.695795059204101562e+00
8.695885658264160156e+00
8.695976257324218750e+00
8.696066856384277344e+00
8.696158409118652344e+00
8.696249008178710938e+00
8.696339607238769531e+00
8.696430206298828125e+00
8.696519851684570312e+00
8.696611404418945312e+00
8.696701049804687500e+00
8.696791648864746094e+00
8.696883201599121094e+00
8.696972846984863281e+00
8.697063446044921875e+00
8.697154045104980469e+00
8.697244644165039062e+00
8.697336196899414062e+00
8.697425842285156250e+00
8.697515487670898438e+00
8.697606086730957031e+00
8.697696685791015625e+00
8.697786331176757812e+00
8.697875976562500000e+00
8.697966575622558594e+00
8.698056221008300781e+00
8.698146820068359375e+00
8.698236465454101562e+00
8.698327064514160156e+00
8.698415756225585938e+00
8.698507308959960938e+00
8.698596954345703125e+00
8.698685646057128906e+00
8.698776245117187500e+00
8.698865890502929688e+00
8.698956489562988281e+00
8.699045181274414062e+00
8.699135780334472656e+00
8.699225425720214844e+00
8.699314117431640625e+00
8.699404716491699219e+00
8.699493408203125000e+00
8.699584960937500000e+00
8.699674606323242188e+00
8.699764251708984375e+00
8.699853897094726562e+00
8.699943542480468750e+00
8.700034141540527344e+00
8.700122833251953125e+00
8.700213432312011719e+00
8.700302124023437500e+00
8.700392723083496094e+00
8.700483322143554688e+00
8.700571060180664062e+00
8.700662612915039062e+00
8.700751304626464844e+00
8.700839996337890625e+00
8.700929641723632812e+00
8.701019287109375000e+00
8.701109886169433594e+00
8.701198577880859375e+00
8.701288223266601562e+00
8.701377868652343750e+00
8.701465606689453125e+00
8.701555252075195312e+00
8.701644897460937500e+00
8.701734542846679688e+00
8.701822280883789062e+00
8.701911926269531250e+00
8.702001571655273438e+00
8.702090263366699219e+00
8.702178955078125000e+00
8.702268600463867188e+00
8.702358245849609375e+00
8.702447891235351562e+00
8.702535629272460938e+00
8.702625274658203125e+00
8.702714920043945312e+00
8.702804565429687500e+00
8.702892303466796875e+00
8.702981948852539062e+00
8.703069686889648438e+00
8.703159332275390625e+00
8.703248023986816406e+00
8.703336715698242188e+00
8.703426361083984375e+00
8.703514099121093750e+00
8.703603744506835938e+00
8.703692436218261719e+00
8.703781127929687500e+00
8.703868865966796875e+00
8.703958511352539062e+00
8.704048156738281250e+00
8.704135894775390625e+00
8.704225540161132812e+00
8.704313278198242188e+00
8.704401016235351562e+00
8.704490661621093750e+00
8.704580307006835938e+00
8.704667091369628906e+00
8.704756736755371094e+00
8.704845428466796875e+00
8.704934120178222656e+00
8.705022811889648438e+00
8.705110549926757812e+00
8.705198287963867188e+00
8.705287933349609375e+00
8.705375671386718750e+00
8.705464363098144531e+00
8.705553054809570312e+00
8.705640792846679688e+00
8.705730438232421875e+00
8.705818176269531250e+00
8.705905914306640625e+00
8.705993652343750000e+00
8.706081390380859375e+00
8.706171035766601562e+00
8.706258773803710938e+00
8.706347465515136719e+00
8.706436157226562500e+00
8.706522941589355469e+00
8.706610679626464844e+00
8.706699371337890625e+00
8.706788063049316406e+00
8.706874847412109375e+00
8.706964492797851562e+00
8.707051277160644531e+00
8.707139968872070312e+00
8.707227706909179688e+00
8.707315444946289062e+00
8.707403182983398438e+00
8.707490921020507812e+00
8.707578659057617188e+00
8.707667350769042969e+00
8.707754135131835938e+00
8.707843780517578125e+00
8.707930564880371094e+00
8.708019256591796875e+00
8.708106994628906250e+00
8.708194732666015625e+00
8.708282470703125000e+00
8.708370208740234375e+00
8.708457946777343750e+00
8.708545684814453125e+00
8.708633422851562500e+00
8.708721160888671875e+00
8.708808898925781250e+00
8.708895683288574219e+00
8.708984375000000000e+00
8.709070205688476562e+00
8.709157943725585938e+00
8.709245681762695312e+00
8.709333419799804688e+00
8.709421157836914062e+00
8.709507942199707031e+00
8.709596633911132812e+00
8.709682464599609375e+00
8.709770202636718750e+00
8.709858894348144531e+00
8.709944725036621094e+00
8.710032463073730469e+00
8.710119247436523438e+00
8.710207939147949219e+00
8.710294723510742188e+00
8.710382461547851562e+00
8.710470199584960938e+00
8.710556030273437500e+00
8.710645675659179688e+00
8.710731506347656250e+00
8.710818290710449219e+00
8.710905075073242188e+00
8.710991859436035156e+00
8.711080551147460938e+00
8.711166381835937500e+00
8.711254119873046875e+00
8.711340904235839844e+00
8.711427688598632812e+00
8.711515426635742188e+00
8.711602210998535156e+00
8.711688041687011719e+00
8.711775779724121094e+00
8.711862564086914062e+00
8.711949348449707031e+00
8.712036132812500000e+00
8.712123870849609375e+00
8.712210655212402344e+00
8.712297439575195312e+00
8.712385177612304688e+00
8.712471008300781250e+00
8.712557792663574219e+00
8.712645530700683594e+00
8.712732315063476562e+00
8.712818145751953125e+00
8.712905883789062500e+00
8.712992668151855469e+00
8.713079452514648438e+00
8.713165283203125000e+00
8.713252067565917969e+00
8.713338851928710938e+00
8.713424682617187500e+00
8.713511466979980469e+00
8.713598251342773438e+00
8.713685989379882812e+00
8.713771820068359375e+00
8.713858604431152344e+00
8.713945388793945312e+00
8.714031219482421875e+00
8.714117050170898438e+00
8.714203834533691406e+00
8.714290618896484375e+00
8.714376449584960938e+00
8.714463233947753906e+00
8.714548110961914062e+00
8.714634895324707031e+00
8.714721679687500000e+00
8.714806556701660156e+00
8.714894294738769531e+00
8.714981079101562500e+00
8.715066909790039062e+00
8.715152740478515625e+00
8.715239524841308594e+00
8.715325355529785156e+00
8.715411186218261719e+00
8.715497970581054688e+00
8.715583801269531250e+00
8.715669631958007812e+00
8.715755462646484375e+00
8.715842247009277344e+00
8.715928077697753906e+00
8.716013908386230469e+00
8.716100692749023438e+00
8.716186523437500000e+00
8.716272354125976562e+00
8.716358184814453125e+00
8.716444015502929688e+00
8.716529846191406250e+00
8.716615676879882812e+00
8.716700553894042969e+00
8.716787338256835938e+00
8.716873168945312500e+00
8.716958045959472656e+00
8.717044830322265625e+00
8.717130661010742188e+00
8.717215538024902344e+00
8.717302322387695312e+00
8.717388153076171875e+00
8.717473983764648438e+00
8.717559814453125000e+00
8.717644691467285156e+00
8.717729568481445312e+00
8.717815399169921875e+00
8.717901229858398438e+00
8.717988967895507812e+00
8.718073844909667969e+00
8.718158721923828125e+00
8.718245506286621094e+00
8.718331336975097656e+00
8.718416213989257812e+00
8.718502044677734375e+00
8.718587875366210938e+00
8.718672752380371094e+00
8.718757629394531250e+00
8.718843460083007812e+00
8.718929290771484375e+00
8.719014167785644531e+00
8.719099044799804688e+00
8.719184875488281250e+00
8.719269752502441406e+00
8.719354629516601562e+00
8.719440460205078125e+00
8.719525337219238281e+00
8.719612121582031250e+00
8.719696998596191406e+00
8.719781875610351562e+00
8.719867706298828125e+00
8.719953536987304688e+00
8.720039367675781250e+00
8.720124244689941406e+00
8.720209121704101562e+00
8.720293045043945312e+00
8.720378875732421875e+00
8.720462799072265625e+00
8.720548629760742188e+00
8.720633506774902344e+00
8.720718383789062500e+00
8.720804214477539062e+00
8.720888137817382812e+00
8.720973968505859375e+00
8.721058845520019531e+00
8.721143722534179688e+00
8.721228599548339844e+00
8.721314430236816406e+00
8.721399307250976562e+00
8.721484184265136719e+00
8.721569061279296875e+00
8.721652984619140625e+00
8.721738815307617188e+00
8.721822738647460938e+00
8.721907615661621094e+00
8.721992492675781250e+00
8.722078323364257812e+00
8.722162246704101562e+00
8.722247123718261719e+00
8.722331047058105469e+00
8.722415924072265625e+00
8.722500801086425781e+00
8.722585678100585938e+00
8.722669601440429688e+00
8.722754478454589844e+00
8.722839355468750000e+00
8.722925186157226562e+00
8.723008155822753906e+00
8.723093032836914062e+00
8.723177909851074219e+00
8.723262786865234375e+00
8.723346710205078125e+00
8.723432540893554688e+00
8.723516464233398438e+00
8.723600387573242188e+00
8.723684310913085938e+00
8.723769187927246094e+00
8.723854064941406250e+00
8.723937988281250000e+00
8.724021911621093750e+00
8.724105834960937500e+00
8.724190711975097656e+00
8.724275588989257812e+00
8.724359512329101562e+00
8.724443435668945312e+00
8.724528312683105469e+00
8.724613189697265625e+00
8.724697113037109375e+00
8.724781036376953125e+00
8.724864959716796875e+00
8.724950790405273438e+00
8.725034713745117188e+00
8.725118637084960938e+00
8.725202560424804688e+00
8.725285530090332031e+00
8.725370407104492188e+00
8.725453376770019531e+00
8.725538253784179688e+00
8.725622177124023438e+00
8.725705146789550781e+00
8.725790023803710938e+00
8.725873947143554688e+00
8.725958824157714844e+00
8.726041793823242188e+00
8.726125717163085938e+00
8.726211547851562500e+00
8.726294517517089844e+00
8.726377487182617188e+00
8.726462364196777344e+00
8.726545333862304688e+00
8.726629257202148438e+00
8.726713180541992188e+00
8.726797103881835938e+00
8.726881027221679688e+00
8.726964950561523438e+00
8.727047920227050781e+00
8.727130889892578125e+00
8.727214813232421875e+00
8.727298736572265625e+00
8.727382659912109375e+00
8.727466583251953125e+00
8.727548599243164062e+00
8.727633476257324219e+00
8.727716445922851562e+00
8.727800369262695312e+00
8.727884292602539062e+00
8.727967262268066406e+00
8.728050231933593750e+00
8.728134155273437500e+00
8.728218078613281250e+00
8.728302001953125000e+00
8.728386878967285156e+00
8.728469848632812500e+00
8.728552818298339844e+00
8.728637695312500000e+00
8.728719711303710938e+00
8.728804588317871094e+00
8.728885650634765625e+00
8.728970527648925781e+00
8.729051589965820312e+00
8.729135513305664062e+00
8.729219436645507812e+00
8.729304313659667969e+00
8.729386329650878906e+00
8.729470252990722656e+00
8.729554176330566406e+00
8.729637145996093750e+00
8.729721069335937500e+00
8.729804992675781250e+00
8.729887008666992188e+00
8.729970932006835938e+00
8.730052947998046875e+00
8.730136871337890625e+00
8.730220794677734375e+00
8.730302810668945312e+00
8.730385780334472656e+00
8.730468750000000000e+00
8.730552673339843750e+00
8.730635643005371094e+00
8.730717658996582031e+00
8.730801582336425781e+00
8.730883598327636719e+00
8.730967521667480469e+00
8.731049537658691406e+00
8.731134414672851562e+00
8.731215476989746094e+00
8.731301307678222656e+00
8.731381416320800781e+00
8.731467247009277344e+00
8.731545448303222656e+00
8.731634140014648438e+00
8.731710433959960938e+00
8.731801986694335938e+00
8.731874465942382812e+00
8.731971740722656250e+00
8.732036590576171875e+00
8.732141494750976562e+00
8.732194900512695312e+00
8.732316017150878906e+00
8.732349395751953125e+00
8.732498168945312500e+00
8.732492446899414062e+00
8.732690811157226562e+00
8.732621192932128906e+00
8.732904434204101562e+00
8.732724189758300781e+00
8.733153343200683594e+00
8.732782363891601562e+00
8.733455657958984375e+00
8.732788085937500000e+00
8.733798980712890625e+00
8.732793807983398438e+00
8.734069824218750000e+00
8.732978820800781250e+00
8.734067916870117188e+00
8.733475685119628906e+00
8.733806610107421875e+00
8.734066963195800781e+00
8.733613014221191406e+00
8.734413146972656250e+00
8.733772277832031250e+00
8.734377861022949219e+00
8.734240531921386719e+00
8.734199523925781250e+00
8.734666824340820312e+00
8.734230041503906250e+00
8.734802246093750000e+00
8.734556198120117188e+00
8.734725952148437500e+00
8.734964370727539062e+00
8.734712600708007812e+00
8.735187530517578125e+00
8.734940528869628906e+00
8.735190391540527344e+00
8.735295295715332031e+00
8.735185623168945312e+00
8.735544204711914062e+00
8.735348701477050781e+00
8.735620498657226562e+00
8.735637664794921875e+00
8.735642433166503906e+00
8.735898971557617188e+00
8.735759735107421875e+00
8.736028671264648438e+00
8.736001968383789062e+00
8.736079216003417969e+00
8.736255645751953125e+00
8.736179351806640625e+00
8.736415863037109375e+00
8.736377716064453125e+00
8.736503601074218750e+00
8.736608505249023438e+00
8.736598014831542969e+00
8.736797332763671875e+00
8.736761093139648438e+00
8.736917495727539062e+00
8.736974716186523438e+00
8.737018585205078125e+00
8.737173080444335938e+00
8.737161636352539062e+00
8.737321853637695312e+00
8.737350463867187500e+00
8.737436294555664062e+00
8.737546920776367188e+00
8.737565994262695312e+00
8.737712860107421875e+00
8.737733840942382812e+00
8.737843513488769531e+00
8.737920761108398438e+00
8.737974166870117188e+00
8.738096237182617188e+00
8.738124847412109375e+00
8.738245964050292969e+00
8.738300323486328125e+00
8.738380432128906250e+00
8.738476753234863281e+00
8.738523483276367188e+00
8.738637924194335938e+00
8.738683700561523438e+00
8.738782882690429688e+00
8.738857269287109375e+00
8.738924026489257812e+00
8.739023208618164062e+00
8.739075660705566406e+00
8.739179611206054688e+00
8.739238739013671875e+00
8.739324569702148438e+00
8.739406585693359375e+00
8.739471435546875000e+00
8.739566802978515625e+00
8.739627838134765625e+00
8.739721298217773438e+00
8.739789962768554688e+00
8.739870071411132812e+00
8.739953994750976562e+00
8.740021705627441406e+00
8.740114212036132812e+00
8.740179061889648438e+00
8.740265846252441406e+00
8.740339279174804688e+00
8.740415573120117188e+00
8.740500450134277344e+00
8.740569114685058594e+00
8.740656852722167969e+00
8.740726470947265625e+00
8.740810394287109375e+00
8.740886688232421875e+00
8.740962982177734375e+00
8.741044998168945312e+00
8.741117477416992188e+00
8.741202354431152344e+00
8.741273880004882812e+00
8.741356849670410156e+00
8.741432189941406250e+00
8.741509437561035156e+00
8.741589546203613281e+00
8.741662979125976562e+00
8.741746902465820312e+00
8.741820335388183594e+00
8.741901397705078125e+00
8.741977691650390625e+00
8.742054939270019531e+00
8.742135047912597656e+00
8.742209434509277344e+00
8.742290496826171875e+00
8.742364883422851562e+00
8.742446899414062500e+00
8.742522239685058594e+00
8.742601394653320312e+00
8.742678642272949219e+00
8.742755889892578125e+00
8.742834091186523438e+00
8.742910385131835938e+00
8.742989540100097656e+00
8.743066787719726562e+00
8.743144989013671875e+00
8.743221282958984375e+00
8.743299484252929688e+00
8.743378639221191406e+00
8.743454933166503906e+00
8.743535041809082031e+00
8.743612289428710938e+00
8.743689537048339844e+00
8.743766784667968750e+00
8.743843078613281250e+00
8.743922233581542969e+00
8.743999481201171875e+00
8.744077682495117188e+00
8.744153976440429688e+00
8.744233131408691406e+00
8.744309425354003906e+00
8.744388580322265625e+00
8.744464874267578125e+00
8.744543075561523438e+00
8.744619369506835938e+00
8.744698524475097656e+00
8.744775772094726562e+00
8.744852066040039062e+00
8.744930267333984375e+00
8.745006561279296875e+00
8.745085716247558594e+00
8.745162963867187500e+00
8.745240211486816406e+00
8.745317459106445312e+00
8.745395660400390625e+00
8.745473861694335938e+00
8.745550155639648438e+00
8.745628356933593750e+00
8.745704650878906250e+00
8.745782852172851562e+00
8.745859146118164062e+00
8.745937347412109375e+00
8.746014595031738281e+00
8.746092796325683594e+00
8.746170043945312500e+00
8.746246337890625000e+00
8.746323585510253906e+00
8.746401786804199219e+00
8.746479034423828125e+00
8.746556282043457031e+00
8.746633529663085938e+00
8.746710777282714844e+00
8.746788024902343750e+00
8.746865272521972656e+00
8.746942520141601562e+00
8.747018814086914062e+00
8.747097015380859375e+00
8.747173309326171875e+00
8.747250556945800781e+00
8.747327804565429688e+00
8.747405052185058594e+00
8.747484207153320312e+00
8.747560501098632812e+00
8.747637748718261719e+00
8.747714042663574219e+00
8.747793197631835938e+00
8.747868537902832031e+00
8.747946739196777344e+00
8.748023033142089844e+00
8.748100280761718750e+00
8.748176574707031250e+00
8.748254776000976562e+00
8.748331069946289062e+00
8.748410224914550781e+00
8.748487472534179688e+00
8.748563766479492188e+00
8.748640060424804688e+00
8.748718261718750000e+00
8.748795509338378906e+00
8.748870849609375000e+00
8.748949050903320312e+00
8.749025344848632812e+00
8.749103546142578125e+00
8.749179840087890625e+00
8.749258041381835938e+00
8.749333381652832031e+00
8.749412536621093750e+00
8.749486923217773438e+00
8.749566078186035156e+00
8.749640464782714844e+00
8.749719619750976562e+00
8.749794960021972656e+00
8.749874114990234375e+00
8.749948501586914062e+00
8.750028610229492188e+00
8.750101089477539062e+00
8.750183105468750000e+00
8.750255584716796875e+00
8.750338554382324219e+00
8.750408172607421875e+00
8.750492095947265625e+00
8.750562667846679688e+00
8.750647544860839844e+00
8.750715255737304688e+00
8.750802993774414062e+00
8.750865936279296875e+00
8.750960350036621094e+00
8.751018524169921875e+00
8.751117706298828125e+00
8.751167297363281250e+00
8.751276016235351562e+00
8.751314163208007812e+00
8.751438140869140625e+00
8.751457214355468750e+00
8.751605033874511719e+00
8.751593589782714844e+00
8.751779556274414062e+00
8.751722335815429688e+00
8.751965522766113281e+00
8.751834869384765625e+00
8.752170562744140625e+00
8.751927375793457031e+00
8.752401351928710938e+00
8.751987457275390625e+00
8.752663612365722656e+00
8.752023696899414062e+00
8.752937316894531250e+00
8.752086639404296875e+00
8.753137588500976562e+00
8.752283096313476562e+00
8.753156661987304688e+00
8.752670288085937500e+00
8.753016471862792969e+00
8.753124237060546875e+00
8.752892494201660156e+00
8.753458023071289062e+00
8.752952575683593750e+00
8.753568649291992188e+00
8.753236770629882812e+00
8.753507614135742188e+00
8.753616333007812500e+00
8.753464698791503906e+00
8.753896713256835938e+00
8.753580093383789062e+00
8.754002571105957031e+00
8.753849029541015625e+00
8.754001617431640625e+00
8.754158020019531250e+00
8.754028320312500000e+00
8.754376411437988281e+00
8.754175186157226562e+00
8.754466056823730469e+00
8.754427909851074219e+00
8.754497528076171875e+00
8.754680633544921875e+00
8.754579544067382812e+00
8.754851341247558594e+00
8.754749298095703125e+00
8.754943847656250000e+00
8.754972457885742188e+00
8.755013465881347656e+00
8.755184173583984375e+00
8.755122184753417969e+00
8.755337715148925781e+00
8.755293846130371094e+00
8.755438804626464844e+00
8.755497932434082031e+00
8.755531311035156250e+00
8.755685806274414062e+00
8.755661010742187500e+00
8.755832672119140625e+00
8.755829811096191406e+00
8.755948066711425781e+00
8.756016731262207031e+00
8.756060600280761719e+00
8.756191253662109375e+00
8.756196022033691406e+00
8.756338119506835938e+00
8.756357192993164062e+00
8.756463050842285156e+00
8.756530761718750000e+00
8.756586074829101562e+00
8.756696701049804688e+00
8.756722450256347656e+00
8.756845474243164062e+00
8.756878852844238281e+00
8.756978988647460938e+00
8.757043838500976562e+00
8.757111549377441406e+00
8.757205963134765625e+00
8.757249832153320312e+00
8.757358551025390625e+00
8.757400512695312500e+00
8.757498741149902344e+00
8.757557868957519531e+00
8.757634162902832031e+00
8.757715225219726562e+00
8.757774353027343750e+00
8.757868766784667969e+00
8.757919311523437500e+00
8.758014678955078125e+00
8.758071899414062500e+00
8.758154869079589844e+00
8.758226394653320312e+00
8.758295059204101562e+00
8.758379936218261719e+00
8.758440017700195312e+00
8.758529663085937500e+00
8.758587837219238281e+00
8.758673667907714844e+00
8.758739471435546875e+00
8.758817672729492188e+00
8.758893966674804688e+00
8.758960723876953125e+00
8.759043693542480469e+00
8.759106636047363281e+00
8.759192466735839844e+00
8.759257316589355469e+00
8.759338378906250000e+00
8.759407043457031250e+00
8.759483337402343750e+00
8.759557723999023438e+00
8.759627342224121094e+00
8.759706497192382812e+00
8.759773254394531250e+00
8.759855270385742188e+00
8.759922027587890625e+00
8.760000228881835938e+00
8.760070800781250000e+00
8.760148048400878906e+00
8.760220527648925781e+00
8.760294914245605469e+00
8.760369300842285156e+00
8.760441780090332031e+00
8.760519027709960938e+00
8.760588645935058594e+00
8.760665893554687500e+00
8.760736465454101562e+00
8.760812759399414062e+00
8.760884284973144531e+00
8.760959625244140625e+00
8.761033058166503906e+00
8.761107444763183594e+00
8.761181831359863281e+00
8.761255264282226562e+00
8.761331558227539062e+00
8.761402130126953125e+00
8.761478424072265625e+00
8.761548995971679688e+00
8.761626243591308594e+00
8.761697769165039062e+00
8.761774063110351562e+00
8.761846542358398438e+00
8.761922836303710938e+00
8.761994361877441406e+00
8.762067794799804688e+00
8.762142181396484375e+00
8.762214660644531250e+00
8.762290954589843750e+00
8.762364387512207031e+00
8.762438774108886719e+00
8.762512207031250000e+00
8.762587547302246094e+00
8.762660980224609375e+00
8.762735366821289062e+00
8.762807846069335938e+00
8.762882232666015625e+00
8.762955665588378906e+00
8.763030052185058594e+00
8.763103485107421875e+00
8.763177871704101562e+00
8.763251304626464844e+00
8.763325691223144531e+00
8.763399124145507812e+00
8.763473510742187500e+00
8.763546943664550781e+00
8.763622283935546875e+00
8.763694763183593750e+00
8.763770103454589844e+00
8.763843536376953125e+00
8.763917922973632812e+00
8.763992309570312500e+00
8.764065742492675781e+00
8.764138221740722656e+00
8.764215469360351562e+00
8.764287948608398438e+00
8.764362335205078125e+00
8.764435768127441406e+00
8.764511108398437500e+00
8.764583587646484375e+00
8.764659881591796875e+00
8.764732360839843750e+00
8.764807701110839844e+00
8.764880180358886719e+00
8.764955520629882812e+00
8.765027999877929688e+00
8.765104293823242188e+00
8.765176773071289062e+00
8.765253067016601562e+00
8.765324592590332031e+00
8.765401840209960938e+00
8.765472412109375000e+00
8.765551567077636719e+00
8.765620231628417969e+00
8.765699386596679688e+00
8.765766143798828125e+00
8.765850067138671875e+00
8.765913009643554688e+00
8.766000747680664062e+00
8.766059875488281250e+00
8.766153335571289062e+00
8.766202926635742188e+00
8.766305923461914062e+00
8.766345024108886719e+00
8.766463279724121094e+00
8.766481399536132812e+00
8.766624450683593750e+00
8.766614913940429688e+00
8.766794204711914062e+00
8.766737937927246094e+00
8.766978263854980469e+00
8.766843795776367188e+00
8.767181396484375000e+00
8.766921997070312500e+00
8.767415046691894531e+00
8.766970634460449219e+00
8.767682075500488281e+00
8.766996383666992188e+00
8.767951011657714844e+00
8.767072677612304688e+00
8.768110275268554688e+00
8.767328262329101562e+00
8.768054962158203125e+00
8.767766952514648438e+00
8.767878532409667969e+00
8.768196105957031250e+00
8.767801284790039062e+00
8.768432617187500000e+00
8.767959594726562500e+00
8.768438339233398438e+00
8.768316268920898438e+00
8.768342971801757812e+00
8.768673896789550781e+00
8.768365859985351562e+00
8.768842697143554688e+00
8.768598556518554688e+00
8.768840789794921875e+00
8.768922805786132812e+00
8.768831253051757812e+00
8.769166946411132812e+00
8.768956184387207031e+00
8.769258499145507812e+00
8.769198417663574219e+00
8.769283294677734375e+00
8.769454002380371094e+00
8.769346237182617188e+00
8.769624710083007812e+00
8.769516944885253906e+00
8.769699096679687500e+00
8.769749641418457031e+00
8.769754409790039062e+00
8.769956588745117188e+00
8.769870758056640625e+00
8.770080566406250000e+00
8.770064353942871094e+00
8.770156860351562500e+00
8.770268440246582031e+00
8.770252227783203125e+00
8.770433425903320312e+00
8.770402908325195312e+00
8.770547866821289062e+00
8.770588874816894531e+00
8.770647048950195312e+00
8.770771026611328125e+00
8.770769119262695312e+00
8.770917892456054688e+00
8.770924568176269531e+00
8.771034240722656250e+00
8.771100997924804688e+00
8.771145820617675781e+00
8.771265983581542969e+00
8.771280288696289062e+00
8.771404266357421875e+00
8.771436691284179688e+00
8.771524429321289062e+00
8.771604537963867188e+00
8.771650314331054688e+00
8.771758079528808594e+00
8.771789550781250000e+00
8.771897315979003906e+00
8.771944999694824219e+00
8.772025108337402344e+00
8.772103309631347656e+00
8.772155761718750000e+00
8.772254943847656250e+00
8.772296905517578125e+00
8.772392272949218750e+00
8.772447586059570312e+00
8.772525787353515625e+00
8.772602081298828125e+00
8.772660255432128906e+00
8.772750854492187500e+00
8.772804260253906250e+00
8.772891998291015625e+00
8.772951126098632812e+00
8.773029327392578125e+00
8.773101806640625000e+00
8.773166656494140625e+00
8.773249626159667969e+00
8.773306846618652344e+00
8.773391723632812500e+00
8.773452758789062500e+00
8.773531913757324219e+00
8.773602485656738281e+00
8.773672103881835938e+00
8.773748397827148438e+00
8.773812294006347656e+00
8.773893356323242188e+00
8.773956298828125000e+00
8.774035453796386719e+00
8.774104118347167969e+00
8.774176597595214844e+00
8.774251937866210938e+00
8.774318695068359375e+00
8.774396896362304688e+00
8.774461746215820312e+00
8.774539947509765625e+00
8.774606704711914062e+00
8.774682044982910156e+00
8.774753570556640625e+00
8.774824142456054688e+00
8.774900436401367188e+00
8.774967193603515625e+00
8.775042533874511719e+00
8.775110244750976562e+00
8.775186538696289062e+00
8.775255203247070312e+00
8.775330543518066406e+00
8.775402069091796875e+00
8.775473594665527344e+00
8.775547027587890625e+00
8.775617599487304688e+00
8.775691986083984375e+00
8.775760650634765625e+00
8.775836944580078125e+00
8.775907516479492188e+00
8.775979995727539062e+00
8.776051521301269531e+00
8.776124954223632812e+00
8.776197433471679688e+00
8.776268005371093750e+00
8.776342391967773438e+00
8.776412963867187500e+00
8.776487350463867188e+00
8.776557922363281250e+00
8.776632308959960938e+00
8.776702880859375000e+00
8.776777267456054688e+00
8.776849746704101562e+00
8.776922225952148438e+00
8.776994705200195312e+00
8.777066230773925781e+00
8.777138710021972656e+00
8.777210235595703125e+00
8.777284622192382812e+00
8.777357101440429688e+00
8.777429580688476562e+00
8.777502059936523438e+00
8.777575492858886719e+00
8.777647972106933594e+00
8.777719497680664062e+00
8.777793884277343750e+00
8.777866363525390625e+00
8.777938842773437500e+00
8.778011322021484375e+00
8.778083801269531250e+00
8.778157234191894531e+00
8.778230667114257812e+00
8.778302192687988281e+00
8.778375625610351562e+00
8.778448104858398438e+00
8.778520584106445312e+00
8.778594970703125000e+00
8.778667449951171875e+00
8.778740882873535156e+00
8.778812408447265625e+00
8.778886795043945312e+00
8.778959274291992188e+00
8.779031753540039062e+00
8.779105186462402344e+00
8.779178619384765625e+00
8.779251098632812500e+00
8.779324531555175781e+00
8.779397010803222656e+00
8.779471397399902344e+00
8.779543876647949219e+00
8.779617309570312500e+00
8.779689788818359375e+00
8.779764175415039062e+00
8.779836654663085938e+00
8.779911994934082031e+00
8.779982566833496094e+00
8.780057907104492188e+00
8.780128479003906250e+00
8.780204772949218750e+00
8.780275344848632812e+00
8.780351638793945312e+00
8.780424118041992188e+00
8.780498504638671875e+00
8.780570030212402344e+00
8.780645370483398438e+00
8.780716896057128906e+00
8.780793190002441406e+00
8.780862808227539062e+00
8.780940055847167969e+00
8.781009674072265625e+00
8.781086921691894531e+00
8.781156539916992188e+00
8.781234741210937500e+00
8.781303405761718750e+00
8.781383514404296875e+00
8.781449317932128906e+00
8.781530380249023438e+00
8.781594276428222656e+00
8.781681060791015625e+00
8.781742095947265625e+00
8.781832695007324219e+00
8.781885147094726562e+00
8.781984329223632812e+00
8.782026290893554688e+00
8.782138824462890625e+00
8.782165527343750000e+00
8.782296180725097656e+00
8.782301902770996094e+00
8.782460212707519531e+00
8.782431602478027344e+00
8.782633781433105469e+00
8.782547950744628906e+00
8.782821655273437500e+00
8.782649040222167969e+00
8.783028602600097656e+00
8.782724380493164062e+00
8.783262252807617188e+00
8.782777786254882812e+00
8.783512115478515625e+00
8.782843589782714844e+00
8.783721923828125000e+00
8.783005714416503906e+00
8.783786773681640625e+00
8.783330917358398438e+00
8.783699035644531250e+00
8.783729553222656250e+00
8.783607482910156250e+00
8.784032821655273438e+00
8.783655166625976562e+00
8.784163475036621094e+00
8.783884048461914062e+00
8.784162521362304688e+00
8.784205436706542969e+00
8.784146308898925781e+00
8.784478187561035156e+00
8.784241676330566406e+00
8.784607887268066406e+00
8.784469604492187500e+00
8.784635543823242188e+00
8.784748077392578125e+00
8.784669876098632812e+00
8.784957885742187500e+00
8.784805297851562500e+00
8.785055160522460938e+00
8.785030364990234375e+00
8.785105705261230469e+00
8.785259246826171875e+00
8.785189628601074219e+00
8.785423278808593750e+00
8.785353660583496094e+00
8.785518646240234375e+00
8.785558700561523438e+00
8.785599708557128906e+00
8.785751342773437500e+00
8.785716056823730469e+00
8.785897254943847656e+00
8.785880088806152344e+00
8.786003112792968750e+00
8.786068916320800781e+00
8.786106109619140625e+00
8.786245346069335938e+00
8.786235809326171875e+00
8.786385536193847656e+00
8.786399841308593750e+00
8.786500930786132812e+00
8.786577224731445312e+00
8.786614418029785156e+00
8.786741256713867188e+00
8.786752700805664062e+00
8.786877632141113281e+00
8.786913871765136719e+00
8.787000656127929688e+00
8.787080764770507812e+00
8.787126541137695312e+00
8.787237167358398438e+00
8.787267684936523438e+00
8.787376403808593750e+00
8.787424087524414062e+00
8.787508010864257812e+00
8.787582397460937500e+00
8.787640571594238281e+00
8.787734985351562500e+00
8.787780761718750000e+00
8.787878990173339844e+00
8.787930488586425781e+00
8.788015365600585938e+00
8.788084983825683594e+00
8.788150787353515625e+00
8.788236618041992188e+00
8.788290023803710938e+00
8.788383483886718750e+00
8.788437843322753906e+00
8.788522720336914062e+00
8.788589477539062500e+00
8.788661956787109375e+00
8.788742065429687500e+00
8.788803100585937500e+00
8.788887977600097656e+00
8.788948059082031250e+00
8.789031982421875000e+00
8.789097785949707031e+00
8.789174079895019531e+00
8.789246559143066406e+00
8.789316177368164062e+00
8.789394378662109375e+00
8.789459228515625000e+00
8.789541244506835938e+00
8.789606094360351562e+00
8.789685249328613281e+00
8.789753913879394531e+00
8.789829254150390625e+00
8.789903640747070312e+00
8.789974212646484375e+00
8.790050506591796875e+00
8.790118217468261719e+00
8.790198326110839844e+00
8.790266036987304688e+00
8.790344238281250000e+00
8.790413856506347656e+00
8.790489196777343750e+00
8.790562629699707031e+00
8.790635108947753906e+00
8.790710449218750000e+00
8.790781021118164062e+00
8.790857315063476562e+00
8.790926933288574219e+00
8.791004180908203125e+00
8.791073799133300781e+00
8.791150093078613281e+00
8.791223526000976562e+00
8.791296005249023438e+00
8.791371345520019531e+00
8.791444778442382812e+00
8.791521072387695312e+00
8.791591644287109375e+00
8.791667938232421875e+00
8.791739463806152344e+00
8.791814804077148438e+00
8.791889190673828125e+00
8.791962623596191406e+00
8.792036056518554688e+00
8.792110443115234375e+00
8.792183876037597656e+00
8.792258262634277344e+00
8.792331695556640625e+00
8.792407035827636719e+00
8.792479515075683594e+00
8.792552947998046875e+00
8.792629241943359375e+00
8.792701721191406250e+00
8.792778015136718750e+00
8.792851448059082031e+00
8.792926788330078125e+00
8.792999267578125000e+00
8.793073654174804688e+00
8.793148040771484375e+00
8.793223381042480469e+00
8.793298721313476562e+00
8.793373107910156250e+00
8.793447494506835938e+00
8.793521881103515625e+00
8.793597221374511719e+00
8.793670654296875000e+00
8.793746948242187500e+00
8.793821334838867188e+00
8.793895721435546875e+00
8.793970108032226562e+00
8.794046401977539062e+00
8.794118881225585938e+00
8.794195175170898438e+00
8.794269561767578125e+00
8.794345855712890625e+00
8.794420242309570312e+00
8.794495582580566406e+00
8.794569969177246094e+00
8.794645309448242188e+00
8.794721603393554688e+00
8.794795989990234375e+00
8.794870376586914062e+00
8.794946670532226562e+00
8.795021057128906250e+00
8.795096397399902344e+00
8.795170783996582031e+00
8.795248031616210938e+00
8.795322418212890625e+00
8.795397758483886719e+00
8.795473098754882812e+00
8.795549392700195312e+00
8.795625686645507812e+00
8.795701980590820312e+00
8.795776367187500000e+00
8.795851707458496094e+00
8.795928001403808594e+00
8.796004295349121094e+00
8.796079635620117188e+00
8.796154022216796875e+00
8.796230316162109375e+00
8.796306610107421875e+00
8.796382904052734375e+00
8.796458244323730469e+00
8.796533584594726562e+00
8.796609878540039062e+00
8.796688079833984375e+00
8.796761512756347656e+00
8.796838760375976562e+00
8.796913146972656250e+00
8.796993255615234375e+00
8.797065734863281250e+00
8.797144889831542969e+00
8.797216415405273438e+00
8.797300338745117188e+00
8.797369003295898438e+00
8.797453880310058594e+00
8.797518730163574219e+00
8.797609329223632812e+00
8.797669410705566406e+00
8.797765731811523438e+00
8.797815322875976562e+00
8.797925949096679688e+00
8.797960281372070312e+00
8.798091888427734375e+00
8.798097610473632812e+00
8.798267364501953125e+00
8.798226356506347656e+00
8.798454284667968750e+00
8.798337936401367188e+00
8.798665046691894531e+00
8.798422813415527344e+00
8.798906326293945312e+00
8.798477172851562500e+00
8.799173355102539062e+00
8.798534393310546875e+00
8.799402236938476562e+00
8.798708915710449219e+00
8.799449920654296875e+00
8.799089431762695312e+00
8.799317359924316406e+00
8.799523353576660156e+00
8.799228668212890625e+00
8.799770355224609375e+00
8.799384117126464844e+00
8.799763679504394531e+00
8.799738883972167969e+00
8.799700736999511719e+00
8.800052642822265625e+00
8.799789428710937500e+00
8.800169944763183594e+00
8.800078392028808594e+00
8.800152778625488281e+00
8.800384521484375000e+00
8.800218582153320312e+00
8.800540924072265625e+00
8.800436019897460938e+00
8.800573348999023438e+00
8.800710678100585938e+00
8.800621986389160156e+00
8.800895690917968750e+00
8.800798416137695312e+00
8.800968170166015625e+00
8.801044464111328125e+00
8.801028251647949219e+00
8.801246643066406250e+00
8.801168441772460938e+00
8.801355361938476562e+00
8.801383018493652344e+00
8.801427841186523438e+00
8.801591873168945312e+00
8.801546096801757812e+00
8.801733016967773438e+00
8.801733016967773438e+00
8.801824569702148438e+00
8.801937103271484375e+00
8.801935195922851562e+00
8.802101135253906250e+00
8.802096366882324219e+00
8.802221298217773438e+00
8.802285194396972656e+00
8.802327156066894531e+00
8.802463531494140625e+00
8.802467346191406250e+00
8.802602767944335938e+00
8.802639007568359375e+00
8.802719116210937500e+00
8.802815437316894531e+00
8.802845954895019531e+00
8.802972793579101562e+00
8.803001403808593750e+00
8.803106307983398438e+00
8.803174972534179688e+00
8.803234100341796875e+00
8.803339004516601562e+00
8.803375244140625000e+00
8.803485870361328125e+00
8.803535461425781250e+00
8.803619384765625000e+00
8.803701400756835938e+00
8.803756713867187500e+00
8.803857803344726562e+00
8.803906440734863281e+00
8.804000854492187500e+00
8.804066658020019531e+00
8.804140090942382812e+00
8.804226875305175781e+00
8.804284095764160156e+00
8.804376602172851562e+00
8.804436683654785156e+00
8.804520606994628906e+00
8.804594039916992188e+00
8.804664611816406250e+00
8.804750442504882812e+00
8.804812431335449219e+00
8.804899215698242188e+00
8.804966926574707031e+00
8.805046081542968750e+00
8.805124282836914062e+00
8.805192947387695312e+00
8.805276870727539062e+00
8.805343627929687500e+00
8.805425643920898438e+00
8.805498123168945312e+00
8.805572509765625000e+00
8.805653572082519531e+00
8.805723190307617188e+00
8.805806159973144531e+00
8.805875778198242188e+00
8.805954933166503906e+00
8.806030273437500000e+00
8.806104660034179688e+00
8.806185722351074219e+00
8.806256294250488281e+00
8.806339263916015625e+00
8.806409835815429688e+00
8.806488037109375000e+00
8.806564331054687500e+00
8.806638717651367188e+00
8.806718826293945312e+00
8.806790351867675781e+00
8.806871414184570312e+00
8.806943893432617188e+00
8.807023048400878906e+00
8.807098388671875000e+00
8.807174682617187500e+00
8.807253837585449219e+00
8.807325363159179688e+00
8.807407379150390625e+00
8.807479858398437500e+00
8.807559967041015625e+00
8.807635307312011719e+00
8.807712554931640625e+00
8.807790756225585938e+00
8.807867050170898438e+00
8.807945251464843750e+00
8.808020591735839844e+00
8.808098793029785156e+00
8.808174133300781250e+00
8.808253288269042969e+00
8.808330535888671875e+00
8.808406829833984375e+00
8.808485031127929688e+00
8.808561325073242188e+00
8.808640480041503906e+00
8.808716773986816406e+00
8.808794021606445312e+00
8.808871269226074219e+00
8.808948516845703125e+00
8.809026718139648438e+00
8.809104919433593750e+00
8.809181213378906250e+00
8.809261322021484375e+00
8.809338569641113281e+00
8.809415817260742188e+00
8.809494972229003906e+00
8.809572219848632812e+00
8.809651374816894531e+00
8.809728622436523438e+00
8.809806823730468750e+00
8.809883117675781250e+00
8.809963226318359375e+00
8.810040473937988281e+00
8.810119628906250000e+00
8.810195922851562500e+00
8.810276031494140625e+00
8.810354232788085938e+00
8.810432434082031250e+00
8.810510635375976562e+00
8.810590744018554688e+00
8.810667037963867188e+00
8.810746192932128906e+00
8.810823440551757812e+00
8.810905456542968750e+00
8.810981750488281250e+00
8.811061859130859375e+00
8.811140060424804688e+00
8.811220169067382812e+00
8.811298370361328125e+00
8.811376571655273438e+00
8.811456680297851562e+00
8.811535835266113281e+00
8.811614990234375000e+00
8.811694145202636719e+00
8.811773300170898438e+00
8.811853408813476562e+00
8.811931610107421875e+00
8.812011718750000000e+00
8.812089920043945312e+00
8.812170982360839844e+00
8.812248229980468750e+00
8.812331199645996094e+00
8.812406539916992188e+00
8.812490463256835938e+00
8.812564849853515625e+00
8.812650680541992188e+00
8.812725067138671875e+00
8.812812805175781250e+00
8.812883377075195312e+00
8.812973022460937500e+00
8.813040733337402344e+00
8.813137054443359375e+00
8.813198089599609375e+00
8.813299179077148438e+00
8.813352584838867188e+00
8.813467025756835938e+00
8.813507080078125000e+00
8.813634872436523438e+00
8.813654899597167969e+00
8.813811302185058594e+00
8.813798904418945312e+00
8.813993453979492188e+00
8.813932418823242188e+00
8.814191818237304688e+00
8.814052581787109375e+00
8.814411163330078125e+00
8.814146041870117188e+00
8.814666748046875000e+00
8.814208984375000000e+00
8.814968109130859375e+00
8.814240455627441406e+00
8.815298080444335938e+00
8.814292907714843750e+00
8.815533638000488281e+00
8.814507484436035156e+00
8.815490722656250000e+00
8.814975738525390625e+00
8.815241813659667969e+00
8.815532684326171875e+00
8.815086364746093750e+00
8.815912246704101562e+00
8.815181732177734375e+00
8.815982818603515625e+00
8.815553665161132812e+00
8.815837860107421875e+00
8.816035270690917969e+00
8.815746307373046875e+00
8.816372871398925781e+00
8.815870285034179688e+00
8.816462516784667969e+00
8.816204071044921875e+00
8.816398620605468750e+00
8.816599845886230469e+00
8.816389083862304688e+00
8.816865921020507812e+00
8.816543579101562500e+00
8.816953659057617188e+00
8.816842079162597656e+00
8.816956520080566406e+00
8.817165374755859375e+00
8.817010879516601562e+00
8.817384719848632812e+00
8.817184448242187500e+00
8.817485809326171875e+00
8.817449569702148438e+00
8.817540168762207031e+00
8.817722320556640625e+00
8.817636489868164062e+00
8.817918777465820312e+00
8.817813873291015625e+00
8.818038940429687500e+00
8.818048477172851562e+00
8.818131446838378906e+00
8.818283081054687500e+00
8.818254470825195312e+00
8.818466186523437500e+00
8.818429946899414062e+00
8.818601608276367188e+00
8.818644523620605469e+00
8.818717956542968750e+00
8.818859100341796875e+00
8.818853378295898438e+00
8.819045066833496094e+00
8.819025993347167969e+00
8.819194793701171875e+00
8.819223403930664062e+00
8.819331169128417969e+00
8.819426536560058594e+00
8.819473266601562500e+00
8.819611549377441406e+00
8.819639205932617188e+00
8.819770812988281250e+00
8.819826126098632812e+00
8.819913864135742188e+00
8.820022583007812500e+00
8.820057868957519531e+00
8.820215225219726562e+00
8.820210456848144531e+00
8.820397377014160156e+00
8.820376396179199219e+00
8.820569992065429688e+00
8.820545196533203125e+00
8.820743560791015625e+00
8.820707321166992188e+00
8.820930480957031250e+00
8.820851325988769531e+00
8.821138381958007812e+00
8.820972442626953125e+00
8.821373939514160156e+00
8.821069717407226562e+00
8.821632385253906250e+00
8.821149826049804688e+00
8.821893692016601562e+00
8.821255683898925781e+00
8.822099685668945312e+00
8.821464538574218750e+00
8.822162628173828125e+00
8.821834564208984375e+00
8.822080612182617188e+00
8.822270393371582031e+00
8.822002410888671875e+00
8.822599411010742188e+00
8.822081565856933594e+00
8.822728157043457031e+00
8.822379112243652344e+00
8.822689056396484375e+00
8.822797775268554688e+00
8.822629928588867188e+00
8.823156356811523438e+00
8.822700500488281250e+00
8.823333740234375000e+00
8.822963714599609375e+00
8.823329925537109375e+00
8.823347091674804688e+00
8.823286056518554688e+00
8.823697090148925781e+00
8.823335647583007812e+00
8.823902130126953125e+00
8.823547363281250000e+00
8.823955535888671875e+00
8.823875427246093750e+00
8.823947906494140625e+00
8.824206352233886719e+00
8.823995590209960938e+00
8.824440956115722656e+00
8.824155807495117188e+00
8.824558258056640625e+00
8.824419021606445312e+00
8.824606895446777344e+00
8.824710845947265625e+00
8.824668884277343750e+00
8.824960708618164062e+00
8.824798583984375000e+00
8.825132369995117188e+00
8.825002670288085938e+00
8.825242996215820312e+00
8.825244903564453125e+00
8.825336456298828125e+00
8.825481414794921875e+00
8.825456619262695312e+00
8.825679779052734375e+00
8.825620651245117188e+00
8.825834274291992188e+00
8.825820922851562500e+00
8.825967788696289062e+00
8.826030731201171875e+00
8.826103210449218750e+00
8.826231002807617188e+00
8.826257705688476562e+00
8.826408386230468750e+00
8.826433181762695312e+00
8.826567649841308594e+00
8.826622009277343750e+00
8.826719284057617188e+00
8.826808929443359375e+00
8.826877593994140625e+00
8.826989173889160156e+00
8.827045440673828125e+00
8.827156066894531250e+00
8.827224731445312500e+00
8.827317237854003906e+00
8.827409744262695312e+00
8.827478408813476562e+00
8.827592849731445312e+00
8.827644348144531250e+00
8.827766418457031250e+00
8.827817916870117188e+00
8.827936172485351562e+00
8.827998161315917969e+00
8.828097343444824219e+00
8.828183174133300781e+00
8.828260421752929688e+00
8.828366279602050781e+00
8.828425407409667969e+00
8.828544616699218750e+00
8.828595161437988281e+00
8.828718185424804688e+00
8.828771591186523438e+00
8.828888893127441406e+00
8.828949928283691406e+00
8.829057693481445312e+00
8.829131126403808594e+00
8.829227447509765625e+00
8.829311370849609375e+00
8.829398155212402344e+00
8.829490661621093750e+00
8.829570770263671875e+00
8.829665184020996094e+00
8.829746246337890625e+00
8.829837799072265625e+00
8.829925537109375000e+00
8.830007553100585938e+00
8.830102920532226562e+00
8.830181121826171875e+00
8.830284118652343750e+00
8.830353736877441406e+00
8.830464363098144531e+00
8.830526351928710938e+00
8.830642700195312500e+00
8.830699920654296875e+00
8.830821990966796875e+00
8.830875396728515625e+00
8.831002235412597656e+00
8.831048965454101562e+00
8.831181526184082031e+00
8.831220626831054688e+00
8.831364631652832031e+00
8.831389427185058594e+00
8.831552505493164062e+00
8.831553459167480469e+00
8.831747055053710938e+00
8.831710815429687500e+00
8.831951141357421875e+00
8.831856727600097656e+00
8.832172393798828125e+00
8.831985473632812500e+00
8.832412719726562500e+00
8.832086563110351562e+00
8.832687377929687500e+00
8.832149505615234375e+00
8.833013534545898438e+00
8.832159042358398438e+00
8.833401679992675781e+00
8.832118988037109375e+00
8.833829879760742188e+00
8.832092285156250000e+00
8.834177017211914062e+00
8.832242965698242188e+00
8.834213256835937500e+00
8.832747459411621094e+00
8.833861351013183594e+00
8.833538055419921875e+00
8.833401679992675781e+00
8.834281921386718750e+00
8.833186149597167969e+00
8.834659576416015625e+00
8.833402633666992188e+00
8.834573745727539062e+00
8.833989143371582031e+00
8.834264755249023438e+00
8.834629058837890625e+00
8.834087371826171875e+00
8.835018157958984375e+00
8.834226608276367188e+00
8.835068702697753906e+00
8.834645271301269531e+00
8.834939956665039062e+00
8.835123062133789062e+00
8.834883689880371094e+00
8.835433006286621094e+00
8.835046768188476562e+00
8.835521697998046875e+00
8.835388183593750000e+00
8.835502624511718750e+00
8.835756301879882812e+00
8.835542678833007812e+00
8.836008071899414062e+00
8.835727691650390625e+00
8.836107254028320312e+00
8.836040496826171875e+00
8.836133003234863281e+00
8.836367607116699219e+00
8.836194992065429688e+00
8.836614608764648438e+00
8.836361885070800781e+00
8.836753845214843750e+00
8.836621284484863281e+00
8.836830139160156250e+00
8.836909294128417969e+00
8.836914062500000000e+00
8.837154388427734375e+00
8.837062835693359375e+00
8.837327003479003906e+00
8.837279319763183594e+00
8.837449073791503906e+00
8.837528228759765625e+00
8.837560653686523438e+00
8.837766647338867188e+00
8.837701797485351562e+00
8.837965011596679688e+00
8.837885856628417969e+00
8.838125228881835938e+00
8.838098526000976562e+00
8.838270187377929688e+00
8.838314056396484375e+00
8.838425636291503906e+00
8.838509559631347656e+00
8.838609695434570312e+00
8.838677406311035156e+00
8.838819503784179688e+00
8.838819503784179688e+00
8.839047431945800781e+00
8.838950157165527344e+00
8.839278221130371094e+00
8.839085578918457031e+00
8.839505195617675781e+00
8.839226722717285156e+00
8.839725494384765625e+00
8.839377403259277344e+00
8.839940071105957031e+00
8.839537620544433594e+00
8.840143203735351562e+00
8.839715957641601562e+00
8.840315818786621094e+00
8.839937210083007812e+00
8.840436935424804688e+00
8.840209960937500000e+00
8.840508460998535156e+00
8.840509414672851562e+00
8.840568542480468750e+00
8.840785980224609375e+00
8.840665817260742188e+00
8.841011047363281250e+00
8.840824127197265625e+00
8.841182708740234375e+00
8.841045379638671875e+00
8.841314315795898438e+00
8.841303825378417969e+00
8.841424942016601562e+00
8.841564178466796875e+00
8.841547012329101562e+00
8.841794967651367188e+00
8.841699600219726562e+00
8.841984748840332031e+00
8.841888427734375000e+00
8.842140197753906250e+00
8.842109680175781250e+00
8.842274665832519531e+00
8.842342376708984375e+00
8.842411041259765625e+00
8.842569351196289062e+00
8.842559814453125000e+00
8.842777252197265625e+00
8.842728614807128906e+00
8.842960357666015625e+00
8.842921257019042969e+00
8.843124389648437500e+00
8.843128204345703125e+00
8.843279838562011719e+00
8.843345642089843750e+00
8.843431472778320312e+00
8.843556404113769531e+00
8.843593597412109375e+00
8.843759536743164062e+00
8.843766212463378906e+00
8.843947410583496094e+00
8.843954086303710938e+00
8.844123840332031250e+00
8.844148635864257812e+00
8.844293594360351562e+00
8.844350814819335938e+00
8.844462394714355469e+00
8.844549179077148438e+00
8.844633102416992188e+00
8.844744682312011719e+00
8.844810485839843750e+00
8.844932556152343750e+00
8.844993591308593750e+00
8.845119476318359375e+00
8.845184326171875000e+00
8.845296859741210938e+00
8.845377922058105469e+00
8.845476150512695312e+00
8.845571517944335938e+00
8.845653533935546875e+00
8.845766067504882812e+00
8.845832824707031250e+00
8.845958709716796875e+00
8.846013069152832031e+00
8.846149444580078125e+00
8.846197128295898438e+00
8.846340179443359375e+00
8.846379280090332031e+00
8.846529960632324219e+00
8.846563339233398438e+00
8.846720695495605469e+00
8.846745491027832031e+00
8.846914291381835938e+00
8.846927642822265625e+00
8.847113609313964844e+00
8.847102165222167969e+00
8.847318649291992188e+00
8.847270965576171875e+00
8.847532272338867188e+00
8.847430229187011719e+00
8.847757339477539062e+00
8.847574234008789062e+00
8.848003387451171875e+00
8.847696304321289062e+00
8.848278999328613281e+00
8.847791671752929688e+00
8.848593711853027344e+00
8.847855567932128906e+00
8.848946571350097656e+00
8.847902297973632812e+00
8.849295616149902344e+00
8.848006248474121094e+00
8.849510192871093750e+00
8.848287582397460938e+00
8.849458694458007812e+00
8.848804473876953125e+00
8.849223136901855469e+00
8.849406242370605469e+00
8.849054336547851562e+00
8.849867820739746094e+00
8.849101066589355469e+00
8.850070953369140625e+00
8.849396705627441406e+00
8.850042343139648438e+00
8.849863052368164062e+00
8.849945068359375000e+00
8.850314140319824219e+00
8.849963188171386719e+00
8.850598335266113281e+00
8.850164413452148438e+00
8.850696563720703125e+00
8.850508689880371094e+00
8.850704193115234375e+00
8.850877761840820312e+00
8.850753784179687500e+00
8.851163864135742188e+00
8.850917816162109375e+00
8.851325988769531250e+00
8.851192474365234375e+00
8.851406097412109375e+00
8.851506233215332031e+00
8.851489067077636719e+00
8.851782798767089844e+00
8.851640701293945312e+00
8.851982116699218750e+00
8.851865768432617188e+00
8.852115631103515625e+00
8.852134704589843750e+00
8.852226257324218750e+00
8.852401733398437500e+00
8.852369308471679688e+00
8.852622985839843750e+00
8.852561950683593750e+00
8.852794647216796875e+00
8.852797508239746094e+00
8.852935791015625000e+00
8.853050231933593750e+00
8.853075981140136719e+00
8.853294372558593750e+00
8.853239059448242188e+00
8.853509902954101562e+00
8.853429794311523438e+00
8.853697776794433594e+00
8.853643417358398438e+00
8.853876113891601562e+00
8.853857994079589844e+00
8.854063034057617188e+00
8.854054450988769531e+00
8.854269027709960938e+00
8.854227066040039062e+00
8.854507446289062500e+00
8.854366302490234375e+00
8.854776382446289062e+00
8.854481697082519531e+00
8.855064392089843750e+00
8.854591369628906250e+00
8.855344772338867188e+00
8.854742050170898438e+00
8.855550765991210938e+00
8.855005264282226562e+00
8.855617523193359375e+00
8.855398178100585938e+00
8.855580329895019531e+00
8.855821609497070312e+00
8.855570793151855469e+00
8.856136322021484375e+00
8.855707168579101562e+00
8.856286048889160156e+00
8.856019973754882812e+00
8.856305122375488281e+00
8.856426239013671875e+00
8.856315612792968750e+00
8.856777191162109375e+00
8.856428146362304688e+00
8.856986045837402344e+00
8.856684684753417969e+00
8.857059478759765625e+00
8.857040405273437500e+00
8.857086181640625000e+00
8.857385635375976562e+00
8.857172966003417969e+00
8.857635498046875000e+00
8.857366561889648438e+00
8.857778549194335938e+00
8.857654571533203125e+00
8.857856750488281250e+00
8.857971191406250000e+00
8.857946395874023438e+00
8.858243942260742188e+00
8.858098030090332031e+00
8.858445167541503906e+00
8.858318328857421875e+00
8.858591079711914062e+00
8.858581542968750000e+00
8.858716964721679688e+00
8.858841896057128906e+00
8.858860969543457031e+00
8.859072685241699219e+00
8.859041213989257812e+00
8.859269142150878906e+00
8.859256744384765625e+00
8.859441757202148438e+00
8.859484672546386719e+00
8.859606742858886719e+00
8.859707832336425781e+00
8.859785079956054688e+00
8.859918594360351562e+00
8.859976768493652344e+00
8.860113143920898438e+00
8.860179901123046875e+00
8.860303878784179688e+00
8.860386848449707031e+00
8.860494613647460938e+00
8.860591888427734375e+00
8.860690116882324219e+00
8.860790252685546875e+00
8.860889434814453125e+00
8.860986709594726562e+00
8.861091613769531250e+00
8.861181259155273438e+00
8.861293792724609375e+00
8.861377716064453125e+00
8.861494064331054688e+00
8.861576080322265625e+00
8.861692428588867188e+00
8.861779212951660156e+00
8.861890792846679688e+00
8.861981391906738281e+00
8.862086296081542969e+00
8.862184524536132812e+00
8.862283706665039062e+00
8.862387657165527344e+00
8.862483024597167969e+00
8.862592697143554688e+00
8.862681388854980469e+00
8.862792968750000000e+00
8.862882614135742188e+00
8.862996101379394531e+00
8.863080024719238281e+00
8.863199234008789062e+00
8.863280296325683594e+00
8.863403320312500000e+00
8.863480567932128906e+00
8.863605499267578125e+00
8.863681793212890625e+00
8.863811492919921875e+00
8.863881111145019531e+00
8.864015579223632812e+00
8.864081382751464844e+00
8.864221572875976562e+00
8.864282608032226562e+00
8.864427566528320312e+00
8.864479064941406250e+00
8.864639282226562500e+00
8.864674568176269531e+00
8.864852905273437500e+00
8.864866256713867188e+00
8.865071296691894531e+00
8.865051269531250000e+00
8.865298271179199219e+00
8.865226745605468750e+00
8.865539550781250000e+00
8.865388870239257812e+00
8.865797042846679688e+00
8.865530014038085938e+00
8.866081237792968750e+00
8.865638732910156250e+00
8.866407394409179688e+00
8.865705490112304688e+00
8.866788864135742188e+00
8.865716934204101562e+00
8.867231369018554688e+00
8.865689277648925781e+00
8.867689132690429688e+00
8.865716934204101562e+00
8.867999076843261719e+00
8.865978240966796875e+00
8.867946624755859375e+00
8.866603851318359375e+00
8.867554664611816406e+00
8.867438316345214844e+00
8.867156982421875000e+00
8.868146896362304688e+00
8.867046356201171875e+00
8.868469238281250000e+00
8.867345809936523438e+00
8.868379592895507812e+00
8.867954254150390625e+00
8.868129730224609375e+00
8.868570327758789062e+00
8.868034362792968750e+00
8.868933677673339844e+00
8.868236541748046875e+00
8.868993759155273438e+00
8.868677139282226562e+00
8.868907928466796875e+00
8.869159698486328125e+00
8.868894577026367188e+00
8.869494438171386719e+00
8.869081497192382812e+00
8.869617462158203125e+00
8.869443893432617188e+00
8.869625091552734375e+00
8.869848251342773438e+00
8.869667053222656250e+00
8.870159149169921875e+00
8.869839668273925781e+00
8.870328903198242188e+00
8.870139122009277344e+00
8.870400428771972656e+00
8.870491981506347656e+00
8.870469093322753906e+00
8.870802879333496094e+00
8.870615005493164062e+00
8.871020317077636719e+00
8.870851516723632812e+00
8.871156692504882812e+00
8.871145248413085938e+00
8.871271133422851562e+00
8.871433258056640625e+00
8.871417999267578125e+00
8.871673583984375000e+00
8.871620178222656250e+00
8.871856689453125000e+00
8.871870040893554688e+00
8.872008323669433594e+00
8.872135162353515625e+00
8.872160911560058594e+00
8.872385025024414062e+00
8.872342109680175781e+00
8.872602462768554688e+00
8.872556686401367188e+00
8.872792243957519531e+00
8.872789382934570312e+00
8.872968673706054688e+00
8.873024940490722656e+00
8.873157501220703125e+00
8.873242378234863281e+00
8.873369216918945312e+00
8.873437881469726562e+00
8.873609542846679688e+00
8.873603820800781250e+00
8.873871803283691406e+00
8.873752593994140625e+00
8.874147415161132812e+00
8.873892784118652344e+00
8.874426841735839844e+00
8.874042510986328125e+00
8.874687194824218750e+00
8.874234199523925781e+00
8.874887466430664062e+00
8.874504089355468750e+00
8.874996185302734375e+00
8.874848365783691406e+00
8.875049591064453125e+00
8.875191688537597656e+00
8.875137329101562500e+00
8.875452041625976562e+00
8.875321388244628906e+00
8.875622749328613281e+00
8.875594139099121094e+00
8.875750541687011719e+00
8.875894546508789062e+00
8.875900268554687500e+00
8.876149177551269531e+00
8.876106262207031250e+00
8.876335144042968750e+00
8.876364707946777344e+00
8.876480102539062500e+00
8.876637458801269531e+00
8.876633644104003906e+00
8.876875877380371094e+00
8.876836776733398438e+00
8.877063751220703125e+00
8.877085685729980469e+00
8.877222061157226562e+00
8.877346992492675781e+00
8.877386093139648438e+00
8.877590179443359375e+00
8.877576828002929688e+00
8.877796173095703125e+00
8.877804756164550781e+00
8.877973556518554688e+00
8.878049850463867188e+00
8.878147125244140625e+00
8.878290176391601562e+00
8.878335952758789062e+00
8.878509521484375000e+00
8.878549575805664062e+00
8.878708839416503906e+00
8.878776550292968750e+00
8.878896713256835938e+00
8.879007339477539062e+00
8.879090309143066406e+00
8.879229545593261719e+00
8.879295349121093750e+00
8.879439353942871094e+00
8.879511833190917969e+00
8.879634857177734375e+00
8.879738807678222656e+00
8.879832267761230469e+00
8.879961013793945312e+00
8.880033493041992188e+00
8.880177497863769531e+00
8.880243301391601562e+00
8.880386352539062500e+00
8.880459785461425781e+00
8.880590438842773438e+00
8.880681037902832031e+00
8.880791664123535156e+00
8.880898475646972656e+00
8.880998611450195312e+00
8.881114959716796875e+00
8.881209373474121094e+00
8.881324768066406250e+00
8.881425857543945312e+00
8.881532669067382812e+00
8.881644248962402344e+00
8.881738662719726562e+00
8.881863594055175781e+00
8.881946563720703125e+00
8.882081985473632812e+00
8.882156372070312500e+00
8.882298469543457031e+00
8.882365226745605469e+00
8.882514953613281250e+00
8.882575988769531250e+00
8.882730484008789062e+00
8.882784843444824219e+00
8.882953643798828125e+00
8.882989883422851562e+00
8.883178710937500000e+00
8.883190155029296875e+00
8.883413314819335938e+00
8.883381843566894531e+00
8.883659362792968750e+00
8.883558273315429688e+00
8.883922576904296875e+00
8.883715629577636719e+00
8.884211540222167969e+00
8.883844375610351562e+00
8.884542465209960938e+00
8.883931159973144531e+00
8.884929656982421875e+00
8.883971214294433594e+00
8.885373115539550781e+00
8.883988380432128906e+00
8.885807991027832031e+00
8.884089469909667969e+00
8.886033058166503906e+00
8.884464263916015625e+00
8.885864257812500000e+00
8.885177612304687500e+00
8.885486602783203125e+00
8.885946273803710938e+00
8.885275840759277344e+00
8.886428833007812500e+00
8.885417938232421875e+00
8.886509895324707031e+00
8.885894775390625000e+00
8.886353492736816406e+00
8.886497497558593750e+00
8.886243820190429688e+00
8.886944770812988281e+00
8.886381149291992188e+00
8.887104988098144531e+00
8.886767387390136719e+00
8.887083053588867188e+00
8.887235641479492188e+00
8.887092590332031250e+00
8.887586593627929688e+00
8.887275695800781250e+00
8.887746810913085938e+00
8.887619018554687500e+00
8.887800216674804688e+00
8.887995719909667969e+00
8.887889862060546875e+00
8.888292312622070312e+00
8.888095855712890625e+00
8.888463973999023438e+00
8.888408660888671875e+00
8.888557434082031250e+00
8.888748168945312500e+00
8.888675689697265625e+00
8.889026641845703125e+00
8.888885498046875000e+00
8.889210700988769531e+00
8.889169692993164062e+00
8.889341354370117188e+00
8.889475822448730469e+00
8.889482498168945312e+00
8.889755249023437500e+00
8.889677047729492188e+00
8.889972686767578125e+00
8.889929771423339844e+00
8.890140533447265625e+00
8.890213966369628906e+00
8.890300750732421875e+00
8.890483856201171875e+00
8.890489578247070312e+00
8.890718460083007812e+00
8.890714645385742188e+00
8.890920639038085938e+00
8.890966415405273438e+00
8.891105651855468750e+00
8.891222000122070312e+00
8.891298294067382812e+00
8.891463279724121094e+00
8.891511917114257812e+00
8.891681671142578125e+00
8.891746520996093750e+00
8.891883850097656250e+00
8.891991615295410156e+00
8.892084121704101562e+00
8.892232894897460938e+00
8.892293930053710938e+00
8.892463684082031250e+00
8.892515182495117188e+00
8.892682075500488281e+00
8.892747879028320312e+00
8.892890930175781250e+00
8.892984390258789062e+00
8.893101692199707031e+00
8.893218994140625000e+00
8.893319129943847656e+00
8.893445968627929688e+00
8.893545150756835938e+00
8.893664360046386719e+00
8.893778800964355469e+00
8.893875122070312500e+00
8.894019126892089844e+00
8.894084930419921875e+00
8.894260406494140625e+00
8.894290924072265625e+00
8.894504547119140625e+00
8.894496917724609375e+00
8.894752502441406250e+00
8.894700050354003906e+00
8.895004272460937500e+00
8.894903182983398438e+00
8.895255088806152344e+00
8.895116806030273438e+00
8.895492553710937500e+00
8.895359992980957031e+00
8.895683288574218750e+00
8.895649909973144531e+00
8.895822525024414062e+00
8.895955085754394531e+00
8.895954132080078125e+00
8.896228790283203125e+00
8.896128654479980469e+00
8.896444320678710938e+00
8.896381378173828125e+00
8.896608352661132812e+00
8.896692276000976562e+00
8.896759033203125000e+00
8.896989822387695312e+00
8.896942138671875000e+00
8.897229194641113281e+00
8.897176742553710938e+00
8.897418022155761719e+00
8.897457122802734375e+00
8.897572517395019531e+00
8.897741317749023438e+00
8.897747993469238281e+00
8.897986412048339844e+00
8.897968292236328125e+00
8.898187637329101562e+00
8.898227691650390625e+00
8.898366928100585938e+00
8.898492813110351562e+00
8.898553848266601562e+00
8.898736953735351562e+00
8.898768424987792969e+00
8.898950576782226562e+00
8.899010658264160156e+00
8.899145126342773438e+00
8.899261474609375000e+00
8.899346351623535156e+00
8.899499893188476562e+00
8.899563789367675781e+00
8.899719238281250000e+00
8.899799346923828125e+00
8.899923324584960938e+00
8.900041580200195312e+00
8.900131225585937500e+00
8.900278091430664062e+00
8.900346755981445312e+00
8.900500297546386719e+00
8.900579452514648438e+00
8.900712966918945312e+00
8.900817871093750000e+00
8.900921821594238281e+00
8.901054382324218750e+00
8.901135444641113281e+00
8.901282310485839844e+00
8.901360511779785156e+00
8.901503562927246094e+00
8.901592254638671875e+00
8.901718139648437500e+00
8.901826858520507812e+00
8.901933670043945312e+00
8.902059555053710938e+00
8.902153968811035156e+00
8.902284622192382812e+00
8.902379989624023438e+00
8.902506828308105469e+00
8.902610778808593750e+00
8.902725219726562500e+00
8.902843475341796875e+00
8.902945518493652344e+00
8.903073310852050781e+00
8.903168678283691406e+00
8.903299331665039062e+00
8.903394699096679688e+00
8.903522491455078125e+00
8.903624534606933594e+00
8.903745651245117188e+00
8.903856277465820312e+00
8.903969764709472656e+00
8.904086112976074219e+00
8.904195785522460938e+00
8.904314041137695312e+00
8.904422760009765625e+00
8.904539108276367188e+00
8.904653549194335938e+00
8.904763221740722656e+00
8.904884338378906250e+00
8.904987335205078125e+00
8.905117034912109375e+00
8.905210494995117188e+00
8.905351638793945312e+00
8.905435562133789062e+00
8.905584335327148438e+00
8.905657768249511719e+00
8.905820846557617188e+00
8.905876159667968750e+00
8.906059265136718750e+00
8.906093597412109375e+00
8.906305313110351562e+00
8.906305313110351562e+00
8.906559944152832031e+00
8.906501770019531250e+00
8.906830787658691406e+00
8.906682014465332031e+00
8.907124519348144531e+00
8.906829833984375000e+00
8.907459259033203125e+00
8.906929016113281250e+00
8.907859802246093750e+00
8.906957626342773438e+00
8.908353805541992188e+00
8.906896591186523438e+00
8.908949851989746094e+00
8.906781196594238281e+00
8.909540176391601562e+00
8.906812667846679688e+00
8.909764289855957031e+00
8.907338142395019531e+00
8.909329414367675781e+00
8.908407211303710938e+00
8.908613204956054688e+00
8.909484863281250000e+00
8.908254623413085938e+00
8.910004615783691406e+00
8.908536911010742188e+00
8.909832000732421875e+00
8.909343719482421875e+00
8.909398078918457031e+00
8.910138130187988281e+00
8.909280776977539062e+00
8.910448074340820312e+00
8.909684181213378906e+00
8.910289764404296875e+00
8.910375595092773438e+00
8.910096168518066406e+00
8.910890579223632812e+00
8.910237312316894531e+00
8.911005020141601562e+00
8.910732269287109375e+00
8.910889625549316406e+00
8.911293029785156250e+00
8.910886764526367188e+00
8.911615371704101562e+00
8.911169052124023438e+00
8.911664962768554688e+00
8.911643981933593750e+00
8.911635398864746094e+00
8.912080764770507812e+00
8.911745071411132812e+00
8.912317276000976562e+00
8.912061691284179688e+00
8.912385940551757812e+00
8.912477493286132812e+00
8.912445068359375000e+00
8.912822723388671875e+00
8.912631988525390625e+00
8.913019180297851562e+00
8.912946701049804688e+00
8.913128852844238281e+00
8.913295745849609375e+00
8.913263320922851562e+00
8.913574218750000000e+00
8.913490295410156250e+00
8.913759231567382812e+00
8.913793563842773438e+00
8.913900375366210938e+00
8.914100646972656250e+00
8.914072036743164062e+00
8.914354324340820312e+00
8.914310455322265625e+00
8.914548873901367188e+00
8.914596557617187500e+00
8.914712905883789062e+00
8.914884567260742188e+00
8.914902687072753906e+00
8.915136337280273438e+00
8.915136337280273438e+00
8.915342330932617188e+00
8.915405273437500000e+00
8.915531158447265625e+00
8.915674209594726562e+00
8.915736198425292969e+00
8.915919303894042969e+00
8.915967941284179688e+00
8.916135787963867188e+00
8.916223526000976562e+00
8.916339874267578125e+00
8.916481018066406250e+00
8.916551589965820312e+00
8.916728973388671875e+00
8.916778564453125000e+00
8.916955947875976562e+00
8.917023658752441406e+00
8.917172431945800781e+00
8.917273521423339844e+00
8.917388916015625000e+00
8.917518615722656250e+00
8.917615890502929688e+00
8.917751312255859375e+00
8.917853355407714844e+00
8.917974472045898438e+00
8.918100357055664062e+00
8.918195724487304688e+00
8.918350219726562500e+00
8.918416976928710938e+00
8.918594360351562500e+00
8.918643951416015625e+00
8.918832778930664062e+00
8.918871879577636719e+00
8.919072151184082031e+00
8.919101715087890625e+00
8.919313430786132812e+00
8.919324874877929688e+00
8.919566154479980469e+00
8.919535636901855469e+00
8.919835090637207031e+00
8.919729232788085938e+00
8.920126914978027344e+00
8.919898033142089844e+00
8.920446395874023438e+00
8.920036315917968750e+00
8.920806884765625000e+00
8.920130729675292969e+00
8.921222686767578125e+00
8.920184135437011719e+00
8.921684265136718750e+00
8.920228004455566406e+00
8.922114372253417969e+00
8.920386314392089844e+00
8.922293663024902344e+00
8.920862197875976562e+00
8.922064781188964844e+00
8.921689987182617188e+00
8.921646118164062500e+00
8.922550201416015625e+00
8.921426773071289062e+00
8.923055648803710938e+00
8.921638488769531250e+00
8.923009872436523438e+00
8.922311782836914062e+00
8.922632217407226562e+00
8.923130989074707031e+00
8.922428131103515625e+00
8.923585891723632812e+00
8.922710418701171875e+00
8.923527717590332031e+00
8.923370361328125000e+00
8.923316001892089844e+00
8.923955917358398438e+00
8.923385620117187500e+00
8.924169540405273438e+00
8.923807144165039062e+00
8.924121856689453125e+00
8.924347877502441406e+00
8.924114227294921875e+00
8.924709320068359375e+00
8.924337387084960938e+00
8.924827575683593750e+00
8.924748420715332031e+00
8.924855232238769531e+00
8.925164222717285156e+00
8.924974441528320312e+00
8.925430297851562500e+00
8.925260543823242188e+00
8.925550460815429688e+00
8.925631523132324219e+00
8.925651550292968750e+00
8.925952911376953125e+00
8.925857543945312500e+00
8.926152229309082031e+00
8.926174163818359375e+00
8.926292419433593750e+00
8.926494598388671875e+00
8.926473617553710938e+00
8.926744461059570312e+00
8.926734924316406250e+00
8.926926612854003906e+00
8.927037239074707031e+00
8.927101135253906250e+00
8.927318572998046875e+00
8.927312850952148438e+00
8.927550315856933594e+00
8.927577972412109375e+00
8.927740097045898438e+00
8.927864074707031250e+00
8.927928924560546875e+00
8.928129196166992188e+00
8.928156852722167969e+00
8.928350448608398438e+00
8.928423881530761719e+00
8.928546905517578125e+00
8.928701400756835938e+00
8.928752899169921875e+00
8.928955078125000000e+00
8.928987503051757812e+00
8.929180145263671875e+00
8.929247856140136719e+00
8.929388046264648438e+00
8.929512977600097656e+00
8.929601669311523438e+00
8.929765701293945312e+00
8.929833412170410156e+00
8.929998397827148438e+00
8.930085182189941406e+00
8.930215835571289062e+00
8.930345535278320312e+00
8.930431365966796875e+00
8.930599212646484375e+00
8.930660247802734375e+00
8.930841445922851562e+00
8.930903434753417969e+00
8.931072235107421875e+00
8.931151390075683594e+00
8.931303977966308594e+00
8.931394577026367188e+00
8.931541442871093750e+00
8.931630134582519531e+00
8.931789398193359375e+00
8.931856155395507812e+00
8.932046890258789062e+00
8.932079315185546875e+00
8.932308197021484375e+00
8.932306289672851562e+00
8.932558059692382812e+00
8.932550430297851562e+00
8.932784080505371094e+00
8.932810783386230469e+00
8.932989120483398438e+00
8.933076858520507812e+00
8.933196067810058594e+00
8.933324813842773438e+00
8.933421134948730469e+00
8.933553695678710938e+00
8.933662414550781250e+00
8.933781623840332031e+00
8.933907508850097656e+00
8.934020996093750000e+00
8.934148788452148438e+00
8.934276580810546875e+00
8.934380531311035156e+00
8.934532165527343750e+00
8.934608459472656250e+00
8.934776306152343750e+00
8.934844017028808594e+00
8.935000419616699219e+00
8.935100555419921875e+00
8.935211181640625000e+00
8.935365676879882812e+00
8.935425758361816406e+00
8.935621261596679688e+00
8.935661315917968750e+00
8.935848236083984375e+00
8.935917854309082031e+00
8.936061859130859375e+00
8.936182022094726562e+00
8.936270713806152344e+00
8.936443328857421875e+00
8.936494827270507812e+00
8.936689376831054688e+00
8.936736106872558594e+00
8.936915397644042969e+00
8.936993598937988281e+00
8.937133789062500000e+00
8.937255859375000000e+00
8.937348365783691406e+00
8.937510490417480469e+00
8.937576293945312500e+00
8.937753677368164062e+00
8.937817573547363281e+00
8.937984466552734375e+00
8.938068389892578125e+00
8.938212394714355469e+00
8.938319206237792969e+00
8.938436508178710938e+00
8.938568115234375000e+00
8.938665390014648438e+00
8.938813209533691406e+00
8.938901901245117188e+00
8.939055442810058594e+00
8.939142227172851562e+00
8.939291000366210938e+00
8.939386367797851562e+00
8.939525604248046875e+00
8.939630508422851562e+00
8.939760208129882812e+00
8.939874649047851562e+00
8.939994812011718750e+00
8.940118789672851562e+00
8.940229415893554688e+00
8.940362930297851562e+00
8.940465927124023438e+00
8.940607070922851562e+00
8.940706253051757812e+00
8.940849304199218750e+00
8.940944671630859375e+00
8.941088676452636719e+00
8.941184997558593750e+00
8.941329956054687500e+00
8.941429138183593750e+00
8.941566467285156250e+00
8.941673278808593750e+00
8.941802978515625000e+00
8.941918373107910156e+00
8.942041397094726562e+00
8.942165374755859375e+00
8.942280769348144531e+00
8.942407608032226562e+00
8.942520141601562500e+00
8.942654609680175781e+00
8.942761421203613281e+00
8.942897796630859375e+00
8.943000793457031250e+00
8.943141937255859375e+00
8.943242073059082031e+00
8.943384170532226562e+00
8.943484306335449219e+00
8.943628311157226562e+00
8.943725585937500000e+00
8.943870544433593750e+00
8.943967819213867188e+00
8.944115638732910156e+00
8.944210052490234375e+00
8.944362640380859375e+00
8.944452285766601562e+00
8.944609642028808594e+00
8.944690704345703125e+00
8.944857597351074219e+00
8.944930076599121094e+00
8.945106506347656250e+00
8.945165634155273438e+00
8.945360183715820312e+00
8.945402145385742188e+00
8.945613861083984375e+00
8.945632934570312500e+00
8.945874214172363281e+00
8.945859909057617188e+00
8.946141242980957031e+00
8.946079254150390625e+00
8.946416854858398438e+00
8.946285247802734375e+00
8.946708679199218750e+00
8.946475982666015625e+00
8.947025299072265625e+00
8.946645736694335938e+00
8.947364807128906250e+00
8.946789741516113281e+00
8.947733879089355469e+00
8.946918487548828125e+00
8.948100090026855469e+00
8.947082519531250000e+00
8.948383331298828125e+00
8.947393417358398438e+00
8.948436737060546875e+00
8.947963714599609375e+00
8.948210716247558594e+00
8.948753356933593750e+00
8.947889328002929688e+00
8.949527740478515625e+00
8.947759628295898438e+00
8.949985504150390625e+00
8.948046684265136719e+00
8.949908256530761719e+00
8.948806762695312500e+00
8.949457168579101562e+00
8.949746131896972656e+00
8.949100494384765625e+00
8.950424194335937500e+00
8.949160575866699219e+00
8.950603485107421875e+00
8.949666976928710938e+00
8.950416564941406250e+00
8.950370788574218750e+00
8.950236320495605469e+00
8.950918197631835938e+00
8.950338363647460938e+00
8.951135635375976562e+00
8.950730323791503906e+00
8.951130867004394531e+00
8.951229095458984375e+00
8.951150894165039062e+00
8.951604843139648438e+00
8.951358795166015625e+00
8.951776504516601562e+00
8.951744079589843750e+00
8.951834678649902344e+00
8.952157974243164062e+00
8.951946258544921875e+00
8.952455520629882812e+00
8.952207565307617188e+00
8.952599525451660156e+00
8.952589035034179688e+00
8.952678680419921875e+00
8.952980041503906250e+00
8.952804565429687500e+00
8.953283309936523438e+00
8.953042030334472656e+00
8.953474044799804688e+00
8.953371047973632812e+00
8.953604698181152344e+00
8.953719139099121094e+00
8.953752517700195312e+00
8.954019546508789062e+00
8.953967094421386719e+00
8.954252243041992188e+00
8.954240798950195312e+00
8.954441070556640625e+00
8.954538345336914062e+00
8.954626083374023438e+00
8.954816818237304688e+00
8.954847335815429688e+00
8.955052375793457031e+00
8.955111503601074219e+00
8.955255508422851562e+00
8.955397605895996094e+00
8.955451965332031250e+00
8.955674171447753906e+00
8.955668449401855469e+00
8.955924987792968750e+00
8.955912590026855469e+00
8.956153869628906250e+00
8.956176757812500000e+00
8.956369400024414062e+00
8.956444740295410156e+00
8.956589698791503906e+00
8.956701278686523438e+00
8.956824302673339844e+00
8.956941604614257812e+00
8.957077026367187500e+00
8.957166671752929688e+00
8.957342147827148438e+00
8.957385063171386719e+00
8.957611083984375000e+00
8.957606315612792969e+00
8.957875251770019531e+00
8.957828521728515625e+00
8.958133697509765625e+00
8.958057403564453125e+00
8.958393096923828125e+00
8.958280563354492188e+00
8.958659172058105469e+00
8.958494186401367188e+00
8.958944320678710938e+00
8.958686828613281250e+00
8.959251403808593750e+00
8.958851814270019531e+00
8.959592819213867188e+00
8.958984375000000000e+00
8.959965705871582031e+00
8.959089279174804688e+00
8.960359573364257812e+00
8.959194183349609375e+00
8.960722923278808594e+00
8.959376335144042969e+00
8.960951805114746094e+00
8.959739685058593750e+00
8.960960388183593750e+00
8.960309028625488281e+00
8.960809707641601562e+00
8.960935592651367188e+00
8.960695266723632812e+00
8.961425781250000000e+00
8.960776329040527344e+00
8.961688995361328125e+00
8.961091995239257812e+00
8.961754798889160156e+00
8.961576461791992188e+00
8.961744308471679688e+00
8.962070465087890625e+00
8.961800575256347656e+00
8.962431907653808594e+00
8.962012290954589844e+00
8.962623596191406250e+00
8.962366104125976562e+00
8.962703704833984375e+00
8.962781906127929688e+00
8.962779998779296875e+00
8.963157653808593750e+00
8.962937355041503906e+00
8.963430404663085938e+00
8.963205337524414062e+00
8.963602066040039062e+00
8.963546752929687500e+00
8.963729858398437500e+00
8.963897705078125000e+00
8.963879585266113281e+00
8.964206695556640625e+00
8.964088439941406250e+00
8.964448928833007812e+00
8.964361190795898438e+00
8.964638710021972656e+00
8.964673042297363281e+00
8.964807510375976562e+00
8.964982986450195312e+00
8.964994430541992188e+00
8.965264320373535156e+00
8.965218544006347656e+00
8.965507507324218750e+00
8.965479850769042969e+00
8.965716361999511719e+00
8.965762138366699219e+00
8.965911865234375000e+00
8.966049194335937500e+00
8.966117858886718750e+00
8.966316223144531250e+00
8.966342926025390625e+00
8.966566085815429688e+00
8.966590881347656250e+00
8.966794967651367188e+00
8.966855049133300781e+00
8.967014312744140625e+00
8.967123031616210938e+00
8.967233657836914062e+00
8.967388153076171875e+00
8.967458724975585938e+00
8.967645645141601562e+00
8.967692375183105469e+00
8.967893600463867188e+00
8.967937469482421875e+00
8.968132019042968750e+00
8.968189239501953125e+00
8.968368530273437500e+00
8.968441009521484375e+00
8.968605041503906250e+00
8.968688964843750000e+00
8.968850135803222656e+00
8.968929290771484375e+00
8.969105720520019531e+00
8.969157218933105469e+00
8.969375610351562500e+00
8.969369888305664062e+00
8.969661712646484375e+00
8.969562530517578125e+00
8.969976425170898438e+00
8.969726562500000000e+00
8.970331192016601562e+00
8.969851493835449219e+00
8.970749855041503906e+00
8.969924926757812500e+00
8.971237182617187500e+00
8.969966888427734375e+00
8.971723556518554688e+00
8.970084190368652344e+00
8.971953392028808594e+00
8.970514297485351562e+00
8.971721649169921875e+00
8.971338272094726562e+00
8.971305847167968750e+00
8.972171783447265625e+00
8.971162796020507812e+00
8.972555160522460938e+00
8.971520423889160156e+00
8.972406387329101562e+00
8.972258567810058594e+00
8.972137451171875000e+00
8.972908020019531250e+00
8.972200393676757812e+00
8.973132133483886719e+00
8.972644805908203125e+00
8.973048210144042969e+00
8.973237037658691406e+00
8.973003387451171875e+00
8.973652839660644531e+00
8.973231315612792969e+00
8.973786354064941406e+00
8.973665237426757812e+00
8.973804473876953125e+00
8.974115371704101562e+00
8.973905563354492188e+00
8.974420547485351562e+00
8.974180221557617188e+00
8.974555015563964844e+00
8.974569320678710938e+00
8.974636077880859375e+00
8.974954605102539062e+00
8.974782943725585938e+00
8.975228309631347656e+00
8.975069046020507812e+00
8.975366592407226562e+00
8.975442886352539062e+00
8.975479125976562500e+00
8.975790023803710938e+00
8.975669860839843750e+00
8.976032257080078125e+00
8.975971221923828125e+00
8.976184844970703125e+00
8.976316452026367188e+00
8.976346969604492188e+00
8.976615905761718750e+00
8.976573944091796875e+00
8.976840972900390625e+00
8.976864814758300781e+00
8.977022171020507812e+00
8.977169036865234375e+00
8.977220535278320312e+00
8.977439880371093750e+00
8.977458953857421875e+00
8.977672576904296875e+00
8.977733612060546875e+00
8.977880477905273438e+00
8.978015899658203125e+00
8.978094100952148438e+00
8.978281974792480469e+00
8.978327751159667969e+00
8.978527069091796875e+00
8.978587150573730469e+00
8.978748321533203125e+00
8.978858947753906250e+00
8.978965759277343750e+00
8.979127883911132812e+00
8.979196548461914062e+00
8.979376792907714844e+00
8.979447364807128906e+00
8.979606628417968750e+00
8.979714393615722656e+00
8.979833602905273438e+00
8.979978561401367188e+00
8.980068206787109375e+00
8.980227470397949219e+00
8.980314254760742188e+00
8.980466842651367188e+00
8.980571746826171875e+00
8.980699539184570312e+00
8.980829238891601562e+00
8.980937004089355469e+00
8.981081962585449219e+00
8.981180191040039062e+00
8.981329917907714844e+00
8.981430053710937500e+00
8.981572151184082031e+00
8.981681823730468750e+00
8.981813430786132812e+00
8.981933593750000000e+00
8.982053756713867188e+00
8.982183456420898438e+00
8.982299804687500000e+00
8.982427597045898438e+00
8.982552528381347656e+00
8.982667922973632812e+00
8.982810020446777344e+00
8.982905387878417969e+00
8.983072280883789062e+00
8.983139038085937500e+00
8.983336448669433594e+00
8.983367919921875000e+00
8.983606338500976562e+00
8.983592987060546875e+00
8.983886718750000000e+00
8.983818054199218750e+00
8.984175682067871094e+00
8.984060287475585938e+00
8.984432220458984375e+00
8.984358787536621094e+00
8.984612464904785156e+00
8.984670639038085938e+00
8.984812736511230469e+00
8.984889030456542969e+00
8.985080718994140625e+00
8.985065460205078125e+00
8.985326766967773438e+00
8.985326766967773438e+00
8.985494613647460938e+00
8.985692024230957031e+00
8.985633850097656250e+00
8.986017227172851562e+00
8.985870361328125000e+00
8.986208915710449219e+00
8.986232757568359375e+00
8.986307144165039062e+00
8.986607551574707031e+00
8.986455917358398438e+00
8.986856460571289062e+00
8.986759185791015625e+00
8.986978530883789062e+00
8.987129211425781250e+00
8.987100601196289062e+00
8.987428665161132812e+00
8.987337112426757812e+00
8.987610816955566406e+00
8.987653732299804688e+00
8.987758636474609375e+00
8.987956047058105469e+00
8.987957000732421875e+00
8.988195419311523438e+00
8.988214492797851562e+00
8.988384246826171875e+00
8.988497734069824219e+00
8.988574028015136719e+00
8.988761901855468750e+00
8.988806724548339844e+00
8.988981246948242188e+00
8.989072799682617188e+00
8.989181518554687500e+00
8.989341735839843750e+00
8.989404678344726562e+00
8.989576339721679688e+00
8.989656448364257812e+00
8.989778518676757812e+00
8.989921569824218750e+00
8.989990234375000000e+00
8.990164756774902344e+00
8.990228652954101562e+00
8.990381240844726562e+00
8.990488052368164062e+00
8.990587234497070312e+00
8.990748405456542969e+00
8.990810394287109375e+00
8.990982055664062500e+00
8.991056442260742188e+00
8.991194725036621094e+00
8.991316795349121094e+00
8.991409301757812500e+00
8.991563796997070312e+00
8.991641998291015625e+00
8.991792678833007812e+00
8.991889953613281250e+00
8.992013931274414062e+00
8.992137908935546875e+00
8.992239952087402344e+00
8.992374420166015625e+00
8.992475509643554688e+00
8.992606163024902344e+00
8.992719650268554688e+00
8.992836952209472656e+00
8.992960929870605469e+00
8.993072509765625000e+00
8.993198394775390625e+00
8.993309974670410156e+00
8.993432044982910156e+00
8.993551254272460938e+00
8.993663787841796875e+00
8.993789672851562500e+00
8.993901252746582031e+00
8.994026184082031250e+00
8.994137763977050781e+00
8.994260787963867188e+00
8.994377136230468750e+00
8.994494438171386719e+00
8.994615554809570312e+00
8.994730949401855469e+00
8.994854927062988281e+00
8.994968414306640625e+00
8.995094299316406250e+00
8.995204925537109375e+00
8.995331764221191406e+00
8.995444297790527344e+00
8.995567321777343750e+00
8.995683670043945312e+00
8.995803833007812500e+00
8.995922088623046875e+00
8.996042251586914062e+00
8.996161460876464844e+00
8.996279716491699219e+00
8.996397972106933594e+00
8.996519088745117188e+00
8.996633529663085938e+00
8.996757507324218750e+00
8.996871948242187500e+00
8.996996879577636719e+00
8.997110366821289062e+00
8.997234344482421875e+00
8.997350692749023438e+00
8.997472763061523438e+00
8.997590065002441406e+00
8.997710227966308594e+00
8.997830390930175781e+00
8.997948646545410156e+00
8.998067855834960938e+00
8.998188018798828125e+00
8.998306274414062500e+00
8.998427391052246094e+00
8.998544692993164062e+00
8.998666763305664062e+00
8.998783111572265625e+00
8.998907089233398438e+00
8.999022483825683594e+00
8.999146461486816406e+00
8.999259948730468750e+00
8.999387741088867188e+00
8.999501228332519531e+00
8.999628067016601562e+00
8.999739646911621094e+00
8.999866485595703125e+00
8.999978065490722656e+00
9.000108718872070312e+00
9.000214576721191406e+00
9.000352859497070312e+00
9.000448226928710938e+00
9.000598907470703125e+00
9.000681877136230469e+00
9.000846862792968750e+00
9.000911712646484375e+00
9.001101493835449219e+00
9.001134872436523438e+00
9.001363754272460938e+00
9.001348495483398438e+00
9.001639366149902344e+00
9.001541137695312500e+00
9.001937866210937500e+00
9.001707077026367188e+00
9.002277374267578125e+00
9.001823425292968750e+00
9.002683639526367188e+00
9.001857757568359375e+00
9.003197669982910156e+00
9.001770973205566406e+00
9.003865242004394531e+00
9.001546859741210938e+00
9.004659652709960938e+00
9.001335144042968750e+00
9.005223274230957031e+00
9.001632690429687500e+00
9.004875183105468750e+00
9.002868652343750000e+00
9.003743171691894531e+00
9.004445075988769531e+00
9.002941131591796875e+00
9.005264282226562500e+00
9.003164291381835938e+00
9.004938125610351562e+00
9.004259109497070312e+00
9.004180908203125000e+00
9.005308151245117188e+00
9.003990173339843750e+00
9.005517959594726562e+00
9.004631996154785156e+00
9.005101203918457031e+00
9.005537033081054688e+00
9.004858016967773438e+00
9.005964279174804688e+00
9.005226135253906250e+00
9.005811691284179688e+00
9.005944252014160156e+00
9.005625724792480469e+00
9.006421089172363281e+00
9.005858421325683594e+00
9.006444931030273438e+00
9.006426811218261719e+00
9.006334304809570312e+00
9.006914138793945312e+00
9.006481170654296875e+00
9.007054328918457031e+00
9.006934165954589844e+00
9.007013320922851562e+00
9.007405281066894531e+00
9.007111549377441406e+00
9.007646560668945312e+00
9.007459640502929688e+00
9.007685661315917969e+00
9.007903099060058594e+00
9.007755279541015625e+00
9.008208274841308594e+00
9.008014678955078125e+00
9.008328437805175781e+00
9.008403778076171875e+00
9.008404731750488281e+00
9.008749961853027344e+00
9.008594512939453125e+00
9.008945465087890625e+00
9.008924484252929688e+00
9.009054183959960938e+00
9.009273529052734375e+00
9.009202957153320312e+00
9.009534835815429688e+00
9.009465217590332031e+00
9.009696960449218750e+00
9.009792327880859375e+00
9.009843826293945312e+00
9.010089874267578125e+00
9.010050773620605469e+00
9.010311126708984375e+00
9.010328292846679688e+00
9.010482788085937500e+00
9.010623931884765625e+00
9.010668754577636719e+00
9.010883331298828125e+00
9.010905265808105469e+00
9.011093139648437500e+00
9.011178016662597656e+00
9.011284828186035156e+00
9.011445999145507812e+00
9.011501312255859375e+00
9.011680603027343750e+00
9.011751174926757812e+00
9.011887550354003906e+00
9.012017250061035156e+00
9.012097358703613281e+00
9.012266159057617188e+00
9.012329101562500000e+00
9.012492179870605469e+00
9.012582778930664062e+00
9.012702941894531250e+00
9.012841224670410156e+00
9.012921333312988281e+00
9.013084411621093750e+00
9.013158798217773438e+00
9.013311386108398438e+00
9.013408660888671875e+00
9.013526916503906250e+00
9.013658523559570312e+00
9.013750076293945312e+00
9.013898849487304688e+00
9.013987541198730469e+00
9.014128684997558594e+00
9.014233589172363281e+00
9.014350891113281250e+00
9.014479637145996094e+00
9.014580726623535156e+00
9.014719009399414062e+00
9.014814376831054688e+00
9.014948844909667969e+00
9.015057563781738281e+00
9.015180587768554688e+00
9.015299797058105469e+00
9.015411376953125000e+00
9.015539169311523438e+00
9.015647888183593750e+00
9.015771865844726562e+00
9.015886306762695312e+00
9.016002655029296875e+00
9.016127586364746094e+00
9.016233444213867188e+00
9.016366958618164062e+00
9.016470909118652344e+00
9.016604423522949219e+00
9.016708374023437500e+00
9.016838073730468750e+00
9.016946792602539062e+00
9.017072677612304688e+00
9.017183303833007812e+00
9.017310142517089844e+00
9.017416954040527344e+00
9.017549514770507812e+00
9.017648696899414062e+00
9.017793655395507812e+00
9.017877578735351562e+00
9.018039703369140625e+00
9.018103599548339844e+00
9.018289566040039062e+00
9.018325805664062500e+00
9.018546104431152344e+00
9.018539428710937500e+00
9.018810272216796875e+00
9.018739700317382812e+00
9.019096374511718750e+00
9.018918991088867188e+00
9.019411087036132812e+00
9.019067764282226562e+00
9.019778251647949219e+00
9.019162178039550781e+00
9.020219802856445312e+00
9.019197463989257812e+00
9.020736694335937500e+00
9.019212722778320312e+00
9.021184921264648438e+00
9.019384384155273438e+00
9.021217346191406250e+00
9.020015716552734375e+00
9.020757675170898438e+00
9.021017074584960938e+00
9.020273208618164062e+00
9.021833419799804688e+00
9.020195960998535156e+00
9.022020339965820312e+00
9.020776748657226562e+00
9.021607398986816406e+00
9.021759986877441406e+00
9.021198272705078125e+00
9.022449493408203125e+00
9.021297454833984375e+00
9.022505760192871094e+00
9.021932601928710938e+00
9.022212028503417969e+00
9.022668838500976562e+00
9.022102355957031250e+00
9.023015975952148438e+00
9.022460937500000000e+00
9.022939682006835938e+00
9.023075103759765625e+00
9.022839546203613281e+00
9.023532867431640625e+00
9.023012161254882812e+00
9.023656845092773438e+00
9.023471832275390625e+00
9.023606300354003906e+00
9.023945808410644531e+00
9.023696899414062500e+00
9.024206161499023438e+00
9.024006843566894531e+00
9.024290084838867188e+00
9.024412155151367188e+00
9.024374961853027344e+00
9.024726867675781250e+00
9.024612426757812500e+00
9.024884223937988281e+00
9.024960517883300781e+00
9.024993896484375000e+00
9.025293350219726562e+00
9.025169372558593750e+00
9.025531768798828125e+00
9.025446891784667969e+00
9.025686264038085938e+00
9.025764465332031250e+00
9.025844573974609375e+00
9.026041030883789062e+00
9.026068687438964844e+00
9.026250839233398438e+00
9.026349067687988281e+00
9.026424407958984375e+00
9.026643753051757812e+00
9.026604652404785156e+00
9.026912689208984375e+00
9.026819229125976562e+00
9.027146339416503906e+00
9.027057647705078125e+00
9.027368545532226562e+00
9.027297973632812500e+00
9.027599334716796875e+00
9.027517318725585938e+00
9.027858734130859375e+00
9.027709960937500000e+00
9.028147697448730469e+00
9.027874946594238281e+00
9.028465270996093750e+00
9.028016090393066406e+00
9.028800964355468750e+00
9.028148651123046875e+00
9.029132843017578125e+00
9.028304100036621094e+00
9.029418945312500000e+00
9.028533935546875000e+00
9.029600143432617188e+00
9.028890609741210938e+00
9.029644966125488281e+00
9.029347419738769531e+00
9.029631614685058594e+00
9.029792785644531250e+00
9.029675483703613281e+00
9.030138015747070312e+00
9.029834747314453125e+00
9.030372619628906250e+00
9.030104637145996094e+00
9.030532836914062500e+00
9.030437469482421875e+00
9.030661582946777344e+00
9.030778884887695312e+00
9.030801773071289062e+00
9.031081199645996094e+00
9.030983924865722656e+00
9.031328201293945312e+00
9.031217575073242188e+00
9.031525611877441406e+00
9.031493186950683594e+00
9.031692504882812500e+00
9.031791687011718750e+00
9.031853675842285156e+00
9.032075881958007812e+00
9.032040596008300781e+00
9.032325744628906250e+00
9.032267570495605469e+00
9.032529830932617188e+00
9.032535552978515625e+00
9.032709121704101562e+00
9.032815933227539062e+00
9.032886505126953125e+00
9.033086776733398438e+00
9.033086776733398438e+00
9.033325195312500000e+00
9.033319473266601562e+00
9.033538818359375000e+00
9.033573150634765625e+00
9.033735275268554688e+00
9.033836364746093750e+00
9.033933639526367188e+00
9.034090995788574219e+00
9.034142494201660156e+00
9.034329414367675781e+00
9.034367561340332031e+00
9.034551620483398438e+00
9.034605026245117188e+00
9.034765243530273438e+00
9.034846305847167969e+00
9.034979820251464844e+00
9.035090446472167969e+00
9.035194396972656250e+00
9.035331726074218750e+00
9.035413742065429688e+00
9.035567283630371094e+00
9.035637855529785156e+00
9.035795211791992188e+00
9.035865783691406250e+00
9.036018371582031250e+00
9.036101341247558594e+00
9.036239624023437500e+00
9.036338806152343750e+00
9.036458969116210938e+00
9.036573410034179688e+00
9.036682128906250000e+00
9.036808967590332031e+00
9.036905288696289062e+00
9.037040710449218750e+00
9.037132263183593750e+00
9.037271499633789062e+00
9.037359237670898438e+00
9.037499427795410156e+00
9.037590026855468750e+00
9.037728309631347656e+00
9.037822723388671875e+00
9.037955284118652344e+00
9.038051605224609375e+00
9.038181304931640625e+00
9.038284301757812500e+00
9.038407325744628906e+00
9.038515090942382812e+00
9.038632392883300781e+00
9.038749694824218750e+00
9.038858413696289062e+00
9.038983345031738281e+00
9.039085388183593750e+00
9.039215087890625000e+00
9.039314270019531250e+00
9.039443016052246094e+00
9.039543151855468750e+00
9.039672851562500000e+00
9.039770126342773438e+00
9.039904594421386719e+00
9.039999008178710938e+00
9.040134429931640625e+00
9.040226936340332031e+00
9.040368080139160156e+00
9.040454864501953125e+00
9.040599822998046875e+00
9.040682792663574219e+00
9.040832519531250000e+00
9.040906906127929688e+00
9.041068077087402344e+00
9.041131973266601562e+00
9.041305541992187500e+00
9.041353225708007812e+00
9.041543960571289062e+00
9.041574478149414062e+00
9.041788101196289062e+00
9.041790008544921875e+00
9.042036056518554688e+00
9.042001724243164062e+00
9.042289733886718750e+00
9.042207717895507812e+00
9.042549133300781250e+00
9.042419433593750000e+00
9.042802810668945312e+00
9.042646408081054688e+00
9.043026924133300781e+00
9.042925834655761719e+00
9.043176651000976562e+00
9.043285369873046875e+00
9.043230056762695312e+00
9.043712615966796875e+00
9.043241500854492188e+00
9.044153213500976562e+00
9.043292045593261719e+00
9.044512748718261719e+00
9.043462753295898438e+00
9.044698715209960938e+00
9.043830871582031250e+00
9.044667243957519531e+00
9.044381141662597656e+00
9.044536590576171875e+00
9.044958114624023438e+00
9.044481277465820312e+00
9.045394897460937500e+00
9.044609069824218750e+00
9.045602798461914062e+00
9.044951438903808594e+00
9.045621871948242188e+00
9.045415878295898438e+00
9.045598983764648438e+00
9.045854568481445312e+00
9.045660972595214844e+00
9.046168327331542969e+00
9.045860290527343750e+00
9.046345710754394531e+00
9.046173095703125000e+00
9.046455383300781250e+00
9.046506881713867188e+00
9.046583175659179688e+00
9.046787261962890625e+00
9.046779632568359375e+00
9.046996116638183594e+00
9.047042846679687500e+00
9.047159194946289062e+00
9.047333717346191406e+00
9.047325134277343750e+00
9.047601699829101562e+00
9.047529220581054688e+00
9.047818183898925781e+00
9.047775268554687500e+00
9.047993659973144531e+00
9.048049926757812500e+00
9.048154830932617188e+00
9.048326492309570312e+00
9.048329353332519531e+00
9.048578262329101562e+00
9.048540115356445312e+00
9.048798561096191406e+00
9.048776626586914062e+00
9.048995971679687500e+00
9.049026489257812500e+00
9.049186706542968750e+00
9.049272537231445312e+00
9.049390792846679688e+00
9.049499511718750000e+00
9.049613952636718750e+00
9.049709320068359375e+00
9.049858093261718750e+00
9.049905776977539062e+00
9.050108909606933594e+00
9.050096511840820312e+00
9.050362586975097656e+00
9.050290107727050781e+00
9.050608634948730469e+00
9.050489425659179688e+00
9.050847053527832031e+00
9.050697326660156250e+00
9.051084518432617188e+00
9.050905227661132812e+00
9.051326751708984375e+00
9.051098823547363281e+00
9.051587104797363281e+00
9.051273345947265625e+00
9.051873207092285156e+00
9.051414489746093750e+00
9.052198410034179688e+00
9.051516532897949219e+00
9.052570343017578125e+00
9.051569938659667969e+00
9.052993774414062500e+00
9.051578521728515625e+00
9.053448677062988281e+00
9.051584243774414062e+00
9.053863525390625000e+00
9.051692962646484375e+00
9.054092407226562500e+00
9.052055358886718750e+00
9.053998947143554688e+00
9.052724838256835938e+00
9.053648948669433594e+00
9.053528785705566406e+00
9.053304672241210938e+00
9.054201126098632812e+00
9.053198814392089844e+00
9.054569244384765625e+00
9.053422927856445312e+00
9.054616928100585938e+00
9.053928375244140625e+00
9.054475784301757812e+00
9.054536819458007812e+00
9.054350852966308594e+00
9.055042266845703125e+00
9.054396629333496094e+00
9.055325508117675781e+00
9.054662704467773438e+00
9.055398941040039062e+00
9.055086135864257812e+00
9.055377960205078125e+00
9.055545806884765625e+00
9.055390357971191406e+00
9.055919647216796875e+00
9.055523872375488281e+00
9.056156158447265625e+00
9.055788993835449219e+00
9.056277275085449219e+00
9.056135177612304688e+00
9.056349754333496094e+00
9.056494712829589844e+00
9.056449890136718750e+00
9.056803703308105469e+00
9.056617736816406250e+00
9.057037353515625000e+00
9.056858062744140625e+00
9.057206153869628906e+00
9.057144165039062500e+00
9.057343482971191406e+00
9.057438850402832031e+00
9.057493209838867188e+00
9.057712554931640625e+00
9.057672500610351562e+00
9.057950019836425781e+00
9.057893753051757812e+00
9.058147430419921875e+00
9.058140754699707031e+00
9.058328628540039062e+00
9.058399200439453125e+00
9.058505058288574219e+00
9.058652877807617188e+00
9.058694839477539062e+00
9.058892250061035156e+00
9.058903694152832031e+00
9.059112548828125000e+00
9.059131622314453125e+00
9.059320449829101562e+00
9.059364318847656250e+00
9.059515953063964844e+00
9.059602737426757812e+00
9.059717178344726562e+00
9.059836387634277344e+00
9.059925079345703125e+00
9.060062408447265625e+00
9.060141563415527344e+00
9.060276985168457031e+00
9.060367584228515625e+00
9.060481071472167969e+00
9.060604095458984375e+00
9.060678482055664062e+00
9.060848236083984375e+00
9.060868263244628906e+00
9.061101913452148438e+00
9.061049461364746094e+00
9.061366081237792969e+00
9.061218261718750000e+00
9.061643600463867188e+00
9.061367034912109375e+00
9.061951637268066406e+00
9.061488151550292969e+00
9.062304496765136719e+00
9.061569213867187500e+00
9.062723159790039062e+00
9.061595916748046875e+00
9.063190460205078125e+00
9.061607360839843750e+00
9.063568115234375000e+00
9.061775207519531250e+00
9.063596725463867188e+00
9.062327384948730469e+00
9.063259124755859375e+00
9.063175201416015625e+00
9.062847137451171875e+00
9.063969612121582031e+00
9.062620162963867188e+00
9.064406394958496094e+00
9.062845230102539062e+00
9.064331054687500000e+00
9.063560485839843750e+00
9.063949584960937500e+00
9.064403533935546875e+00
9.063657760620117188e+00
9.064934730529785156e+00
9.063783645629882812e+00
9.064981460571289062e+00
9.064368247985839844e+00
9.064701080322265625e+00
9.065094947814941406e+00
9.064514160156250000e+00
9.065517425537109375e+00
9.064743995666503906e+00
9.065509796142578125e+00
9.065325736999511719e+00
9.065285682678222656e+00
9.065949440002441406e+00
9.065212249755859375e+00
9.066255569458007812e+00
9.065530776977539062e+00
9.066198348999023438e+00
9.066101074218750000e+00
9.066043853759765625e+00
9.066619873046875000e+00
9.066080093383789062e+00
9.066847801208496094e+00
9.066431999206542969e+00
9.066810607910156250e+00
9.066942214965820312e+00
9.066745758056640625e+00
9.067358016967773438e+00
9.066863059997558594e+00
9.067548751831054688e+00
9.067197799682617188e+00
9.067574501037597656e+00
9.067611694335937500e+00
9.067611694335937500e+00
9.067934036254882812e+00
9.067795753479003906e+00
9.068096160888671875e+00
9.068120002746582031e+00
9.068159103393554688e+00
9.068490982055664062e+00
9.068233489990234375e+00
9.068805694580078125e+00
9.068387985229492188e+00
9.069035530090332031e+00
9.068608283996582031e+00
9.069231033325195312e+00
9.068826675415039062e+00
9.069464683532714844e+00
9.068987846374511719e+00
9.069771766662597656e+00
9.069076538085937500e+00
9.070131301879882812e+00
9.069153785705566406e+00
9.070451736450195312e+00
9.069333076477050781e+00
9.070610046386718750e+00
9.069709777832031250e+00
9.070561408996582031e+00
9.070241928100585938e+00
9.070425033569335938e+00
9.070747375488281250e+00
9.070397377014160156e+00
9.071084976196289062e+00
9.070560455322265625e+00
9.071247100830078125e+00
9.070892333984375000e+00
9.071297645568847656e+00
9.071288108825683594e+00
9.071345329284667969e+00
9.071636199951171875e+00
9.071465492248535156e+00
9.071889877319335938e+00
9.071671485900878906e+00
9.072055816650390625e+00
9.071941375732421875e+00
9.072184562683105469e+00
9.072229385375976562e+00
9.072317123413085938e+00
9.072498321533203125e+00
9.072477340698242188e+00
9.072732925415039062e+00
9.072669982910156250e+00
9.072934150695800781e+00
9.072891235351562500e+00
9.073113441467285156e+00
9.073128700256347656e+00
9.073282241821289062e+00
9.073373794555664062e+00
9.073454856872558594e+00
9.073611259460449219e+00
9.073638916015625000e+00
9.073830604553222656e+00
9.073839187622070312e+00
9.074036598205566406e+00
9.074055671691894531e+00
9.074226379394531250e+00
9.074280738830566406e+00
9.074414253234863281e+00
9.074504852294921875e+00
9.074602127075195312e+00
9.074724197387695312e+00
9.074795722961425781e+00
9.074937820434570312e+00
9.074998855590820312e+00
9.075145721435546875e+00
9.075206756591796875e+00
9.075347900390625000e+00
9.075422286987304688e+00
9.075542449951171875e+00
9.075638771057128906e+00
9.075734138488769531e+00
9.075855255126953125e+00
9.075927734375000000e+00
9.076071739196777344e+00
9.076126098632812500e+00
9.076282501220703125e+00
9.076333045959472656e+00
9.076489448547363281e+00
9.076541900634765625e+00
9.076686859130859375e+00
9.076757431030273438e+00
9.076885223388671875e+00
9.076974868774414062e+00
9.077079772949218750e+00
9.077189445495605469e+00
9.077278137207031250e+00
9.077400207519531250e+00
9.077484130859375000e+00
9.077604293823242188e+00
9.077692985534667969e+00
9.077805519104003906e+00
9.077908515930175781e+00
9.078002929687500000e+00
9.078126907348632812e+00
9.078195571899414062e+00
9.078345298767089844e+00
9.078390121459960938e+00
9.078567504882812500e+00
9.078578948974609375e+00
9.078793525695800781e+00
9.078761100769042969e+00
9.079030990600585938e+00
9.078931808471679688e+00
9.079283714294433594e+00
9.079079627990722656e+00
9.079565048217773438e+00
9.079194068908691406e+00
9.079893112182617188e+00
9.079252243041992188e+00
9.080289840698242188e+00
9.079236030578613281e+00
9.080787658691406250e+00
9.079126358032226562e+00
9.081388473510742188e+00
9.078973770141601562e+00
9.081953048706054688e+00
9.079006195068359375e+00
9.082091331481933594e+00
9.079586029052734375e+00
9.081514358520507812e+00
9.080735206604003906e+00
9.080681800842285156e+00
9.081840515136718750e+00
9.080305099487304688e+00
9.082271575927734375e+00
9.080667495727539062e+00
9.081953048706054688e+00
9.081555366516113281e+00
9.081407546997070312e+00
9.082380294799804688e+00
9.081264495849609375e+00
9.082615852355957031e+00
9.081729888916015625e+00
9.082336425781250000e+00
9.082470893859863281e+00
9.082061767578125000e+00
9.083004951477050781e+00
9.082168579101562500e+00
9.083070755004882812e+00
9.082689285278320312e+00
9.082853317260742188e+00
9.083282470703125000e+00
9.082772254943847656e+00
9.083604812622070312e+00
9.083025932312011719e+00
9.083599090576171875e+00
9.083516120910644531e+00
9.083482742309570312e+00
9.083978652954101562e+00
9.083530426025390625e+00
9.084198951721191406e+00
9.083835601806640625e+00
9.084205627441406250e+00
9.084263801574707031e+00
9.084191322326660156e+00
9.084621429443359375e+00
9.084310531616210938e+00
9.084808349609375000e+00
9.084599494934082031e+00
9.084861755371093750e+00
9.084957122802734375e+00
9.084922790527343750e+00
9.085247993469238281e+00
9.085084915161132812e+00
9.085426330566406250e+00
9.085348129272460938e+00
9.085533142089843750e+00
9.085645675659179688e+00
9.085649490356445312e+00
9.085897445678710938e+00
9.085835456848144531e+00
9.086073875427246094e+00
9.086082458496093750e+00
9.086212158203125000e+00
9.086344718933105469e+00
9.086358070373535156e+00
9.086574554443359375e+00
9.086548805236816406e+00
9.086757659912109375e+00
9.086782455444335938e+00
9.086914062500000000e+00
9.087026596069335938e+00
9.087077140808105469e+00
9.087249755859375000e+00
9.087267875671386719e+00
9.087442398071289062e+00
9.087488174438476562e+00
9.087608337402343750e+00
9.087721824645996094e+00
9.087775230407714844e+00
9.087949752807617188e+00
9.087955474853515625e+00
9.088163375854492188e+00
9.088150024414062500e+00
9.088359832763671875e+00
9.088352203369140625e+00
9.088560104370117188e+00
9.088539123535156250e+00
9.088781356811523438e+00
9.088701248168945312e+00
9.089037895202636719e+00
9.088821411132812500e+00
9.089344024658203125e+00
9.088891029357910156e+00
9.089704513549804688e+00
9.088911056518554688e+00
9.090105056762695312e+00
9.088938713073730469e+00
9.090428352355957031e+00
9.089172363281250000e+00
9.090415000915527344e+00
9.089826583862304688e+00
9.090014457702636719e+00
9.090640068054199219e+00
9.089698791503906250e+00
9.091081619262695312e+00
9.089895248413085938e+00
9.090932846069335938e+00
9.090652465820312500e+00
9.090466499328613281e+00
9.091434478759765625e+00
9.090315818786621094e+00
9.091698646545410156e+00
9.090766906738281250e+00
9.091406822204589844e+00
9.091577529907226562e+00
9.091039657592773438e+00
9.092148780822753906e+00
9.091126441955566406e+00
9.092156410217285156e+00
9.091713905334472656e+00
9.091840744018554688e+00
9.092367172241210938e+00
9.091716766357421875e+00
9.092652320861816406e+00
9.092025756835937500e+00
9.092541694641113281e+00
9.092592239379882812e+00
9.092379570007324219e+00
9.093000411987304688e+00
9.092512130737304688e+00
9.093078613281250000e+00
9.092920303344726562e+00
9.093000411987304688e+00
9.093343734741210938e+00
9.093045234680175781e+00
9.093547821044921875e+00
9.093338012695312500e+00
9.093558311462402344e+00
9.093724250793457031e+00
9.093584060668945312e+00
9.093996047973632812e+00
9.093772888183593750e+00
9.094090461730957031e+00
9.094097137451171875e+00
9.094125747680664062e+00
9.094408035278320312e+00
9.094244956970214844e+00
9.094593048095703125e+00
9.094492912292480469e+00
9.094676971435546875e+00
9.094791412353515625e+00
9.094771385192871094e+00
9.095033645629882812e+00
9.094946861267089844e+00
9.095185279846191406e+00
9.095197677612304688e+00
9.095294952392578125e+00
9.095450401306152344e+00
9.095437049865722656e+00
9.095649719238281250e+00
9.095640182495117188e+00
9.095791816711425781e+00
9.095880508422851562e+00
9.095926284790039062e+00
9.096104621887207031e+00
9.096096038818359375e+00
9.096283912658691406e+00
9.096311569213867188e+00
9.096427917480468750e+00
9.096546173095703125e+00
9.096572875976562500e+00
9.096759796142578125e+00
9.096751213073730469e+00
9.096937179565429688e+00
9.096963882446289062e+00
9.097089767456054688e+00
9.097187042236328125e+00
9.097244262695312500e+00
9.097398757934570312e+00
9.097420692443847656e+00
9.097581863403320312e+00
9.097620964050292969e+00
9.097747802734375000e+00
9.097831726074218750e+00
9.097913742065429688e+00
9.098033905029296875e+00
9.098093032836914062e+00
9.098220825195312500e+00
9.098286628723144531e+00
9.098394393920898438e+00
9.098489761352539062e+00
9.098569869995117188e+00
9.098686218261718750e+00
9.098749160766601562e+00
9.098875045776367188e+00
9.098937988281250000e+00
9.099054336547851562e+00
9.099134445190429688e+00
9.099232673645019531e+00
9.099330902099609375e+00
9.099414825439453125e+00
9.099519729614257812e+00
9.099602699279785156e+00
9.099704742431640625e+00
9.099794387817382812e+00
9.099885940551757812e+00
9.099987030029296875e+00
9.100065231323242188e+00
9.100177764892578125e+00
9.100250244140625000e+00
9.100364685058593750e+00
9.100437164306640625e+00
9.100550651550292969e+00
9.100625038146972656e+00
9.100733757019042969e+00
9.100816726684570312e+00
9.100921630859375000e+00
9.101001739501953125e+00
9.101110458374023438e+00
9.101184844970703125e+00
9.101303100585937500e+00
9.101362228393554688e+00
9.101497650146484375e+00
9.101535797119140625e+00
9.101699829101562500e+00
9.101706504821777344e+00
9.101905822753906250e+00
9.101871490478515625e+00
9.102121353149414062e+00
9.102024078369140625e+00
9.102353096008300781e+00
9.102155685424804688e+00
9.102608680725097656e+00
9.102256774902343750e+00
9.102909088134765625e+00
9.102311134338378906e+00
9.103273391723632812e+00
9.102302551269531250e+00
9.103723526000976562e+00
9.102233886718750000e+00
9.104221343994140625e+00
9.102190971374511719e+00
9.104558944702148438e+00
9.102421760559082031e+00
9.104400634765625000e+00
9.103139877319335938e+00
9.103822708129882812e+00
9.104076385498046875e+00
9.103377342224121094e+00
9.104700088500976562e+00
9.103393554687500000e+00
9.104760169982910156e+00
9.103914260864257812e+00
9.104419708251953125e+00
9.104659080505371094e+00
9.104158401489257812e+00
9.105144500732421875e+00
9.104280471801757812e+00
9.105180740356445312e+00
9.104755401611328125e+00
9.104980468750000000e+00
9.105306625366210938e+00
9.104890823364257812e+00
9.105637550354003906e+00
9.105082511901855469e+00
9.105669021606445312e+00
9.105503082275390625e+00
9.105585098266601562e+00
9.105916976928710938e+00
9.105617523193359375e+00
9.106148719787597656e+00
9.105830192565917969e+00
9.106211662292480469e+00
9.106170654296875000e+00
9.106226921081542969e+00
9.106489181518554688e+00
9.106328964233398438e+00
9.106688499450683594e+00
9.106541633605957031e+00
9.106799125671386719e+00
9.106812477111816406e+00
9.106890678405761719e+00
9.107063293457031250e+00
9.107029914855957031e+00
9.107254028320312500e+00
9.107224464416503906e+00
9.107397079467773438e+00
9.107444763183593750e+00
9.107540130615234375e+00
9.107648849487304688e+00
9.107703208923339844e+00
9.107830047607421875e+00
9.107891082763671875e+00
9.107995986938476562e+00
9.108084678649902344e+00
9.108167648315429688e+00
9.108266830444335938e+00
9.108351707458496094e+00
9.108436584472656250e+00
9.108541488647460938e+00
9.108603477478027344e+00
9.108727455139160156e+00
9.108782768249511719e+00
9.108901977539062500e+00
9.108971595764160156e+00
9.109066009521484375e+00
9.109166145324707031e+00
9.109227180480957031e+00
9.109357833862304688e+00
9.109399795532226562e+00
9.109537124633789062e+00
9.109586715698242188e+00
9.109705924987792969e+00
9.109778404235839844e+00
9.109872817993164062e+00
9.109970092773437500e+00
9.110040664672851562e+00
9.110155105590820312e+00
9.110218048095703125e+00
9.110330581665039062e+00
9.110404968261718750e+00
9.110502243041992188e+00
9.110591888427734375e+00
9.110673904418945312e+00
9.110776901245117188e+00
9.110849380493164062e+00
9.110956192016601562e+00
9.111030578613281250e+00
9.111128807067871094e+00
9.111214637756347656e+00
9.111300468444824219e+00
9.111400604248046875e+00
9.111474990844726562e+00
9.111585617065429688e+00
9.111650466918945312e+00
9.111766815185546875e+00
9.111828804016113281e+00
9.111942291259765625e+00
9.112009048461914062e+00
9.112119674682617188e+00
9.112194061279296875e+00
9.112296104431152344e+00
9.112376213073730469e+00
9.112474441528320312e+00
9.112556457519531250e+00
9.112651824951171875e+00
9.112732887268066406e+00
9.112831115722656250e+00
9.112909317016601562e+00
9.113015174865722656e+00
9.113083839416503906e+00
9.113197326660156250e+00
9.113257408142089844e+00
9.113383293151855469e+00
9.113431930541992188e+00
9.113567352294921875e+00
9.113601684570312500e+00
9.113754272460937500e+00
9.113771438598632812e+00
9.113945960998535156e+00
9.113936424255371094e+00
9.114141464233398438e+00
9.114093780517578125e+00
9.114347457885742188e+00
9.114240646362304688e+00
9.114564895629882812e+00
9.114368438720703125e+00
9.114805221557617188e+00
9.114472389221191406e+00
9.115077972412109375e+00
9.114538192749023438e+00
9.115392684936523438e+00
9.114557266235351562e+00
9.115762710571289062e+00
9.114532470703125000e+00
9.116158485412597656e+00
9.114535331726074219e+00
9.116449356079101562e+00
9.114771842956542969e+00
9.116371154785156250e+00
9.115466117858886719e+00
9.115839004516601562e+00
9.116435050964355469e+00
9.115261077880859375e+00
9.117156982421875000e+00
9.115116119384765625e+00
9.117305755615234375e+00
9.115641593933105469e+00
9.116835594177246094e+00
9.116649627685546875e+00
9.116205215454101562e+00
9.117483139038085938e+00
9.116020202636718750e+00
9.117696762084960938e+00
9.116486549377441406e+00
9.117311477661132812e+00
9.117344856262207031e+00
9.116821289062500000e+00
9.118001937866210938e+00
9.116764068603515625e+00
9.118107795715332031e+00
9.117266654968261719e+00
9.117761611938476562e+00
9.118019104003906250e+00
9.117410659790039062e+00
9.118546485900878906e+00
9.117437362670898438e+00
9.118627548217773438e+00
9.117883682250976562e+00
9.118384361267089844e+00
9.118496894836425781e+00
9.118172645568847656e+00
9.118919372558593750e+00
9.118242263793945312e+00
9.119035720825195312e+00
9.118595123291015625e+00
9.118938446044921875e+00
9.119050979614257812e+00
9.118865966796875000e+00
9.119377136230468750e+00
9.118977546691894531e+00
9.119500160217285156e+00
9.119270324707031250e+00
9.119487762451171875e+00
9.119625091552734375e+00
9.119490623474121094e+00
9.119905471801757812e+00
9.119607925415039062e+00
9.120059967041015625e+00
9.119842529296875000e+00
9.120123863220214844e+00
9.120126724243164062e+00
9.120193481445312500e+00
9.120361328125000000e+00
9.120329856872558594e+00
9.120515823364257812e+00
9.120548248291015625e+00
9.120599746704101562e+00
9.120809555053710938e+00
9.120675086975097656e+00
9.121055603027343750e+00
9.120782852172851562e+00
9.121262550354003906e+00
9.120937347412109375e+00
9.121435165405273438e+00
9.121105194091796875e+00
9.121611595153808594e+00
9.121250152587890625e+00
9.121829986572265625e+00
9.121332168579101562e+00
9.122123718261718750e+00
9.121337890625000000e+00
9.122499465942382812e+00
9.121280670166015625e+00
9.122934341430664062e+00
9.121191978454589844e+00
9.123366355895996094e+00
9.121166229248046875e+00
9.123653411865234375e+00
9.121355056762695312e+00
9.123622894287109375e+00
9.121878623962402344e+00
9.123244285583496094e+00
9.122657775878906250e+00
9.122762680053710938e+00
9.123405456542968750e+00
9.122476577758789062e+00
9.123872756958007812e+00
9.122535705566406250e+00
9.123958587646484375e+00
9.122934341430664062e+00
9.123751640319824219e+00
9.123527526855468750e+00
9.123482704162597656e+00
9.124074935913085938e+00
9.123378753662109375e+00
9.124393463134765625e+00
9.123529434204101562e+00
9.124454498291015625e+00
9.123895645141601562e+00
9.124347686767578125e+00
9.124352455139160156e+00
9.124238967895507812e+00
9.124740600585937500e+00
9.124254226684570312e+00
9.124969482421875000e+00
9.124433517456054688e+00
9.125045776367187500e+00
9.124734878540039062e+00
9.125036239624023438e+00
9.125078201293945312e+00
9.125038146972656250e+00
9.125373840332031250e+00
9.125116348266601562e+00
9.125575065612792969e+00
9.125288009643554688e+00
9.125692367553710938e+00
9.125528335571289062e+00
9.125759124755859375e+00
9.125790596008300781e+00
9.125828742980957031e+00
9.126029968261718750e+00
9.125938415527343750e+00
9.126219749450683594e+00
9.126097679138183594e+00
9.126363754272460938e+00
9.126297950744628906e+00
9.126478195190429688e+00
9.126516342163085938e+00
9.126585960388183594e+00
9.126730918884277344e+00
9.126708984375000000e+00
9.126921653747558594e+00
9.126855850219726562e+00
9.127087593078613281e+00
9.127027511596679688e+00
9.127231597900390625e+00
9.127216339111328125e+00
9.127363204956054688e+00
9.127414703369140625e+00
9.127492904663085938e+00
9.127606391906738281e+00
9.127631187438964844e+00
9.127790451049804688e+00
9.127779960632324219e+00
9.127964019775390625e+00
9.127938270568847656e+00
9.128124237060546875e+00
9.128105163574218750e+00
9.128279685974121094e+00
9.128277778625488281e+00
9.128433227539062500e+00
9.128451347351074219e+00
9.128588676452636719e+00
9.128620147705078125e+00
9.128746986389160156e+00
9.128785133361816406e+00
9.128912925720214844e+00
9.128940582275390625e+00
9.129087448120117188e+00
9.129086494445800781e+00
9.129272460937500000e+00
9.129222869873046875e+00
9.129470825195312500e+00
9.129343032836914062e+00
9.129684448242187500e+00
9.129444122314453125e+00
9.129920959472656250e+00
9.129516601562500000e+00
9.130187034606933594e+00
9.129560470581054688e+00
9.130489349365234375e+00
9.129570007324218750e+00
9.130809783935546875e+00
9.129590988159179688e+00
9.131078720092773438e+00
9.129722595214843750e+00
9.131157875061035156e+00
9.130110740661621094e+00
9.130939483642578125e+00
9.130779266357421875e+00
9.130522727966308594e+00
9.131521224975585938e+00
9.130174636840820312e+00
9.132070541381835938e+00
9.130117416381835938e+00
9.132272720336914062e+00
9.130406379699707031e+00
9.132167816162109375e+00
9.130920410156250000e+00
9.131958007812500000e+00
9.131407737731933594e+00
9.131896972656250000e+00
9.131657600402832031e+00
9.132120132446289062e+00
9.131628036499023438e+00
9.132568359375000000e+00
9.131472587585449219e+00
9.133020401000976562e+00
9.131458282470703125e+00
9.133189201354980469e+00
9.131820678710937500e+00
9.132928848266601562e+00
9.132555007934570312e+00
9.132430076599121094e+00
9.133300781250000000e+00
9.132151603698730469e+00
9.133655548095703125e+00
9.132373809814453125e+00
9.133539199829101562e+00
9.132944107055664062e+00
9.133262634277343750e+00
9.133459091186523438e+00
9.133169174194335938e+00
9.133735656738281250e+00
9.133299827575683594e+00
9.133886337280273438e+00
9.133502006530761719e+00
9.134038925170898438e+00
9.133661270141601562e+00
9.134186744689941406e+00
9.133863449096679688e+00
9.134200096130371094e+00
9.134231567382812500e+00
9.134080886840820312e+00
9.134679794311523438e+00
9.133991241455078125e+00
9.134977340698242188e+00
9.134157180786132812e+00
9.134959220886230469e+00
9.134603500366210938e+00
9.134747505187988281e+00
9.135123252868652344e+00
9.134598731994628906e+00
9.135467529296875000e+00
9.134706497192382812e+00
9.135536193847656250e+00
9.135046958923339844e+00
9.135449409484863281e+00
9.135442733764648438e+00
9.135396957397460938e+00
9.135742187500000000e+00
9.135478019714355469e+00
9.135907173156738281e+00
9.135662078857421875e+00
9.136005401611328125e+00
9.135869979858398438e+00
9.136108398437500000e+00
9.136058807373046875e+00
9.136230468750000000e+00
9.136238098144531250e+00
9.136352539062500000e+00
9.136430740356445312e+00
9.136463165283203125e+00
9.136625289916992188e+00
9.136584281921386719e+00
9.136792182922363281e+00
9.136738777160644531e+00
9.136918067932128906e+00
9.136929512023925781e+00
9.137022018432617188e+00
9.137130737304687500e+00
9.137133598327636719e+00
9.137306213378906250e+00
9.137278556823730469e+00
9.137449264526367188e+00
9.137453079223632812e+00
9.137571334838867188e+00
9.137631416320800781e+00
9.137708663940429688e+00
9.137789726257324219e+00
9.137867927551269531e+00
9.137923240661621094e+00
9.138048171997070312e+00
9.138042449951171875e+00
9.138236999511718750e+00
9.138158798217773438e+00
9.138419151306152344e+00
9.138284683227539062e+00
9.138599395751953125e+00
9.138407707214355469e+00
9.138785362243652344e+00
9.138519287109375000e+00
9.138992309570312500e+00
9.138604164123535156e+00
9.139227867126464844e+00
9.138660430908203125e+00
9.139501571655273438e+00
9.138678550720214844e+00
9.139819145202636719e+00
9.138658523559570312e+00
9.140182495117187500e+00
9.138618469238281250e+00
9.140547752380371094e+00
9.138631820678710938e+00
9.140771865844726562e+00
9.138859748840332031e+00
9.140657424926757812e+00
9.139415740966796875e+00
9.140218734741210938e+00
9.140191078186035156e+00
9.139760971069335938e+00
9.140856742858886719e+00
9.139582633972167969e+00
9.141162872314453125e+00
9.139783859252929688e+00
9.141066551208496094e+00
9.140299797058105469e+00
9.140751838684082031e+00
9.140899658203125000e+00
9.140529632568359375e+00
9.141302108764648438e+00
9.140585899353027344e+00
9.141406059265136719e+00
9.140895843505859375e+00
9.141313552856445312e+00
9.141315460205078125e+00
9.141210556030273438e+00
9.141659736633300781e+00
9.141258239746093750e+00
9.141809463500976562e+00
9.141485214233398438e+00
9.141804695129394531e+00
9.141811370849609375e+00
9.141765594482421875e+00
9.142120361328125000e+00
9.141800880432128906e+00
9.142328262329101562e+00
9.141956329345703125e+00
9.142415046691894531e+00
9.142198562622070312e+00
9.142446517944335938e+00
9.142456054687500000e+00
9.142500877380371094e+00
9.142661094665527344e+00
9.142627716064453125e+00
9.142788887023925781e+00
9.142829895019531250e+00
9.142850875854492188e+00
9.143077850341796875e+00
9.142892837524414062e+00
9.143327713012695312e+00
9.142947196960449219e+00
9.143549919128417969e+00
9.143033981323242188e+00
9.143743515014648438e+00
9.143143653869628906e+00
9.143926620483398438e+00
9.143251419067382812e+00
9.144124984741210938e+00
9.143334388732910156e+00
9.144357681274414062e+00
9.143384933471679688e+00
9.144610404968261719e+00
9.143445014953613281e+00
9.144821166992187500e+00
9.143589019775390625e+00
9.144902229309082031e+00
9.143897056579589844e+00
9.144802093505859375e+00
9.144353866577148438e+00
9.144596099853515625e+00
9.144836425781250000e+00
9.144432067871093750e+00
9.145210266113281250e+00
9.144424438476562500e+00
9.145401000976562500e+00
9.144623756408691406e+00
9.145408630371093750e+00
9.144984245300292969e+00
9.145310401916503906e+00
9.145403861999511719e+00
9.145206451416015625e+00
9.145761489868164062e+00
9.145196914672851562e+00
9.145984649658203125e+00
9.145328521728515625e+00
9.146059989929199219e+00
9.145589828491210938e+00
9.146038055419921875e+00
9.145919799804687500e+00
9.145990371704101562e+00
9.146245956420898438e+00
9.145980834960937500e+00
9.146500587463378906e+00
9.146055221557617188e+00
9.146662712097167969e+00
9.146219253540039062e+00
9.146741867065429688e+00
9.146450042724609375e+00
9.146775245666503906e+00
9.146711349487304688e+00
9.146804809570312500e+00
9.146958351135253906e+00
9.146860122680664062e+00
9.147165298461914062e+00
9.146960258483886719e+00
9.147323608398437500e+00
9.147102355957031250e+00
9.147443771362304688e+00
9.147276878356933594e+00
9.147541046142578125e+00
9.147465705871582031e+00
9.147635459899902344e+00
9.147651672363281250e+00
9.147737503051757812e+00
9.147825241088867188e+00
9.147852897644042969e+00
9.147983551025390625e+00
9.147989273071289062e+00
9.148127555847167969e+00
9.148132324218750000e+00
9.148258209228515625e+00
9.148285865783691406e+00
9.148384094238281250e+00
9.148443222045898438e+00
9.148506164550781250e+00
9.148603439331054688e+00
9.148630142211914062e+00
9.148765563964843750e+00
9.148750305175781250e+00
9.148925781250000000e+00
9.148874282836914062e+00
9.149085998535156250e+00
9.148996353149414062e+00
9.149244308471679688e+00
9.149120330810546875e+00
9.149404525756835938e+00
9.149241447448730469e+00
9.149568557739257812e+00
9.149357795715332031e+00
9.149738311767578125e+00
9.149465560913085938e+00
9.149921417236328125e+00
9.149559974670410156e+00
9.150120735168457031e+00
9.149637222290039062e+00
9.150342941284179688e+00
9.149696350097656250e+00
9.150581359863281250e+00
9.149745941162109375e+00
9.150823593139648438e+00
9.149823188781738281e+00
9.151002883911132812e+00
9.149995803833007812e+00
9.151027679443359375e+00
9.150337219238281250e+00
9.150851249694824219e+00
9.150836944580078125e+00
9.150583267211914062e+00
9.151353836059570312e+00
9.150414466857910156e+00
9.151725769042968750e+00
9.150451660156250000e+00
9.151854515075683594e+00
9.150728225708007812e+00
9.151750564575195312e+00
9.151185989379882812e+00
9.151531219482421875e+00
9.151684761047363281e+00
9.151368141174316406e+00
9.152069091796875000e+00
9.151350975036621094e+00
9.152278900146484375e+00
9.151498794555664062e+00
9.152326583862304688e+00
9.151771545410156250e+00
9.152292251586914062e+00
9.152091979980468750e+00
9.152266502380371094e+00
9.152363777160644531e+00
9.152307510375976562e+00
9.152555465698242188e+00
9.152425765991210938e+00
9.152669906616210938e+00
9.152606010437011719e+00
9.152744293212890625e+00
9.152810096740722656e+00
9.152825355529785156e+00
9.152988433837890625e+00
9.152946472167968750e+00
9.153120040893554688e+00
9.153108596801757812e+00
9.153210639953613281e+00
9.153305053710937500e+00
9.153277397155761719e+00
9.153509140014648438e+00
9.153348922729492188e+00
9.153695106506347656e+00
9.153449058532714844e+00
9.153848648071289062e+00
9.153582572937011719e+00
9.153972625732421875e+00
9.153743743896484375e+00
9.154075622558593750e+00
9.153912544250488281e+00
9.154182434082031250e+00
9.154068946838378906e+00
9.154308319091796875e+00
9.154197692871093750e+00
9.154464721679687500e+00
9.154293060302734375e+00
9.154657363891601562e+00
9.154356002807617188e+00
9.154879570007324219e+00
9.154392242431640625e+00
9.155126571655273438e+00
9.154409408569335938e+00
9.155388832092285156e+00
9.154413223266601562e+00
9.155659675598144531e+00
9.154420852661132812e+00
9.155915260314941406e+00
9.154466629028320312e+00
9.156110763549804688e+00
9.154605865478515625e+00
9.156183242797851562e+00
9.154893875122070312e+00
9.156087875366210938e+00
9.155325889587402344e+00
9.155876159667968750e+00
9.155813217163085938e+00
9.155667304992675781e+00
9.156227111816406250e+00
9.155576705932617188e+00
9.156497001647949219e+00
9.155656814575195312e+00
9.156604766845703125e+00
9.155893325805664062e+00
9.156585693359375000e+00
9.156230926513671875e+00
9.156509399414062500e+00
9.156580924987792969e+00
9.156448364257812500e+00
9.156874656677246094e+00
9.156460762023925781e+00
9.157070159912109375e+00
9.156565666198730469e+00
9.157178878784179688e+00
9.156751632690429688e+00
9.157225608825683594e+00
9.156984329223632812e+00
9.157254219055175781e+00
9.157219886779785156e+00
9.157291412353515625e+00
9.157430648803710938e+00
9.157360076904296875e+00
9.157600402832031250e+00
9.157468795776367188e+00
9.157733917236328125e+00
9.157612800598144531e+00
9.157840728759765625e+00
9.157778739929199219e+00
9.157937049865722656e+00
9.157949447631835938e+00
9.158029556274414062e+00
9.158115386962890625e+00
9.158127784729003906e+00
9.158268928527832031e+00
9.158240318298339844e+00
9.158409118652343750e+00
9.158365249633789062e+00
9.158539772033691406e+00
9.158497810363769531e+00
9.158664703369140625e+00
9.158637046813964844e+00
9.158786773681640625e+00
9.158777236938476562e+00
9.158908843994140625e+00
9.158914566040039062e+00
9.159037590026855469e+00
9.159044265747070312e+00
9.159166336059570312e+00
9.159167289733886719e+00
9.159306526184082031e+00
9.159282684326171875e+00
9.159457206726074219e+00
9.159388542175292969e+00
9.159620285034179688e+00
9.159481048583984375e+00
9.159799575805664062e+00
9.159553527832031250e+00
9.160002708435058594e+00
9.159596443176269531e+00
9.160242080688476562e+00
9.159595489501953125e+00
9.160537719726562500e+00
9.159538269042968750e+00
9.160910606384277344e+00
9.159414291381835938e+00
9.161355018615722656e+00
9.159262657165527344e+00
9.161769866943359375e+00
9.159254074096679688e+00
9.161866188049316406e+00
9.159662246704101562e+00
9.161389350891113281e+00
9.160563468933105469e+00
9.160606384277343750e+00
9.161540985107421875e+00
9.160111427307128906e+00
9.162036895751953125e+00
9.160223007202148438e+00
9.161865234375000000e+00
9.160867691040039062e+00
9.161306381225585938e+00
9.161678314208984375e+00
9.160880088806152344e+00
9.162137985229492188e+00
9.160974502563476562e+00
9.162030220031738281e+00
9.161510467529296875e+00
9.161664009094238281e+00
9.162103652954101562e+00
9.161451339721679688e+00
9.162409782409667969e+00
9.161602020263671875e+00
9.162326812744140625e+00
9.162061691284179688e+00
9.162059783935546875e+00
9.162542343139648438e+00
9.161930084228515625e+00
9.162780761718750000e+00
9.162083625793457031e+00
9.162757873535156250e+00
9.162430763244628906e+00
9.162631988525390625e+00
9.162788391113281250e+00
9.162588119506835938e+00
9.162998199462890625e+00
9.162725448608398438e+00
9.163025856018066406e+00
9.162990570068359375e+00
9.162996292114257812e+00
9.163249969482421875e+00
9.163030624389648438e+00
9.163413047790527344e+00
9.163173675537109375e+00
9.163469314575195312e+00
9.163399696350097656e+00
9.163478851318359375e+00
9.163627624511718750e+00
9.163528442382812500e+00
9.163782119750976562e+00
9.163660049438476562e+00
9.163863182067871094e+00
9.163852691650390625e+00
9.163904190063476562e+00
9.164061546325683594e+00
9.163956642150878906e+00
9.164237976074218750e+00
9.164052009582519531e+00
9.164367675781250000e+00
9.164190292358398438e+00
9.164466857910156250e+00
9.164339065551757812e+00
9.164574623107910156e+00
9.164463043212890625e+00
9.164718627929687500e+00
9.164541244506835938e+00
9.164916992187500000e+00
9.164564132690429688e+00
9.165168762207031250e+00
9.164541244506835938e+00
9.165463447570800781e+00
9.164492607116699219e+00
9.165766716003417969e+00
9.164464950561523438e+00
9.166007995605468750e+00
9.164567947387695312e+00
9.166051864624023438e+00
9.164932250976562500e+00
9.165816307067871094e+00
9.165508270263671875e+00
9.165458679199218750e+00
9.166048049926757812e+00
9.165242195129394531e+00
9.166342735290527344e+00
9.165334701538085938e+00
9.166330337524414062e+00
9.165725708007812500e+00
9.166122436523437500e+00
9.166215896606445312e+00
9.165941238403320312e+00
9.166583061218261719e+00
9.165939331054687500e+00
9.166717529296875000e+00
9.166151046752929688e+00
9.166664123535156250e+00
9.166481018066406250e+00
9.166563987731933594e+00
9.166790008544921875e+00
9.166553497314453125e+00
9.166971206665039062e+00
9.166672706604003906e+00
9.167035102844238281e+00
9.166881561279296875e+00
9.167039871215820312e+00
9.167106628417968750e+00
9.167067527770996094e+00
9.167281150817871094e+00
9.167167663574218750e+00
9.167384147644042969e+00
9.167325973510742188e+00
9.167448043823242188e+00
9.167507171630859375e+00
9.167507171630859375e+00
9.167676925659179688e+00
9.167594909667968750e+00
9.167802810668945312e+00
9.167718887329101562e+00
9.167893409729003906e+00
9.167868614196777344e+00
9.167967796325683594e+00
9.168023109436035156e+00
9.168048858642578125e+00
9.168167114257812500e+00
9.168151855468750000e+00
9.168288230895996094e+00
9.168274879455566406e+00
9.168390274047851562e+00
9.168411254882812500e+00
9.168486595153808594e+00
9.168546676635742188e+00
9.168585777282714844e+00
9.168675422668457031e+00
9.168698310852050781e+00
9.168790817260742188e+00
9.168820381164550781e+00
9.168893814086914062e+00
9.168951034545898438e+00
9.168992996215820312e+00
9.169084548950195312e+00
9.169092178344726562e+00
9.169217109680175781e+00
9.169197082519531250e+00
9.169347763061523438e+00
9.169305801391601562e+00
9.169468879699707031e+00
9.169417381286621094e+00
9.169589996337890625e+00
9.169529914855957031e+00
9.169717788696289062e+00
9.169634819030761719e+00
9.169855117797851562e+00
9.169726371765136719e+00
9.170006752014160156e+00
9.169796943664550781e+00
9.170183181762695312e+00
9.169839859008789062e+00
9.170394897460937500e+00
9.169849395751953125e+00
9.170653343200683594e+00
9.169813156127929688e+00
9.170969009399414062e+00
9.169733047485351562e+00
9.171321868896484375e+00
9.169664382934570312e+00
9.171607017517089844e+00
9.169736862182617188e+00
9.171609878540039062e+00
9.170130729675292969e+00
9.171223640441894531e+00
9.170818328857421875e+00
9.170719146728515625e+00
9.171475410461425781e+00
9.170448303222656250e+00
9.171805381774902344e+00
9.170557022094726562e+00
9.171721458435058594e+00
9.171024322509765625e+00
9.171373367309570312e+00
9.171634674072265625e+00
9.171072959899902344e+00
9.172057151794433594e+00
9.171064376831054688e+00
9.172127723693847656e+00
9.171367645263671875e+00
9.171936035156250000e+00
9.171836853027343750e+00
9.171697616577148438e+00
9.172252655029296875e+00
9.171611785888671875e+00
9.172449111938476562e+00
9.171763420104980469e+00
9.172415733337402344e+00
9.172082901000976562e+00
9.172292709350585938e+00
9.172420501708984375e+00
9.172220230102539062e+00
9.172666549682617188e+00
9.172269821166992188e+00
9.172773361206054688e+00
9.172443389892578125e+00
9.172784805297851562e+00
9.172677040100097656e+00
9.172780990600585938e+00
9.172884941101074219e+00
9.172823905944824219e+00
9.173036575317382812e+00
9.172923088073730469e+00
9.173133850097656250e+00
9.173067092895507812e+00
9.173204421997070312e+00
9.173218727111816406e+00
9.173284530639648438e+00
9.173349380493164062e+00
9.173387527465820312e+00
9.173456192016601562e+00
9.173509597778320312e+00
9.173553466796875000e+00
9.173637390136718750e+00
9.173648834228515625e+00
9.173757553100585938e+00
9.173759460449218750e+00
9.173862457275390625e+00
9.173882484436035156e+00
9.173955917358398438e+00
9.174012184143066406e+00
9.174052238464355469e+00
9.174138069152832031e+00
9.174150466918945312e+00
9.174253463745117188e+00
9.174261093139648438e+00
9.174360275268554688e+00
9.174379348754882812e+00
9.174463272094726562e+00
9.174498558044433594e+00
9.174566268920898438e+00
9.174617767333984375e+00
9.174672126770019531e+00
9.174728393554687500e+00
9.174785614013671875e+00
9.174835205078125000e+00
9.174903869628906250e+00
9.174933433532714844e+00
9.175028800964355469e+00
9.175033569335937500e+00
9.175149917602539062e+00
9.175131797790527344e+00
9.175273895263671875e+00
9.175232887268066406e+00
9.175395011901855469e+00
9.175331115722656250e+00
9.175516128540039062e+00
9.175430297851562500e+00
9.175642013549804688e+00
9.175523757934570312e+00
9.175771713256835938e+00
9.175609588623046875e+00
9.175914764404296875e+00
9.175679206848144531e+00
9.176074981689453125e+00
9.175727844238281250e+00
9.176263809204101562e+00
9.175743103027343750e+00
9.176491737365722656e+00
9.175714492797851562e+00
9.176774024963378906e+00
9.175620079040527344e+00
9.177124023437500000e+00
9.175462722778320312e+00
9.177534103393554688e+00
9.175281524658203125e+00
9.177912712097167969e+00
9.175241470336914062e+00
9.178010940551757812e+00
9.175639152526855469e+00
9.177556991577148438e+00
9.176569938659667969e+00
9.176708221435546875e+00
9.177600860595703125e+00
9.176050186157226562e+00
9.178171157836914062e+00
9.176012039184570312e+00
9.178052902221679688e+00
9.176682472229003906e+00
9.177366256713867188e+00
9.177705764770507812e+00
9.176669120788574219e+00
9.178412437438964844e+00
9.176514625549316406e+00
9.178436279296875000e+00
9.177029609680175781e+00
9.177885055541992188e+00
9.177896499633789062e+00
9.177265167236328125e+00
9.178555488586425781e+00
9.177076339721679688e+00
9.178649902343750000e+00
9.177473068237304688e+00
9.178249359130859375e+00
9.178177833557128906e+00
9.177786827087402344e+00
9.178710937500000000e+00
9.177665710449218750e+00
9.178812026977539062e+00
9.177980422973632812e+00
9.178545951843261719e+00
9.178525924682617188e+00
9.178236007690429688e+00
9.178940773010253906e+00
9.178185462951660156e+00
9.179027557373046875e+00
9.178458213806152344e+00
9.178857803344726562e+00
9.178877830505371094e+00
9.178662300109863281e+00
9.179199218750000000e+00
9.178652763366699219e+00
9.179289817810058594e+00
9.178870201110839844e+00
9.179203033447265625e+00
9.179191589355468750e+00
9.179103851318359375e+00
9.179443359375000000e+00
9.179132461547851562e+00
9.179542541503906250e+00
9.179301261901855469e+00
9.179523468017578125e+00
9.179544448852539062e+00
9.179493904113769531e+00
9.179742813110351562e+00
9.179548263549804688e+00
9.179840087890625000e+00
9.179701805114746094e+00
9.179854393005371094e+00
9.179903030395507812e+00
9.179860115051269531e+00
9.180085182189941406e+00
9.179918289184570312e+00
9.180196762084960938e+00
9.180044174194335938e+00
9.180248260498046875e+00
9.180212974548339844e+00
9.180278778076171875e+00
9.180379867553710938e+00
9.180336952209472656e+00
9.180505752563476562e+00
9.180441856384277344e+00
9.180583953857421875e+00
9.180585861206054688e+00
9.180633544921875000e+00
9.180741310119628906e+00
9.180685043334960938e+00
9.180887222290039062e+00
9.180756568908691406e+00
9.181008338928222656e+00
9.180852890014648438e+00
9.181110382080078125e+00
9.180957794189453125e+00
9.181212425231933594e+00
9.181053161621093750e+00
9.181334495544433594e+00
9.181118965148925781e+00
9.181489944458007812e+00
9.181145668029785156e+00
9.181697845458984375e+00
9.181118011474609375e+00
9.181961059570312500e+00
9.181035995483398438e+00
9.182294845581054688e+00
9.180885314941406250e+00
9.182701110839843750e+00
9.180686950683593750e+00
9.183136940002441406e+00
9.180534362792968750e+00
9.183421134948730469e+00
9.180649757385253906e+00
9.183261871337890625e+00
9.181241989135742188e+00
9.182605743408203125e+00
9.182171821594238281e+00
9.181883811950683594e+00
9.182959556579589844e+00
9.181562423706054688e+00
9.183215141296386719e+00
9.181797027587890625e+00
9.182927131652832031e+00
9.182417869567871094e+00
9.182427406311035156e+00
9.183061599731445312e+00
9.182150840759277344e+00
9.183335304260253906e+00
9.182329177856445312e+00
9.183163642883300781e+00
9.182827949523925781e+00
9.182819366455078125e+00
9.183330535888671875e+00
9.182627677917480469e+00
9.183574676513671875e+00
9.182752609252929688e+00
9.183488845825195312e+00
9.183143615722656250e+00
9.183240890502929688e+00
9.183567047119140625e+00
9.183092117309570312e+00
9.183800697326660156e+00
9.183180809020996094e+00
9.183797836303710938e+00
9.183464050292968750e+00
9.183660507202148438e+00
9.183804512023925781e+00
9.183551788330078125e+00
9.184043884277343750e+00
9.183596611022949219e+00
9.184106826782226562e+00
9.183800697326660156e+00
9.184045791625976562e+00
9.184074401855468750e+00
9.183979034423828125e+00
9.184303283691406250e+00
9.183988571166992188e+00
9.184431076049804688e+00
9.184114456176757812e+00
9.184453010559082031e+00
9.184320449829101562e+00
9.184429168701171875e+00
9.184532165527343750e+00
9.184433937072753906e+00
9.184691429138183594e+00
9.184506416320800781e+00
9.184778213500976562e+00
9.184645652770996094e+00
9.184808731079101562e+00
9.184823989868164062e+00
9.184823989868164062e+00
9.184999465942382812e+00
9.184858322143554688e+00
9.185140609741210938e+00
9.184930801391601562e+00
9.185244560241699219e+00
9.185036659240722656e+00
9.185322761535644531e+00
9.185156822204589844e+00
9.185403823852539062e+00
9.185266494750976562e+00
9.185508728027343750e+00
9.185344696044921875e+00
9.185659408569335938e+00
9.185376167297363281e+00
9.185859680175781250e+00
9.185365676879882812e+00
9.186105728149414062e+00
9.185331344604492188e+00
9.186337471008300781e+00
9.185340881347656250e+00
9.186439514160156250e+00
9.185521125793457031e+00
9.186298370361328125e+00
9.185934066772460938e+00
9.185980796813964844e+00
9.186466217041015625e+00
9.185661315917968750e+00
9.186940193176269531e+00
9.185478210449218750e+00
9.187218666076660156e+00
9.185537338256835938e+00
9.187201499938964844e+00
9.185887336730957031e+00
9.186949729919433594e+00
9.186385154724121094e+00
9.186668395996093750e+00
9.186792373657226562e+00
9.186555862426757812e+00
9.186964035034179688e+00
9.186684608459472656e+00
9.186906814575195312e+00
9.187009811401367188e+00
9.186733245849609375e+00
9.187358856201171875e+00
9.186635971069335938e+00
9.187557220458984375e+00
9.186731338500976562e+00
9.187545776367187500e+00
9.187009811401367188e+00
9.187404632568359375e+00
9.187368392944335938e+00
9.187252044677734375e+00
9.187667846679687500e+00
9.187208175659179688e+00
9.187818527221679688e+00
9.187316894531250000e+00
9.187829971313476562e+00
9.187529563903808594e+00
9.187784194946289062e+00
9.187755584716796875e+00
9.187767982482910156e+00
9.187916755676269531e+00
9.187834739685058594e+00
9.187981605529785156e+00
9.187999725341796875e+00
9.187971115112304688e+00
9.188213348388671875e+00
9.187936782836914062e+00
9.188426971435546875e+00
9.187926292419433594e+00
9.188604354858398438e+00
9.187954902648925781e+00
9.188740730285644531e+00
9.188019752502441406e+00
9.188852310180664062e+00
9.188093185424804688e+00
9.188972473144531250e+00
9.188149452209472656e+00
9.189115524291992188e+00
9.188179016113281250e+00
9.189278602600097656e+00
9.188211441040039062e+00
9.189422607421875000e+00
9.188287734985351562e+00
9.189491271972656250e+00
9.188467025756835938e+00
9.189438819885253906e+00
9.188751220703125000e+00
9.189299583435058594e+00
9.189085006713867188e+00
9.189147949218750000e+00
9.189386367797851562e+00
9.189062118530273438e+00
9.189605712890625000e+00
9.189083099365234375e+00
9.189723968505859375e+00
9.189208984375000000e+00
9.189752578735351562e+00
9.189401626586914062e+00
9.189731597900390625e+00
9.189613342285156250e+00
9.189704895019531250e+00
9.189805984497070312e+00
9.189706802368164062e+00
9.189953804016113281e+00
9.189756393432617188e+00
9.190059661865234375e+00
9.189846992492675781e+00
9.190135002136230469e+00
9.189966201782226562e+00
9.190190315246582031e+00
9.190093994140625000e+00
9.190238952636718750e+00
9.190221786499023438e+00
9.190292358398437500e+00
9.190343856811523438e+00
9.190354347229003906e+00
9.190452575683593750e+00
9.190425872802734375e+00
9.190555572509765625e+00
9.190506935119628906e+00
9.190649032592773438e+00
9.190593719482421875e+00
9.190736770629882812e+00
9.190683364868164062e+00
9.190822601318359375e+00
9.190780639648437500e+00
9.190902709960937500e+00
9.190876007080078125e+00
9.190982818603515625e+00
9.190971374511718750e+00
9.191061973571777344e+00
9.191067695617675781e+00
9.191141128540039062e+00
9.191164016723632812e+00
9.191224098205566406e+00
9.191258430480957031e+00
9.191305160522460938e+00
9.191354751586914062e+00
9.191387176513671875e+00
9.191452026367187500e+00
9.191469192504882812e+00
9.191547393798828125e+00
9.191549301147460938e+00
9.191639900207519531e+00
9.191631317138671875e+00
9.191734313964843750e+00
9.191712379455566406e+00
9.191830635070800781e+00
9.191795349121093750e+00
9.191926002502441406e+00
9.191875457763671875e+00
9.192022323608398438e+00
9.191954612731933594e+00
9.192121505737304688e+00
9.192032814025878906e+00
9.192222595214843750e+00
9.192102432250976562e+00
9.192332267761230469e+00
9.192169189453125000e+00
9.192447662353515625e+00
9.192224502563476562e+00
9.192575454711914062e+00
9.192268371582031250e+00
9.192715644836425781e+00
9.192298889160156250e+00
9.192874908447265625e+00
9.192312240600585938e+00
9.193048477172851562e+00
9.192317962646484375e+00
9.193223953247070312e+00
9.192335128784179688e+00
9.193372726440429688e+00
9.192411422729492188e+00
9.193433761596679688e+00
9.192600250244140625e+00
9.193367004394531250e+00
9.192898750305175781e+00
9.193203926086425781e+00
9.193239212036132812e+00
9.193039894104003906e+00
9.193532943725585938e+00
9.192966461181640625e+00
9.193716049194335938e+00
9.193033218383789062e+00
9.193769454956054688e+00
9.193231582641601562e+00
9.193714141845703125e+00
9.193510055541992188e+00
9.193611145019531250e+00
9.193782806396484375e+00
9.193532943725585938e+00
9.193990707397460938e+00
9.193535804748535156e+00
9.194102287292480469e+00
9.193638801574707031e+00
9.194128036499023438e+00
9.193816184997558594e+00
9.194104194641113281e+00
9.194020271301269531e+00
9.194071769714355469e+00
9.194210052490234375e+00
9.194071769714355469e+00
9.194351196289062500e+00
9.194124221801757812e+00
9.194440841674804688e+00
9.194229125976562500e+00
9.194488525390625000e+00
9.194366455078125000e+00
9.194512367248535156e+00
9.194514274597167969e+00
9.194538116455078125e+00
9.194652557373046875e+00
9.194577217102050781e+00
9.194769859313964844e+00
9.194638252258300781e+00
9.194860458374023438e+00
9.194721221923828125e+00
9.194932937622070312e+00
9.194822311401367188e+00
9.194995880126953125e+00
9.194929122924804688e+00
9.195058822631835938e+00
9.195036888122558594e+00
9.195121765136718750e+00
9.195131301879882812e+00
9.195195198059082031e+00
9.195216178894042969e+00
9.195283889770507812e+00
9.195289611816406250e+00
9.195384979248046875e+00
9.195349693298339844e+00
9.195501327514648438e+00
9.195393562316894531e+00
9.195631027221679688e+00
9.195422172546386719e+00
9.195781707763671875e+00
9.195427894592285156e+00
9.195960044860839844e+00
9.195402145385742188e+00
9.196178436279296875e+00
9.195327758789062500e+00
9.196456909179687500e+00
9.195189476013183594e+00
9.196819305419921875e+00
9.194969177246093750e+00
9.197265625000000000e+00
9.194710731506347656e+00
9.197702407836914062e+00
9.194574356079101562e+00
9.197848320007324219e+00
9.194858551025390625e+00
9.197395324707031250e+00
9.195702552795410156e+00
9.196500778198242188e+00
9.196750640869140625e+00
9.195774078369140625e+00
9.197404861450195312e+00
9.195629119873046875e+00
9.197380065917968750e+00
9.196101188659667969e+00
9.196818351745605469e+00
9.196910858154296875e+00
9.196206092834472656e+00
9.197534561157226562e+00
9.196035385131835938e+00
9.197590827941894531e+00
9.196416854858398438e+00
9.197187423706054688e+00
9.197062492370605469e+00
9.196723937988281250e+00
9.197587966918945312e+00
9.196541786193847656e+00
9.197730064392089844e+00
9.196756362915039062e+00
9.197514533996582031e+00
9.197217941284179688e+00
9.197204589843750000e+00
9.197624206542968750e+00
9.197077751159667969e+00
9.197776794433593750e+00
9.197217941284179688e+00
9.197698593139648438e+00
9.197521209716796875e+00
9.197533607482910156e+00
9.197824478149414062e+00
9.197454452514648438e+00
9.197980880737304688e+00
9.197538375854492188e+00
9.197978019714355469e+00
9.197745323181152344e+00
9.197912216186523438e+00
9.197963714599609375e+00
9.197894096374511719e+00
9.198091506958007812e+00
9.197978973388671875e+00
9.198114395141601562e+00
9.198156356811523438e+00
9.198064804077148438e+00
9.198376655578613281e+00
9.198015213012695312e+00
9.198566436767578125e+00
9.198015213012695312e+00
9.198698043823242188e+00
9.198070526123046875e+00
9.198788642883300781e+00
9.198146820068359375e+00
9.198883056640625000e+00
9.198205947875976562e+00
9.199020385742187500e+00
9.198215484619140625e+00
9.199215888977050781e+00
9.198181152343750000e+00
9.199429512023925781e+00
9.198165893554687500e+00
9.199563980102539062e+00
9.198272705078125000e+00
9.199514389038085938e+00
9.198559761047363281e+00
9.199283599853515625e+00
9.198977470397949219e+00
9.199003219604492188e+00
9.199373245239257812e+00
9.198833465576171875e+00
9.199625015258789062e+00
9.198839187622070312e+00
9.199691772460937500e+00
9.199020385742187500e+00
9.199600219726562500e+00
9.199317932128906250e+00
9.199438095092773438e+00
9.199626922607421875e+00
9.199326515197753906e+00
9.199840545654296875e+00
9.199337005615234375e+00
9.199928283691406250e+00
9.199459075927734375e+00
9.199916839599609375e+00
9.199653625488281250e+00
9.199855804443359375e+00
9.199870109558105469e+00
9.199810028076171875e+00
9.200038909912109375e+00
9.199831008911132812e+00
9.200134277343750000e+00
9.199923515319824219e+00
9.200166702270507812e+00
9.200068473815917969e+00
9.200159072875976562e+00
9.200242042541503906e+00
9.200129508972167969e+00
9.200424194335937500e+00
9.200112342834472656e+00
9.200584411621093750e+00
9.200113296508789062e+00
9.200736045837402344e+00
9.200117111206054688e+00
9.200891494750976562e+00
9.200105667114257812e+00
9.201073646545410156e+00
9.200054168701171875e+00
9.201309204101562500e+00
9.199939727783203125e+00
9.201617240905761719e+00
9.199781417846679688e+00
9.201930999755859375e+00
9.199706077575683594e+00
9.202050209045410156e+00
9.199956893920898438e+00
9.201737403869628906e+00
9.200637817382812500e+00
9.201086997985839844e+00
9.201424598693847656e+00
9.200544357299804688e+00
9.201890945434570312e+00
9.200459480285644531e+00
9.201848983764648438e+00
9.200906753540039062e+00
9.201405525207519531e+00
9.201581001281738281e+00
9.200984001159667969e+00
9.202018737792968750e+00
9.200923919677734375e+00
9.202016830444335938e+00
9.201276779174804688e+00
9.201671600341796875e+00
9.201816558837890625e+00
9.201322555541992188e+00
9.202180862426757812e+00
9.201274871826171875e+00
9.202188491821289062e+00
9.201570510864257812e+00
9.201927185058593750e+00
9.202013969421386719e+00
9.201661109924316406e+00
9.202331542968750000e+00
9.201616287231445312e+00
9.202385902404785156e+00
9.201833724975585938e+00
9.202217102050781250e+00
9.202194213867187500e+00
9.202014923095703125e+00
9.202478408813476562e+00
9.201960563659667969e+00
9.202578544616699219e+00
9.202098846435546875e+00
9.202503204345703125e+00
9.202363967895507812e+00
9.202367782592773438e+00
9.202611923217773438e+00
9.202302932739257812e+00
9.202751159667968750e+00
9.202375411987304688e+00
9.202760696411132812e+00
9.202554702758789062e+00
9.202700614929199219e+00
9.202760696411132812e+00
9.202651977539062500e+00
9.202915191650390625e+00
9.202675819396972656e+00
9.202985763549804688e+00
9.202782630920410156e+00
9.202989578247070312e+00
9.202934265136718750e+00
9.202974319458007812e+00
9.203081130981445312e+00
9.202984809875488281e+00
9.203186988830566406e+00
9.203044891357421875e+00
9.203243255615234375e+00
9.203147888183593750e+00
9.203269004821777344e+00
9.203271865844726562e+00
9.203289031982421875e+00
9.203386306762695312e+00
9.203327178955078125e+00
9.203475952148437500e+00
9.203393936157226562e+00
9.203538894653320312e+00
9.203487396240234375e+00
9.203581809997558594e+00
9.203588485717773438e+00
9.203620910644531250e+00
9.203687667846679688e+00
9.203666687011718750e+00
9.203775405883789062e+00
9.203731536865234375e+00
9.203844070434570312e+00
9.203807830810546875e+00
9.203903198242187500e+00
9.203895568847656250e+00
9.203954696655273438e+00
9.203985214233398438e+00
9.204008102416992188e+00
9.204072952270507812e+00
9.204065322875976562e+00
9.204151153564453125e+00
9.204133033752441406e+00
9.204221725463867188e+00
9.204208374023437500e+00
9.204285621643066406e+00
9.204285621643066406e+00
9.204347610473632812e+00
9.204366683959960938e+00
9.204408645629882812e+00
9.204446792602539062e+00
9.204471588134765625e+00
9.204524040222167969e+00
9.204537391662597656e+00
9.204594612121582031e+00
9.204608917236328125e+00
9.204664230346679688e+00
9.204679489135742188e+00
9.204730033874511719e+00
9.204755783081054688e+00
9.204793930053710938e+00
9.204829216003417969e+00
9.204858779907226562e+00
9.204908370971679688e+00
9.204923629760742188e+00
9.204984664916992188e+00
9.204988479614257812e+00
9.205059051513671875e+00
9.205055236816406250e+00
9.205133438110351562e+00
9.205117225646972656e+00
9.205209732055664062e+00
9.205179214477539062e+00
9.205289840698242188e+00
9.205240249633789062e+00
9.205371856689453125e+00
9.205293655395507812e+00
9.205462455749511719e+00
9.205337524414062500e+00
9.205562591552734375e+00
9.205370903015136719e+00
9.205680847167968750e+00
9.205381393432617188e+00
9.205823898315429688e+00
9.205361366271972656e+00
9.206008911132812500e+00
9.205289840698242188e+00
9.206248283386230469e+00
9.205164909362792969e+00
9.206537246704101562e+00
9.205017089843750000e+00
9.206798553466796875e+00
9.204988479614257812e+00
9.206811904907226562e+00
9.205331802368164062e+00
9.206370353698730469e+00
9.206104278564453125e+00
9.205633163452148438e+00
9.206984519958496094e+00
9.205023765563964844e+00
9.207551002502441406e+00
9.204877853393554688e+00
9.207553863525390625e+00
9.205303192138671875e+00
9.207096099853515625e+00
9.206002235412597656e+00
9.206609725952148438e+00
9.206478118896484375e+00
9.206468582153320312e+00
9.206557273864746094e+00
9.206582069396972656e+00
9.206626892089843750e+00
9.206488609313964844e+00
9.207062721252441406e+00
9.206054687500000000e+00
9.207656860351562500e+00
9.205722808837890625e+00
9.207875251770019531e+00
9.205946922302246094e+00
9.207487106323242188e+00
9.206635475158691406e+00
9.206920623779296875e+00
9.207195281982421875e+00
9.206724166870117188e+00
9.207283020019531250e+00
9.206960678100585938e+00
9.207077980041503906e+00
9.207302093505859375e+00
9.206945419311523438e+00
9.207459449768066406e+00
9.207024574279785156e+00
9.207458496093750000e+00
9.207149505615234375e+00
9.207505226135253906e+00
9.207176208496093750e+00
9.207630157470703125e+00
9.207189559936523438e+00
9.207680702209472656e+00
9.207361221313476562e+00
9.207553863525390625e+00
9.207674026489257812e+00
9.207371711730957031e+00
9.207941055297851562e+00
9.207321166992187500e+00
9.208030700683593750e+00
9.207451820373535156e+00
9.207990646362304688e+00
9.207631111145019531e+00
9.207998275756835938e+00
9.207682609558105469e+00
9.208175659179687500e+00
9.207576751708984375e+00
9.208445549011230469e+00
9.207460403442382812e+00
9.208621025085449219e+00
9.207501411437988281e+00
9.208612442016601562e+00
9.207704544067382812e+00
9.208492279052734375e+00
9.207960128784179688e+00
9.208377838134765625e+00
9.208189010620117188e+00
9.208299636840820312e+00
9.208396911621093750e+00
9.208242416381835938e+00
9.208585739135742188e+00
9.208219528198242188e+00
9.208709716796875000e+00
9.208280563354492188e+00
9.208724975585937500e+00
9.208438873291015625e+00
9.208665847778320312e+00
9.208625793457031250e+00
9.208622932434082031e+00
9.208758354187011719e+00
9.208662033081054688e+00
9.208798408508300781e+00
9.208780288696289062e+00
9.208786010742187500e+00
9.208920478820800781e+00
9.208785057067871094e+00
9.209030151367187500e+00
9.208827972412109375e+00
9.209094047546386719e+00
9.208913803100585938e+00
9.209123611450195312e+00
9.209016799926757812e+00
9.209136962890625000e+00
9.209133148193359375e+00
9.209140777587890625e+00
9.209248542785644531e+00
9.209155082702636719e+00
9.209350585937500000e+00
9.209185600280761719e+00
9.209430694580078125e+00
9.209245681762695312e+00
9.209480285644531250e+00
9.209323883056640625e+00
9.209520339965820312e+00
9.209406852722167969e+00
9.209563255310058594e+00
9.209476470947265625e+00
9.209628105163574219e+00
9.209525108337402344e+00
9.209708213806152344e+00
9.209564208984375000e+00
9.209800720214843750e+00
9.209589004516601562e+00
9.209901809692382812e+00
9.209606170654296875e+00
9.210014343261718750e+00
9.209604263305664062e+00
9.210152626037597656e+00
9.209579467773437500e+00
9.210317611694335938e+00
9.209522247314453125e+00
9.210519790649414062e+00
9.209426879882812500e+00
9.210769653320312500e+00
9.209280014038085938e+00
9.211076736450195312e+00
9.209080696105957031e+00
9.211426734924316406e+00
9.208869934082031250e+00
9.211749076843261719e+00
9.208759307861328125e+00
9.211870193481445312e+00
9.208925247192382812e+00
9.211624145507812500e+00
9.209461212158203125e+00
9.211042404174804688e+00
9.210219383239746094e+00
9.210400581359863281e+00
9.210909843444824219e+00
9.209960937500000000e+00
9.211315155029296875e+00
9.209852218627929688e+00
9.211359024047851562e+00
9.210083007812500000e+00
9.211118698120117188e+00
9.210523605346679688e+00
9.210791587829589844e+00
9.210960388183593750e+00
9.210562705993652344e+00
9.211233139038085938e+00
9.210521697998046875e+00
9.211290359497070312e+00
9.210674285888671875e+00
9.211178779602050781e+00
9.210944175720214844e+00
9.211021423339843750e+00
9.211205482482910156e+00
9.210925102233886719e+00
9.211373329162597656e+00
9.210940361022949219e+00
9.211425781250000000e+00
9.211055755615234375e+00
9.211393356323242188e+00
9.211232185363769531e+00
9.211332321166992188e+00
9.211402893066406250e+00
9.211302757263183594e+00
9.211524963378906250e+00
9.211324691772460938e+00
9.211593627929687500e+00
9.211395263671875000e+00
9.211622238159179688e+00
9.211496353149414062e+00
9.211634635925292969e+00
9.211603164672851562e+00
9.211656570434570312e+00
9.211688995361328125e+00
9.211704254150390625e+00
9.211744308471679688e+00
9.211776733398437500e+00
9.211781501770019531e+00
9.211871147155761719e+00
9.211797714233398438e+00
9.211977958679199219e+00
9.211811065673828125e+00
9.212081909179687500e+00
9.211829185485839844e+00
9.212179183959960938e+00
9.211854934692382812e+00
9.212270736694335938e+00
9.211884498596191406e+00
9.212362289428710938e+00
9.211911201477050781e+00
9.212459564208984375e+00
9.211923599243164062e+00
9.212578773498535156e+00
9.211912155151367188e+00
9.212727546691894531e+00
9.211877822875976562e+00
9.212900161743164062e+00
9.211836814880371094e+00
9.213064193725585938e+00
9.211833000183105469e+00
9.213151931762695312e+00
9.211938858032226562e+00
9.213092803955078125e+00
9.212190628051757812e+00
9.212901115417480469e+00
9.212532997131347656e+00
9.212667465209960938e+00
9.212860107421875000e+00
9.212498664855957031e+00
9.213096618652343750e+00
9.212450027465820312e+00
9.213205337524414062e+00
9.212547302246093750e+00
9.213179588317871094e+00
9.212754249572753906e+00
9.213072776794433594e+00
9.213000297546386719e+00
9.212953567504882812e+00
9.213207244873046875e+00
9.212891578674316406e+00
9.213334083557128906e+00
9.212920188903808594e+00
9.213369369506835938e+00
9.213037490844726562e+00
9.213342666625976562e+00
9.213198661804199219e+00
9.213291168212890625e+00
9.213357925415039062e+00
9.213260650634765625e+00
9.213476181030273438e+00
9.213277816772460938e+00
9.213550567626953125e+00
9.213341712951660156e+00
9.213582038879394531e+00
9.213438034057617188e+00
9.213592529296875000e+00
9.213543891906738281e+00
9.213599205017089844e+00
9.213644027709960938e+00
9.213616371154785156e+00
9.213732719421386719e+00
9.213647842407226562e+00
9.213804244995117188e+00
9.213699340820312500e+00
9.213855743408203125e+00
9.213759422302246094e+00
9.213897705078125000e+00
9.213835716247558594e+00
9.213929176330566406e+00
9.213916778564453125e+00
9.213958740234375000e+00
9.214001655578613281e+00
9.213989257812500000e+00
9.214077949523925781e+00
9.214029312133789062e+00
9.214143753051757812e+00
9.214074134826660156e+00
9.214200973510742188e+00
9.214132308959960938e+00
9.214254379272460938e+00
9.214195251464843750e+00
9.214303016662597656e+00
9.214260101318359375e+00
9.214349746704101562e+00
9.214323043823242188e+00
9.214398384094238281e+00
9.214385986328125000e+00
9.214448928833007812e+00
9.214447021484375000e+00
9.214500427246093750e+00
9.214508056640625000e+00
9.214553833007812500e+00
9.214566230773925781e+00
9.214610099792480469e+00
9.214620590209960938e+00
9.214668273925781250e+00
9.214673995971679688e+00
9.214731216430664062e+00
9.214721679687500000e+00
9.214799880981445312e+00
9.214763641357421875e+00
9.214874267578125000e+00
9.214795112609863281e+00
9.214958190917968750e+00
9.214815139770507812e+00
9.215063095092773438e+00
9.214811325073242188e+00
9.215194702148437500e+00
9.214775085449218750e+00
9.215370178222656250e+00
9.214685440063476562e+00
9.215616226196289062e+00
9.214518547058105469e+00
9.215967178344726562e+00
9.214245796203613281e+00
9.216445922851562500e+00
9.213890075683593750e+00
9.216976165771484375e+00
9.213605880737304688e+00
9.217221260070800781e+00
9.213788986206054688e+00
9.216742515563964844e+00
9.214660644531250000e+00
9.215751647949218750e+00
9.215735435485839844e+00
9.215010643005371094e+00
9.216277122497558594e+00
9.214960098266601562e+00
9.216051101684570312e+00
9.215541839599609375e+00
9.215420722961425781e+00
9.216262817382812500e+00
9.215010643005371094e+00
9.216528892517089844e+00
9.215210914611816406e+00
9.216124534606933594e+00
9.215909957885742188e+00
9.215499877929687500e+00
9.216512680053710938e+00
9.215250015258789062e+00
9.216608047485351562e+00
9.215512275695800781e+00
9.216271400451660156e+00
9.216022491455078125e+00
9.215894699096679688e+00
9.216382980346679688e+00
9.215823173522949219e+00
9.216365814208984375e+00
9.216094970703125000e+00
9.216112136840820312e+00
9.216440200805664062e+00
9.215954780578613281e+00
9.216573715209960938e+00
9.216062545776367188e+00
9.216461181640625000e+00
9.216341018676757812e+00
9.216276168823242188e+00
9.216594696044921875e+00
9.216202735900878906e+00
9.216686248779296875e+00
9.216306686401367188e+00
9.216613769531250000e+00
9.216508865356445312e+00
9.216519355773925781e+00
9.216661453247070312e+00
9.216524124145507812e+00
9.216699600219726562e+00
9.216637611389160156e+00
9.216657638549804688e+00
9.216791152954101562e+00
9.216616630554199219e+00
9.216911315917968750e+00
9.216630935668945312e+00
9.216969490051269531e+00
9.216707229614257812e+00
9.216978073120117188e+00
9.216803550720214844e+00
9.216996192932128906e+00
9.216862678527832031e+00
9.217061996459960938e+00
9.216874122619628906e+00
9.217174530029296875e+00
9.216846466064453125e+00
9.217319488525390625e+00
9.216792106628417969e+00
9.217483520507812500e+00
9.216723442077636719e+00
9.217666625976562500e+00
9.216635704040527344e+00
9.217879295349121094e+00
9.216505050659179688e+00
9.218151092529296875e+00
9.216314315795898438e+00
9.218481063842773438e+00
9.216081619262695312e+00
9.218818664550781250e+00
9.215903282165527344e+00
9.219012260437011719e+00
9.215951919555664062e+00
9.218864440917968750e+00
9.216392517089843750e+00
9.218332290649414062e+00
9.217142105102539062e+00
9.217664718627929688e+00
9.217885017395019531e+00
9.217193603515625000e+00
9.218271255493164062e+00
9.217185020446777344e+00
9.218082427978515625e+00
9.217683792114257812e+00
9.217511177062988281e+00
9.218357086181640625e+00
9.217112541198730469e+00
9.218643188476562500e+00
9.217285156250000000e+00
9.218305587768554688e+00
9.217923164367675781e+00
9.217683792114257812e+00
9.218591690063476562e+00
9.217273712158203125e+00
9.218876838684082031e+00
9.217374801635742188e+00
9.218616485595703125e+00
9.217924118041992188e+00
9.218095779418945312e+00
9.218506813049316406e+00
9.217750549316406250e+00
9.218770980834960938e+00
9.217769622802734375e+00
9.218669891357421875e+00
9.218076705932617188e+00
9.218397140502929688e+00
9.218432426452636719e+00
9.218209266662597656e+00
9.218614578247070312e+00
9.218235969543457031e+00
9.218587875366210938e+00
9.218411445617675781e+00
9.218488693237304688e+00
9.218584060668945312e+00
9.218456268310546875e+00
9.218652725219726562e+00
9.218542098999023438e+00
9.218618392944335938e+00
9.218699455261230469e+00
9.218557357788085938e+00
9.218839645385742188e+00
9.218553543090820312e+00
9.218889236450195312e+00
9.218648910522460938e+00
9.218853950500488281e+00
9.218796730041503906e+00
9.218793869018554688e+00
9.218940734863281250e+00
9.218766212463378906e+00
9.219031333923339844e+00
9.218797683715820312e+00
9.219060897827148438e+00
9.218886375427246094e+00
9.219051361083984375e+00
9.218990325927734375e+00
9.219047546386718750e+00
9.219074249267578125e+00
9.219075202941894531e+00
9.219131469726562500e+00
9.219129562377929688e+00
9.219159126281738281e+00
9.219205856323242188e+00
9.219177246093750000e+00
9.219276428222656250e+00
9.219207763671875000e+00
9.219329833984375000e+00
9.219261169433593750e+00
9.219364166259765625e+00
9.219328880310058594e+00
9.219389915466308594e+00
9.219400405883789062e+00
9.219413757324218750e+00
9.219466209411621094e+00
9.219446182250976562e+00
9.219520568847656250e+00
9.219497680664062500e+00
9.219564437866210938e+00
9.219554901123046875e+00
9.219602584838867188e+00
9.219614028930664062e+00
9.219636917114257812e+00
9.219669342041015625e+00
9.219677925109863281e+00
9.219717979431152344e+00
9.219729423522949219e+00
9.219760894775390625e+00
9.219786643981933594e+00
9.219795227050781250e+00
9.219846725463867188e+00
9.219829559326171875e+00
9.219907760620117188e+00
9.219861984252929688e+00
9.219968795776367188e+00
9.219896316528320312e+00
9.220033645629882812e+00
9.219926834106445312e+00
9.220102310180664062e+00
9.219947814941406250e+00
9.220182418823242188e+00
9.219950675964355469e+00
9.220285415649414062e+00
9.219928741455078125e+00
9.220420837402343750e+00
9.219863891601562500e+00
9.220614433288574219e+00
9.219733238220214844e+00
9.220883369445800781e+00
9.219519615173339844e+00
9.221241950988769531e+00
9.219245910644531250e+00
9.221619606018066406e+00
9.219075202941894531e+00
9.221746444702148438e+00
9.219348907470703125e+00
9.221279144287109375e+00
9.220192909240722656e+00
9.220409393310546875e+00
9.221078872680664062e+00
9.219804763793945312e+00
9.221443176269531250e+00
9.219873428344726562e+00
9.221126556396484375e+00
9.220552444458007812e+00
9.220481872558593750e+00
9.221233367919921875e+00
9.220161437988281250e+00
9.221392631530761719e+00
9.220413208007812500e+00
9.221022605895996094e+00
9.220993041992187500e+00
9.220560073852539062e+00
9.221386909484863281e+00
9.220474243164062500e+00
9.221326828002929688e+00
9.220816612243652344e+00
9.220960617065429688e+00
9.221271514892578125e+00
9.220694541931152344e+00
9.221456527709960938e+00
9.220784187316894531e+00
9.221294403076171875e+00
9.221135139465332031e+00
9.221011161804199219e+00
9.221448898315429688e+00
9.220901489257812500e+00
9.221504211425781250e+00
9.221066474914550781e+00
9.221332550048828125e+00
9.221365928649902344e+00
9.221141815185546875e+00
9.221571922302246094e+00
9.221126556396484375e+00
9.221565246582031250e+00
9.221299171447753906e+00
9.221422195434570312e+00
9.221530914306640625e+00
9.221306800842285156e+00
9.221667289733886719e+00
9.221332550048828125e+00
9.221651077270507812e+00
9.221487998962402344e+00
9.221551895141601562e+00
9.221668243408203125e+00
9.221483230590820312e+00
9.221767425537109375e+00
9.221524238586425781e+00
9.221761703491210938e+00
9.221652030944824219e+00
9.221700668334960938e+00
9.221791267395019531e+00
9.221663475036621094e+00
9.221874237060546875e+00
9.221700668334960938e+00
9.221885681152343750e+00
9.221805572509765625e+00
9.221857070922851562e+00
9.221920013427734375e+00
9.221841812133789062e+00
9.221999168395996094e+00
9.221872329711914062e+00
9.222024917602539062e+00
9.221954345703125000e+00
9.222019195556640625e+00
9.222049713134765625e+00
9.222017288208007812e+00
9.222126960754394531e+00
9.222042083740234375e+00
9.222167968750000000e+00
9.222103118896484375e+00
9.222181320190429688e+00
9.222180366516113281e+00
9.222190856933593750e+00
9.222256660461425781e+00
9.222209930419921875e+00
9.222311973571777344e+00
9.222257614135742188e+00
9.222343444824218750e+00
9.222317695617675781e+00
9.222362518310546875e+00
9.222387313842773438e+00
9.222381591796875000e+00
9.222448348999023438e+00
9.222413063049316406e+00
9.222494125366210938e+00
9.222460746765136719e+00
9.222528457641601562e+00
9.222518920898437500e+00
9.222552299499511719e+00
9.222578048706054688e+00
9.222579002380371094e+00
9.222633361816406250e+00
9.222613334655761719e+00
9.222680091857910156e+00
9.222658157348632812e+00
9.222717285156250000e+00
9.222707748413085938e+00
9.222750663757324219e+00
9.222763061523437500e+00
9.222783088684082031e+00
9.222814559936523438e+00
9.222820281982421875e+00
9.222860336303710938e+00
9.222859382629394531e+00
9.222904205322265625e+00
9.222903251647949219e+00
9.222945213317871094e+00
9.222949981689453125e+00
9.222983360290527344e+00
9.222999572753906250e+00
9.223020553588867188e+00
9.223047256469726562e+00
9.223059654235839844e+00
9.223091125488281250e+00
9.223100662231445312e+00
9.223134994506835938e+00
9.223144531250000000e+00
9.223173141479492188e+00
9.223190307617187500e+00
9.223215103149414062e+00
9.223236083984375000e+00
9.223253250122070312e+00
9.223280906677246094e+00
9.223293304443359375e+00
9.223324775695800781e+00
9.223335266113281250e+00
9.223369598388671875e+00
9.223377227783203125e+00
9.223411560058593750e+00
9.223419189453125000e+00
9.223453521728515625e+00
9.223459243774414062e+00
9.223495483398437500e+00
9.223503112792968750e+00
9.223537445068359375e+00
9.223546981811523438e+00
9.223583221435546875e+00
9.223588943481445312e+00
9.223628044128417969e+00
9.223627090454101562e+00
9.223671913146972656e+00
9.223665237426757812e+00
9.223720550537109375e+00
9.223699569702148438e+00
9.223772048950195312e+00
9.223732948303222656e+00
9.223826408386230469e+00
9.223758697509765625e+00
9.223888397216796875e+00
9.223775863647460938e+00
9.223959922790527344e+00
9.223781585693359375e+00
9.224052429199218750e+00
9.223765373229980469e+00
9.224171638488769531e+00
9.223712921142578125e+00
9.224334716796875000e+00
9.223603248596191406e+00
9.224575042724609375e+00
9.223408699035644531e+00
9.224928855895996094e+00
9.223099708557128906e+00
9.225429534912109375e+00
9.222686767578125000e+00
9.226001739501953125e+00
9.222343444824218750e+00
9.226271629333496094e+00
9.222496986389160156e+00
9.225734710693359375e+00
9.223426818847656250e+00
9.224612236022949219e+00
9.224636077880859375e+00
9.223709106445312500e+00
9.225339889526367188e+00
9.223470687866210938e+00
9.225222587585449219e+00
9.223961830139160156e+00
9.224577903747558594e+00
9.224746704101562500e+00
9.224044799804687500e+00
9.225152969360351562e+00
9.224021911621093750e+00
9.224996566772460938e+00
9.224447250366210938e+00
9.224573135375976562e+00
9.224958419799804688e+00
9.224250793457031250e+00
9.225207328796386719e+00
9.224262237548828125e+00
9.225080490112304688e+00
9.224628448486328125e+00
9.224715232849121094e+00
9.225057601928710938e+00
9.224454879760742188e+00
9.225250244140625000e+00
9.224499702453613281e+00
9.225131034851074219e+00
9.224821090698242188e+00
9.224839210510253906e+00
9.225168228149414062e+00
9.224665641784667969e+00
9.225273132324218750e+00
9.224794387817382812e+00
9.225091934204101562e+00
9.225124359130859375e+00
9.224842071533203125e+00
9.225376129150390625e+00
9.224791526794433594e+00
9.225364685058593750e+00
9.225005149841308594e+00
9.225151062011718750e+00
9.225305557250976562e+00
9.224972724914550781e+00
9.225465774536132812e+00
9.225004196166992188e+00
9.225401878356933594e+00
9.225223541259765625e+00
9.225230216979980469e+00
9.225445747375488281e+00
9.225152969360351562e+00
9.225518226623535156e+00
9.225244522094726562e+00
9.225438117980957031e+00
9.225440025329589844e+00
9.225326538085937500e+00
9.225589752197265625e+00
9.225310325622558594e+00
9.225622177124023438e+00
9.225401878356933594e+00
9.225574493408203125e+00
9.225540161132812500e+00
9.225526809692382812e+00
9.225631713867187500e+00
9.225557327270507812e+00
9.225643157958984375e+00
9.225651741027832031e+00
9.225608825683593750e+00
9.225768089294433594e+00
9.225582122802734375e+00
9.225858688354492188e+00
9.225586891174316406e+00
9.225919723510742188e+00
9.225605964660644531e+00
9.225982666015625000e+00
9.225608825683593750e+00
9.226083755493164062e+00
9.225557327270507812e+00
9.226248741149902344e+00
9.225440025329589844e+00
9.226487159729003906e+00
9.225241661071777344e+00
9.226814270019531250e+00
9.224956512451171875e+00
9.227232933044433594e+00
9.224610328674316406e+00
9.227676391601562500e+00
9.224347114562988281e+00
9.227870941162109375e+00
9.224540710449218750e+00
9.227430343627929688e+00
9.225452423095703125e+00
9.226390838623046875e+00
9.226656913757324219e+00
9.225450515747070312e+00
9.227348327636718750e+00
9.225252151489257812e+00
9.227117538452148438e+00
9.225929260253906250e+00
9.226268768310546875e+00
9.226861953735351562e+00
9.225727081298828125e+00
9.227127075195312500e+00
9.225998878479003906e+00
9.226636886596679688e+00
9.226692199707031250e+00
9.226100921630859375e+00
9.227073669433593750e+00
9.226118087768554688e+00
9.226850509643554688e+00
9.226602554321289062e+00
9.226361274719238281e+00
9.227062225341796875e+00
9.226177215576171875e+00
9.227055549621582031e+00
9.226517677307128906e+00
9.226640701293945312e+00
9.226998329162597656e+00
9.226344108581542969e+00
9.227157592773437500e+00
9.226463317871093750e+00
9.226946830749511719e+00
9.226848602294921875e+00
9.226631164550781250e+00
9.227153778076171875e+00
9.226535797119140625e+00
9.227153778076171875e+00
9.226747512817382812e+00
9.226921081542968750e+00
9.227057456970214844e+00
9.226732254028320312e+00
9.227200508117675781e+00
9.226774215698242188e+00
9.227123260498046875e+00
9.226978302001953125e+00
9.226970672607421875e+00
9.227172851562500000e+00
9.226900100708007812e+00
9.227231025695800781e+00
9.226986885070800781e+00
9.227151870727539062e+00
9.227159500122070312e+00
9.227062225341796875e+00
9.227277755737304688e+00
9.227065086364746094e+00
9.227285385131835938e+00
9.227170944213867188e+00
9.227220535278320312e+00
9.227302551269531250e+00
9.227174758911132812e+00
9.227379798889160156e+00
9.227207183837890625e+00
9.227375984191894531e+00
9.227312088012695312e+00
9.227325439453125000e+00
9.227426528930664062e+00
9.227302551269531250e+00
9.227485656738281250e+00
9.227344512939453125e+00
9.227486610412597656e+00
9.227435111999511719e+00
9.227457046508789062e+00
9.227531433105468750e+00
9.227445602416992188e+00
9.227590560913085938e+00
9.227478027343750000e+00
9.227602005004882812e+00
9.227550506591796875e+00
9.227590560913085938e+00
9.227630615234375000e+00
9.227590560913085938e+00
9.227685928344726562e+00
9.227620124816894531e+00
9.227711677551269531e+00
9.227675437927246094e+00
9.227719306945800781e+00
9.227741241455078125e+00
9.227727890014648438e+00
9.227795600891113281e+00
9.227755546569824219e+00
9.227826118469238281e+00
9.227800369262695312e+00
9.227842330932617188e+00
9.227856636047363281e+00
9.227857589721679688e+00
9.227906227111816406e+00
9.227881431579589844e+00
9.227945327758789062e+00
9.227915763854980469e+00
9.227972030639648438e+00
9.227964401245117188e+00
9.227991104125976562e+00
9.228011131286621094e+00
9.228014945983886719e+00
9.228055953979492188e+00
9.228043556213378906e+00
9.228091239929199219e+00
9.228082656860351562e+00
9.228120803833007812e+00
9.228123664855957031e+00
9.228145599365234375e+00
9.228167533874511719e+00
9.228172302246093750e+00
9.228204727172851562e+00
9.228204727172851562e+00
9.228239059448242188e+00
9.228240013122558594e+00
9.228269577026367188e+00
9.228281021118164062e+00
9.228296279907226562e+00
9.228319168090820312e+00
9.228326797485351562e+00
9.228359222412109375e+00
9.228357315063476562e+00
9.228395462036132812e+00
9.228391647338867188e+00
9.228429794311523438e+00
9.228425025939941406e+00
9.228464126586914062e+00
9.228460311889648438e+00
9.228498458862304688e+00
9.228490829467773438e+00
9.228534698486328125e+00
9.228522300720214844e+00
9.228576660156250000e+00
9.228546142578125000e+00
9.228620529174804688e+00
9.228569030761718750e+00
9.228671073913574219e+00
9.228581428527832031e+00
9.228733062744140625e+00
9.228582382202148438e+00
9.228807449340820312e+00
9.228567123413085938e+00
9.228905677795410156e+00
9.228524208068847656e+00
9.229040145874023438e+00
9.228440284729003906e+00
9.229228973388671875e+00
9.228296279907226562e+00
9.229490280151367188e+00
9.228096008300781250e+00
9.229785919189453125e+00
9.227919578552246094e+00
9.229946136474609375e+00
9.227972030639648438e+00
9.229726791381835938e+00
9.228446960449218750e+00
9.229168891906738281e+00
9.229125976562500000e+00
9.228609085083007812e+00
9.229606628417968750e+00
9.228347778320312500e+00
9.229663848876953125e+00
9.228570938110351562e+00
9.229364395141601562e+00
9.229106903076171875e+00
9.228961944580078125e+00
9.229536056518554688e+00
9.228753089904785156e+00
9.229630470275878906e+00
9.228871345520019531e+00
9.229457855224609375e+00
9.229204177856445312e+00
9.229187011718750000e+00
9.229494094848632812e+00
9.229047775268554688e+00
9.229591369628906250e+00
9.229114532470703125e+00
9.229516983032226562e+00
9.229309082031250000e+00
9.229377746582031250e+00
9.229494094848632812e+00
9.229307174682617188e+00
9.229585647583007812e+00
9.229330062866210938e+00
9.229590415954589844e+00
9.229419708251953125e+00
9.229545593261718750e+00
9.229524612426757812e+00
9.229518890380859375e+00
9.229602813720703125e+00
9.229518890380859375e+00
9.229650497436523438e+00
9.229537963867187500e+00
9.229674339294433594e+00
9.229576110839843750e+00
9.229684829711914062e+00
9.229637145996093750e+00
9.229680061340332031e+00
9.229709625244140625e+00
9.229674339294433594e+00
9.229777336120605469e+00
9.229676246643066406e+00
9.229821205139160156e+00
9.229707717895507812e+00
9.229829788208007812e+00
9.229772567749023438e+00
9.229815483093261719e+00
9.229850769042968750e+00
9.229798316955566406e+00
9.229915618896484375e+00
9.229808807373046875e+00
9.229946136474609375e+00
9.229852676391601562e+00
9.229949951171875000e+00
9.229921340942382812e+00
9.229938507080078125e+00
9.229988098144531250e+00
9.229940414428710938e+00
9.230036735534667969e+00
9.229963302612304688e+00
9.230060577392578125e+00
9.230010986328125000e+00
9.230070114135742188e+00
9.230066299438476562e+00
9.230079650878906250e+00
9.230113983154296875e+00
9.230098724365234375e+00
9.230151176452636719e+00
9.230129241943359375e+00
9.230175971984863281e+00
9.230164527893066406e+00
9.230199813842773438e+00
9.230201721191406250e+00
9.230224609375000000e+00
9.230236053466796875e+00
9.230255126953125000e+00
9.230266571044921875e+00
9.230286598205566406e+00
9.230295181274414062e+00
9.230319023132324219e+00
9.230327606201171875e+00
9.230343818664550781e+00
9.230364799499511719e+00
9.230369567871093750e+00
9.230401039123535156e+00
9.230394363403320312e+00
9.230436325073242188e+00
9.230422019958496094e+00
9.230466842651367188e+00
9.230456352233886719e+00
9.230492591857910156e+00
9.230489730834960938e+00
9.230517387390136719e+00
9.230528831481933594e+00
9.230539321899414062e+00
9.230563163757324219e+00
9.230567932128906250e+00
9.230596542358398438e+00
9.230596542358398438e+00
9.230627059936523438e+00
9.230628013610839844e+00
9.230655670166015625e+00
9.230661392211914062e+00
9.230686187744140625e+00
9.230693817138671875e+00
9.230714797973632812e+00
9.230724334716796875e+00
9.230744361877441406e+00
9.230751991271972656e+00
9.230774879455566406e+00
9.230782508850097656e+00
9.230804443359375000e+00
9.230809211730957031e+00
9.230836868286132812e+00
9.230841636657714844e+00
9.230865478515625000e+00
9.230875015258789062e+00
9.230895996093750000e+00
9.230908393859863281e+00
9.230922698974609375e+00
9.230943679809570312e+00
9.230948448181152344e+00
9.230981826782226562e+00
9.230972290039062500e+00
9.231033325195312500e+00
9.230987548828125000e+00
9.231107711791992188e+00
9.230982780456542969e+00
9.231241226196289062e+00
9.230909347534179688e+00
9.231464385986328125e+00
9.230723381042480469e+00
9.231761932373046875e+00
9.230481147766113281e+00
9.232021331787109375e+00
9.230372428894042969e+00
9.232107162475585938e+00
9.230504989624023438e+00
9.231916427612304688e+00
9.230913162231445312e+00
9.231437683105468750e+00
9.231495857238769531e+00
9.230917930603027344e+00
9.232017517089843750e+00
9.230635643005371094e+00
9.232194900512695312e+00
9.230781555175781250e+00
9.231907844543457031e+00
9.231268882751464844e+00
9.231424331665039062e+00
9.231775283813476562e+00
9.231079101562500000e+00
9.232013702392578125e+00
9.231069564819335938e+00
9.231897354125976562e+00
9.231346130371093750e+00
9.231632232666015625e+00
9.231656074523925781e+00
9.231453895568847656e+00
9.231792449951171875e+00
9.231473922729492188e+00
9.231735229492187500e+00
9.231628417968750000e+00
9.231634140014648438e+00
9.231756210327148438e+00
9.231616973876953125e+00
9.231770515441894531e+00
9.231715202331542969e+00
9.231687545776367188e+00
9.231863021850585938e+00
9.231618881225585938e+00
9.231947898864746094e+00
9.231641769409179688e+00
9.231925964355468750e+00
9.231754302978515625e+00
9.231840133666992188e+00
9.231895446777343750e+00
9.231763839721679688e+00
9.231997489929199219e+00
9.231749534606933594e+00
9.232027053833007812e+00
9.231804847717285156e+00
9.232002258300781250e+00
9.231891632080078125e+00
9.231969833374023438e+00
9.231967926025390625e+00
9.231964111328125000e+00
9.232009887695312500e+00
9.231991767883300781e+00
9.232025146484375000e+00
9.232034683227539062e+00
9.232034683227539062e+00
9.232075691223144531e+00
9.232057571411132812e+00
9.232101440429687500e+00
9.232097625732421875e+00
9.232108116149902344e+00
9.232149124145507812e+00
9.232116699218750000e+00
9.232191085815429688e+00
9.232131958007812500e+00
9.232230186462402344e+00
9.232159614562988281e+00
9.232254981994628906e+00
9.232192993164062500e+00
9.232275009155273438e+00
9.232225418090820312e+00
9.232295989990234375e+00
9.232254981994628906e+00
9.232328414916992188e+00
9.232273101806640625e+00
9.232369422912597656e+00
9.232290267944335938e+00
9.232414245605468750e+00
9.232299804687500000e+00
9.232461929321289062e+00
9.232307434082031250e+00
9.232509613037109375e+00
9.232312202453613281e+00
9.232561111450195312e+00
9.232311248779296875e+00
9.232622146606445312e+00
9.232297897338867188e+00
9.232702255249023438e+00
9.232259750366210938e+00
9.232810974121093750e+00
9.232191085815429688e+00
9.232958793640136719e+00
9.232073783874511719e+00
9.233167648315429688e+00
9.231884956359863281e+00
9.233458518981933594e+00
9.231604576110839844e+00
9.233859062194824219e+00
9.231208801269531250e+00
9.234376907348632812e+00
9.230733871459960938e+00
9.234933853149414062e+00
9.230339050292968750e+00
9.235241889953613281e+00
9.230403900146484375e+00
9.234859466552734375e+00
9.231258392333984375e+00
9.233700752258300781e+00
9.232643127441406250e+00
9.232367515563964844e+00
9.233833312988281250e+00
9.231552124023437500e+00
9.234285354614257812e+00
9.231592178344726562e+00
9.233873367309570312e+00
9.232383728027343750e+00
9.232982635498046875e+00
9.233338356018066406e+00
9.232276916503906250e+00
9.233857154846191406e+00
9.232145309448242188e+00
9.233736038208007812e+00
9.232568740844726562e+00
9.233191490173339844e+00
9.233210563659667969e+00
9.232662200927734375e+00
9.233649253845214844e+00
9.232500076293945312e+00
9.233649253845214844e+00
9.232755661010742188e+00
9.233308792114257812e+00
9.233203887939453125e+00
9.232927322387695312e+00
9.233554840087890625e+00
9.232753753662109375e+00
9.233636856079101562e+00
9.232868194580078125e+00
9.233459472656250000e+00
9.233171463012695312e+00
9.233180999755859375e+00
9.233473777770996094e+00
9.232997894287109375e+00
9.233616828918457031e+00
9.233004570007324219e+00
9.233574867248535156e+00
9.233165740966796875e+00
9.233418464660644531e+00
9.233386039733886719e+00
9.233261108398437500e+00
9.233553886413574219e+00
9.233200073242187500e+00
9.233606338500976562e+00
9.233257293701171875e+00
9.233556747436523438e+00
9.233390808105468750e+00
9.233462333679199219e+00
9.233530044555664062e+00
9.233396530151367188e+00
9.233621597290039062e+00
9.233386993408203125e+00
9.233645439147949219e+00
9.233447074890136719e+00
9.233612060546875000e+00
9.233545303344726562e+00
9.233562469482421875e+00
9.233641624450683594e+00
9.233529090881347656e+00
9.233711242675781250e+00
9.233533859252929688e+00
9.233739852905273438e+00
9.233575820922851562e+00
9.233739852905273438e+00
9.233638763427734375e+00
9.233722686767578125e+00
9.233707427978515625e+00
9.233713150024414062e+00
9.233760833740234375e+00
9.233720779418945312e+00
9.233798980712890625e+00
9.233749389648437500e+00
9.233810424804687500e+00
9.233797073364257812e+00
9.233806610107421875e+00
9.233857154846191406e+00
9.233798980712890625e+00
9.233922958374023438e+00
9.233787536621093750e+00
9.233985900878906250e+00
9.233777999877929688e+00
9.234048843383789062e+00
9.233766555786132812e+00
9.234111785888671875e+00
9.233749389648437500e+00
9.234189987182617188e+00
9.233720779418945312e+00
9.234291076660156250e+00
9.233665466308593750e+00
9.234424591064453125e+00
9.233581542968750000e+00
9.234583854675292969e+00
9.233482360839843750e+00
9.234735488891601562e+00
9.233417510986328125e+00
9.234792709350585938e+00
9.233478546142578125e+00
9.234681129455566406e+00
9.233713150024414062e+00
9.234429359436035156e+00
9.234052658081054688e+00
9.234135627746582031e+00
9.234376907348632812e+00
9.233900070190429688e+00
9.234605789184570312e+00
9.233800888061523438e+00
9.234693527221679688e+00
9.233888626098632812e+00
9.234615325927734375e+00
9.234112739562988281e+00
9.234422683715820312e+00
9.234367370605468750e+00
9.234209060668945312e+00
9.234590530395507812e+00
9.234072685241699219e+00
9.234715461730957031e+00
9.234083175659179688e+00
9.234696388244628906e+00
9.234218597412109375e+00
9.234567642211914062e+00
9.234420776367187500e+00
9.234401702880859375e+00
9.234617233276367188e+00
9.234289169311523438e+00
9.234742164611816406e+00
9.234273910522460938e+00
9.234759330749511719e+00
9.234357833862304688e+00
9.234684944152832031e+00
9.234502792358398438e+00
9.234577178955078125e+00
9.234651565551757812e+00
9.234493255615234375e+00
9.234755516052246094e+00
9.234468460083007812e+00
9.234792709350585938e+00
9.234504699707031250e+00
9.234775543212890625e+00
9.234590530395507812e+00
9.234727859497070312e+00
9.234685897827148438e+00
9.234687805175781250e+00
9.234766006469726562e+00
9.234666824340820312e+00
9.234816551208496094e+00
9.234676361083984375e+00
9.234838485717773438e+00
9.234709739685058594e+00
9.234841346740722656e+00
9.234760284423828125e+00
9.234836578369140625e+00
9.234806060791015625e+00
9.234839439392089844e+00
9.234848022460937500e+00
9.234846115112304688e+00
9.234882354736328125e+00
9.234863281250000000e+00
9.234910964965820312e+00
9.234886169433593750e+00
9.234933853149414062e+00
9.234910011291503906e+00
9.234955787658691406e+00
9.234935760498046875e+00
9.234978675842285156e+00
9.234960556030273438e+00
9.235001564025878906e+00
9.234987258911132812e+00
9.235021591186523438e+00
9.235012054443359375e+00
9.235044479370117188e+00
9.235038757324218750e+00
9.235065460205078125e+00
9.235065460205078125e+00
9.235084533691406250e+00
9.235094070434570312e+00
9.235102653503417969e+00
9.235124588012695312e+00
9.235120773315429688e+00
9.235153198242187500e+00
9.235138893127441406e+00
9.235182762145996094e+00
9.235157012939453125e+00
9.235214233398437500e+00
9.235172271728515625e+00
9.235246658325195312e+00
9.235188484191894531e+00
9.235280990600585938e+00
9.235198974609375000e+00
9.235321998596191406e+00
9.235201835632324219e+00
9.235365867614746094e+00
9.235201835632324219e+00
9.235424041748046875e+00
9.235187530517578125e+00
9.235498428344726562e+00
9.235160827636718750e+00
9.235593795776367188e+00
9.235115051269531250e+00
9.235723495483398438e+00
9.235046386718750000e+00
9.235877990722656250e+00
9.234964370727539062e+00
9.236034393310546875e+00
9.234884262084960938e+00
9.236148834228515625e+00
9.234847068786621094e+00
9.236188888549804688e+00
9.234891891479492188e+00
9.236181259155273438e+00
9.234996795654296875e+00
9.236145019531250000e+00
9.235115051269531250e+00
9.236064910888671875e+00
9.235261917114257812e+00
9.235901832580566406e+00
9.235494613647460938e+00
9.235689163208007812e+00
9.235766410827636719e+00
9.235514640808105469e+00
9.235963821411132812e+00
9.235424041748046875e+00
9.236055374145507812e+00
9.235402107238769531e+00
9.236067771911621094e+00
9.235465049743652344e+00
9.236009597778320312e+00
9.235582351684570312e+00
9.235935211181640625e+00
9.235692977905273438e+00
9.235874176025390625e+00
9.235797882080078125e+00
9.235815048217773438e+00
9.235897064208984375e+00
9.235767364501953125e+00
9.235977172851562500e+00
9.235738754272460938e+00
9.236034393310546875e+00
9.235734939575195312e+00
9.236075401306152344e+00
9.235752105712890625e+00
9.236094474792480469e+00
9.235795974731445312e+00
9.236084938049316406e+00
9.235853195190429688e+00
9.236063957214355469e+00
9.235913276672363281e+00
9.236047744750976562e+00
9.235967636108398438e+00
9.236040115356445312e+00
9.236007690429687500e+00
9.236045837402343750e+00
9.236033439636230469e+00
9.236068725585937500e+00
9.236047744750976562e+00
9.236099243164062500e+00
9.236061096191406250e+00
9.236129760742187500e+00
9.236075401306152344e+00
9.236157417297363281e+00
9.236090660095214844e+00
9.236181259155273438e+00
9.236108779907226562e+00
9.236203193664550781e+00
9.236132621765136719e+00
9.236223220825195312e+00
9.236153602600097656e+00
9.236251831054687500e+00
9.236169815063476562e+00
9.236280441284179688e+00
9.236181259155273438e+00
9.236314773559570312e+00
9.236187934875488281e+00
9.236353874206542969e+00
9.236187934875488281e+00
9.236400604248046875e+00
9.236181259155273438e+00
9.236459732055664062e+00
9.236160278320312500e+00
9.236534118652343750e+00
9.236120223999023438e+00
9.236633300781250000e+00
9.236045837402343750e+00
9.236773490905761719e+00
9.235924720764160156e+00
9.236974716186523438e+00
9.235728263854980469e+00
9.237266540527343750e+00
9.235429763793945312e+00
9.237676620483398438e+00
9.235016822814941406e+00
9.238191604614257812e+00
9.234563827514648438e+00
9.238651275634765625e+00
9.234344482421875000e+00
9.238648414611816406e+00
9.234806060791015625e+00
9.237812995910644531e+00
9.236030578613281250e+00
9.236457824707031250e+00
9.237389564514160156e+00
9.235343933105468750e+00
9.238166809082031250e+00
9.235052108764648438e+00
9.237971305847167969e+00
9.235742568969726562e+00
9.237025260925292969e+00
9.236862182617187500e+00
9.236099243164062500e+00
9.237607002258300781e+00
9.235775947570800781e+00
9.237618446350097656e+00
9.236112594604492188e+00
9.237106323242187500e+00
9.236744880676269531e+00
9.236556053161621094e+00
9.237203598022460938e+00
9.236354827880859375e+00
9.237222671508789062e+00
9.236564636230468750e+00
9.236946105957031250e+00
9.236905097961425781e+00
9.236701965332031250e+00
9.237092971801757812e+00
9.236671447753906250e+00
9.237049102783203125e+00
9.236841201782226562e+00
9.236878395080566406e+00
9.237054824829101562e+00
9.236754417419433594e+00
9.237153053283691406e+00
9.236776351928710938e+00
9.237094879150390625e+00
9.236925125122070312e+00
9.236957550048828125e+00
9.237082481384277344e+00
9.236880302429199219e+00
9.237144470214843750e+00
9.236905097961425781e+00
9.237117767333984375e+00
9.237006187438964844e+00
9.237039566040039062e+00
9.237121582031250000e+00
9.236993789672851562e+00
9.237173080444335938e+00
9.237020492553710938e+00
9.237152099609375000e+00
9.237105369567871094e+00
9.237088203430175781e+00
9.237207412719726562e+00
9.237045288085937500e+00
9.237266540527343750e+00
9.237048149108886719e+00
9.237281799316406250e+00
9.237096786499023438e+00
9.237253189086914062e+00
9.237174987792968750e+00
9.237218856811523438e+00
9.237241744995117188e+00
9.237212181091308594e+00
9.237272262573242188e+00
9.237238883972167969e+00
9.237272262573242188e+00
9.237295150756835938e+00
9.237248420715332031e+00
9.237363815307617188e+00
9.237224578857421875e+00
9.237429618835449219e+00
9.237205505371093750e+00
9.237483978271484375e+00
9.237199783325195312e+00
9.237531661987304688e+00
9.237194061279296875e+00
9.237585067749023438e+00
9.237174987792968750e+00
9.237659454345703125e+00
9.237134933471679688e+00
9.237757682800292969e+00
9.237073898315429688e+00
9.237880706787109375e+00
9.237005233764648438e+00
9.237993240356445312e+00
9.236986160278320312e+00
9.238009452819824219e+00
9.237110137939453125e+00
9.237834930419921875e+00
9.237429618835449219e+00
9.237464904785156250e+00
9.237850189208984375e+00
9.237103462219238281e+00
9.238155364990234375e+00
9.236976623535156250e+00
9.238168716430664062e+00
9.237192153930664062e+00
9.237855911254882812e+00
9.237652778625488281e+00
9.237409591674804688e+00
9.238112449645996094e+00
9.237093925476074219e+00
9.238351821899414062e+00
9.237079620361328125e+00
9.238251686096191406e+00
9.237379074096679688e+00
9.237892150878906250e+00
9.237824440002441406e+00
9.237491607666015625e+00
9.238199234008789062e+00
9.237261772155761719e+00
9.238334655761718750e+00
9.237308502197265625e+00
9.238208770751953125e+00
9.237569808959960938e+00
9.237930297851562500e+00
9.237907409667968750e+00
9.237655639648437500e+00
9.238164901733398438e+00
9.237519264221191406e+00
9.238252639770507812e+00
9.237561225891113281e+00
9.238174438476562500e+00
9.237735748291015625e+00
9.238009452819824219e+00
9.237947463989257812e+00
9.237851142883300781e+00
9.238111495971679688e+00
9.237771034240722656e+00
9.238179206848144531e+00
9.237787246704101562e+00
9.238157272338867188e+00
9.237878799438476562e+00
9.238079071044921875e+00
9.237998962402343750e+00
9.238000869750976562e+00
9.238101959228515625e+00
9.237957000732421875e+00
9.238164901733398438e+00
9.237960815429687500e+00
9.238176345825195312e+00
9.238005638122558594e+00
9.238155364990234375e+00
9.238071441650390625e+00
9.238117218017578125e+00
9.238142013549804688e+00
9.238088607788085938e+00
9.238201141357421875e+00
9.238077163696289062e+00
9.238243103027343750e+00
9.238086700439453125e+00
9.238262176513671875e+00
9.238113403320312500e+00
9.238265037536621094e+00
9.238151550292968750e+00
9.238263130187988281e+00
9.238194465637207031e+00
9.238258361816406250e+00
9.238235473632812500e+00
9.238254547119140625e+00
9.238271713256835938e+00
9.238261222839355469e+00
9.238303184509277344e+00
9.238271713256835938e+00
9.238328933715820312e+00
9.238288879394531250e+00
9.238349914550781250e+00
9.238302230834960938e+00
9.238372802734375000e+00
9.238323211669921875e+00
9.238389968872070312e+00
9.238344192504882812e+00
9.238409042358398438e+00
9.238359451293945312e+00
9.238430023193359375e+00
9.238376617431640625e+00
9.238451957702636719e+00
9.238388061523437500e+00
9.238482475280761719e+00
9.238396644592285156e+00
9.238515853881835938e+00
9.238395690917968750e+00
9.238560676574707031e+00
9.238381385803222656e+00
9.238616943359375000e+00
9.238355636596679688e+00
9.238698959350585938e+00
9.238298416137695312e+00
9.238813400268554688e+00
9.238206863403320312e+00
9.238972663879394531e+00
9.238064765930175781e+00
9.239200592041015625e+00
9.237863540649414062e+00
9.239492416381835938e+00
9.237648010253906250e+00
9.239753723144531250e+00
9.237550735473632812e+00
9.239768981933593750e+00
9.237781524658203125e+00
9.239393234252929688e+00
9.238327980041503906e+00
9.238868713378906250e+00
9.238855361938476562e+00
9.238529205322265625e+00
9.239078521728515625e+00
9.238525390625000000e+00
9.238959312438964844e+00
9.238773345947265625e+00
9.238764762878417969e+00
9.238975524902343750e+00
9.238751411437988281e+00
9.238952636718750000e+00
9.238924026489257812e+00
9.238758087158203125e+00
9.239154815673828125e+00
9.238613128662109375e+00
9.239219665527343750e+00
9.238712310791015625e+00
9.239027023315429688e+00
9.239003181457519531e+00
9.238742828369140625e+00
9.239280700683593750e+00
9.238598823547363281e+00
9.239336013793945312e+00
9.238716125488281250e+00
9.239133834838867188e+00
9.239007949829101562e+00
9.238859176635742188e+00
9.239267349243164062e+00
9.238729476928710938e+00
9.239322662353515625e+00
9.238822937011718750e+00
9.239175796508789062e+00
9.239046096801757812e+00
9.238983154296875000e+00
9.239229202270507812e+00
9.238900184631347656e+00
9.239263534545898438e+00
9.238968849182128906e+00
9.239168167114257812e+00
9.239120483398437500e+00
9.239049911499023438e+00
9.239238739013671875e+00
9.239006996154785156e+00
9.239259719848632812e+00
9.239063262939453125e+00
9.239204406738281250e+00
9.239164352416992188e+00
9.239134788513183594e+00
9.239249229431152344e+00
9.239109039306640625e+00
9.239275932312011719e+00
9.239136695861816406e+00
9.239259719848632812e+00
9.239191055297851562e+00
9.239237785339355469e+00
9.239240646362304688e+00
9.239236831665039062e+00
9.239263534545898438e+00
9.239259719848632812e+00
9.239265441894531250e+00
9.239294052124023438e+00
9.239266395568847656e+00
9.239321708679199219e+00
9.239281654357910156e+00
9.239333152770996094e+00
9.239311218261718750e+00
9.239335060119628906e+00
9.239345550537109375e+00
9.239336967468261719e+00
9.239375114440917969e+00
9.239345550537109375e+00
9.239393234252929688e+00
9.239365577697753906e+00
9.239404678344726562e+00
9.239392280578613281e+00
9.239416122436523438e+00
9.239415168762207031e+00
9.239428520202636719e+00
9.239433288574218750e+00
9.239448547363281250e+00
9.239444732666015625e+00
9.239473342895507812e+00
9.239451408386230469e+00
9.239501953125000000e+00
9.239455223083496094e+00
9.239532470703125000e+00
9.239461898803710938e+00
9.239561080932617188e+00
9.239467620849609375e+00
9.239590644836425781e+00
9.239471435546875000e+00
9.239621162414550781e+00
9.239471435546875000e+00
9.239660263061523438e+00
9.239453315734863281e+00
9.239717483520507812e+00
9.239419937133789062e+00
9.239805221557617188e+00
9.239350318908691406e+00
9.239933967590332031e+00
9.239233970642089844e+00
9.240124702453613281e+00
9.239040374755859375e+00
9.240408897399902344e+00
9.238757133483886719e+00
9.240788459777832031e+00
9.238414764404296875e+00
9.241176605224609375e+00
9.238175392150878906e+00
9.241270065307617188e+00
9.238369941711425781e+00
9.240770339965820312e+00
9.239094734191894531e+00
9.239933967590332031e+00
9.239929199218750000e+00
9.239317893981933594e+00
9.240301132202148438e+00
9.239284515380859375e+00
9.240036010742187500e+00
9.239731788635253906e+00
9.239583969116210938e+00
9.240177154541015625e+00
9.239405632019042969e+00
9.240200042724609375e+00
9.239681243896484375e+00
9.239772796630859375e+00
9.240186691284179688e+00
9.239377975463867188e+00
9.240459442138671875e+00
9.239363670349121094e+00
9.240295410156250000e+00
9.239745140075683594e+00
9.239837646484375000e+00
9.240222930908203125e+00
9.239521980285644531e+00
9.240401268005371094e+00
9.239567756652832031e+00
9.240238189697265625e+00
9.239862442016601562e+00
9.239941596984863281e+00
9.240154266357421875e+00
9.239791870117187500e+00
9.240205764770507812e+00
9.239889144897460938e+00
9.240063667297363281e+00
9.240080833435058594e+00
9.239925384521484375e+00
9.240195274353027344e+00
9.239922523498535156e+00
9.240143775939941406e+00
9.240056991577148438e+00
9.240015029907226562e+00
9.240198135375976562e+00
9.239943504333496094e+00
9.240245819091796875e+00
9.239985466003417969e+00
9.240186691284179688e+00
9.240105628967285156e+00
9.240100860595703125e+00
9.240198135375976562e+00
9.240081787109375000e+00
9.240205764770507812e+00
9.240138053894042969e+00
9.240150451660156250e+00
9.240230560302734375e+00
9.240090370178222656e+00
9.240288734436035156e+00
9.240091323852539062e+00
9.240283012390136719e+00
9.240156173706054688e+00
9.240232467651367188e+00
9.240242958068847656e+00
9.240184783935546875e+00
9.240303039550781250e+00
9.240181922912597656e+00
9.240310668945312500e+00
9.240224838256835938e+00
9.240283966064453125e+00
9.240288734436035156e+00
9.240251541137695312e+00
9.240342140197753906e+00
9.240244865417480469e+00
9.240361213684082031e+00
9.240270614624023438e+00
9.240354537963867188e+00
9.240314483642578125e+00
9.240341186523437500e+00
9.240354537963867188e+00
9.240343093872070312e+00
9.240372657775878906e+00
9.240365982055664062e+00
9.240367889404296875e+00
9.240409851074218750e+00
9.240350723266601562e+00
9.240459442138671875e+00
9.240331649780273438e+00
9.240508079528808594e+00
9.240318298339843750e+00
9.240550041198730469e+00
9.240303039550781250e+00
9.240602493286132812e+00
9.240272521972656250e+00
9.240680694580078125e+00
9.240205764770507812e+00
9.240808486938476562e+00
9.240070343017578125e+00
9.241021156311035156e+00
9.239831924438476562e+00
9.241362571716308594e+00
9.239439964294433594e+00
9.241900444030761719e+00
9.238834381103515625e+00
9.242687225341796875e+00
9.238016128540039062e+00
9.243633270263671875e+00
9.237266540527343750e+00
9.244152069091796875e+00
9.237436294555664062e+00
9.243199348449707031e+00
9.239213943481445312e+00
9.240885734558105469e+00
9.241583824157714844e+00
9.238978385925292969e+00
9.242778778076171875e+00
9.238749504089355469e+00
9.242094993591308594e+00
9.240138053894042969e+00
9.240377426147460938e+00
9.241754531860351562e+00
9.239382743835449219e+00
9.242076873779296875e+00
9.239868164062500000e+00
9.241096496582031250e+00
9.241085052490234375e+00
9.240024566650390625e+00
9.241794586181640625e+00
9.239910125732421875e+00
9.241414070129394531e+00
9.240678787231445312e+00
9.240567207336425781e+00
9.241433143615722656e+00
9.240150451660156250e+00
9.241516113281250000e+00
9.240459442138671875e+00
9.240989685058593750e+00
9.241064071655273438e+00
9.240524291992187500e+00
9.241344451904296875e+00
9.240512847900390625e+00
9.241183280944824219e+00
9.240833282470703125e+00
9.240847587585449219e+00
9.241137504577636719e+00
9.240694046020507812e+00
9.241176605224609375e+00
9.240806579589843750e+00
9.241014480590820312e+00
9.241018295288085938e+00
9.240851402282714844e+00
9.241140365600585938e+00
9.240837097167968750e+00
9.241102218627929688e+00
9.240947723388671875e+00
9.240995407104492188e+00
9.241075515747070312e+00
9.240919113159179688e+00
9.241140365600585938e+00
9.240926742553710938e+00
9.241119384765625000e+00
9.241003990173339844e+00
9.241055488586425781e+00
9.241092681884765625e+00
9.241009712219238281e+00
9.241141319274902344e+00
9.241018295288085938e+00
9.241135597229003906e+00
9.241069793701171875e+00
9.241098403930664062e+00
9.241134643554687500e+00
9.241069793701171875e+00
9.241173744201660156e+00
9.241079330444335938e+00
9.241170883178710938e+00
9.241132736206054688e+00
9.241138458251953125e+00
9.241190910339355469e+00
9.241115570068359375e+00
9.241228103637695312e+00
9.241125106811523438e+00
9.241229057312011719e+00
9.241167068481445312e+00
9.241207122802734375e+00
9.241220474243164062e+00
9.241191864013671875e+00
9.241250991821289062e+00
9.241203308105468750e+00
9.241254806518554688e+00
9.241239547729492188e+00
9.241237640380859375e+00
9.241287231445312500e+00
9.241224288940429688e+00
9.241324424743652344e+00
9.241226196289062500e+00
9.241340637207031250e+00
9.241245269775390625e+00
9.241343498229980469e+00
9.241270065307617188e+00
9.241346359252929688e+00
9.241289138793945312e+00
9.241371154785156250e+00
9.241285324096679688e+00
9.241412162780761719e+00
9.241262435913085938e+00
9.241477966308593750e+00
9.241215705871582031e+00
9.241560935974121094e+00
9.241158485412597656e+00
9.241661071777343750e+00
9.241075515747070312e+00
9.241792678833007812e+00
9.240967750549316406e+00
9.241960525512695312e+00
9.240828514099121094e+00
9.242156982421875000e+00
9.240690231323242188e+00
9.242311477661132812e+00
9.240661621093750000e+00
9.242272377014160156e+00
9.240877151489257812e+00
9.241946220397949219e+00
9.241340637207031250e+00
9.241458892822265625e+00
9.241843223571777344e+00
9.241064071655273438e+00
9.242143630981445312e+00
9.240964889526367188e+00
9.242103576660156250e+00
9.241228103637695312e+00
9.241775512695312500e+00
9.241674423217773438e+00
9.241394996643066406e+00
9.242021560668945312e+00
9.241208076477050781e+00
9.242084503173828125e+00
9.241317749023437500e+00
9.241882324218750000e+00
9.241614341735839844e+00
9.241592407226562500e+00
9.241895675659179688e+00
9.241407394409179688e+00
9.242006301879882812e+00
9.241428375244140625e+00
9.241922378540039062e+00
9.241608619689941406e+00
9.241738319396972656e+00
9.241819381713867188e+00
9.241587638854980469e+00
9.241938591003417969e+00
9.241553306579589844e+00
9.241934776306152344e+00
9.241637229919433594e+00
9.241845130920410156e+00
9.241773605346679688e+00
9.241735458374023438e+00
9.241886138916015625e+00
9.241678237915039062e+00
9.241928100585937500e+00
9.241695404052734375e+00
9.241903305053710938e+00
9.241766929626464844e+00
9.241844177246093750e+00
9.241850852966308594e+00
9.241794586181640625e+00
9.241909027099609375e+00
9.241775512695312500e+00
9.241927146911621094e+00
9.241798400878906250e+00
9.241912841796875000e+00
9.241847991943359375e+00
9.241888046264648438e+00
9.241897583007812500e+00
9.241868972778320312e+00
9.241931915283203125e+00
9.241867065429687500e+00
9.241947174072265625e+00
9.241884231567382812e+00
9.241950035095214844e+00
9.241911888122558594e+00
9.241945266723632812e+00
9.241941452026367188e+00
9.241943359375000000e+00
9.241964340209960938e+00
9.241950988769531250e+00
9.241983413696289062e+00
9.241961479187011719e+00
9.241996765136718750e+00
9.241979598999023438e+00
9.242004394531250000e+00
9.241996765136718750e+00
9.242014884948730469e+00
9.242013931274414062e+00
9.242021560668945312e+00
9.242032051086425781e+00
9.242032051086425781e+00
9.242045402526855469e+00
9.242048263549804688e+00
9.242058753967285156e+00
9.242059707641601562e+00
9.242072105407714844e+00
9.242074966430664062e+00
9.242084503173828125e+00
9.242086410522460938e+00
9.242097854614257812e+00
9.242101669311523438e+00
9.242113113403320312e+00
9.242114067077636719e+00
9.242126464843750000e+00
9.242126464843750000e+00
9.242138862609863281e+00
9.242141723632812500e+00
9.242152214050292969e+00
9.242153167724609375e+00
9.242164611816406250e+00
9.242166519165039062e+00
9.242175102233886719e+00
9.242179870605468750e+00
9.242192268371582031e+00
9.242194175720214844e+00
9.242204666137695312e+00
9.242210388183593750e+00
9.242216110229492188e+00
9.242220878601074219e+00
9.242229461669921875e+00
9.242236137390136719e+00
9.242239952087402344e+00
9.242250442504882812e+00
9.242251396179199219e+00
9.242263793945312500e+00
9.242261886596679688e+00
9.242279052734375000e+00
9.242275238037109375e+00
9.242293357849121094e+00
9.242285728454589844e+00
9.242310523986816406e+00
9.242299079895019531e+00
9.242323875427246094e+00
9.242309570312500000e+00
9.242341041564941406e+00
9.242318153381347656e+00
9.242356300354003906e+00
9.242326736450195312e+00
9.242374420166015625e+00
9.242333412170410156e+00
9.242395401000976562e+00
9.242340087890625000e+00
9.242419242858886719e+00
9.242341995239257812e+00
9.242448806762695312e+00
9.242335319519042969e+00
9.242483139038085938e+00
9.242321014404296875e+00
9.242530822753906250e+00
9.242291450500488281e+00
9.242595672607421875e+00
9.242244720458984375e+00
9.242688179016113281e+00
9.242160797119140625e+00
9.242822647094726562e+00
9.242031097412109375e+00
9.243017196655273438e+00
9.241838455200195312e+00
9.243289947509765625e+00
9.241580963134765625e+00
9.243610382080078125e+00
9.241329193115234375e+00
9.243815422058105469e+00
9.241285324096679688e+00
9.243645668029785156e+00
9.241669654846191406e+00
9.243103027343750000e+00
9.242311477661132812e+00
9.242557525634765625e+00
9.242803573608398438e+00
9.242271423339843750e+00
9.242918014526367188e+00
9.242324829101562500e+00
9.242706298828125000e+00
9.242643356323242188e+00
9.242427825927734375e+00
9.242944717407226562e+00
9.242326736450195312e+00
9.242933273315429688e+00
9.242523193359375000e+00
9.242650985717773438e+00
9.242834091186523438e+00
9.242416381835937500e+00
9.243004798889160156e+00
9.242368698120117188e+00
9.243000030517578125e+00
9.242479324340820312e+00
9.242865562438964844e+00
9.242690086364746094e+00
9.242694854736328125e+00
9.242847442626953125e+00
9.242623329162597656e+00
9.242872238159179688e+00
9.242659568786621094e+00
9.242840766906738281e+00
9.242726325988769531e+00
9.242815017700195312e+00
9.242765426635742188e+00
9.242816925048828125e+00
9.242777824401855469e+00
9.242831230163574219e+00
9.242769241333007812e+00
9.242869377136230469e+00
9.242752075195312500e+00
9.242895126342773438e+00
9.242771148681640625e+00
9.242891311645507812e+00
9.242803573608398438e+00
9.242892265319824219e+00
9.242825508117675781e+00
9.242895126342773438e+00
9.242851257324218750e+00
9.242891311645507812e+00
9.242876052856445312e+00
9.242895126342773438e+00
9.242896080017089844e+00
9.242897987365722656e+00
9.242912292480468750e+00
9.242897033691406250e+00
9.242931365966796875e+00
9.242897033691406250e+00
9.242950439453125000e+00
9.242910385131835938e+00
9.242959022521972656e+00
9.242925643920898438e+00
9.242972373962402344e+00
9.242935180664062500e+00
9.242988586425781250e+00
9.242940902709960938e+00
9.243007659912109375e+00
9.242940902709960938e+00
9.243036270141601562e+00
9.242929458618164062e+00
9.243076324462890625e+00
9.242913246154785156e+00
9.243117332458496094e+00
9.242891311645507812e+00
9.243167877197265625e+00
9.242862701416015625e+00
9.243228912353515625e+00
9.242818832397460938e+00
9.243312835693359375e+00
9.242749214172363281e+00
9.243428230285644531e+00
9.242643356323242188e+00
9.243592262268066406e+00
9.242492675781250000e+00
9.243803024291992188e+00
9.242313385009765625e+00
9.244025230407714844e+00
9.242173194885253906e+00
9.244149208068847656e+00
9.242205619812011719e+00
9.244024276733398438e+00
9.242519378662109375e+00
9.243611335754394531e+00
9.243040084838867188e+00
9.243090629577636719e+00
9.243549346923828125e+00
9.242695808410644531e+00
9.243839263916015625e+00
9.242599487304687500e+00
9.243808746337890625e+00
9.242820739746093750e+00
9.243520736694335938e+00
9.243218421936035156e+00
9.243156433105468750e+00
9.243580818176269531e+00
9.242908477783203125e+00
9.243741989135742188e+00
9.242885589599609375e+00
9.243667602539062500e+00
9.243066787719726562e+00
9.243438720703125000e+00
9.243339538574218750e+00
9.243200302124023438e+00
9.243554115295410156e+00
9.243070602416992188e+00
9.243632316589355469e+00
9.243090629577636719e+00
9.243564605712890625e+00
9.243228912353515625e+00
9.243416786193847656e+00
9.243403434753417969e+00
9.243278503417968750e+00
9.243532180786132812e+00
9.243213653564453125e+00
9.243574142456054688e+00
9.243239402770996094e+00
9.243532180786132812e+00
9.243333816528320312e+00
9.243443489074707031e+00
9.243444442749023438e+00
9.243358612060546875e+00
9.243529319763183594e+00
9.243314743041992188e+00
9.243564605712890625e+00
9.243324279785156250e+00
9.243551254272460938e+00
9.243377685546875000e+00
9.243510246276855469e+00
9.243446350097656250e+00
9.243460655212402344e+00
9.243511199951171875e+00
9.243427276611328125e+00
9.243550300598144531e+00
9.243421554565429688e+00
9.243562698364257812e+00
9.243440628051757812e+00
9.243555068969726562e+00
9.243478775024414062e+00
9.243535041809082031e+00
9.243521690368652344e+00
9.243515014648437500e+00
9.243563652038574219e+00
9.243500709533691406e+00
9.243594169616699219e+00
9.243499755859375000e+00
9.243616104125976562e+00
9.243503570556640625e+00
9.243629455566406250e+00
9.243518829345703125e+00
9.243638992309570312e+00
9.243532180786132812e+00
9.243650436401367188e+00
9.243541717529296875e+00
9.243666648864746094e+00
9.243542671203613281e+00
9.243696212768554688e+00
9.243528366088867188e+00
9.243743896484375000e+00
9.243493080139160156e+00
9.243824005126953125e+00
9.243421554565429688e+00
9.243947029113769531e+00
9.243297576904296875e+00
9.244142532348632812e+00
9.243094444274902344e+00
9.244455337524414062e+00
9.242775917053222656e+00
9.244907379150390625e+00
9.242343902587890625e+00
9.245406150817871094e+00
9.241997718811035156e+00
9.245538711547851562e+00
9.242218017578125000e+00
9.244895935058593750e+00
9.243186950683593750e+00
9.243738174438476562e+00
9.244380950927734375e+00
9.242740631103515625e+00
9.245096206665039062e+00
9.242475509643554688e+00
9.244884490966796875e+00
9.243152618408203125e+00
9.243938446044921875e+00
9.244211196899414062e+00
9.243076324462890625e+00
9.244812011718750000e+00
9.242923736572265625e+00
9.244562149047851562e+00
9.243528366088867188e+00
9.243812561035156250e+00
9.244271278381347656e+00
9.243282318115234375e+00
9.244552612304687500e+00
9.243330001831054688e+00
9.244247436523437500e+00
9.243823051452636719e+00
9.243739128112792969e+00
9.244258880615234375e+00
9.243508338928222656e+00
9.244311332702636719e+00
9.243654251098632812e+00
9.244068145751953125e+00
9.243959426879882812e+00
9.243812561035156250e+00
9.244148254394531250e+00
9.243760108947753906e+00
9.244121551513671875e+00
9.243874549865722656e+00
9.243997573852539062e+00
9.244010925292968750e+00
9.243919372558593750e+00
9.244062423706054688e+00
9.243936538696289062e+00
9.244031906127929688e+00
9.243999481201171875e+00
9.243990898132324219e+00
9.244039535522460938e+00
9.243984222412109375e+00
9.244047164916992188e+00
9.244009017944335938e+00
9.244045257568359375e+00
9.244029045104980469e+00
9.244052886962890625e+00
9.244038581848144531e+00
9.244062423706054688e+00
9.244052886962890625e+00
9.244063377380371094e+00
9.244082450866699219e+00
9.244051933288574219e+00
9.244112014770507812e+00
9.244045257568359375e+00
9.244127273559570312e+00
9.244060516357421875e+00
9.244116783142089844e+00
9.244102478027343750e+00
9.244092941284179688e+00
9.244146347045898438e+00
9.244082450866699219e+00
9.244165420532226562e+00
9.244096755981445312e+00
9.244156837463378906e+00
9.244135856628417969e+00
9.244131088256835938e+00
9.244184494018554688e+00
9.244110107421875000e+00
9.244218826293945312e+00
9.244106292724609375e+00
9.244235992431640625e+00
9.244113922119140625e+00
9.244243621826171875e+00
9.244129180908203125e+00
9.244251251220703125e+00
9.244134902954101562e+00
9.244272232055664062e+00
9.244125366210937500e+00
9.244312286376953125e+00
9.244099617004394531e+00
9.244375228881835938e+00
9.244041442871093750e+00
9.244470596313476562e+00
9.243947029113769531e+00
9.244610786437988281e+00
9.243794441223144531e+00
9.244827270507812500e+00
9.243553161621093750e+00
9.245151519775390625e+00
9.243187904357910156e+00
9.245613098144531250e+00
9.242694854736328125e+00
9.246171951293945312e+00
9.242219924926757812e+00
9.246545791625976562e+00
9.242203712463378906e+00
9.246179580688476562e+00
9.243131637573242188e+00
9.244890213012695312e+00
9.244621276855468750e+00
9.243511199951171875e+00
9.245641708374023438e+00
9.242982864379882812e+00
9.245603561401367188e+00
9.243583679199218750e+00
9.244655609130859375e+00
9.244749069213867188e+00
9.243673324584960938e+00
9.245454788208007812e+00
9.243473052978515625e+00
9.245234489440917969e+00
9.244102478027343750e+00
9.244421005249023438e+00
9.244935989379882812e+00
9.243784904479980469e+00
9.245268821716308594e+00
9.243825912475585938e+00
9.244930267333984375e+00
9.244401931762695312e+00
9.244307518005371094e+00
9.244967460632324219e+00
9.243954658508300781e+00
9.245082855224609375e+00
9.244112014770507812e+00
9.244748115539550781e+00
9.244563102722167969e+00
9.244324684143066406e+00
9.244909286499023438e+00
9.244149208068847656e+00
9.244930267333984375e+00
9.244306564331054688e+00
9.244676589965820312e+00
9.244626998901367188e+00
9.244400024414062500e+00
9.244842529296875000e+00
9.244306564331054688e+00
9.244832992553710938e+00
9.244430541992187500e+00
9.244655609130859375e+00
9.244646072387695312e+00
9.244477272033691406e+00
9.244786262512207031e+00
9.244421958923339844e+00
9.244786262512207031e+00
9.244504928588867188e+00
9.244670867919921875e+00
9.244651794433593750e+00
9.244547843933105469e+00
9.244760513305664062e+00
9.244503021240234375e+00
9.244771957397460938e+00
9.244552612304687500e+00
9.244702339172363281e+00
9.244655609130859375e+00
9.244614601135253906e+00
9.244745254516601562e+00
9.244571685791015625e+00
9.244773864746093750e+00
9.244592666625976562e+00
9.244747161865234375e+00
9.244659423828125000e+00
9.244686126708984375e+00
9.244736671447753906e+00
9.244645118713378906e+00
9.244779586791992188e+00
9.244646072387695312e+00
9.244779586791992188e+00
9.244682312011718750e+00
9.244749069213867188e+00
9.244736671447753906e+00
9.244716644287109375e+00
9.244779586791992188e+00
9.244708061218261719e+00
9.244797706604003906e+00
9.244722366333007812e+00
9.244791030883789062e+00
9.244759559631347656e+00
9.244771003723144531e+00
9.244794845581054688e+00
9.244760513305664062e+00
9.244819641113281250e+00
9.244767189025878906e+00
9.244823455810546875e+00
9.244788169860839844e+00
9.244815826416015625e+00
9.244815826416015625e+00
9.244808197021484375e+00
9.244840621948242188e+00
9.244807243347167969e+00
9.244857788085937500e+00
9.244817733764648438e+00
9.244860649108886719e+00
9.244836807250976562e+00
9.244859695434570312e+00
9.244857788085937500e+00
9.244859695434570312e+00
9.244878768920898438e+00
9.244863510131835938e+00
9.244890213012695312e+00
9.244874000549316406e+00
9.244898796081542969e+00
9.244888305664062500e+00
9.244899749755859375e+00
9.244908332824707031e+00
9.244899749755859375e+00
9.244924545288085938e+00
9.244903564453125000e+00
9.244943618774414062e+00
9.244905471801757812e+00
9.244956970214843750e+00
9.244913101196289062e+00
9.244971275329589844e+00
9.244918823242187500e+00
9.244985580444335938e+00
9.244923591613769531e+00
9.245002746582031250e+00
9.244923591613769531e+00
9.245025634765625000e+00
9.244913101196289062e+00
9.245059967041015625e+00
9.244894027709960938e+00
9.245110511779785156e+00
9.244853019714355469e+00
9.245187759399414062e+00
9.244785308837890625e+00
9.245300292968750000e+00
9.244670867919921875e+00
9.245473861694335938e+00
9.244496345520019531e+00
9.245726585388183594e+00
9.244250297546386719e+00
9.246062278747558594e+00
9.243981361389160156e+00
9.246355056762695312e+00
9.243883132934570312e+00
9.246256828308105469e+00
9.244262695312500000e+00
9.245541572570800781e+00
9.245137214660644531e+00
9.244640350341796875e+00
9.245912551879882812e+00
9.244242668151855469e+00
9.245985031127929688e+00
9.244548797607421875e+00
9.245414733886718750e+00
9.245231628417968750e+00
9.244738578796386719e+00
9.245811462402343750e+00
9.244436264038085938e+00
9.245854377746582031e+00
9.244729995727539062e+00
9.245347023010253906e+00
9.245350837707519531e+00
9.244812965393066406e+00
9.245742797851562500e+00
9.244682312011718750e+00
9.245651245117187500e+00
9.244969367980957031e+00
9.245267868041992188e+00
9.245372772216796875e+00
9.244961738586425781e+00
9.245584487915039062e+00
9.244926452636718750e+00
9.245485305786132812e+00
9.245162010192871094e+00
9.245204925537109375e+00
9.245442390441894531e+00
9.245030403137207031e+00
9.245521545410156250e+00
9.245086669921875000e+00
9.245394706726074219e+00
9.245281219482421875e+00
9.245208740234375000e+00
9.245456695556640625e+00
9.245111465454101562e+00
9.245504379272460938e+00
9.245156288146972656e+00
9.245419502258300781e+00
9.245296478271484375e+00
9.245288848876953125e+00
9.245422363281250000e+00
9.245227813720703125e+00
9.245447158813476562e+00
9.245265960693359375e+00
9.245395660400390625e+00
9.245351791381835938e+00
9.245326995849609375e+00
9.245424270629882812e+00
9.245298385620117188e+00
9.245443344116210938e+00
9.245325088500976562e+00
9.245412826538085938e+00
9.245389938354492188e+00
9.245365142822265625e+00
9.245447158813476562e+00
9.245345115661621094e+00
9.245460510253906250e+00
9.245368957519531250e+00
9.245438575744628906e+00
9.245421409606933594e+00
9.245403289794921875e+00
9.245477676391601562e+00
9.245372772216796875e+00
9.245520591735839844e+00
9.245360374450683594e+00
9.245542526245117188e+00
9.245363235473632812e+00
9.245563507080078125e+00
9.245365142822265625e+00
9.245599746704101562e+00
9.245338439941406250e+00
9.245678901672363281e+00
9.245276451110839844e+00
9.245800971984863281e+00
9.245193481445312500e+00
9.245931625366210938e+00
9.245139122009277344e+00
9.245939254760742188e+00
9.245264053344726562e+00
9.245645523071289062e+00
9.245686531066894531e+00
9.245110511779785156e+00
9.246269226074218750e+00
9.244611740112304688e+00
9.246713638305664062e+00
9.244365692138671875e+00
9.246792793273925781e+00
9.244529724121093750e+00
9.246420860290527344e+00
9.245100021362304688e+00
9.245800018310546875e+00
9.245752334594726562e+00
9.245300292968750000e+00
9.246097564697265625e+00
9.245182037353515625e+00
9.246024131774902344e+00
9.245409011840820312e+00
9.245731353759765625e+00
9.245741844177246094e+00
9.245470046997070312e+00
9.245931625366210938e+00
9.245428085327148438e+00
9.245840072631835938e+00
9.245667457580566406e+00
9.245536804199218750e+00
9.246011734008789062e+00
9.245258331298828125e+00
9.246230125427246094e+00
9.245162963867187500e+00
9.246227264404296875e+00
9.245286941528320312e+00
9.246034622192382812e+00
9.245535850524902344e+00
9.245802879333496094e+00
9.245746612548828125e+00
9.245681762695312500e+00
9.245793342590332031e+00
9.245742797851562500e+00
9.245668411254882812e+00
9.245929718017578125e+00
9.245482444763183594e+00
9.246118545532226562e+00
9.245343208312988281e+00
9.246228218078613281e+00
9.245309829711914062e+00
9.246225357055664062e+00
9.245370864868164062e+00
9.246154785156250000e+00
9.245456695556640625e+00
9.246110916137695312e+00
9.245465278625488281e+00
9.246172904968261719e+00
9.245361328125000000e+00
9.246345520019531250e+00
9.245155334472656250e+00
9.246609687805175781e+00
9.244898796081542969e+00
9.246889114379882812e+00
9.244668960571289062e+00
9.247102737426757812e+00
9.244541168212890625e+00
9.247173309326171875e+00
9.244596481323242188e+00
9.247041702270507812e+00
9.244853019714355469e+00
9.246721267700195312e+00
9.245262145996093750e+00
9.246295928955078125e+00
9.245699882507324219e+00
9.245901107788085938e+00
9.246058464050292969e+00
9.245620727539062500e+00
9.246286392211914062e+00
9.245478630065917969e+00
9.246393203735351562e+00
9.245450973510742188e+00
9.246405601501464844e+00
9.245512962341308594e+00
9.246332168579101562e+00
9.245641708374023438e+00
9.246199607849121094e+00
9.245807647705078125e+00
9.246030807495117188e+00
9.245989799499511719e+00
9.245864868164062500e+00
9.246152877807617188e+00
9.245738983154296875e+00
9.246267318725585938e+00
9.245676040649414062e+00
9.246313095092773438e+00
9.245687484741210938e+00
9.246286392211914062e+00
9.245761871337890625e+00
9.246204376220703125e+00
9.245874404907226562e+00
9.246094703674316406e+00
9.245999336242675781e+00
9.245990753173828125e+00
9.246102333068847656e+00
9.245915412902832031e+00
9.246175765991210938e+00
9.245875358581542969e+00
9.246212005615234375e+00
9.245870590209960938e+00
9.246219635009765625e+00
9.245889663696289062e+00
9.246210098266601562e+00
9.245920181274414062e+00
9.246189117431640625e+00
9.245952606201171875e+00
9.246170043945312500e+00
9.245984077453613281e+00
9.246153831481933594e+00
9.246014595031738281e+00
9.246143341064453125e+00
9.246038436889648438e+00
9.246134757995605469e+00
9.246061325073242188e+00
9.246126174926757812e+00
9.246082305908203125e+00
9.246123313903808594e+00
9.246102333068847656e+00
9.246118545532226562e+00
9.246122360229492188e+00
9.246114730834960938e+00
9.246139526367187500e+00
9.246114730834960938e+00
9.246158599853515625e+00
9.246112823486328125e+00
9.246175765991210938e+00
9.246114730834960938e+00
9.246191024780273438e+00
9.246110916137695312e+00
9.246212959289550781e+00
9.246105194091796875e+00
9.246234893798828125e+00
9.246097564697265625e+00
9.246265411376953125e+00
9.246078491210937500e+00
9.246303558349609375e+00
9.246053695678710938e+00
9.246349334716796875e+00
9.246011734008789062e+00
9.246419906616210938e+00
9.245946884155273438e+00
9.246516227722167969e+00
9.245851516723632812e+00
9.246652603149414062e+00
9.245704650878906250e+00
9.246849060058593750e+00
9.245491981506347656e+00
9.247117996215820312e+00
9.245206832885742188e+00
9.247465133666992188e+00
9.244875907897949219e+00
9.247802734375000000e+00
9.244652748107910156e+00
9.247918128967285156e+00
9.244811058044433594e+00
9.247520446777343750e+00
9.245531082153320312e+00
9.246616363525390625e+00
9.246532440185546875e+00
9.245675086975097656e+00
9.247290611267089844e+00
9.245189666748046875e+00
9.247450828552246094e+00
9.245411872863769531e+00
9.246953964233398438e+00
9.246178627014160156e+00
9.246153831481933594e+00
9.246976852416992188e+00
9.245561599731445312e+00
9.247344970703125000e+00
9.245505332946777344e+00
9.247121810913085938e+00
9.245981216430664062e+00
9.246508598327636719e+00
9.246651649475097656e+00
9.245918273925781250e+00
9.247107505798339844e+00
9.245684623718261719e+00
9.247128486633300781e+00
9.245893478393554688e+00
9.246767997741699219e+00
9.246361732482910156e+00
9.246298789978027344e+00
9.246791839599609375e+00
9.245992660522460938e+00
9.246974945068359375e+00
9.245977401733398438e+00
9.246864318847656250e+00
9.246212959289550781e+00
9.246581077575683594e+00
9.246524810791015625e+00
9.246313095092773438e+00
9.246744155883789062e+00
9.246192932128906250e+00
9.246786117553710938e+00
9.246243476867675781e+00
9.246675491333007812e+00
9.246402740478515625e+00
9.246509552001953125e+00
9.246572494506835938e+00
9.246388435363769531e+00
9.246667861938476562e+00
9.246359825134277344e+00
9.246663093566894531e+00
9.246419906616210938e+00
9.246585845947265625e+00
9.246519088745117188e+00
9.246496200561523438e+00
9.246610641479492188e+00
9.246438980102539062e+00
9.246653556823730469e+00
9.246440887451171875e+00
9.246641159057617188e+00
9.246488571166992188e+00
9.246591567993164062e+00
9.246559143066406250e+00
9.246536254882812500e+00
9.246623992919921875e+00
9.246500015258789062e+00
9.246664047241210938e+00
9.246494293212890625e+00
9.246667861938476562e+00
9.246517181396484375e+00
9.246649742126464844e+00
9.246560096740722656e+00
9.246620178222656250e+00
9.246604919433593750e+00
9.246597290039062500e+00
9.246640205383300781e+00
9.246583938598632812e+00
9.246659278869628906e+00
9.246591567993164062e+00
9.246662139892578125e+00
9.246610641479492188e+00
9.246652603149414062e+00
9.246643066406250000e+00
9.246635437011718750e+00
9.246679306030273438e+00
9.246615409851074219e+00
9.246713638305664062e+00
9.246598243713378906e+00
9.246747016906738281e+00
9.246582031250000000e+00
9.246778488159179688e+00
9.246564865112304688e+00
9.246815681457519531e+00
9.246543884277343750e+00
9.246858596801757812e+00
9.246509552001953125e+00
9.246919631958007812e+00
9.246452331542968750e+00
9.247011184692382812e+00
9.246360778808593750e+00
9.247144699096679688e+00
9.246219635009765625e+00
9.247344970703125000e+00
9.246011734008789062e+00
9.247620582580566406e+00
9.245738983154296875e+00
9.247957229614257812e+00
9.245459556579589844e+00
9.248232841491699219e+00
9.245353698730468750e+00
9.248176574707031250e+00
9.245673179626464844e+00
9.247585296630859375e+00
9.246448516845703125e+00
9.246694564819335938e+00
9.247320175170898438e+00
9.246006011962890625e+00
9.247805595397949219e+00
9.245865821838378906e+00
9.247653961181640625e+00
9.246305465698242188e+00
9.247003555297851562e+00
9.247058868408203125e+00
9.246291160583496094e+00
9.247663497924804688e+00
9.245964050292968750e+00
9.247741699218750000e+00
9.246189117431640625e+00
9.247323036193847656e+00
9.246738433837890625e+00
9.246760368347167969e+00
9.247255325317382812e+00
9.246390342712402344e+00
9.247470855712890625e+00
9.246379852294921875e+00
9.247325897216796875e+00
9.246660232543945312e+00
9.246994018554687500e+00
9.247003555297851562e+00
9.246732711791992188e+00
9.247184753417968750e+00
9.246686935424804688e+00
9.247137069702148438e+00
9.246833801269531250e+00
9.246953964233398438e+00
9.247039794921875000e+00
9.246784210205078125e+00
9.247177124023437500e+00
9.246730804443359375e+00
9.247173309326171875e+00
9.246822357177734375e+00
9.247050285339355469e+00
9.246986389160156250e+00
9.246902465820312500e+00
9.247123718261718750e+00
9.246813774108886719e+00
9.247177124023437500e+00
9.246822357177734375e+00
9.247137069702148438e+00
9.246912956237792969e+00
9.247041702270507812e+00
9.247031211853027344e+00
9.246947288513183594e+00
9.247125625610351562e+00
9.246895790100097656e+00
9.247167587280273438e+00
9.246902465820312500e+00
9.247155189514160156e+00
9.246945381164550781e+00
9.247123718261718750e+00
9.246999740600585938e+00
9.247090339660644531e+00
9.247053146362304688e+00
9.247066497802734375e+00
9.247107505798339844e+00
9.247024536132812500e+00
9.247198104858398438e+00
9.246922492980957031e+00
9.247344970703125000e+00
9.246745109558105469e+00
9.247550964355468750e+00
9.246519088745117188e+00
9.247783660888671875e+00
9.246317863464355469e+00
9.247972488403320312e+00
9.246211051940917969e+00
9.248037338256835938e+00
9.246267318725585938e+00
9.247918128967285156e+00
9.246505737304687500e+00
9.247644424438476562e+00
9.246837615966796875e+00
9.247350692749023438e+00
9.247097015380859375e+00
9.247207641601562500e+00
9.247140884399414062e+00
9.247295379638671875e+00
9.246984481811523438e+00
9.247506141662597656e+00
9.246801376342773438e+00
9.247657775878906250e+00
9.246734619140625000e+00
9.247650146484375000e+00
9.246856689453125000e+00
9.247461318969726562e+00
9.247119903564453125e+00
9.247192382812500000e+00
9.247393608093261719e+00
9.246980667114257812e+00
9.247548103332519531e+00
9.246926307678222656e+00
9.247537612915039062e+00
9.247014999389648438e+00
9.247429847717285156e+00
9.247148513793945312e+00
9.247323989868164062e+00
9.247230529785156250e+00
9.247301101684570312e+00
9.247209548950195312e+00
9.247386932373046875e+00
9.247088432312011719e+00
9.247550010681152344e+00
9.246932983398437500e+00
9.247713088989257812e+00
9.246809005737304688e+00
9.247828483581542969e+00
9.246733665466308594e+00
9.247896194458007812e+00
9.246699333190917969e+00
9.247943878173828125e+00
9.246656417846679688e+00
9.248019218444824219e+00
9.246568679809570312e+00
9.248154640197753906e+00
9.246420860290527344e+00
9.248344421386718750e+00
9.246252059936523438e+00
9.248516082763671875e+00
9.246160507202148438e+00
9.248556137084960938e+00
9.246246337890625000e+00
9.248379707336425781e+00
9.246559143066406250e+00
9.247987747192382812e+00
9.247028350830078125e+00
9.247504234313964844e+00
9.247503280639648438e+00
9.247093200683593750e+00
9.247848510742187500e+00
9.246858596801757812e+00
9.248003005981445312e+00
9.246826171875000000e+00
9.247974395751953125e+00
9.246957778930664062e+00
9.247814178466796875e+00
9.247175216674804688e+00
9.247598648071289062e+00
9.247396469116210938e+00
9.247408866882324219e+00
9.247564315795898438e+00
9.247282028198242188e+00
9.247661590576171875e+00
9.247230529785156250e+00
9.247695922851562500e+00
9.247236251831054688e+00
9.247685432434082031e+00
9.247279167175292969e+00
9.247650146484375000e+00
9.247333526611328125e+00
9.247607231140136719e+00
9.247392654418945312e+00
9.247558593750000000e+00
9.247450828552246094e+00
9.247512817382812500e+00
9.247501373291015625e+00
9.247478485107421875e+00
9.247549057006835938e+00
9.247449874877929688e+00
9.247586250305175781e+00
9.247428894042968750e+00
9.247613906860351562e+00
9.247417449951171875e+00
9.247631072998046875e+00
9.247418403625488281e+00
9.247638702392578125e+00
9.247427940368652344e+00
9.247642517089843750e+00
9.247438430786132812e+00
9.247638702392578125e+00
9.247453689575195312e+00
9.247634887695312500e+00
9.247467041015625000e+00
9.247636795043945312e+00
9.247478485107421875e+00
9.247641563415527344e+00
9.247485160827636719e+00
9.247652053833007812e+00
9.247488021850585938e+00
9.247665405273437500e+00
9.247486114501953125e+00
9.247680664062500000e+00
9.247482299804687500e+00
9.247701644897460938e+00
9.247472763061523438e+00
9.247725486755371094e+00
9.247459411621093750e+00
9.247756958007812500e+00
9.247440338134765625e+00
9.247798919677734375e+00
9.247409820556640625e+00
9.247850418090820312e+00
9.247364044189453125e+00
9.247919082641601562e+00
9.247296333312988281e+00
9.248014450073242188e+00
9.247201919555664062e+00
9.248143196105957031e+00
9.247074127197265625e+00
9.248312950134277344e+00
9.246902465820312500e+00
9.248517990112304688e+00
9.246706008911132812e+00
9.248733520507812500e+00
9.246536254882812500e+00
9.248884201049804688e+00
9.246498107910156250e+00
9.248828887939453125e+00
9.246722221374511719e+00
9.248483657836914062e+00
9.247207641601562500e+00
9.247930526733398438e+00
9.247791290283203125e+00
9.247384071350097656e+00
9.248254776000976562e+00
9.247056007385253906e+00
9.248456954956054688e+00
9.247039794921875000e+00
9.248359680175781250e+00
9.247310638427734375e+00
9.248031616210937500e+00
9.247719764709472656e+00
9.247646331787109375e+00
9.248079299926757812e+00
9.247364997863769531e+00
9.248273849487304688e+00
9.247285842895507812e+00
9.248250007629394531e+00
9.247420310974121094e+00
9.248056411743164062e+00
9.247673034667968750e+00
9.247800827026367188e+00
9.247939109802246094e+00
9.247583389282226562e+00
9.248117446899414062e+00
9.247484207153320312e+00
9.248165130615234375e+00
9.247509002685546875e+00
9.248094558715820312e+00
9.247640609741210938e+00
9.247949600219726562e+00
9.247812271118164062e+00
9.247795104980468750e+00
9.247961044311523438e+00
9.247683525085449219e+00
9.248054504394531250e+00
9.247635841369628906e+00
9.248075485229492188e+00
9.247656822204589844e+00
9.248036384582519531e+00
9.247729301452636719e+00
9.247961997985839844e+00
9.247824668884277344e+00
9.247879028320312500e+00
9.247915267944335938e+00
9.247812271118164062e+00
9.247980117797851562e+00
9.247771263122558594e+00
9.248018264770507812e+00
9.247762680053710938e+00
9.248022079467773438e+00
9.247778892517089844e+00
9.248004913330078125e+00
9.247815132141113281e+00
9.247976303100585938e+00
9.247862815856933594e+00
9.247943878173828125e+00
9.247910499572753906e+00
9.247912406921386719e+00
9.247953414916992188e+00
9.247885704040527344e+00
9.247995376586914062e+00
9.247863769531250000e+00
9.248037338256835938e+00
9.247838973999023438e+00
9.248094558715820312e+00
9.247802734375000000e+00
9.248180389404296875e+00
9.247737884521484375e+00
9.248329162597656250e+00
9.247606277465820312e+00
9.248550415039062500e+00
9.247411727905273438e+00
9.248757362365722656e+00
9.247277259826660156e+00
9.248763084411621094e+00
9.247407913208007812e+00
9.248470306396484375e+00
9.247835159301757812e+00
9.247983932495117188e+00
9.248367309570312500e+00
9.247504234313964844e+00
9.248767852783203125e+00
9.247264862060546875e+00
9.248830795288085938e+00
9.247439384460449219e+00
9.248483657836914062e+00
9.247941970825195312e+00
9.247971534729003906e+00
9.248407363891601562e+00
9.247678756713867188e+00
9.248513221740722656e+00
9.247777938842773438e+00
9.248261451721191406e+00
9.248137474060058594e+00
9.247875213623046875e+00
9.248495101928710938e+00
9.247629165649414062e+00
9.248605728149414062e+00
9.247686386108398438e+00
9.248430252075195312e+00
9.247940063476562500e+00
9.248184204101562500e+00
9.248146057128906250e+00
9.248081207275390625e+00
9.248159408569335938e+00
9.248182296752929688e+00
9.247999191284179688e+00
9.248403549194335938e+00
9.247776031494140625e+00
9.248632431030273438e+00
9.247585296630859375e+00
9.248805046081542969e+00
9.247458457946777344e+00
9.248933792114257812e+00
9.247344970703125000e+00
9.249092102050781250e+00
9.247186660766601562e+00
9.249291419982910156e+00
9.247019767761230469e+00
9.249454498291015625e+00
9.246940612792968750e+00
9.249467849731445312e+00
9.247051239013671875e+00
9.249237060546875000e+00
9.247396469116210938e+00
9.248792648315429688e+00
9.247891426086425781e+00
9.248295783996582031e+00
9.248357772827148438e+00
9.247917175292968750e+00
9.248666763305664062e+00
9.247714042663574219e+00
9.248805999755859375e+00
9.247673034667968750e+00
9.248781204223632812e+00
9.247794151306152344e+00
9.248600959777832031e+00
9.248044967651367188e+00
9.248336791992187500e+00
9.248334884643554688e+00
9.248073577880859375e+00
9.248588562011718750e+00
9.247880935668945312e+00
9.248730659484863281e+00
9.247829437255859375e+00
9.248712539672851562e+00
9.247930526733398438e+00
9.248560905456542969e+00
9.248131752014160156e+00
9.248355865478515625e+00
9.248341560363769531e+00
9.248182296752929688e+00
9.248496055603027344e+00
9.248089790344238281e+00
9.248557090759277344e+00
9.248088836669921875e+00
9.248530387878417969e+00
9.248157501220703125e+00
9.248449325561523438e+00
9.248252868652343750e+00
9.248365402221679688e+00
9.248350143432617188e+00
9.248281478881835938e+00
9.248443603515625000e+00
9.248207092285156250e+00
9.248525619506835938e+00
9.248138427734375000e+00
9.248605728149414062e+00
9.248067855834960938e+00
9.248692512512207031e+00
9.247987747192382812e+00
9.248795509338378906e+00
9.247882843017578125e+00
9.248931884765625000e+00
9.247735023498535156e+00
9.249128341674804688e+00
9.247513771057128906e+00
9.249415397644042969e+00
9.247198104858398438e+00
9.249791145324707031e+00
9.246835708618164062e+00
9.250138282775878906e+00
9.246648788452148438e+00
9.250144004821777344e+00
9.246998786926269531e+00
9.249483108520507812e+00
9.247983932495117188e+00
9.248371124267578125e+00
9.249053955078125000e+00
9.247491836547851562e+00
9.249593734741210938e+00
9.247349739074707031e+00
9.249342918395996094e+00
9.247987747192382812e+00
9.248541831970214844e+00
9.248880386352539062e+00
9.247831344604492188e+00
9.249378204345703125e+00
9.247688293457031250e+00
9.249210357666015625e+00
9.248148918151855469e+00
9.248590469360351562e+00
9.248811721801757812e+00
9.248027801513671875e+00
9.249191284179687500e+00
9.247901916503906250e+00
9.249078750610351562e+00
9.248233795166015625e+00
9.248630523681640625e+00
9.248725891113281250e+00
9.248214721679687500e+00
9.249027252197265625e+00
9.248096466064453125e+00
9.248983383178710938e+00
9.248299598693847656e+00
9.248693466186523438e+00
9.248634338378906250e+00
9.248390197753906250e+00
9.248876571655273438e+00
9.248267173767089844e+00
9.248893737792968750e+00
9.248365402221679688e+00
9.248730659484863281e+00
9.248572349548339844e+00
9.248526573181152344e+00
9.248750686645507812e+00
9.248411178588867188e+00
9.248804092407226562e+00
9.248437881469726562e+00
9.248729705810546875e+00
9.248557090759277344e+00
9.248606681823730469e+00
9.248683929443359375e+00
9.248515129089355469e+00
9.248743057250976562e+00
9.248507499694824219e+00
9.248718261718750000e+00
9.248568534851074219e+00
9.248646736145019531e+00
9.248657226562500000e+00
9.248575210571289062e+00
9.248720169067382812e+00
9.248549461364746094e+00
9.248725891113281250e+00
9.248582839965820312e+00
9.248687744140625000e+00
9.248644828796386719e+00
9.248634338378906250e+00
9.248706817626953125e+00
9.248595237731933594e+00
9.248739242553710938e+00
9.248594284057617188e+00
9.248736381530761719e+00
9.248625755310058594e+00
9.248707771301269531e+00
9.248674392700195312e+00
9.248669624328613281e+00
9.248719215393066406e+00
9.248647689819335938e+00
9.248743057250976562e+00
9.248644828796386719e+00
9.248747825622558594e+00
9.248663902282714844e+00
9.248733520507812500e+00
9.248696327209472656e+00
9.248718261718750000e+00
9.248723983764648438e+00
9.248706817626953125e+00
9.248744964599609375e+00
9.248703002929687500e+00
9.248752593994140625e+00
9.248714447021484375e+00
9.248748779296875000e+00
9.248731613159179688e+00
9.248744964599609375e+00
9.248749732971191406e+00
9.248736381530761719e+00
9.248767852783203125e+00
9.248735427856445312e+00
9.248777389526367188e+00
9.248739242553710938e+00
9.248785972595214844e+00
9.248746871948242188e+00
9.248789787292480469e+00
9.248758316040039062e+00
9.248791694641113281e+00
9.248765945434570312e+00
9.248795509338378906e+00
9.248775482177734375e+00
9.248798370361328125e+00
9.248781204223632812e+00
9.248809814453125000e+00
9.248783111572265625e+00
9.248823165893554688e+00
9.248781204223632812e+00
9.248842239379882812e+00
9.248773574829101562e+00
9.248867988586425781e+00
9.248756408691406250e+00
9.248901367187500000e+00
9.248727798461914062e+00
9.248949050903320312e+00
9.248681068420410156e+00
9.249017715454101562e+00
9.248613357543945312e+00
9.249120712280273438e+00
9.248500823974609375e+00
9.249280929565429688e+00
9.248328208923339844e+00
9.249517440795898438e+00
9.248067855834960938e+00
9.249866485595703125e+00
9.247704505920410156e+00
9.250316619873046875e+00
9.247317314147949219e+00
9.250699996948242188e+00
9.247164726257324219e+00
9.250591278076171875e+00
9.247640609741210938e+00
9.249706268310546875e+00
9.248723983764648438e+00
9.248552322387695312e+00
9.249750137329101562e+00
9.247899055480957031e+00
9.250037193298339844e+00
9.248069763183593750e+00
9.249473571777343750e+00
9.248860359191894531e+00
9.248610496520996094e+00
9.249625205993652344e+00
9.248169898986816406e+00
9.249746322631835938e+00
9.248451232910156250e+00
9.249204635620117188e+00
9.249130249023437500e+00
9.248579025268554688e+00
9.249604225158691406e+00
9.248383522033691406e+00
9.249530792236328125e+00
9.248708724975585938e+00
9.249048233032226562e+00
9.249235153198242188e+00
9.248609542846679688e+00
9.249525070190429688e+00
9.248554229736328125e+00
9.249383926391601562e+00
9.248872756958007812e+00
9.248995780944824219e+00
9.249262809753417969e+00
9.248706817626953125e+00
9.249421119689941406e+00
9.248715400695800781e+00
9.249283790588378906e+00
9.248956680297851562e+00
9.249011039733886719e+00
9.249227523803710938e+00
9.248823165893554688e+00
9.249330520629882812e+00
9.248844146728515625e+00
9.249229431152343750e+00
9.249015808105468750e+00
9.249041557312011719e+00
9.249193191528320312e+00
9.248918533325195312e+00
9.249259948730468750e+00
9.248930931091308594e+00
9.249198913574218750e+00
9.249044418334960938e+00
9.249083518981933594e+00
9.249164581298828125e+00
9.248999595642089844e+00
9.249223709106445312e+00
9.248996734619140625e+00
9.249198913574218750e+00
9.249061584472656250e+00
9.249132156372070312e+00
9.249137878417968750e+00
9.249080657958984375e+00
9.249176979064941406e+00
9.249080657958984375e+00
9.249164581298828125e+00
9.249124526977539062e+00
9.249122619628906250e+00
9.249183654785156250e+00
9.249080657958984375e+00
9.249227523803710938e+00
9.249063491821289062e+00
9.249244689941406250e+00
9.249070167541503906e+00
9.249239921569824219e+00
9.249089241027832031e+00
9.249238967895507812e+00
9.249091148376464844e+00
9.249263763427734375e+00
9.249061584472656250e+00
9.249326705932617188e+00
9.248991012573242188e+00
9.249431610107421875e+00
9.248874664306640625e+00
9.249586105346679688e+00
9.248703956604003906e+00
9.249804496765136719e+00
9.248462677001953125e+00
9.250108718872070312e+00
9.248125076293945312e+00
9.250530242919921875e+00
9.247674942016601562e+00
9.251052856445312500e+00
9.247203826904296875e+00
9.251480102539062500e+00
9.247047424316406250e+00
9.251332283020019531e+00
9.247699737548828125e+00
9.250267982482910156e+00
9.249109268188476562e+00
9.248819351196289062e+00
9.250402450561523438e+00
9.247934341430664062e+00
9.250770568847656250e+00
9.248159408569335938e+00
9.250013351440429688e+00
9.249289512634277344e+00
9.248820304870605469e+00
9.250326156616210938e+00
9.248285293579101562e+00
9.250356674194335938e+00
9.248828887939453125e+00
9.249462127685546875e+00
9.249837875366210938e+00
9.248616218566894531e+00
9.250323295593261719e+00
9.248594284057617188e+00
9.249938964843750000e+00
9.249282836914062500e+00
9.249141693115234375e+00
9.250017166137695312e+00
9.248663902282714844e+00
9.250152587890625000e+00
9.248902320861816406e+00
9.249637603759765625e+00
9.249561309814453125e+00
9.249023437500000000e+00
9.250000953674316406e+00
9.248870849609375000e+00
9.249881744384765625e+00
9.249226570129394531e+00
9.249417304992675781e+00
9.249698638916015625e+00
9.249055862426757812e+00
9.249887466430664062e+00
9.249080657958984375e+00
9.249677658081054688e+00
9.249423980712890625e+00
9.249298095703125000e+00
9.249760627746582031e+00
9.249090194702148438e+00
9.249809265136718750e+00
9.249208450317382812e+00
9.249578475952148438e+00
9.249510765075683594e+00
9.249292373657226562e+00
9.249743461608886719e+00
9.249173164367675781e+00
9.249752044677734375e+00
9.249280929565429688e+00
9.249570846557617188e+00
9.249508857727050781e+00
9.249360084533691406e+00
9.249679565429687500e+00
9.249275207519531250e+00
9.249687194824218750e+00
9.249359130859375000e+00
9.249557495117187500e+00
9.249520301818847656e+00
9.249416351318359375e+00
9.249640464782714844e+00
9.249358177185058594e+00
9.249655723571777344e+00
9.249408721923828125e+00
9.249574661254882812e+00
9.249525070190429688e+00
9.249467849731445312e+00
9.249624252319335938e+00
9.249410629272460938e+00
9.249655723571777344e+00
9.249431610107421875e+00
9.249614715576171875e+00
9.249505996704101562e+00
9.249547958374023438e+00
9.249579429626464844e+00
9.249500274658203125e+00
9.249620437622070312e+00
9.249495506286621094e+00
9.249614715576171875e+00
9.249534606933593750e+00
9.249571800231933594e+00
9.249589920043945312e+00
9.249529838562011719e+00
9.249635696411132812e+00
9.249507904052734375e+00
9.249658584594726562e+00
9.249515533447265625e+00
9.249653816223144531e+00
9.249538421630859375e+00
9.249645233154296875e+00
9.249556541442871094e+00
9.249639511108398438e+00
9.249563217163085938e+00
9.249657630920410156e+00
9.249543190002441406e+00
9.249703407287597656e+00
9.249500274658203125e+00
9.249771118164062500e+00
9.249434471130371094e+00
9.249866485595703125e+00
9.249342918395996094e+00
9.249986648559570312e+00
9.249233245849609375e+00
9.250133514404296875e+00
9.249105453491210938e+00
9.250285148620605469e+00
9.248995780944824219e+00
9.250370025634765625e+00
9.248978614807128906e+00
9.250284194946289062e+00
9.249155998229980469e+00
9.249994277954101562e+00
9.249519348144531250e+00
9.249601364135742188e+00
9.249923706054687500e+00
9.249250411987304688e+00
9.250190734863281250e+00
9.249112129211425781e+00
9.250198364257812500e+00
9.249275207519531250e+00
9.249952316284179688e+00
9.249654769897460938e+00
9.249583244323730469e+00
9.250024795532226562e+00
9.249305725097656250e+00
9.250187873840332031e+00
9.249273300170898438e+00
9.250095367431640625e+00
9.249497413635253906e+00
9.249811172485351562e+00
9.249837875366210938e+00
9.249511718750000000e+00
9.250085830688476562e+00
9.249371528625488281e+00
9.250129699707031250e+00
9.249450683593750000e+00
9.249975204467773438e+00
9.249687194824218750e+00
9.249727249145507812e+00
9.249936103820800781e+00
9.249534606933593750e+00
9.250068664550781250e+00
9.249490737915039062e+00
9.250040054321289062e+00
9.249598503112792969e+00
9.249894142150878906e+00
9.249783515930175781e+00
9.249721527099609375e+00
9.249941825866699219e+00
9.249613761901855469e+00
9.250009536743164062e+00
9.249608993530273438e+00
9.249973297119140625e+00
9.249696731567382812e+00
9.249873161315917969e+00
9.249816894531250000e+00
9.249768257141113281e+00
9.249915122985839844e+00
9.249707221984863281e+00
9.249952316284179688e+00
9.249709129333496094e+00
9.249931335449218750e+00
9.249759674072265625e+00
9.249875068664550781e+00
9.249829292297363281e+00
9.249818801879882812e+00
9.249885559082031250e+00
9.249787330627441406e+00
9.249914169311523438e+00
9.249788284301757812e+00
9.249910354614257812e+00
9.249813079833984375e+00
9.249884605407714844e+00
9.249851226806640625e+00
9.249856948852539062e+00
9.249885559082031250e+00
9.249843597412109375e+00
9.249905586242675781e+00
9.249845504760742188e+00
9.249907493591308594e+00
9.249860763549804688e+00
9.249897003173828125e+00
9.249883651733398438e+00
9.249883651733398438e+00
9.249909400939941406e+00
9.249872207641601562e+00
9.249928474426269531e+00
9.249868392944335938e+00
9.249935150146484375e+00
9.249876022338867188e+00
9.249934196472167969e+00
9.249892234802246094e+00
9.249927520751953125e+00
9.249912261962890625e+00
9.249918937683105469e+00
9.249933242797851562e+00
9.249910354614257812e+00
9.249950408935546875e+00
9.249906539916992188e+00
9.249963760375976562e+00
9.249906539916992188e+00
9.249973297119140625e+00
9.249912261962890625e+00
9.249977111816406250e+00
9.249920845031738281e+00
9.249977111816406250e+00
9.249931335449218750e+00
9.249975204467773438e+00
9.249944686889648438e+00
9.249975204467773438e+00
9.249956130981445312e+00
9.249977111816406250e+00
9.249965667724609375e+00
9.249977111816406250e+00
9.249974250793457031e+00
9.249982833862304688e+00
9.249979019165039062e+00
9.249987602233886719e+00
9.249984741210937500e+00
9.249995231628417969e+00
9.249988555908203125e+00
9.250003814697265625e+00
9.249991416931152344e+00
9.250014305114746094e+00
9.249991416931152344e+00
9.250029563903808594e+00
9.249986648559570312e+00
9.250047683715820312e+00
9.249982833862304688e+00
9.250078201293945312e+00
9.249967575073242188e+00
9.250142097473144531e+00
9.249918937683105469e+00
9.250279426574707031e+00
9.249773025512695312e+00
9.250556945800781250e+00
9.249452590942382812e+00
9.250939369201660156e+00
9.249078750610351562e+00
9.251234054565429688e+00
9.248958587646484375e+00
9.251226425170898438e+00
9.249263763427734375e+00
9.250717163085937500e+00
9.249976158142089844e+00
9.249872207641601562e+00
9.250775337219238281e+00
9.249242782592773438e+00
9.251224517822265625e+00
9.249225616455078125e+00
9.250903129577636719e+00
9.249893188476562500e+00
9.250094413757324219e+00
9.250653266906738281e+00
9.249561309814453125e+00
9.250917434692382812e+00
9.249622344970703125e+00
9.250556945800781250e+00
9.250135421752929688e+00
9.250028610229492188e+00
9.250548362731933594e+00
9.249845504760742188e+00
9.250528335571289062e+00
9.250064849853515625e+00
9.250205039978027344e+00
9.250402450561523438e+00
9.249972343444824219e+00
9.250486373901367188e+00
9.250059127807617188e+00
9.250287055969238281e+00
9.250316619873046875e+00
9.250060081481933594e+00
9.250486373901367188e+00
9.250017166137695312e+00
9.250423431396484375e+00
9.250173568725585938e+00
9.250231742858886719e+00
9.250354766845703125e+00
9.250111579895019531e+00
9.250400543212890625e+00
9.250141143798828125e+00
9.250316619873046875e+00
9.250257492065429688e+00
9.250214576721191406e+00
9.250329017639160156e+00
9.250204086303710938e+00
9.250299453735351562e+00
9.250276565551757812e+00
9.250217437744140625e+00
9.250352859497070312e+00
9.250178337097167969e+00
9.250354766845703125e+00
9.250219345092773438e+00
9.250291824340820312e+00
9.250305175781250000e+00
9.250221252441406250e+00
9.250368118286132812e+00
9.250198364257812500e+00
9.250368118286132812e+00
9.250236511230468750e+00
9.250320434570312500e+00
9.250299453735351562e+00
9.250274658203125000e+00
9.250340461730957031e+00
9.250265121459960938e+00
9.250335693359375000e+00
9.250296592712402344e+00
9.250305175781250000e+00
9.250335693359375000e+00
9.250281333923339844e+00
9.250363349914550781e+00
9.250276565551757812e+00
9.250366210937500000e+00
9.250295639038085938e+00
9.250350952148437500e+00
9.250321388244628906e+00
9.250339508056640625e+00
9.250334739685058594e+00
9.250344276428222656e+00
9.250334739685058594e+00
9.250362396240234375e+00
9.250322341918945312e+00
9.250384330749511719e+00
9.250315666198730469e+00
9.250396728515625000e+00
9.250318527221679688e+00
9.250401496887207031e+00
9.250325202941894531e+00
9.250402450561523438e+00
9.250331878662109375e+00
9.250408172607421875e+00
9.250331878662109375e+00
9.250425338745117188e+00
9.250314712524414062e+00
9.250458717346191406e+00
9.250285148620605469e+00
9.250506401062011719e+00
9.250240325927734375e+00
9.250572204589843750e+00
9.250176429748535156e+00
9.250659942626953125e+00
9.250085830688476562e+00
9.250785827636718750e+00
9.249943733215332031e+00
9.250973701477050781e+00
9.249725341796875000e+00
9.251256942749023438e+00
9.249399185180664062e+00
9.251672744750976562e+00
9.248951911926269531e+00
9.252202987670898438e+00
9.248462677001953125e+00
9.252650260925292969e+00
9.248246192932128906e+00
9.252575874328613281e+00
9.248736381530761719e+00
9.251699447631835938e+00
9.249917984008789062e+00
9.250377655029296875e+00
9.251189231872558594e+00
9.249291419982910156e+00
9.251916885375976562e+00
9.248987197875976562e+00
9.251758575439453125e+00
9.249628067016601562e+00
9.250827789306640625e+00
9.250759124755859375e+00
9.249807357788085938e+00
9.251546859741210938e+00
9.249407768249511719e+00
9.251548767089843750e+00
9.249797821044921875e+00
9.250858306884765625e+00
9.250679969787597656e+00
9.249995231628417969e+00
9.251355171203613281e+00
9.249675750732421875e+00
9.251304626464843750e+00
9.250062942504882812e+00
9.250713348388671875e+00
9.250738143920898438e+00
9.250116348266601562e+00
9.251155853271484375e+00
9.249971389770507812e+00
9.251052856445312500e+00
9.250288009643554688e+00
9.250637054443359375e+00
9.250725746154785156e+00
9.250278472900390625e+00
9.250946998596191406e+00
9.250236511230468750e+00
9.250835418701171875e+00
9.250453948974609375e+00
9.250593185424804688e+00
9.250676155090332031e+00
9.250444412231445312e+00
9.250753402709960938e+00
9.250452041625976562e+00
9.250688552856445312e+00
9.250560760498046875e+00
9.250590324401855469e+00
9.250642776489257812e+00
9.250555038452148438e+00
9.250652313232421875e+00
9.250581741333007812e+00
9.250616073608398438e+00
9.250628471374511719e+00
9.250591278076171875e+00
9.250637054443359375e+00
9.250616073608398438e+00
9.250610351562500000e+00
9.250653266906738281e+00
9.250589370727539062e+00
9.250673294067382812e+00
9.250593185424804688e+00
9.250660896301269531e+00
9.250629425048828125e+00
9.250629425048828125e+00
9.250671386718750000e+00
9.250608444213867188e+00
9.250694274902343750e+00
9.250606536865234375e+00
9.250692367553710938e+00
9.250629425048828125e+00
9.250675201416015625e+00
9.250658035278320312e+00
9.250663757324218750e+00
9.250676155090332031e+00
9.250658035278320312e+00
9.250689506530761719e+00
9.250659942626953125e+00
9.250692367553710938e+00
9.250671386718750000e+00
9.250693321228027344e+00
9.250682830810546875e+00
9.250694274902343750e+00
9.250696182250976562e+00
9.250688552856445312e+00
9.250715255737304688e+00
9.250679016113281250e+00
9.250741004943847656e+00
9.250663757324218750e+00
9.250771522521972656e+00
9.250646591186523438e+00
9.250804901123046875e+00
9.250629425048828125e+00
9.250841140747070312e+00
9.250608444213867188e+00
9.250891685485839844e+00
9.250583648681640625e+00
9.250959396362304688e+00
9.250553131103515625e+00
9.251037597656250000e+00
9.250492095947265625e+00
9.251099586486816406e+00
9.250423431396484375e+00
9.251111030578613281e+00
9.250415802001953125e+00
9.251066207885742188e+00
9.250531196594238281e+00
9.250926971435546875e+00
9.250736236572265625e+00
9.250713348388671875e+00
9.250942230224609375e+00
9.250534057617187500e+00
9.251091003417968750e+00
9.250467300415039062e+00
9.251138687133789062e+00
9.250535964965820312e+00
9.251041412353515625e+00
9.250698089599609375e+00
9.250856399536132812e+00
9.250883102416992188e+00
9.250698089599609375e+00
9.251016616821289062e+00
9.250631332397460938e+00
9.251054763793945312e+00
9.250658035278320312e+00
9.251005172729492188e+00
9.250743865966796875e+00
9.250913619995117188e+00
9.250848770141601562e+00
9.250839233398437500e+00
9.250908851623535156e+00
9.250817298889160156e+00
9.250920295715332031e+00
9.250831604003906250e+00
9.250904083251953125e+00
9.250862121582031250e+00
9.250889778137207031e+00
9.250877380371093750e+00
9.250896453857421875e+00
9.250865936279296875e+00
9.250926017761230469e+00
9.250835418701171875e+00
9.250967979431152344e+00
9.250813484191894531e+00
9.250987052917480469e+00
9.250822067260742188e+00
9.250975608825683594e+00
9.250854492187500000e+00
9.250943183898925781e+00
9.250905990600585938e+00
9.250898361206054688e+00
9.250954627990722656e+00
9.250869750976562500e+00
9.250982284545898438e+00
9.250862121582031250e+00
9.250985145568847656e+00
9.250873565673828125e+00
9.250976562500000000e+00
9.250892639160156250e+00
9.250967025756835938e+00
9.250911712646484375e+00
9.250963211059570312e+00
9.250919342041015625e+00
9.250972747802734375e+00
9.250916481018066406e+00
9.250988960266113281e+00
9.250907897949218750e+00
9.251008987426757812e+00
9.250899314880371094e+00
9.251027107238769531e+00
9.250892639160156250e+00
9.251045227050781250e+00
9.250881195068359375e+00
9.251064300537109375e+00
9.250871658325195312e+00
9.251085281372070312e+00
9.250854492187500000e+00
9.251121520996093750e+00
9.250825881958007812e+00
9.251166343688964844e+00
9.250782966613769531e+00
9.251232147216796875e+00
9.250715255737304688e+00
9.251324653625488281e+00
9.250616073608398438e+00
9.251455307006835938e+00
9.250471115112304688e+00
9.251639366149902344e+00
9.250272750854492188e+00
9.251886367797851562e+00
9.250016212463378906e+00
9.252185821533203125e+00
9.249736785888671875e+00
9.252471923828125000e+00
9.249547958374023438e+00
9.252571105957031250e+00
9.249662399291992188e+00
9.252267837524414062e+00
9.250205993652343750e+00
9.251573562622070312e+00
9.250993728637695312e+00
9.250800132751464844e+00
9.251664161682128906e+00
9.250303268432617188e+00
9.251958847045898438e+00
9.250258445739746094e+00
9.251811027526855469e+00
9.250633239746093750e+00
9.251352310180664062e+00
9.251174926757812500e+00
9.250864028930664062e+00
9.251590728759765625e+00
9.250591278076171875e+00
9.251714706420898438e+00
9.250629425048828125e+00
9.251544952392578125e+00
9.250904083251953125e+00
9.251215934753417969e+00
9.251249313354492188e+00
9.250915527343750000e+00
9.251486778259277344e+00
9.250780105590820312e+00
9.251535415649414062e+00
9.250835418701171875e+00
9.251413345336914062e+00
9.251021385192871094e+00
9.251208305358886719e+00
9.251235008239746094e+00
9.251024246215820312e+00
9.251386642456054688e+00
9.250937461853027344e+00
9.251422882080078125e+00
9.250966072082519531e+00
9.251358032226562500e+00
9.251069068908691406e+00
9.251241683959960938e+00
9.251194953918457031e+00
9.251129150390625000e+00
9.251294136047363281e+00
9.251063346862792969e+00
9.251335144042968750e+00
9.251060485839843750e+00
9.251315116882324219e+00
9.251109123229980469e+00
9.251262664794921875e+00
9.251178741455078125e+00
9.251201629638671875e+00
9.251242637634277344e+00
9.251153945922851562e+00
9.251280784606933594e+00
9.251138687133789062e+00
9.251285552978515625e+00
9.251153945922851562e+00
9.251267433166503906e+00
9.251191139221191406e+00
9.251237869262695312e+00
9.251232147216796875e+00
9.251210212707519531e+00
9.251262664794921875e+00
9.251190185546875000e+00
9.251287460327148438e+00
9.251186370849609375e+00
9.251291275024414062e+00
9.251198768615722656e+00
9.251291275024414062e+00
9.251213073730468750e+00
9.251281738281250000e+00
9.251234054565429688e+00
9.251274108886718750e+00
9.251250267028808594e+00
9.251271247863769531e+00
9.251261711120605469e+00
9.251270294189453125e+00
9.251270294189453125e+00
9.251276969909667969e+00
9.251268386840820312e+00
9.251291275024414062e+00
9.251265525817871094e+00
9.251310348510742188e+00
9.251256942749023438e+00
9.251331329345703125e+00
9.251241683959960938e+00
9.251359939575195312e+00
9.251220703125000000e+00
9.251394271850585938e+00
9.251188278198242188e+00
9.251445770263671875e+00
9.251138687133789062e+00
9.251515388488769531e+00
9.251064300537109375e+00
9.251622200012207031e+00
9.250947952270507812e+00
9.251782417297363281e+00
9.250765800476074219e+00
9.252025604248046875e+00
9.250490188598632812e+00
9.252380371093750000e+00
9.250099182128906250e+00
9.252868652343750000e+00
9.249629020690917969e+00
9.253376960754394531e+00
9.249291419982910156e+00
9.253533363342285156e+00
9.249509811401367188e+00
9.252878189086914062e+00
9.250504493713378906e+00
9.251605987548828125e+00
9.251787185668945312e+00
9.250533103942871094e+00
9.252551078796386719e+00
9.250258445739746094e+00
9.252367019653320312e+00
9.250831604003906250e+00
9.251516342163085938e+00
9.251744270324707031e+00
9.250759124755859375e+00
9.252258300781250000e+00
9.250667572021484375e+00
9.252003669738769531e+00
9.251222610473632812e+00
9.251310348510742188e+00
9.251907348632812500e+00
9.250797271728515625e+00
9.252183914184570312e+00
9.250839233398437500e+00
9.251877784729003906e+00
9.251343727111816406e+00
9.251304626464843750e+00
9.251879692077636719e+00
9.250929832458496094e+00
9.252058029174804688e+00
9.250995635986328125e+00
9.251798629760742188e+00
9.251394271850585938e+00
9.251369476318359375e+00
9.251781463623046875e+00
9.251108169555664062e+00
9.251903533935546875e+00
9.251153945922851562e+00
9.251729011535644531e+00
9.251424789428710938e+00
9.251440048217773438e+00
9.251695632934570312e+00
9.251253128051757812e+00
9.251791954040527344e+00
9.251276016235351562e+00
9.251684188842773438e+00
9.251451492309570312e+00
9.251492500305175781e+00
9.251634597778320312e+00
9.251361846923828125e+00
9.251712799072265625e+00
9.251361846923828125e+00
9.251659393310546875e+00
9.251472473144531250e+00
9.251535415649414062e+00
9.251609802246093750e+00
9.251428604125976562e+00
9.251697540283203125e+00
9.251390457153320312e+00
9.251701354980468750e+00
9.251424789428710938e+00
9.251659393310546875e+00
9.251479148864746094e+00
9.251625061035156250e+00
9.251502990722656250e+00
9.251640319824218750e+00
9.251465797424316406e+00
9.251726150512695312e+00
9.251359939575195312e+00
9.251873016357421875e+00
9.251199722290039062e+00
9.252069473266601562e+00
9.250986099243164062e+00
9.252321243286132812e+00
9.250714302062988281e+00
9.252643585205078125e+00
9.250366210937500000e+00
9.253046035766601562e+00
9.249982833862304688e+00
9.253408432006835938e+00
9.249790191650390625e+00
9.253393173217773438e+00
9.250174522399902344e+00
9.252680778503417969e+00
9.251183509826660156e+00
9.251552581787109375e+00
9.252229690551757812e+00
9.250724792480468750e+00
9.252695083618164062e+00
9.250662803649902344e+00
9.252386093139648438e+00
9.251306533813476562e+00
9.251644134521484375e+00
9.252079010009765625e+00
9.251096725463867188e+00
9.252401351928710938e+00
9.251110076904296875e+00
9.252128601074218750e+00
9.251577377319335938e+00
9.251596450805664062e+00
9.252059936523437500e+00
9.251270294189453125e+00
9.252193450927734375e+00
9.251358032226562500e+00
9.251943588256835938e+00
9.251720428466796875e+00
9.251577377319335938e+00
9.252033233642578125e+00
9.251405715942382812e+00
9.252073287963867188e+00
9.251518249511718750e+00
9.251866340637207031e+00
9.251781463623046875e+00
9.251616477966308594e+00
9.251979827880859375e+00
9.251520156860351562e+00
9.251993179321289062e+00
9.251607894897460938e+00
9.251849174499511719e+00
9.251791000366210938e+00
9.251679420471191406e+00
9.251918792724609375e+00
9.251614570617675781e+00
9.251924514770507812e+00
9.251668930053710938e+00
9.251837730407714844e+00
9.251785278320312500e+00
9.251731872558593750e+00
9.251873016357421875e+00
9.251688957214355469e+00
9.251885414123535156e+00
9.251718521118164062e+00
9.251836776733398438e+00
9.251789093017578125e+00
9.251770019531250000e+00
9.251848220825195312e+00
9.251734733581542969e+00
9.251864433288574219e+00
9.251746177673339844e+00
9.251842498779296875e+00
9.251791000366210938e+00
9.251806259155273438e+00
9.251837730407714844e+00
9.251779556274414062e+00
9.251859664916992188e+00
9.251775741577148438e+00
9.251857757568359375e+00
9.251802444458007812e+00
9.251839637756347656e+00
9.251832962036132812e+00
9.251825332641601562e+00
9.251853942871093750e+00
9.251817703247070312e+00
9.251863479614257812e+00
9.251825332641601562e+00
9.251857757568359375e+00
9.251844406127929688e+00
9.251852035522460938e+00
9.251865386962890625e+00
9.251844406127929688e+00
9.251875877380371094e+00
9.251844406127929688e+00
9.251881599426269531e+00
9.251852035522460938e+00
9.251885414123535156e+00
9.251863479614257812e+00
9.251884460449218750e+00
9.251874923706054688e+00
9.251884460449218750e+00
9.251880645751953125e+00
9.251890182495117188e+00
9.251886367797851562e+00
9.251899719238281250e+00
9.251883506774902344e+00
9.251913070678710938e+00
9.251879692077636719e+00
9.251928329467773438e+00
9.251871109008789062e+00
9.251950263977050781e+00
9.251861572265625000e+00
9.251975059509277344e+00
9.251844406127929688e+00
9.252008438110351562e+00
9.251814842224121094e+00
9.252056121826171875e+00
9.251770019531250000e+00
9.252128601074218750e+00
9.251695632934570312e+00
9.252243995666503906e+00
9.251579284667968750e+00
9.252424240112304688e+00
9.251399993896484375e+00
9.252692222595214844e+00
9.251152992248535156e+00
9.253025054931640625e+00
9.250907897949218750e+00
9.253227233886718750e+00
9.250901222229003906e+00
9.252983093261718750e+00
9.251364707946777344e+00
9.252318382263183594e+00
9.252099990844726562e+00
9.251661300659179688e+00
9.252633094787597656e+00
9.251339912414550781e+00
9.252750396728515625e+00
9.251423835754394531e+00
9.252496719360351562e+00
9.251844406127929688e+00
9.252026557922363281e+00
9.252349853515625000e+00
9.251644134521484375e+00
9.252569198608398438e+00
9.251631736755371094e+00
9.252407073974609375e+00
9.251922607421875000e+00
9.252080917358398438e+00
9.252246856689453125e+00
9.251819610595703125e+00
9.252408981323242188e+00
9.251793861389160156e+00
9.252300262451171875e+00
9.252023696899414062e+00
9.252027511596679688e+00
9.252296447753906250e+00
9.251839637756347656e+00
9.252367019653320312e+00
9.251897811889648438e+00
9.252205848693847656e+00
9.252126693725585938e+00
9.251979827880859375e+00
9.252332687377929688e+00
9.251859664916992188e+00
9.252374649047851562e+00
9.251925468444824219e+00
9.252223968505859375e+00
9.252138137817382812e+00
9.252008438110351562e+00
9.252324104309082031e+00
9.251903533935546875e+00
9.252353668212890625e+00
9.251961708068847656e+00
9.252246856689453125e+00
9.252108573913574219e+00
9.252105712890625000e+00
9.252241134643554688e+00
9.252020835876464844e+00
9.252285003662109375e+00
9.252038955688476562e+00
9.252231597900390625e+00
9.252124786376953125e+00
9.252148628234863281e+00
9.252202987670898438e+00
9.252101898193359375e+00
9.252227783203125000e+00
9.252117156982421875e+00
9.252202033996582031e+00
9.252163887023925781e+00
9.252161026000976562e+00
9.252212524414062500e+00
9.252130508422851562e+00
9.252239227294921875e+00
9.252131462097167969e+00
9.252233505249023438e+00
9.252159118652343750e+00
9.252210617065429688e+00
9.252194404602050781e+00
9.252188682556152344e+00
9.252218246459960938e+00
9.252179145812988281e+00
9.252230644226074219e+00
9.252180099487304688e+00
9.252235412597656250e+00
9.252191543579101562e+00
9.252233505249023438e+00
9.252202987670898438e+00
9.252233505249023438e+00
9.252215385437011719e+00
9.252231597900390625e+00
9.252227783203125000e+00
9.252229690551757812e+00
9.252233505249023438e+00
9.252233505249023438e+00
9.252240180969238281e+00
9.252242088317871094e+00
9.252237319946289062e+00
9.252258300781250000e+00
9.252231597900390625e+00
9.252275466918945312e+00
9.252221107482910156e+00
9.252298355102539062e+00
9.252206802368164062e+00
9.252325057983398438e+00
9.252192497253417969e+00
9.252347946166992188e+00
9.252176284790039062e+00
9.252375602722167969e+00
9.252153396606445312e+00
9.252413749694824219e+00
9.252116203308105469e+00
9.252473831176757812e+00
9.252053260803222656e+00
9.252571105957031250e+00
9.251943588256835938e+00
9.252722740173339844e+00
9.251765251159667969e+00
9.252953529357910156e+00
9.251501083374023438e+00
9.253286361694335938e+00
9.251142501831054688e+00
9.253703117370605469e+00
9.250766754150390625e+00
9.254038810729980469e+00
9.250652313232421875e+00
9.253915786743164062e+00
9.251155853271484375e+00
9.253114700317382812e+00
9.252182006835937500e+00
9.252048492431640625e+00
9.253099441528320312e+00
9.251404762268066406e+00
9.253379821777343750e+00
9.251532554626464844e+00
9.252931594848632812e+00
9.252259254455566406e+00
9.252178192138671875e+00
9.252966880798339844e+00
9.251743316650390625e+00
9.253136634826660156e+00
9.251908302307128906e+00
9.252737045288085938e+00
9.252465248107910156e+00
9.252165794372558594e+00
9.252927780151367188e+00
9.251901626586914062e+00
9.252960205078125000e+00
9.252101898193359375e+00
9.252601623535156250e+00
9.252551078796386719e+00
9.252185821533203125e+00
9.252873420715332031e+00
9.252035140991210938e+00
9.252854347229003906e+00
9.252226829528808594e+00
9.252560615539550781e+00
9.252564430236816406e+00
9.252258300781250000e+00
9.252788543701171875e+00
9.252161026000976562e+00
9.252772331237792969e+00
9.252300262451171875e+00
9.252563476562500000e+00
9.252544403076171875e+00
9.252343177795410156e+00
9.252705574035644531e+00
9.252263069152832031e+00
9.252703666687011719e+00
9.252347946166992188e+00
9.252565383911132812e+00
9.252516746520996094e+00
9.252412796020507812e+00
9.252643585205078125e+00
9.252340316772460938e+00
9.252666473388671875e+00
9.252376556396484375e+00
9.252588272094726562e+00
9.252485275268554688e+00
9.252479553222656250e+00
9.252586364746093750e+00
9.252411842346191406e+00
9.252626419067382812e+00
9.252412796020507812e+00
9.252601623535156250e+00
9.252471923828125000e+00
9.252540588378906250e+00
9.252542495727539062e+00
9.252489089965820312e+00
9.252587318420410156e+00
9.252471923828125000e+00
9.252592086791992188e+00
9.252494812011718750e+00
9.252563476562500000e+00
9.252542495727539062e+00
9.252530097961425781e+00
9.252583503723144531e+00
9.252507209777832031e+00
9.252605438232421875e+00
9.252506256103515625e+00
9.252602577209472656e+00
9.252525329589843750e+00
9.252588272094726562e+00
9.252552032470703125e+00
9.252574920654296875e+00
9.252572059631347656e+00
9.252573013305664062e+00
9.252575874328613281e+00
9.252588272094726562e+00
9.252563476562500000e+00
9.252616882324218750e+00
9.252541542053222656e+00
9.252654075622558594e+00
9.252511978149414062e+00
9.252699851989746094e+00
9.252473831176757812e+00
9.252746582031250000e+00
9.252431869506835938e+00
9.252807617187500000e+00
9.252370834350585938e+00
9.252891540527343750e+00
9.252279281616210938e+00
9.253023147583007812e+00
9.252124786376953125e+00
9.253234863281250000e+00
9.251883506774902344e+00
9.253553390502929688e+00
9.251527786254882812e+00
9.254006385803222656e+00
9.251073837280273438e+00
9.254508972167968750e+00
9.250705718994140625e+00
9.254725456237792969e+00
9.250816345214843750e+00
9.254195213317871094e+00
9.251700401306152344e+00
9.252997398376464844e+00
9.252953529357910156e+00
9.251909255981445312e+00
9.253768920898437500e+00
9.251535415649414062e+00
9.253713607788085938e+00
9.251959800720214844e+00
9.252992630004882812e+00
9.252792358398437500e+00
9.252239227294921875e+00
9.253376960754394531e+00
9.252006530761718750e+00
9.253303527832031250e+00
9.252371788024902344e+00
9.252779006958007812e+00
9.252934455871582031e+00
9.252322196960449219e+00
9.253227233886718750e+00
9.252282142639160156e+00
9.253065109252929688e+00
9.252613067626953125e+00
9.252662658691406250e+00
9.253011703491210938e+00
9.252372741699218750e+00
9.253166198730468750e+00
9.252401351928710938e+00
9.252987861633300781e+00
9.252696037292480469e+00
9.252668380737304688e+00
9.252996444702148438e+00
9.252470016479492188e+00
9.253091812133789062e+00
9.252500534057617188e+00
9.252965927124023438e+00
9.252704620361328125e+00
9.252741813659667969e+00
9.252920150756835938e+00
9.252592086791992188e+00
9.253005027770996094e+00
9.252597808837890625e+00
9.252936363220214844e+00
9.252726554870605469e+00
9.252789497375488281e+00
9.252872467041015625e+00
9.252688407897949219e+00
9.252941131591796875e+00
9.252681732177734375e+00
9.252916336059570312e+00
9.252752304077148438e+00
9.252835273742675781e+00
9.252846717834472656e+00
9.252760887145996094e+00
9.252903938293457031e+00
9.252744674682617188e+00
9.252901077270507812e+00
9.252780914306640625e+00
9.252858161926269531e+00
9.252840042114257812e+00
9.252813339233398438e+00
9.252883911132812500e+00
9.252799034118652344e+00
9.252890586853027344e+00
9.252822875976562500e+00
9.252865791320800781e+00
9.252866744995117188e+00
9.252828598022460938e+00
9.252912521362304688e+00
9.252799987792968750e+00
9.252938270568847656e+00
9.252797126770019531e+00
9.252939224243164062e+00
9.252815246582031250e+00
9.252925872802734375e+00
9.252843856811523438e+00
9.252908706665039062e+00
9.252870559692382812e+00
9.252903938293457031e+00
9.252879142761230469e+00
9.252912521362304688e+00
9.252871513366699219e+00
9.252937316894531250e+00
9.252846717834472656e+00
9.252977371215820312e+00
9.252814292907714844e+00
9.253023147583007812e+00
9.252775192260742188e+00
9.253083229064941406e+00
9.252723693847656250e+00
9.253156661987304688e+00
9.252654075622558594e+00
9.253255844116210938e+00
9.252547264099121094e+00
9.253404617309570312e+00
9.252396583557128906e+00
9.253612518310546875e+00
9.252198219299316406e+00
9.253859519958496094e+00
9.252010345458984375e+00
9.254035949707031250e+00
9.251999855041503906e+00
9.253902435302734375e+00
9.252359390258789062e+00
9.253320693969726562e+00
9.253055572509765625e+00
9.252558708190917969e+00
9.253734588623046875e+00
9.252084732055664062e+00
9.253978729248046875e+00
9.252161026000976562e+00
9.253677368164062500e+00
9.252646446228027344e+00
9.253135681152343750e+00
9.253164291381835938e+00
9.252758979797363281e+00
9.253382682800292969e+00
9.252792358398437500e+00
9.253166198730468750e+00
9.253168106079101562e+00
9.252752304077148438e+00
9.253538131713867188e+00
9.252501487731933594e+00
9.253647804260253906e+00
9.252565383911132812e+00
9.253473281860351562e+00
9.252828598022460938e+00
9.253215789794921875e+00
9.253037452697753906e+00
9.253115653991699219e+00
9.253028869628906250e+00
9.253252029418945312e+00
9.252815246582031250e+00
9.253526687622070312e+00
9.252551078796386719e+00
9.253751754760742188e+00
9.252413749694824219e+00
9.253817558288574219e+00
9.252425193786621094e+00
9.253782272338867188e+00
9.252483367919921875e+00
9.253759384155273438e+00
9.252469062805175781e+00
9.253850936889648438e+00
9.252324104309082031e+00
9.254060745239257812e+00
9.252115249633789062e+00
9.254265785217285156e+00
9.251994132995605469e+00
9.254306793212890625e+00
9.252090454101562500e+00
9.254095077514648438e+00
9.252423286437988281e+00
9.253692626953125000e+00
9.252866744995117188e+00
9.253270149230957031e+00
9.253251075744628906e+00
9.252958297729492188e+00
9.253492355346679688e+00
9.252809524536132812e+00
9.253589630126953125e+00
9.252777099609375000e+00
9.253609657287597656e+00
9.252800941467285156e+00
9.253590583801269531e+00
9.252851486206054688e+00
9.253540992736816406e+00
9.252923011779785156e+00
9.253456115722656250e+00
9.253032684326171875e+00
9.253328323364257812e+00
9.253175735473632812e+00
9.253189086914062500e+00
9.253316879272460938e+00
9.253071784973144531e+00
9.253427505493164062e+00
9.253002166748046875e+00
9.253477096557617188e+00
9.252988815307617188e+00
9.253479957580566406e+00
9.253012657165527344e+00
9.253455162048339844e+00
9.253055572509765625e+00
9.253417968750000000e+00
9.253095626831054688e+00
9.253393173217773438e+00
9.253122329711914062e+00
9.253376960754394531e+00
9.253147125244140625e+00
9.253360748291015625e+00
9.253172874450683594e+00
9.253336906433105469e+00
9.253209114074707031e+00
9.253306388854980469e+00
9.253250122070312500e+00
9.253274917602539062e+00
9.253293037414550781e+00
9.253244400024414062e+00
9.253326416015625000e+00
9.253223419189453125e+00
9.253347396850585938e+00
9.253213882446289062e+00
9.253360748291015625e+00
9.253211975097656250e+00
9.253375053405761719e+00
9.253206253051757812e+00
9.253392219543457031e+00
9.253196716308593750e+00
9.253416061401367188e+00
9.253173828125000000e+00
9.253454208374023438e+00
9.253139495849609375e+00
9.253505706787109375e+00
9.253091812133789062e+00
9.253572463989257812e+00
9.253025054931640625e+00
9.253662109375000000e+00
9.252934455871582031e+00
9.253778457641601562e+00
9.252808570861816406e+00
9.253940582275390625e+00
9.252635955810546875e+00
9.254152297973632812e+00
9.252414703369140625e+00
9.254409790039062500e+00
9.252168655395507812e+00
9.254664421081542969e+00
9.251985549926757812e+00
9.254789352416992188e+00
9.252023696899414062e+00
9.254608154296875000e+00
9.252414703369140625e+00
9.254064559936523438e+00
9.253086090087890625e+00
9.253359794616699219e+00
9.253752708435058594e+00
9.252797126770019531e+00
9.254161834716796875e+00
9.252584457397460938e+00
9.254199981689453125e+00
9.252766609191894531e+00
9.253900527954101562e+00
9.253210067749023438e+00
9.253447532653808594e+00
9.253669738769531250e+00
9.253068923950195312e+00
9.253948211669921875e+00
9.252914428710937500e+00
9.253973960876464844e+00
9.253014564514160156e+00
9.253779411315917969e+00
9.253283500671386719e+00
9.253496170043945312e+00
9.253570556640625000e+00
9.253255844116210938e+00
9.253760337829589844e+00
9.253149032592773438e+00
9.253803253173828125e+00
9.253184318542480469e+00
9.253719329833984375e+00
9.253317832946777344e+00
9.253570556640625000e+00
9.253482818603515625e+00
9.253429412841796875e+00
9.253608703613281250e+00
9.253344535827636719e+00
9.253664016723632812e+00
9.253331184387207031e+00
9.253650665283203125e+00
9.253377914428710938e+00
9.253591537475585938e+00
9.253452301025390625e+00
9.253518104553222656e+00
9.253530502319335938e+00
9.253456115722656250e+00
9.253585815429687500e+00
9.253427505493164062e+00
9.253608703613281250e+00
9.253427505493164062e+00
9.253602027893066406e+00
9.253454208374023438e+00
9.253574371337890625e+00
9.253494262695312500e+00
9.253539085388183594e+00
9.253537178039550781e+00
9.253504753112792969e+00
9.253577232360839844e+00
9.253480911254882812e+00
9.253604888916015625e+00
9.253471374511718750e+00
9.253625869750976562e+00
9.253467559814453125e+00
9.253631591796875000e+00
9.253475189208984375e+00
9.253629684448242188e+00
9.253486633300781250e+00
9.253629684448242188e+00
9.253499984741210938e+00
9.253629684448242188e+00
9.253505706787109375e+00
9.253641128540039062e+00
9.253499984741210938e+00
9.253662109375000000e+00
9.253479003906250000e+00
9.253704071044921875e+00
9.253435134887695312e+00
9.253774642944335938e+00
9.253363609313964844e+00
9.253879547119140625e+00
9.253248214721679688e+00
9.254039764404296875e+00
9.253074645996093750e+00
9.254270553588867188e+00
9.252828598022460938e+00
9.254588127136230469e+00
9.252515792846679688e+00
9.254953384399414062e+00
9.252231597900390625e+00
9.255185127258300781e+00
9.252204895019531250e+00
9.254962921142578125e+00
9.252685546875000000e+00
9.254200935363769531e+00
9.253562927246093750e+00
9.253332138061523438e+00
9.254318237304687500e+00
9.252849578857421875e+00
9.254549980163574219e+00
9.252916336059570312e+00
9.254226684570312500e+00
9.253425598144531250e+00
9.253608703613281250e+00
9.254052162170410156e+00
9.253135681152343750e+00
9.254350662231445312e+00
9.253120422363281250e+00
9.254148483276367188e+00
9.253504753112792969e+00
9.253684997558593750e+00
9.253973007202148438e+00
9.253303527832031250e+00
9.254238128662109375e+00
9.253219604492187500e+00
9.254158973693847656e+00
9.253452301025390625e+00
9.253836631774902344e+00
9.253824234008789062e+00
9.253499984741210938e+00
9.254095077514648438e+00
9.253358840942382812e+00
9.254117965698242188e+00
9.253459930419921875e+00
9.253942489624023438e+00
9.253687858581542969e+00
9.253716468811035156e+00
9.253900527954101562e+00
9.253566741943359375e+00
9.253993034362792969e+00
9.253562927246093750e+00
9.253935813903808594e+00
9.253681182861328125e+00
9.253799438476562500e+00
9.253829956054687500e+00
9.253679275512695312e+00
9.253919601440429688e+00
9.253644943237304688e+00
9.253921508789062500e+00
9.253687858581542969e+00
9.253862380981445312e+00
9.253774642944335938e+00
9.253781318664550781e+00
9.253859519958496094e+00
9.253730773925781250e+00
9.253894805908203125e+00
9.253734588623046875e+00
9.253876686096191406e+00
9.253784179687500000e+00
9.253820419311523438e+00
9.253851890563964844e+00
9.253765106201171875e+00
9.253909111022949219e+00
9.253726959228515625e+00
9.253950119018554688e+00
9.253712654113769531e+00
9.253962516784667969e+00
9.253719329833984375e+00
9.253968238830566406e+00
9.253717422485351562e+00
9.253993988037109375e+00
9.253687858581542969e+00
9.254059791564941406e+00
9.253601074218750000e+00
9.254195213317871094e+00
9.253433227539062500e+00
9.254423141479492188e+00
9.253164291381835938e+00
9.254770278930664062e+00
9.252774238586425781e+00
9.255231857299804688e+00
9.252326011657714844e+00
9.255653381347656250e+00
9.252072334289550781e+00
9.255680084228515625e+00
9.252407073974609375e+00
9.255027770996093750e+00
9.253355026245117188e+00
9.254009246826171875e+00
9.254295349121093750e+00
9.253318786621093750e+00
9.254636764526367188e+00
9.253306388854980469e+00
9.254367828369140625e+00
9.253767013549804688e+00
9.253921508789062500e+00
9.254208564758300781e+00
9.253715515136718750e+00
9.254239082336425781e+00
9.253901481628417969e+00
9.253931045532226562e+00
9.254205703735351562e+00
9.253727912902832031e+00
9.254274368286132812e+00
9.253844261169433594e+00
9.254035949707031250e+00
9.254166603088378906e+00
9.253724098205566406e+00
9.254388809204101562e+00
9.253665924072265625e+00
9.254309654235839844e+00
9.253900527954101562e+00
9.254006385803222656e+00
9.254236221313476562e+00
9.253725051879882812e+00
9.254412651062011719e+00
9.253705024719238281e+00
9.254292488098144531e+00
9.253938674926757812e+00
9.254026412963867188e+00
9.254205703735351562e+00
9.253829956054687500e+00
9.254321098327636719e+00
9.253824234008789062e+00
9.254230499267578125e+00
9.253985404968261719e+00
9.254047393798828125e+00
9.254158973693847656e+00
9.253931045532226562e+00
9.254222869873046875e+00
9.253948211669921875e+00
9.254154205322265625e+00
9.254061698913574219e+00
9.254037857055664062e+00
9.254159927368164062e+00
9.253984451293945312e+00
9.254179000854492188e+00
9.254012107849121094e+00
9.254117965698242188e+00
9.254103660583496094e+00
9.254029273986816406e+00
9.254184722900390625e+00
9.253991127014160156e+00
9.254199028015136719e+00
9.254020690917968750e+00
9.254150390625000000e+00
9.254096031188964844e+00
9.254077911376953125e+00
9.254169464111328125e+00
9.254034042358398438e+00
9.254201889038085938e+00
9.254035949707031250e+00
9.254190444946289062e+00
9.254076004028320312e+00
9.254150390625000000e+00
9.254129409790039062e+00
9.254113197326660156e+00
9.254165649414062500e+00
9.254101753234863281e+00
9.254174232482910156e+00
9.254114151000976562e+00
9.254165649414062500e+00
9.254137992858886719e+00
9.254150390625000000e+00
9.254161834716796875e+00
9.254141807556152344e+00
9.254172325134277344e+00
9.254151344299316406e+00
9.254171371459960938e+00
9.254167556762695312e+00
9.254163742065429688e+00
9.254184722900390625e+00
9.254154205322265625e+00
9.254197120666503906e+00
9.254155158996582031e+00
9.254205703735351562e+00
9.254159927368164062e+00
9.254209518432617188e+00
9.254170417785644531e+00
9.254209518432617188e+00
9.254181861877441406e+00
9.254213333129882812e+00
9.254186630249023438e+00
9.254220008850097656e+00
9.254186630249023438e+00
9.254229545593261719e+00
9.254184722900390625e+00
9.254245758056640625e+00
9.254179000854492188e+00
9.254261016845703125e+00
9.254171371459960938e+00
9.254281997680664062e+00
9.254159927368164062e+00
9.254304885864257812e+00
9.254143714904785156e+00
9.254337310791015625e+00
9.254117965698242188e+00
9.254383087158203125e+00
9.254074096679687500e+00
9.254449844360351562e+00
9.254005432128906250e+00
9.254549026489257812e+00
9.253894805908203125e+00
9.254699707031250000e+00
9.253725051879882812e+00
9.254926681518554688e+00
9.253470420837402344e+00
9.255258560180664062e+00
9.253105163574218750e+00
9.255722045898437500e+00
9.252639770507812500e+00
9.256252288818359375e+00
9.252227783203125000e+00
9.256572723388671875e+00
9.252241134643554688e+00
9.256197929382324219e+00
9.253057479858398438e+00
9.255022048950195312e+00
9.254415512084960938e+00
9.253704071044921875e+00
9.255513191223144531e+00
9.252994537353515625e+00
9.255777359008789062e+00
9.253190994262695312e+00
9.255204200744628906e+00
9.254043579101562500e+00
9.254283905029296875e+00
9.254949569702148438e+00
9.253613471984863281e+00
9.255343437194824219e+00
9.253573417663574219e+00
9.255077362060546875e+00
9.254050254821777344e+00
9.254512786865234375e+00
9.254603385925292969e+00
9.254083633422851562e+00
9.254876136779785156e+00
9.253997802734375000e+00
9.254808425903320312e+00
9.254184722900390625e+00
9.254571914672851562e+00
9.254434585571289062e+00
9.254371643066406250e+00
9.254561424255371094e+00
9.254333496093750000e+00
9.254535675048828125e+00
9.254407882690429688e+00
9.254465103149414062e+00
9.254474639892578125e+00
9.254448890686035156e+00
9.254460334777832031e+00
9.254503250122070312e+00
9.254398345947265625e+00
9.254570960998535156e+00
9.254352569580078125e+00
9.254590988159179688e+00
9.254377365112304688e+00
9.254533767700195312e+00
9.254470825195312500e+00
9.254433631896972656e+00
9.254579544067382812e+00
9.254356384277343750e+00
9.254633903503417969e+00
9.254351615905761719e+00
9.254608154296875000e+00
9.254417419433593750e+00
9.254528045654296875e+00
9.254512786865234375e+00
9.254444122314453125e+00
9.254592895507812500e+00
9.254400253295898438e+00
9.254615783691406250e+00
9.254417419433593750e+00
9.254583358764648438e+00
9.254478454589843750e+00
9.254521369934082031e+00
9.254554748535156250e+00
9.254467010498046875e+00
9.254604339599609375e+00
9.254446029663085938e+00
9.254620552062988281e+00
9.254454612731933594e+00
9.254606246948242188e+00
9.254495620727539062e+00
9.254571914672851562e+00
9.254539489746093750e+00
9.254549026489257812e+00
9.254569053649902344e+00
9.254537582397460938e+00
9.254579544067382812e+00
9.254550933837890625e+00
9.254567146301269531e+00
9.254578590393066406e+00
9.254549026489257812e+00
9.254610061645507812e+00
9.254522323608398438e+00
9.254648208618164062e+00
9.254499435424804688e+00
9.254678726196289062e+00
9.254484176635742188e+00
9.254711151123046875e+00
9.254457473754882812e+00
9.254755020141601562e+00
9.254419326782226562e+00
9.254814147949218750e+00
9.254358291625976562e+00
9.254909515380859375e+00
9.254259109497070312e+00
9.255052566528320312e+00
9.254113197326660156e+00
9.255249023437500000e+00
9.253921508789062500e+00
9.255487442016601562e+00
9.253740310668945312e+00
9.255660057067871094e+00
9.253716468811035156e+00
9.255542755126953125e+00
9.254060745239257812e+00
9.254951477050781250e+00
9.254817962646484375e+00
9.254093170166015625e+00
9.255654335021972656e+00
9.253458023071289062e+00
9.256080627441406250e+00
9.253398895263671875e+00
9.255818367004394531e+00
9.253973007202148438e+00
9.255010604858398438e+00
9.254869461059570312e+00
9.254169464111328125e+00
9.255561828613281250e+00
9.253795623779296875e+00
9.255628585815429688e+00
9.254060745239257812e+00
9.255143165588378906e+00
9.254661560058593750e+00
9.254553794860839844e+00
9.255158424377441406e+00
9.254253387451171875e+00
9.255241394042968750e+00
9.254402160644531250e+00
9.254920959472656250e+00
9.254827499389648438e+00
9.254493713378906250e+00
9.255210876464843750e+00
9.254247665405273438e+00
9.255311965942382812e+00
9.254329681396484375e+00
9.255097389221191406e+00
9.254635810852050781e+00
9.254774093627929688e+00
9.254946708679199219e+00
9.254535675048828125e+00
9.255108833312988281e+00
9.254492759704589844e+00
9.255064010620117188e+00
9.254623413085937500e+00
9.254909515380859375e+00
9.254791259765625000e+00
9.254773139953613281e+00
9.254888534545898438e+00
9.254737854003906250e+00
9.254865646362304688e+00
9.254817008972167969e+00
9.254765510559082031e+00
9.254940032958984375e+00
9.254653930664062500e+00
9.255048751831054688e+00
9.254585266113281250e+00
9.255091667175292969e+00
9.254585266113281250e+00
9.255080223083496094e+00
9.254617691040039062e+00
9.255058288574218750e+00
9.254640579223632812e+00
9.255069732666015625e+00
9.254606246948242188e+00
9.255151748657226562e+00
9.254497528076171875e+00
9.255307197570800781e+00
9.254320144653320312e+00
9.255527496337890625e+00
9.254093170166015625e+00
9.255781173706054688e+00
9.253852844238281250e+00
9.256023406982421875e+00
9.253661155700683594e+00
9.256175994873046875e+00
9.253615379333496094e+00
9.256128311157226562e+00
9.253813743591308594e+00
9.255813598632812500e+00
9.254255294799804688e+00
9.255306243896484375e+00
9.254789352416992188e+00
9.254802703857421875e+00
9.255225181579589844e+00
9.254466056823730469e+00
9.255460739135742188e+00
9.254363059997558594e+00
9.255483627319335938e+00
9.254462242126464844e+00
9.255346298217773438e+00
9.254682540893554688e+00
9.255128860473632812e+00
9.254924774169921875e+00
9.254917144775390625e+00
9.255114555358886719e+00
9.254765510559082031e+00
9.255229949951171875e+00
9.254697799682617188e+00
9.255263328552246094e+00
9.254715919494628906e+00
9.255228042602539062e+00
9.254796028137207031e+00
9.255140304565429688e+00
9.254915237426757812e+00
9.255025863647460938e+00
9.255040168762207031e+00
9.254917144775390625e+00
9.255144119262695312e+00
9.254837989807128906e+00
9.255211830139160156e+00
9.254810333251953125e+00
9.255220413208007812e+00
9.254837989807128906e+00
9.255180358886718750e+00
9.254904747009277344e+00
9.255105018615722656e+00
9.254998207092285156e+00
9.255018234252929688e+00
9.255087852478027344e+00
9.254946708679199219e+00
9.255155563354492188e+00
9.254905700683593750e+00
9.255193710327148438e+00
9.254898071289062500e+00
9.255193710327148438e+00
9.254922866821289062e+00
9.255167007446289062e+00
9.254964828491210938e+00
9.255125045776367188e+00
9.255018234252929688e+00
9.255079269409179688e+00
9.255067825317382812e+00
9.255043983459472656e+00
9.255109786987304688e+00
9.255020141601562500e+00
9.255138397216796875e+00
9.255010604858398438e+00
9.255153656005859375e+00
9.255012512207031250e+00
9.255159378051757812e+00
9.255019187927246094e+00
9.255162239074707031e+00
9.255032539367675781e+00
9.255161285400390625e+00
9.255043983459472656e+00
9.255161285400390625e+00
9.255055427551269531e+00
9.255160331726074219e+00
9.255066871643066406e+00
9.255163192749023438e+00
9.255077362060546875e+00
9.255166053771972656e+00
9.255083084106445312e+00
9.255168914794921875e+00
9.255092620849609375e+00
9.255172729492187500e+00
9.255100250244140625e+00
9.255176544189453125e+00
9.255107879638671875e+00
9.255184173583984375e+00
9.255115509033203125e+00
9.255187988281250000e+00
9.255120277404785156e+00
9.255195617675781250e+00
9.255125045776367188e+00
9.255204200744628906e+00
9.255127906799316406e+00
9.255214691162109375e+00
9.255125999450683594e+00
9.255228042602539062e+00
9.255124092102050781e+00
9.255241394042968750e+00
9.255120277404785156e+00
9.255262374877929688e+00
9.255109786987304688e+00
9.255286216735839844e+00
9.255095481872558594e+00
9.255315780639648438e+00
9.255073547363281250e+00
9.255351066589355469e+00
9.255050659179687500e+00
9.255388259887695312e+00
9.255030632019042969e+00
9.255416870117187500e+00
9.255033493041992188e+00
9.255400657653808594e+00
9.255113601684570312e+00
9.255270004272460938e+00
9.255359649658203125e+00
9.254930496215820312e+00
9.255853652954101562e+00
9.254337310791015625e+00
9.256563186645507812e+00
9.253633499145507812e+00
9.257204055786132812e+00
9.253208160400390625e+00
9.257310867309570312e+00
9.253547668457031250e+00
9.256498336791992188e+00
9.254837036132812500e+00
9.255066871643066406e+00
9.256120681762695312e+00
9.254399299621582031e+00
9.255964279174804688e+00
9.255219459533691406e+00
9.254848480224609375e+00
9.256189346313476562e+00
9.254526138305664062e+00
9.255914688110351562e+00
9.255384445190429688e+00
9.254823684692382812e+00
9.256301879882812500e+00
9.254380226135253906e+00
9.256149291992187500e+00
9.255057334899902344e+00
9.255268096923828125e+00
9.255846977233886719e+00
9.254842758178710938e+00
9.255815505981445312e+00
9.255236625671386719e+00
9.255314826965332031e+00
9.255586624145507812e+00
9.255321502685546875e+00
9.255285263061523438e+00
9.255760192871093750e+00
9.254992485046386719e+00
9.255778312683105469e+00
9.255277633666992188e+00
9.255323410034179688e+00
9.255733489990234375e+00
9.255018234252929688e+00
9.255817413330078125e+00
9.255169868469238281e+00
9.255535125732421875e+00
9.255480766296386719e+00
9.255336761474609375e+00
9.255517959594726562e+00
9.255447387695312500e+00
9.255350112915039062e+00
9.255577087402343750e+00
9.255349159240722656e+00
9.255455017089843750e+00
9.255569458007812500e+00
9.255247116088867188e+00
9.255694389343261719e+00
9.255260467529296875e+00
9.255573272705078125e+00
9.255432128906250000e+00
9.255432128906250000e+00
9.255516052246093750e+00
9.255427360534667969e+00
9.255476951599121094e+00
9.255500793457031250e+00
9.255425453186035156e+00
9.255517959594726562e+00
9.255476951599121094e+00
9.255435943603515625e+00
9.255573272705078125e+00
9.255382537841796875e+00
9.255582809448242188e+00
9.255436897277832031e+00
9.255509376525878906e+00
9.255518913269042969e+00
9.255467414855957031e+00
9.255527496337890625e+00
9.255510330200195312e+00
9.255475997924804688e+00
9.255566596984863281e+00
9.255455017089843750e+00
9.255568504333496094e+00
9.255483627319335938e+00
9.255539894104003906e+00
9.255521774291992188e+00
9.255525588989257812e+00
9.255524635314941406e+00
9.255558013916015625e+00
9.255490303039550781e+00
9.255599975585937500e+00
9.255468368530273438e+00
9.255616188049316406e+00
9.255477905273437500e+00
9.255613327026367188e+00
9.255487442016601562e+00
9.255624771118164062e+00
9.255471229553222656e+00
9.255665779113769531e+00
9.255430221557617188e+00
9.255720138549804688e+00
9.255388259887695312e+00
9.255769729614257812e+00
9.255346298217773438e+00
9.255830764770507812e+00
9.255283355712890625e+00
9.255928039550781250e+00
9.255171775817871094e+00
9.256083488464355469e+00
9.254991531372070312e+00
9.256315231323242188e+00
9.254733085632324219e+00
9.256633758544921875e+00
9.254381179809570312e+00
9.257064819335937500e+00
9.253924369812011719e+00
9.257586479187011719e+00
9.253440856933593750e+00
9.258039474487304688e+00
9.253203392028808594e+00
9.258025169372558594e+00
9.253645896911621094e+00
9.257169723510742188e+00
9.254880905151367188e+00
9.255731582641601562e+00
9.256328582763671875e+00
9.254463195800781250e+00
9.257257461547851562e+00
9.253982543945312500e+00
9.257247924804687500e+00
9.254483222961425781e+00
9.256391525268554688e+00
9.255577087402343750e+00
9.255324363708496094e+00
9.256517410278320312e+00
9.254695892333984375e+00
9.256817817687988281e+00
9.254756927490234375e+00
9.256443023681640625e+00
9.255357742309570312e+00
9.255741119384765625e+00
9.256038665771484375e+00
9.255207061767578125e+00
9.256381988525390625e+00
9.255111694335937500e+00
9.256266593933105469e+00
9.255412101745605469e+00
9.255867004394531250e+00
9.255847930908203125e+00
9.255482673645019531e+00
9.256139755249023438e+00
9.255335807800292969e+00
9.256150245666503906e+00
9.255466461181640625e+00
9.255935668945312500e+00
9.255737304687500000e+00
9.255674362182617188e+00
9.255968093872070312e+00
9.255516052246093750e+00
9.256057739257812500e+00
9.255516052246093750e+00
9.255994796752929688e+00
9.255635261535644531e+00
9.255854606628417969e+00
9.255785942077636719e+00
9.255726814270019531e+00
9.255887985229492188e+00
9.255672454833984375e+00
9.255908966064453125e+00
9.255697250366210938e+00
9.255862236022949219e+00
9.255773544311523438e+00
9.255789756774902344e+00
9.255857467651367188e+00
9.255725860595703125e+00
9.255910873413085938e+00
9.255702972412109375e+00
9.255923271179199219e+00
9.255716323852539062e+00
9.255910873413085938e+00
9.255743026733398438e+00
9.255895614624023438e+00
9.255767822265625000e+00
9.255892753601074219e+00
9.255771636962890625e+00
9.255914688110351562e+00
9.255751609802246094e+00
9.255960464477539062e+00
9.255708694458007812e+00
9.256029129028320312e+00
9.255651473999023438e+00
9.256107330322265625e+00
9.255588531494140625e+00
9.256195068359375000e+00
9.255534172058105469e+00
9.256259918212890625e+00
9.255536079406738281e+00
9.256248474121093750e+00
9.255632400512695312e+00
9.256102561950683594e+00
9.255860328674316406e+00
9.255830764770507812e+00
9.256137847900390625e+00
9.255588531494140625e+00
9.256322860717773438e+00
9.255524635314941406e+00
9.256307601928710938e+00
9.255676269531250000e+00
9.256092071533203125e+00
9.255970954895019531e+00
9.255788803100585938e+00
9.256270408630371094e+00
9.255554199218750000e+00
9.256444931030273438e+00
9.255504608154296875e+00
9.256406784057617188e+00
9.255666732788085938e+00
9.256177902221679688e+00
9.255953788757324219e+00
9.255878448486328125e+00
9.256238937377929688e+00
9.255644798278808594e+00
9.256407737731933594e+00
9.255571365356445312e+00
9.256401062011718750e+00
9.255674362182617188e+00
9.256242752075195312e+00
9.255887985229492188e+00
9.256021499633789062e+00
9.256113052368164062e+00
9.255829811096191406e+00
9.256272315979003906e+00
9.255731582641601562e+00
9.256322860717773438e+00
9.255748748779296875e+00
9.256271362304687500e+00
9.255847930908203125e+00
9.256155967712402344e+00
9.255984306335449219e+00
9.256031036376953125e+00
9.256105422973632812e+00
9.255937576293945312e+00
9.256181716918945312e+00
9.255896568298339844e+00
9.256201744079589844e+00
9.255909919738769531e+00
9.256177902221679688e+00
9.255958557128906250e+00
9.256134986877441406e+00
9.256017684936523438e+00
9.256090164184570312e+00
9.256065368652343750e+00
9.256057739257812500e+00
9.256094932556152344e+00
9.256048202514648438e+00
9.256103515625000000e+00
9.256055831909179688e+00
9.256099700927734375e+00
9.256074905395507812e+00
9.256090164184570312e+00
9.256096839904785156e+00
9.256082534790039062e+00
9.256114959716796875e+00
9.256078720092773438e+00
9.256123542785644531e+00
9.256082534790039062e+00
9.256125450134277344e+00
9.256095886230468750e+00
9.256120681762695312e+00
9.256115913391113281e+00
9.256113052368164062e+00
9.256140708923339844e+00
9.256099700927734375e+00
9.256165504455566406e+00
9.256085395812988281e+00
9.256186485290527344e+00
9.256072998046875000e+00
9.256212234497070312e+00
9.256059646606445312e+00
9.256238937377929688e+00
9.256046295166015625e+00
9.256263732910156250e+00
9.256027221679687500e+00
9.256298065185546875e+00
9.255998611450195312e+00
9.256338119506835938e+00
9.255962371826171875e+00
9.256396293640136719e+00
9.255905151367187500e+00
9.256479263305664062e+00
9.255825042724609375e+00
9.256591796875000000e+00
9.255702972412109375e+00
9.256750106811523438e+00
9.255531311035156250e+00
9.256958007812500000e+00
9.255316734313964844e+00
9.257209777832031250e+00
9.255085945129394531e+00
9.257434844970703125e+00
9.254955291748046875e+00
9.257477760314941406e+00
9.255091667175292969e+00
9.257182121276855469e+00
9.255575180053710938e+00
9.256580352783203125e+00
9.256233215332031250e+00
9.255952835083007812e+00
9.256763458251953125e+00
9.255571365356445312e+00
9.256974220275878906e+00
9.255577087402343750e+00
9.256821632385253906e+00
9.255920410156250000e+00
9.256434440612792969e+00
9.256374359130859375e+00
9.256045341491699219e+00
9.256696701049804688e+00
9.255852699279785156e+00
9.256755828857421875e+00
9.255922317504882812e+00
9.256582260131835938e+00
9.256176948547363281e+00
9.256303787231445312e+00
9.256457328796386719e+00
9.256086349487304688e+00
9.256617546081542969e+00
9.256023406982421875e+00
9.256606101989746094e+00
9.256124496459960938e+00
9.256462097167968750e+00
9.256309509277343750e+00
9.256285667419433594e+00
9.256477355957031250e+00
9.256164550781250000e+00
9.256555557250976562e+00
9.256152153015136719e+00
9.256527900695800781e+00
9.256233215332031250e+00
9.256431579589843750e+00
9.256353378295898438e+00
9.256322860717773438e+00
9.256452560424804688e+00
9.256251335144042969e+00
9.256499290466308594e+00
9.256243705749511719e+00
9.256488800048828125e+00
9.256292343139648438e+00
9.256437301635742188e+00
9.256361007690429688e+00
9.256377220153808594e+00
9.256423950195312500e+00
9.256332397460937500e+00
9.256462097167968750e+00
9.256317138671875000e+00
9.256467819213867188e+00
9.256333351135253906e+00
9.256450653076171875e+00
9.256369590759277344e+00
9.256420135498046875e+00
9.256414413452148438e+00
9.256389617919921875e+00
9.256450653076171875e+00
9.256374359130859375e+00
9.256473541259765625e+00
9.256367683410644531e+00
9.256483078002929688e+00
9.256377220153808594e+00
9.256477355957031250e+00
9.256397247314453125e+00
9.256467819213867188e+00
9.256418228149414062e+00
9.256458282470703125e+00
9.256440162658691406e+00
9.256452560424804688e+00
9.256452560424804688e+00
9.256456375122070312e+00
9.256458282470703125e+00
9.256467819213867188e+00
9.256456375122070312e+00
9.256486892700195312e+00
9.256443977355957031e+00
9.256515502929687500e+00
9.256424903869628906e+00
9.256551742553710938e+00
9.256397247314453125e+00
9.256596565246582031e+00
9.256357192993164062e+00
9.256656646728515625e+00
9.256298065185546875e+00
9.256744384765625000e+00
9.256214141845703125e+00
9.256864547729492188e+00
9.256101608276367188e+00
9.257027626037597656e+00
9.255959510803222656e+00
9.257219314575195312e+00
9.255836486816406250e+00
9.257339477539062500e+00
9.255857467651367188e+00
9.257185935974121094e+00
9.256195068359375000e+00
9.256637573242187500e+00
9.256845474243164062e+00
9.255949020385742188e+00
9.257484436035156250e+00
9.255508422851562500e+00
9.257763862609863281e+00
9.255480766296386719e+00
9.257593154907226562e+00
9.255815505981445312e+00
9.257152557373046875e+00
9.256282806396484375e+00
9.256792068481445312e+00
9.256529808044433594e+00
9.256790161132812500e+00
9.256365776062011719e+00
9.257109642028808594e+00
9.255996704101562500e+00
9.257457733154296875e+00
9.255754470825195312e+00
9.257569313049316406e+00
9.255811691284179688e+00
9.257358551025390625e+00
9.256156921386718750e+00
9.256943702697753906e+00
9.256593704223632812e+00
9.256572723388671875e+00
9.256881713867187500e+00
9.256422042846679688e+00
9.256925582885742188e+00
9.256477355957031250e+00
9.256834030151367188e+00
9.256587982177734375e+00
9.256765365600585938e+00
9.256624221801757812e+00
9.256803512573242188e+00
9.256544113159179688e+00
9.256938934326171875e+00
9.256401062011718750e+00
9.257083892822265625e+00
9.256303787231445312e+00
9.257144927978515625e+00
9.256307601928710938e+00
9.257098197937011719e+00
9.256397247314453125e+00
9.256997108459472656e+00
9.256505966186523438e+00
9.256917953491210938e+00
9.256568908691406250e+00
9.256900787353515625e+00
9.256565093994140625e+00
9.256946563720703125e+00
9.256507873535156250e+00
9.257025718688964844e+00
9.256442070007324219e+00
9.257089614868164062e+00
9.256404876708984375e+00
9.257123947143554688e+00
9.256394386291503906e+00
9.257143020629882812e+00
9.256387710571289062e+00
9.257167816162109375e+00
9.256360054016113281e+00
9.257230758666992188e+00
9.256286621093750000e+00
9.257347106933593750e+00
9.256162643432617188e+00
9.257513046264648438e+00
9.255994796752929688e+00
9.257711410522460938e+00
9.255813598632812500e+00
9.257909774780273438e+00
9.255641937255859375e+00
9.258079528808593750e+00
9.255531311035156250e+00
9.258164405822753906e+00
9.255535125732421875e+00
9.258104324340820312e+00
9.255699157714843750e+00
9.257869720458984375e+00
9.256025314331054688e+00
9.257488250732421875e+00
9.256457328796386719e+00
9.257051467895507812e+00
9.256891250610351562e+00
9.256669998168945312e+00
9.257232666015625000e+00
9.256425857543945312e+00
9.257411956787109375e+00
9.256362915039062500e+00
9.257396697998046875e+00
9.256484985351562500e+00
9.257209777832031250e+00
9.256736755371093750e+00
9.256934165954589844e+00
9.257027626037597656e+00
9.256667137145996094e+00
9.257263183593750000e+00
9.256487846374511719e+00
9.257397651672363281e+00
9.256427764892578125e+00
9.257417678833007812e+00
9.256479263305664062e+00
9.257335662841796875e+00
9.256612777709960938e+00
9.257189750671386719e+00
9.256784439086914062e+00
9.257023811340332031e+00
9.256954193115234375e+00
9.256875991821289062e+00
9.257091522216796875e+00
9.256773948669433594e+00
9.257181167602539062e+00
9.256725311279296875e+00
9.257211685180664062e+00
9.256729125976562500e+00
9.257194519042968750e+00
9.256778717041015625e+00
9.257143020629882812e+00
9.256850242614746094e+00
9.257076263427734375e+00
9.256926536560058594e+00
9.257013320922851562e+00
9.256994247436523438e+00
9.256965637207031250e+00
9.257039070129394531e+00
9.256944656372070312e+00
9.257061958312988281e+00
9.256943702697753906e+00
9.257064819335937500e+00
9.256964683532714844e+00
9.257045745849609375e+00
9.257005691528320312e+00
9.257005691528320312e+00
9.257066726684570312e+00
9.256942749023437500e+00
9.257155418395996094e+00
9.256847381591796875e+00
9.257286071777343750e+00
9.256702423095703125e+00
9.257475852966308594e+00
9.256494522094726562e+00
9.257742881774902344e+00
9.256208419799804688e+00
9.258087158203125000e+00
9.255878448486328125e+00
9.258409500122070312e+00
9.255676269531250000e+00
9.258466720581054688e+00
9.255872726440429688e+00
9.258041381835937500e+00
9.256523132324218750e+00
9.257287979125976562e+00
9.257276535034179688e+00
9.256643295288085938e+00
9.257738113403320312e+00
9.256412506103515625e+00
9.257758140563964844e+00
9.256631851196289062e+00
9.257447242736816406e+00
9.257071495056152344e+00
9.257075309753417969e+00
9.257402420043945312e+00
9.256889343261718750e+00
9.257465362548828125e+00
9.256943702697753906e+00
9.257337570190429688e+00
9.257115364074707031e+00
9.257184982299804688e+00
9.257247924804687500e+00
9.257119178771972656e+00
9.257265090942382812e+00
9.257157325744628906e+00
9.257209777832031250e+00
9.257232666015625000e+00
9.257169723510742188e+00
9.257261276245117188e+00
9.257193565368652344e+00
9.257215499877929688e+00
9.257265090942382812e+00
9.257147789001464844e+00
9.257329940795898438e+00
9.257122039794921875e+00
9.257333755493164062e+00
9.257166862487792969e+00
9.257272720336914062e+00
9.257256507873535156e+00
9.257178306579589844e+00
9.257345199584960938e+00
9.257114410400390625e+00
9.257379531860351562e+00
9.257123947143554688e+00
9.257350921630859375e+00
9.257192611694335938e+00
9.257278442382812500e+00
9.257287025451660156e+00
9.257198333740234375e+00
9.257354736328125000e+00
9.257159233093261719e+00
9.257376670837402344e+00
9.257165908813476562e+00
9.257350921630859375e+00
9.257216453552246094e+00
9.257297515869140625e+00
9.257280349731445312e+00
9.257252693176269531e+00
9.257325172424316406e+00
9.257230758666992188e+00
9.257347106933593750e+00
9.257236480712890625e+00
9.257339477539062500e+00
9.257264137268066406e+00
9.257321357727050781e+00
9.257291793823242188e+00
9.257303237915039062e+00
9.257316589355468750e+00
9.257295608520507812e+00
9.257326126098632812e+00
9.257308959960937500e+00
9.257323265075683594e+00
9.257324218750000000e+00
9.257318496704101562e+00
9.257339477539062500e+00
9.257315635681152344e+00
9.257352828979492188e+00
9.257318496704101562e+00
9.257356643676757812e+00
9.257331848144531250e+00
9.257354736328125000e+00
9.257347106933593750e+00
9.257350921630859375e+00
9.257362365722656250e+00
9.257345199584960938e+00
9.257376670837402344e+00
9.257347106933593750e+00
9.257387161254882812e+00
9.257349967956542969e+00
9.257395744323730469e+00
9.257357597351074219e+00
9.257396697998046875e+00
9.257366180419921875e+00
9.257402420043945312e+00
9.257370948791503906e+00
9.257406234741210938e+00
9.257377624511718750e+00
9.257413864135742188e+00
9.257379531860351562e+00
9.257425308227539062e+00
9.257375717163085938e+00
9.257439613342285156e+00
9.257373809814453125e+00
9.257461547851562500e+00
9.257360458374023438e+00
9.257487297058105469e+00
9.257347106933593750e+00
9.257515907287597656e+00
9.257322311401367188e+00
9.257557868957519531e+00
9.257286071777343750e+00
9.257615089416503906e+00
9.257230758666992188e+00
9.257698059082031250e+00
9.257142066955566406e+00
9.257821083068847656e+00
9.257007598876953125e+00
9.258005142211914062e+00
9.256799697875976562e+00
9.258283615112304688e+00
9.256481170654296875e+00
9.258694648742675781e+00
9.256029129028320312e+00
9.259255409240722656e+00
9.255474090576171875e+00
9.259864807128906250e+00
9.255025863647460938e+00
9.260133743286132812e+00
9.255168914794921875e+00
9.259529113769531250e+00
9.256229400634765625e+00
9.258121490478515625e+00
9.257748603820800781e+00
9.256732940673828125e+00
9.258842468261718750e+00
9.256089210510253906e+00
9.258986473083496094e+00
9.256433486938476562e+00
9.258248329162597656e+00
9.257432937622070312e+00
9.257261276245117188e+00
9.258296012878417969e+00
9.256748199462890625e+00
9.258455276489257812e+00
9.256965637207031250e+00
9.257962226867675781e+00
9.257606506347656250e+00
9.257341384887695312e+00
9.258109092712402344e+00
9.257082939147949219e+00
9.258129119873046875e+00
9.257310867309570312e+00
9.257734298706054688e+00
9.257786750793457031e+00
9.257304191589355469e+00
9.258096694946289062e+00
9.257192611694335938e+00
9.258028984069824219e+00
9.257433891296386719e+00
9.257692337036132812e+00
9.257813453674316406e+00
9.257368087768554688e+00
9.258044242858886719e+00
9.257284164428710938e+00
9.258006095886230469e+00
9.257445335388183594e+00
9.257783889770507812e+00
9.257705688476562500e+00
9.257549285888671875e+00
9.257887840270996094e+00
9.257459640502929688e+00
9.257899284362792969e+00
9.257526397705078125e+00
9.257797241210937500e+00
9.257658958435058594e+00
9.257678031921386719e+00
9.257764816284179688e+00
9.257625579833984375e+00
9.257787704467773438e+00
9.257656097412109375e+00
9.257743835449218750e+00
9.257720947265625000e+00
9.257686614990234375e+00
9.257778167724609375e+00
9.257659912109375000e+00
9.257795333862304688e+00
9.257671356201171875e+00
9.257778167724609375e+00
9.257710456848144531e+00
9.257746696472167969e+00
9.257751464843750000e+00
9.257723808288574219e+00
9.257783889770507812e+00
9.257715225219726562e+00
9.257797241210937500e+00
9.257720947265625000e+00
9.257798194885253906e+00
9.257734298706054688e+00
9.257793426513671875e+00
9.257751464843750000e+00
9.257783889770507812e+00
9.257773399353027344e+00
9.257776260375976562e+00
9.257793426513671875e+00
9.257770538330078125e+00
9.257816314697265625e+00
9.257762908935546875e+00
9.257835388183593750e+00
9.257759094238281250e+00
9.257859230041503906e+00
9.257751464843750000e+00
9.257892608642578125e+00
9.257738113403320312e+00
9.257944107055664062e+00
9.257726669311523438e+00
9.258001327514648438e+00
9.257741928100585938e+00
9.258007049560546875e+00
9.257860183715820312e+00
9.257822036743164062e+00
9.258150100708007812e+00
9.257436752319335938e+00
9.258541107177734375e+00
9.257104873657226562e+00
9.258802413940429688e+00
9.257086753845214844e+00
9.258675575256347656e+00
9.257427215576171875e+00
9.258186340332031250e+00
9.257947921752929688e+00
9.257677078247070312e+00
9.258373260498046875e+00
9.257461547851562500e+00
9.258420944213867188e+00
9.257648468017578125e+00
9.258110046386718750e+00
9.258001327514648438e+00
9.257840156555175781e+00
9.258150100708007812e+00
9.257853507995605469e+00
9.258008956909179688e+00
9.258075714111328125e+00
9.257754325866699219e+00
9.258295059204101562e+00
9.257644653320312500e+00
9.258296966552734375e+00
9.257788658142089844e+00
9.258058547973632812e+00
9.258091926574707031e+00
9.257766723632812500e+00
9.258327484130859375e+00
9.257658004760742188e+00
9.258334159851074219e+00
9.257768630981445312e+00
9.258167266845703125e+00
9.257972717285156250e+00
9.257984161376953125e+00
9.258125305175781250e+00
9.257913589477539062e+00
9.258129119873046875e+00
9.257989883422851562e+00
9.258016586303710938e+00
9.258123397827148438e+00
9.257901191711425781e+00
9.258203506469726562e+00
9.257880210876464844e+00
9.258179664611816406e+00
9.257957458496093750e+00
9.258087158203125000e+00
9.258064270019531250e+00
9.258002281188964844e+00
9.258138656616210938e+00
9.257970809936523438e+00
9.258148193359375000e+00
9.258005142211914062e+00
9.258102416992187500e+00
9.258068084716796875e+00
9.258057594299316406e+00
9.258110046386718750e+00
9.258045196533203125e+00
9.258111953735351562e+00
9.258073806762695312e+00
9.258077621459960938e+00
9.258123397827148438e+00
9.258040428161621094e+00
9.258167266845703125e+00
9.258018493652343750e+00
9.258193016052246094e+00
9.258016586303710938e+00
9.258198738098144531e+00
9.258027076721191406e+00
9.258203506469726562e+00
9.258025169372558594e+00
9.258232116699218750e+00
9.257987976074218750e+00
9.258297920227050781e+00
9.257915496826171875e+00
9.258407592773437500e+00
9.257793426513671875e+00
9.258569717407226562e+00
9.257622718811035156e+00
9.258785247802734375e+00
9.257385253906250000e+00
9.259075164794921875e+00
9.257070541381835938e+00
9.259438514709472656e+00
9.256715774536132812e+00
9.259791374206542969e+00
9.256471633911132812e+00
9.259885787963867188e+00
9.256652832031250000e+00
9.259414672851562500e+00
9.257413864135742188e+00
9.258480072021484375e+00
9.258386611938476562e+00
9.257603645324707031e+00
9.259035110473632812e+00
9.257234573364257812e+00
9.259087562561035156e+00
9.257494926452636719e+00
9.258643150329589844e+00
9.258120536804199219e+00
9.258062362670898438e+00
9.258661270141601562e+00
9.257726669311523438e+00
9.258812904357910156e+00
9.257780075073242188e+00
9.258602142333984375e+00
9.258102416992187500e+00
9.258255958557128906e+00
9.258437156677246094e+00
9.258010864257812500e+00
9.258593559265136719e+00
9.257982254028320312e+00
9.258533477783203125e+00
9.258132934570312500e+00
9.258362770080566406e+00
9.258330345153808594e+00
9.258209228515625000e+00
9.258459091186523438e+00
9.258147239685058594e+00
9.258473396301269531e+00
9.258185386657714844e+00
9.258411407470703125e+00
9.258277893066406250e+00
9.258325576782226562e+00
9.258369445800781250e+00
9.258261680603027344e+00
9.258415222167968750e+00
9.258247375488281250e+00
9.258414268493652344e+00
9.258274078369140625e+00
9.258381843566894531e+00
9.258322715759277344e+00
9.258342742919921875e+00
9.258372306823730469e+00
9.258315086364746094e+00
9.258399963378906250e+00
9.258308410644531250e+00
9.258401870727539062e+00
9.258321762084960938e+00
9.258388519287109375e+00
9.258349418640136719e+00
9.258366584777832031e+00
9.258378982543945312e+00
9.258352279663085938e+00
9.258399963378906250e+00
9.258348464965820312e+00
9.258407592773437500e+00
9.258358001708984375e+00
9.258404731750488281e+00
9.258378982543945312e+00
9.258396148681640625e+00
9.258398056030273438e+00
9.258388519287109375e+00
9.258414268493652344e+00
9.258386611938476562e+00
9.258420944213867188e+00
9.258396148681640625e+00
9.258422851562500000e+00
9.258411407470703125e+00
9.258419990539550781e+00
9.258428573608398438e+00
9.258413314819335938e+00
9.258441925048828125e+00
9.258415222167968750e+00
9.258450508117675781e+00
9.258424758911132812e+00
9.258449554443359375e+00
9.258439064025878906e+00
9.258447647094726562e+00
9.258454322814941406e+00
9.258441925048828125e+00
9.258471488952636719e+00
9.258441925048828125e+00
9.258481025695800781e+00
9.258448600769042969e+00
9.258483886718750000e+00
9.258457183837890625e+00
9.258487701416015625e+00
9.258472442626953125e+00
9.258484840393066406e+00
9.258489608764648438e+00
9.258481979370117188e+00
9.258501052856445312e+00
9.258481979370117188e+00
9.258510589599609375e+00
9.258481979370117188e+00
9.258519172668457031e+00
9.258489608764648438e+00
9.258523941040039062e+00
9.258499145507812500e+00
9.258529663085937500e+00
9.258510589599609375e+00
9.258531570434570312e+00
9.258519172668457031e+00
9.258533477783203125e+00
9.258527755737304688e+00
9.258536338806152344e+00
9.258537292480468750e+00
9.258541107177734375e+00
9.258543968200683594e+00
9.258546829223632812e+00
9.258550643920898438e+00
9.258552551269531250e+00
9.258556365966796875e+00
9.258560180664062500e+00
9.258563995361328125e+00
9.258567810058593750e+00
9.258567810058593750e+00
9.258579254150390625e+00
9.258570671081542969e+00
9.258588790893554688e+00
9.258573532104492188e+00
9.258602142333984375e+00
9.258573532104492188e+00
9.258615493774414062e+00
9.258571624755859375e+00
9.258632659912109375e+00
9.258564949035644531e+00
9.258655548095703125e+00
9.258552551269531250e+00
9.258686065673828125e+00
9.258527755737304688e+00
9.258731842041015625e+00
9.258486747741699219e+00
9.258798599243164062e+00
9.258417129516601562e+00
9.258905410766601562e+00
9.258302688598632812e+00
9.259073257446289062e+00
9.258115768432617188e+00
9.259342193603515625e+00
9.257807731628417969e+00
9.259777069091796875e+00
9.257329940795898438e+00
9.260411262512207031e+00
9.256696701049804688e+00
9.261089324951171875e+00
9.256210327148437500e+00
9.261281013488769531e+00
9.256486892700195312e+00
9.260463714599609375e+00
9.257816314697265625e+00
9.258808135986328125e+00
9.259533882141113281e+00
9.257354736328125000e+00
9.260450363159179688e+00
9.257190704345703125e+00
9.259796142578125000e+00
9.258494377136230469e+00
9.258269309997558594e+00
9.259847640991210938e+00
9.257551193237304688e+00
9.259842872619628906e+00
9.258300781250000000e+00
9.258663177490234375e+00
9.259496688842773438e+00
9.257848739624023438e+00
9.259769439697265625e+00
9.258150100708007812e+00
9.259068489074707031e+00
9.259007453918457031e+00
9.258355140686035156e+00
9.259401321411132812e+00
9.258369445800781250e+00
9.259089469909667969e+00
9.258817672729492188e+00
9.258727073669433594e+00
9.259005546569824219e+00
9.258724212646484375e+00
9.258924484252929688e+00
9.258815765380859375e+00
9.258917808532714844e+00
9.258755683898925781e+00
9.259026527404785156e+00
9.258695602416992188e+00
9.258987426757812500e+00
9.258873939514160156e+00
9.258741378784179688e+00
9.259115219116210938e+00
9.258604049682617188e+00
9.259122848510742188e+00
9.258737564086914062e+00
9.258901596069335938e+00
9.258991241455078125e+00
9.258720397949218750e+00
9.259063720703125000e+00
9.258804321289062500e+00
9.258878707885742188e+00
9.259040832519531250e+00
9.258683204650878906e+00
9.259164810180664062e+00
9.258673667907714844e+00
9.259103775024414062e+00
9.258791923522949219e+00
9.258996963500976562e+00
9.258868217468261719e+00
9.258990287780761719e+00
9.258834838867187500e+00
9.259062767028808594e+00
9.258778572082519531e+00
9.259120941162109375e+00
9.258745193481445312e+00
9.259166717529296875e+00
9.258703231811523438e+00
9.259243011474609375e+00
9.258610725402832031e+00
9.259387016296386719e+00
9.258462905883789062e+00
9.259557723999023438e+00
9.258331298828125000e+00
9.259683609008789062e+00
9.258262634277343750e+00
9.259744644165039062e+00
9.258259773254394531e+00
9.259733200073242188e+00
9.258323669433593750e+00
9.259637832641601562e+00
9.258483886718750000e+00
9.259429931640625000e+00
9.258758544921875000e+00
9.259130477905273438e+00
9.259086608886718750e+00
9.258845329284667969e+00
9.259344100952148438e+00
9.258686065673828125e+00
9.259449005126953125e+00
9.258698463439941406e+00
9.259391784667968750e+00
9.258832931518554688e+00
9.259253501892089844e+00
9.258993148803710938e+00
9.259119033813476562e+00
9.259111404418945312e+00
9.259037971496582031e+00
9.259164810180664062e+00
9.259012222290039062e+00
9.259176254272460938e+00
9.259029388427734375e+00
9.259154319763183594e+00
9.259076118469238281e+00
9.259122848510742188e+00
9.259121894836425781e+00
9.259101867675781250e+00
9.259139060974121094e+00
9.259111404418945312e+00
9.259122848510742188e+00
9.259146690368652344e+00
9.259092330932617188e+00
9.259187698364257812e+00
9.259066581726074219e+00
9.259218215942382812e+00
9.259059906005859375e+00
9.259226799011230469e+00
9.259065628051757812e+00
9.259224891662597656e+00
9.259077072143554688e+00
9.259218215942382812e+00
9.259092330932617188e+00
9.259206771850585938e+00
9.259113311767578125e+00
9.259197235107421875e+00
9.259138107299804688e+00
9.259182929992675781e+00
9.259161949157714844e+00
9.259174346923828125e+00
9.259174346923828125e+00
9.259172439575195312e+00
9.259183883666992188e+00
9.259174346923828125e+00
9.259189605712890625e+00
9.259181976318359375e+00
9.259193420410156250e+00
9.259189605712890625e+00
9.259195327758789062e+00
9.259202003479003906e+00
9.259192466735839844e+00
9.259216308593750000e+00
9.259185791015625000e+00
9.259239196777343750e+00
9.259173393249511719e+00
9.259263038635253906e+00
9.259164810180664062e+00
9.259288787841796875e+00
9.259145736694335938e+00
9.259322166442871094e+00
9.259122848510742188e+00
9.259364128112792969e+00
9.259084701538085938e+00
9.259424209594726562e+00
9.259022712707519531e+00
9.259511947631835938e+00
9.258928298950195312e+00
9.259645462036132812e+00
9.258777618408203125e+00
9.259851455688476562e+00
9.258546829223632812e+00
9.260154724121093750e+00
9.258204460144042969e+00
9.260589599609375000e+00
9.257745742797851562e+00
9.261110305786132812e+00
9.257303237915039062e+00
9.261454582214355469e+00
9.257242202758789062e+00
9.261127471923828125e+00
9.257965087890625000e+00
9.260018348693847656e+00
9.259226799011230469e+00
9.258824348449707031e+00
9.260205268859863281e+00
9.258251190185546875e+00
9.260343551635742188e+00
9.258510589599609375e+00
9.259737968444824219e+00
9.259281158447265625e+00
9.259000778198242188e+00
9.259909629821777344e+00
9.258713722229003906e+00
9.259909629821777344e+00
9.259027481079101562e+00
9.259412765502929688e+00
9.259576797485351562e+00
9.258957862854003906e+00
9.259876251220703125e+00
9.258895874023437500e+00
9.259744644165039062e+00
9.259201049804687500e+00
9.259375572204589844e+00
9.259580612182617188e+00
9.259102821350097656e+00
9.259737014770507812e+00
9.259116172790527344e+00
9.259600639343261719e+00
9.259346008300781250e+00
9.259366989135742188e+00
9.259553909301757812e+00
9.259260177612304688e+00
9.259574890136718750e+00
9.259343147277832031e+00
9.259433746337890625e+00
9.259517669677734375e+00
9.259275436401367188e+00
9.259639739990234375e+00
9.259233474731445312e+00
9.259616851806640625e+00
9.259342193603515625e+00
9.259475708007812500e+00
9.259511947631835938e+00
9.259342193603515625e+00
9.259616851806640625e+00
9.259305953979492188e+00
9.259610176086425781e+00
9.259372711181640625e+00
9.259521484375000000e+00
9.259487152099609375e+00
9.259429931640625000e+00
9.259567260742187500e+00
9.259393692016601562e+00
9.259571075439453125e+00
9.259437561035156250e+00
9.259510040283203125e+00
9.259522438049316406e+00
9.259440422058105469e+00
9.259593009948730469e+00
9.259401321411132812e+00
9.259624481201171875e+00
9.259404182434082031e+00
9.259613990783691406e+00
9.259438514709472656e+00
9.259593963623046875e+00
9.259467124938964844e+00
9.259594917297363281e+00
9.259460449218750000e+00
9.259635925292968750e+00
9.259413719177246094e+00
9.259711265563964844e+00
9.259336471557617188e+00
9.259813308715820312e+00
9.259239196777343750e+00
9.259937286376953125e+00
9.259124755859375000e+00
9.260081291198730469e+00
9.258985519409179688e+00
9.260256767272949219e+00
9.258824348449707031e+00
9.260454177856445312e+00
9.258670806884765625e+00
9.260612487792968750e+00
9.258615493774414062e+00
9.260591506958007812e+00
9.258794784545898438e+00
9.260289192199707031e+00
9.259230613708496094e+00
9.259786605834960938e+00
9.259767532348632812e+00
9.259298324584960938e+00
9.260186195373535156e+00
9.259025573730468750e+00
9.260329246520996094e+00
9.259080886840820312e+00
9.260153770446777344e+00
9.259420394897460938e+00
9.259775161743164062e+00
9.259847640991210938e+00
9.259412765502929688e+00
9.260137557983398438e+00
9.259247779846191406e+00
9.260171890258789062e+00
9.259346008300781250e+00
9.259965896606445312e+00
9.259628295898437500e+00
9.259671211242675781e+00
9.259916305541992188e+00
9.259456634521484375e+00
9.260057449340820312e+00
9.259428024291992188e+00
9.260006904602050781e+00
9.259565353393554688e+00
9.259834289550781250e+00
9.259765625000000000e+00
9.259654998779296875e+00
9.259920120239257812e+00
9.259567260742187500e+00
9.259957313537597656e+00
9.259601593017578125e+00
9.259893417358398438e+00
9.259706497192382812e+00
9.259788513183593750e+00
9.259815216064453125e+00
9.259698867797851562e+00
9.259880065917968750e+00
9.259676933288574219e+00
9.259881019592285156e+00
9.259709358215332031e+00
9.259845733642578125e+00
9.259767532348632812e+00
9.259794235229492188e+00
9.259820938110351562e+00
9.259760856628417969e+00
9.259849548339843750e+00
9.259753227233886719e+00
9.259859085083007812e+00
9.259763717651367188e+00
9.259847640991210938e+00
9.259792327880859375e+00
9.259830474853515625e+00
9.259815216064453125e+00
9.259819030761718750e+00
9.259841918945312500e+00
9.259810447692871094e+00
9.259860992431640625e+00
9.259810447692871094e+00
9.259868621826171875e+00
9.259812355041503906e+00
9.259874343872070312e+00
9.259821891784667969e+00
9.259874343872070312e+00
9.259840011596679688e+00
9.259872436523437500e+00
9.259858131408691406e+00
9.259866714477539062e+00
9.259876251220703125e+00
9.259860992431640625e+00
9.259892463684082031e+00
9.259859085083007812e+00
9.259908676147460938e+00
9.259860992431640625e+00
9.259920120239257812e+00
9.259864807128906250e+00
9.259924888610839844e+00
9.259873390197753906e+00
9.259929656982421875e+00
9.259881973266601562e+00
9.259931564331054688e+00
9.259897232055664062e+00
9.259933471679687500e+00
9.259905815124511719e+00
9.259937286376953125e+00
9.259914398193359375e+00
9.259941101074218750e+00
9.259923934936523438e+00
9.259950637817382812e+00
9.259925842285156250e+00
9.259962081909179688e+00
9.259925842285156250e+00
9.259975433349609375e+00
9.259918212890625000e+00
9.259996414184570312e+00
9.259910583496093750e+00
9.260024070739746094e+00
9.259890556335449219e+00
9.260062217712402344e+00
9.259860992431640625e+00
9.260114669799804688e+00
9.259812355041503906e+00
9.260190963745117188e+00
9.259736061096191406e+00
9.260303497314453125e+00
9.259617805480957031e+00
9.260469436645507812e+00
9.259432792663574219e+00
9.260725021362304688e+00
9.259155273437500000e+00
9.261093139648437500e+00
9.258773803710937500e+00
9.261575698852539062e+00
9.258342742919921875e+00
9.262010574340820312e+00
9.258117675781250000e+00
9.261999130249023438e+00
9.258495330810546875e+00
9.261240005493164062e+00
9.259513854980468750e+00
9.260109901428222656e+00
9.260574340820312500e+00
9.259320259094238281e+00
9.261042594909667969e+00
9.259256362915039062e+00
9.260733604431152344e+00
9.259859085083007812e+00
9.259986877441406250e+00
9.260622024536132812e+00
9.259433746337890625e+00
9.260936737060546875e+00
9.259481430053710938e+00
9.260604858398437500e+00
9.260027885437011719e+00
9.259998321533203125e+00
9.260563850402832031e+00
9.259669303894042969e+00
9.260677337646484375e+00
9.259797096252441406e+00
9.260390281677246094e+00
9.260184288024902344e+00
9.260012626647949219e+00
9.260477066040039062e+00
9.259890556335449219e+00
9.260442733764648438e+00
9.260090827941894531e+00
9.260156631469726562e+00
9.260410308837890625e+00
9.259889602661132812e+00
9.260593414306640625e+00
9.259835243225097656e+00
9.260552406311035156e+00
9.259971618652343750e+00
9.260393142700195312e+00
9.260143280029296875e+00
9.260267257690429688e+00
9.260225296020507812e+00
9.260258674621582031e+00
9.260183334350585938e+00
9.260349273681640625e+00
9.260080337524414062e+00
9.260463714599609375e+00
9.259992599487304688e+00
9.260545730590820312e+00
9.259940147399902344e+00
9.260609626770019531e+00
9.259885787963867188e+00
9.260692596435546875e+00
9.259792327880859375e+00
9.260826110839843750e+00
9.259654045104980469e+00
9.261000633239746094e+00
9.259485244750976562e+00
9.261188507080078125e+00
9.259328842163085938e+00
9.261343002319335938e+00
9.259235382080078125e+00
9.261396408081054688e+00
9.259285926818847656e+00
9.261276245117187500e+00
9.259525299072265625e+00
9.260963439941406250e+00
9.259925842285156250e+00
9.260532379150390625e+00
9.260370254516601562e+00
9.260120391845703125e+00
9.260739326477050781e+00
9.259844779968261719e+00
9.260944366455078125e+00
9.259771347045898438e+00
9.260942459106445312e+00
9.259903907775878906e+00
9.260759353637695312e+00
9.260175704956054688e+00
9.260478019714355469e+00
9.260467529296875000e+00
9.260219573974609375e+00
9.260679244995117188e+00
9.260070800781250000e+00
9.260763168334960938e+00
9.260065078735351562e+00
9.260725021362304688e+00
9.260169982910156250e+00
9.260604858398437500e+00
9.260324478149414062e+00
9.260465621948242188e+00
9.260466575622558594e+00
9.260351181030273438e+00
9.260566711425781250e+00
9.260286331176757812e+00
9.260614395141601562e+00
9.260272026062011719e+00
9.260620117187500000e+00
9.260293006896972656e+00
9.260597229003906250e+00
9.260341644287109375e+00
9.260550498962402344e+00
9.260404586791992188e+00
9.260497093200683594e+00
9.260468482971191406e+00
9.260443687438964844e+00
9.260526657104492188e+00
9.260402679443359375e+00
9.260569572448730469e+00
9.260377883911132812e+00
9.260593414306640625e+00
9.260377883911132812e+00
9.260597229003906250e+00
9.260396957397460938e+00
9.260582923889160156e+00
9.260425567626953125e+00
9.260560989379882812e+00
9.260459899902343750e+00
9.260535240173339844e+00
9.260494232177734375e+00
9.260516166687011719e+00
9.260523796081542969e+00
9.260504722595214844e+00
9.260547637939453125e+00
9.260494232177734375e+00
9.260567665100097656e+00
9.260490417480468750e+00
9.260581016540527344e+00
9.260489463806152344e+00
9.260595321655273438e+00
9.260488510131835938e+00
9.260607719421386719e+00
9.260487556457519531e+00
9.260623931884765625e+00
9.260485649108886719e+00
9.260640144348144531e+00
9.260478973388671875e+00
9.260658264160156250e+00
9.260473251342773438e+00
9.260683059692382812e+00
9.260457992553710938e+00
9.260714530944824219e+00
9.260437011718750000e+00
9.260755538940429688e+00
9.260402679443359375e+00
9.260814666748046875e+00
9.260347366333007812e+00
9.260892868041992188e+00
9.260266304016113281e+00
9.261007308959960938e+00
9.260142326354980469e+00
9.261171340942382812e+00
9.259960174560546875e+00
9.261411666870117188e+00
9.259693145751953125e+00
9.261747360229492188e+00
9.259332656860351562e+00
9.262175559997558594e+00
9.258917808532714844e+00
9.262594223022460938e+00
9.258632659912109375e+00
9.262714385986328125e+00
9.258818626403808594e+00
9.262172698974609375e+00
9.259675979614257812e+00
9.261054039001464844e+00
9.260855674743652344e+00
9.259971618652343750e+00
9.261705398559570312e+00
9.259473800659179688e+00
9.261835098266601562e+00
9.259719848632812500e+00
9.261293411254882812e+00
9.260460853576660156e+00
9.260540008544921875e+00
9.261165618896484375e+00
9.260070800781250000e+00
9.261410713195800781e+00
9.260118484497070312e+00
9.261125564575195312e+00
9.260578155517578125e+00
9.260607719421386719e+00
9.261072158813476562e+00
9.260261535644531250e+00
9.261272430419921875e+00
9.260267257690429688e+00
9.261117935180664062e+00
9.260557174682617188e+00
9.260786056518554688e+00
9.260889053344726562e+00
9.260554313659667969e+00
9.261029243469238281e+00
9.260564804077148438e+00
9.260913848876953125e+00
9.260787963867187500e+00
9.260648727416992188e+00
9.261064529418945312e+00
9.260434150695800781e+00
9.261214256286621094e+00
9.260393142700195312e+00
9.261177062988281250e+00
9.260528564453125000e+00
9.261008262634277344e+00
9.260732650756835938e+00
9.260848999023437500e+00
9.260862350463867188e+00
9.260810852050781250e+00
9.260843276977539062e+00
9.260911941528320312e+00
9.260705947875976562e+00
9.261086463928222656e+00
9.260559082031250000e+00
9.261211395263671875e+00
9.260513305664062500e+00
9.261205673217773438e+00
9.260601997375488281e+00
9.261077880859375000e+00
9.260780334472656250e+00
9.260902404785156250e+00
9.260957717895507812e+00
9.260769844055175781e+00
9.261062622070312500e+00
9.260725975036621094e+00
9.261076927185058594e+00
9.260764122009277344e+00
9.261030197143554688e+00
9.260836601257324219e+00
9.260981559753417969e+00
9.260885238647460938e+00
9.260965347290039062e+00
9.260892868041992188e+00
9.260991096496582031e+00
9.260860443115234375e+00
9.261047363281250000e+00
9.260814666748046875e+00
9.261101722717285156e+00
9.260784149169921875e+00
9.261132240295410156e+00
9.260783195495605469e+00
9.261133193969726562e+00
9.260810852050781250e+00
9.261112213134765625e+00
9.260847091674804688e+00
9.261092185974121094e+00
9.260872840881347656e+00
9.261089324951171875e+00
9.260883331298828125e+00
9.261106491088867188e+00
9.260869979858398438e+00
9.261146545410156250e+00
9.260837554931640625e+00
9.261196136474609375e+00
9.260800361633300781e+00
9.261247634887695312e+00
9.260769844055175781e+00
9.261291503906250000e+00
9.260746002197265625e+00
9.261327743530273438e+00
9.260733604431152344e+00
9.261353492736816406e+00
9.260732650756835938e+00
9.261369705200195312e+00
9.260739326477050781e+00
9.261377334594726562e+00
9.260751724243164062e+00
9.261374473571777344e+00
9.260778427124023438e+00
9.261358261108398438e+00
9.260822296142578125e+00
9.261325836181640625e+00
9.260883331298828125e+00
9.261274337768554688e+00
9.260955810546875000e+00
9.261213302612304688e+00
9.261033058166503906e+00
9.261150360107421875e+00
9.261112213134765625e+00
9.261091232299804688e+00
9.261178970336914062e+00
9.261050224304199219e+00
9.261230468750000000e+00
9.261020660400390625e+00
9.261268615722656250e+00
9.261004447937011719e+00
9.261289596557617188e+00
9.261001586914062500e+00
9.261303901672363281e+00
9.261002540588378906e+00
9.261311531066894531e+00
9.261007308959960938e+00
9.261320114135742188e+00
9.261009216308593750e+00
9.261333465576171875e+00
9.261007308959960938e+00
9.261352539062500000e+00
9.261002540588378906e+00
