9.384528160095214844e+00
6.112371444702148438e+00
6.087374210357666016e+00
6.057412147521972656e+00
6.025086879730224609e+00
5.991482734680175781e+00
5.957169055938720703e+00
5.922491073608398438e+00
5.887673377990722656e+00
5.852869033813476562e+00
5.818189144134521484e+00
5.783713340759277344e+00
5.749499320983886719e+00
5.715592861175537109e+00
5.682024002075195312e+00
5.648816585540771484e+00
5.615984916687011719e+00
5.583537578582763672e+00
5.551480293273925781e+00
5.519812583923339844e+00
5.488530158996582031e+00
5.457630157470703125e+00
5.427101612091064453e+00
5.396934509277343750e+00
5.367118835449218750e+00
5.337638378143310547e+00
5.308479309082031250e+00
5.279626846313476562e+00
5.251064300537109375e+00
5.222772598266601562e+00
5.194736480712890625e+00
5.166935920715332031e+00
5.139354705810546875e+00
5.111973285675048828e+00
5.084773540496826172e+00
5.057735919952392578e+00
5.030844211578369141e+00
5.004076480865478516e+00
4.977418899536132812e+00
4.950850963592529297e+00
4.924355506896972656e+00
4.897915840148925781e+00
4.871514320373535156e+00
4.845135211944580078e+00
4.818763256072998047e+00
4.792380332946777344e+00
4.765974044799804688e+00
4.739529609680175781e+00
4.713031291961669922e+00
4.686467170715332031e+00
4.659824371337890625e+00
4.633089542388916016e+00
4.606252193450927734e+00
4.579299926757812500e+00
4.552224159240722656e+00
4.525013446807861328e+00
4.497658729553222656e+00
4.470150470733642578e+00
4.442482471466064453e+00
4.414645671844482422e+00
4.386632919311523438e+00
4.358438968658447266e+00
4.330056667327880859e+00
4.301482200622558594e+00
4.272708415985107422e+00
4.243731975555419922e+00
4.214550018310546875e+00
4.185158252716064453e+00
4.155553817749023438e+00
4.125734806060791016e+00
4.095698833465576172e+00
4.065444469451904297e+00
4.034971237182617188e+00
4.004277229309082031e+00
3.973364353179931641e+00
3.942230939865112305e+00
3.910878181457519531e+00
3.879306793212890625e+00
3.847518444061279297e+00
3.815515518188476562e+00
3.783299684524536133e+00
3.750873565673828125e+00
3.718240022659301758e+00
3.685402631759643555e+00
3.652365446090698242e+00
3.619132041931152344e+00
3.585707902908325195e+00
3.552096843719482422e+00
3.518305540084838867e+00
3.484339237213134766e+00
3.450204610824584961e+00
3.415907382965087891e+00
3.381455659866333008e+00
3.346857070922851562e+00
3.312119245529174805e+00
3.277251243591308594e+00
3.242261409759521484e+00
3.207159519195556641e+00
3.171955585479736328e+00
3.136659860610961914e+00
3.101282835006713867e+00
3.065836668014526367e+00
3.030332326889038086e+00
2.994783163070678711e+00
2.959200859069824219e+00
2.923599243164062500e+00
2.887992382049560547e+00
2.852392911911010742e+00
2.816816806793212891e+00
2.781278133392333984e+00
2.745793104171752930e+00
2.710376739501953125e+00
2.675045967102050781e+00
2.639816522598266602e+00
2.604705810546875000e+00
2.569730520248413086e+00
2.534908533096313477e+00
2.500257253646850586e+00
2.465795278549194336e+00
2.431539535522460938e+00
2.397510051727294922e+00
2.363723754882812500e+00
2.330200195312500000e+00
2.296957731246948242e+00
2.264014959335327148e+00
2.231390476226806641e+00
2.199102878570556641e+00
2.167170047760009766e+00
2.135611295700073242e+00
2.104443788528442383e+00
2.073685646057128906e+00
2.043354511260986328e+00
2.013467311859130859e+00
1.984040021896362305e+00
1.955089688301086426e+00
1.926631689071655273e+00
1.898680925369262695e+00
1.871251583099365234e+00
1.844357252120971680e+00
1.818011641502380371e+00
1.792226195335388184e+00
1.767012238502502441e+00
1.742379903793334961e+00
1.718338727951049805e+00
1.694897651672363281e+00
1.672063469886779785e+00
1.649842381477355957e+00
1.628240227699279785e+00
1.607260584831237793e+00
1.586906671524047852e+00
1.567180395126342773e+00
1.548082232475280762e+00
1.529612064361572266e+00
1.511767864227294922e+00
1.494547009468078613e+00
1.477945566177368164e+00
1.461958169937133789e+00
1.446578979492187500e+00
1.431800484657287598e+00
1.417614579200744629e+00
1.404011964797973633e+00
1.390982389450073242e+00
1.378514885902404785e+00
1.366597294807434082e+00
1.355216860771179199e+00
1.344359993934631348e+00
1.334012985229492188e+00
1.324160933494567871e+00
1.314788937568664551e+00
1.305880904197692871e+00
1.297421455383300781e+00
1.289393782615661621e+00
1.281781673431396484e+00
1.274568676948547363e+00
1.267737865447998047e+00
1.261272788047790527e+00
1.255156397819519043e+00
1.249373078346252441e+00
1.243905663490295410e+00
1.238738417625427246e+00
1.233855962753295898e+00
1.229242444038391113e+00
1.224882960319519043e+00
1.220762848854064941e+00
1.216867685317993164e+00
1.213184475898742676e+00
1.209699749946594238e+00
1.206400394439697266e+00
1.203274607658386230e+00
1.200310587882995605e+00
1.197497725486755371e+00
1.194825172424316406e+00
1.192282319068908691e+00
1.189860582351684570e+00
1.187550663948059082e+00
1.185343980789184570e+00
1.183233022689819336e+00
1.181209802627563477e+00
1.179267883300781250e+00
1.177400231361389160e+00
1.175601243972778320e+00
1.173864841461181641e+00
1.172185659408569336e+00
1.170559287071228027e+00
1.168980717658996582e+00
1.167445778846740723e+00
1.165950655937194824e+00
1.164491534233093262e+00
1.163065195083618164e+00
1.161668777465820312e+00
1.160299062728881836e+00
1.158953547477722168e+00
1.157629966735839844e+00
1.156325817108154297e+00
1.155039191246032715e+00
1.153768301010131836e+00
1.152511358261108398e+00
1.151266694068908691e+00
1.150032997131347656e+00
1.148808956146240234e+00
1.147593021392822266e+00
1.146384477615356445e+00
1.145182132720947266e+00
1.143985152244567871e+00
1.142792344093322754e+00
1.141603469848632812e+00
1.140417337417602539e+00
1.139233589172363281e+00
1.138051629066467285e+00
1.136870622634887695e+00
1.135690450668334961e+00
1.134510159492492676e+00
1.133330106735229492e+00
1.132148981094360352e+00
1.130967259407043457e+00
1.129783868789672852e+00
1.128599166870117188e+00
1.127412557601928711e+00
1.126223921775817871e+00
1.125032782554626465e+00
1.123839259147644043e+00
1.122642755508422852e+00
1.121443390846252441e+00
1.120240926742553711e+00
1.119035124778747559e+00
1.117825865745544434e+00
1.116613030433654785e+00
1.115396738052368164e+00
1.114176273345947266e+00
1.112951993942260742e+00
1.111723780632019043e+00
1.110491394996643066e+00
1.109254598617553711e+00
1.108013510704040527e+00
1.106768131256103516e+00
1.105517983436584473e+00
1.104263424873352051e+00
1.103004097938537598e+00
1.101740121841430664e+00
1.100471138954162598e+00
1.099197387695312500e+00
1.097918510437011719e+00
1.096634745597839355e+00
1.095345854759216309e+00
1.094051599502563477e+00
1.092752337455749512e+00
1.091447830200195312e+00
1.090137720108032227e+00
1.088822484016418457e+00
1.087501645088195801e+00
1.086175560951232910e+00
1.084843754768371582e+00
1.083506345748901367e+00
1.082163214683532715e+00
1.080814480781555176e+00
1.079460144042968750e+00
1.078099966049194336e+00
1.076733589172363281e+00
1.075361728668212891e+00
1.073983907699584961e+00
1.072600126266479492e+00
1.071210145950317383e+00
1.069814443588256836e+00
1.068412542343139648e+00
1.067004323005676270e+00
1.065590143203735352e+00
1.064169764518737793e+00
1.062743067741394043e+00
1.061310529708862305e+00
1.059871196746826172e+00
1.058425664901733398e+00
1.056973576545715332e+00
1.055515408515930176e+00
1.054050922393798828e+00
1.052579641342163086e+00
1.051101922988891602e+00
1.049617767333984375e+00
1.048127055168151855e+00
1.046629786491394043e+00
1.045125842094421387e+00
1.043615460395812988e+00
1.042098164558410645e+00
1.040574312210083008e+00
1.039044022560119629e+00
1.037506580352783203e+00
1.035962820053100586e+00
1.034412026405334473e+00
1.032854318618774414e+00
1.031290173530578613e+00
1.029718995094299316e+00
1.028141021728515625e+00
1.026556253433227539e+00
1.024964570999145508e+00
1.023365974426269531e+00
1.021760463714599609e+00
1.020148158073425293e+00
1.018529176712036133e+00
1.016902923583984375e+00
1.015269756317138672e+00
1.013629794120788574e+00
1.011982798576354980e+00
1.010329127311706543e+00
1.008668184280395508e+00
1.007000327110290527e+00
1.005325794219970703e+00
1.003643989562988281e+00
1.001955389976501465e+00
1.000259876251220703e+00
9.985573291778564453e-01
9.968479871749877930e-01
9.951315522193908691e-01
9.934082031250000000e-01
9.916779398918151855e-01
9.899407029151916504e-01
9.881967306137084961e-01
9.864456653594970703e-01
9.846878647804260254e-01
9.829231500625610352e-01
9.811517596244812012e-01
9.793731570243835449e-01
9.775877594947814941e-01
9.757958054542541504e-01
9.739969968795776367e-01
9.721914529800415039e-01
9.703788757324218750e-01
9.685598611831665039e-01
9.667340517044067383e-01
9.649015069007873535e-01
9.630622267723083496e-01
9.612165689468383789e-01
9.593639373779296875e-01
9.575048089027404785e-01
9.556393027305603027e-01
9.537670016288757324e-01
9.518885016441345215e-01
9.500032663345336914e-01
9.481117129325866699e-01
9.462137222290039062e-01
9.443094134330749512e-01
9.423984885215759277e-01
9.404815435409545898e-01
9.385580420494079590e-01
9.366284608840942383e-01
9.346927404403686523e-01
9.327507019042968750e-01
9.308025836944580078e-01
9.288483262062072754e-01
9.268881082534790039e-01
9.249218702316284180e-01
9.229495525360107422e-01
9.209712743759155273e-01
9.189871549606323242e-01
9.169970750808715820e-01
9.150011539459228516e-01
9.129995107650756836e-01
9.109923243522644043e-01
9.089791774749755859e-01
9.069606661796569824e-01
9.049361348152160645e-01
9.029063582420349121e-01
9.008708596229553223e-01
8.988300561904907227e-01
8.967837691307067871e-01
8.947320580482482910e-01
8.926750421524047852e-01
8.906127214431762695e-01
8.885450363159179688e-01
8.864722847938537598e-01
8.843943476676940918e-01
8.823111653327941895e-01
8.802230358123779297e-01
8.781297206878662109e-01
8.760316371917724609e-01
8.739285469055175781e-01
8.718205094337463379e-01
8.697077631950378418e-01
8.675901889801025391e-01
8.654678463935852051e-01
8.633406758308410645e-01
8.612088561058044434e-01
8.590725660324096680e-01
8.569317460060119629e-01
8.547862172126770020e-01
8.526363968849182129e-01
8.504819869995117188e-01
8.483232855796813965e-01
8.461601734161376953e-01
8.439928889274597168e-01
8.418213129043579102e-01
8.396455049514770508e-01
8.374657034873962402e-01
8.352816104888916016e-01
8.330935239791870117e-01
8.309014439582824707e-01
8.287053704261779785e-01
8.265052437782287598e-01
8.243013620376586914e-01
8.220936655998229980e-01
8.198822140693664551e-01
8.176669478416442871e-01
8.154481053352355957e-01
8.132254481315612793e-01
8.109991550445556641e-01
8.087694048881530762e-01
8.065361976623535156e-01
8.042993545532226562e-01
8.020592331886291504e-01
7.998157143592834473e-01
7.975687384605407715e-01
7.953185439109802246e-01
7.930651307106018066e-01
7.908085584640502930e-01
7.885487079620361328e-01
7.862858176231384277e-01
7.840198874473571777e-01
7.817507982254028320e-01
7.794787883758544922e-01
7.772040367126464844e-01
7.749262452125549316e-01
7.726456522941589355e-01
7.703623175621032715e-01
7.680762410163879395e-01
7.657874226570129395e-01
7.634961605072021484e-01
7.612019777297973633e-01
7.589054703712463379e-01
7.566064596176147461e-01
7.543049454689025879e-01
7.520010471343994141e-01
7.496947646141052246e-01
7.473862767219543457e-01
7.450755834579467773e-01
7.427625656127929688e-01
7.404474020004272461e-01
7.381302714347839355e-01
7.358109951019287109e-01
7.334897518157958984e-01
7.311667203903198242e-01
7.288417220115661621e-01
7.265148758888244629e-01
7.241861820220947266e-01
7.218558788299560547e-01
7.195239067077636719e-01
7.171904444694519043e-01
7.148553133010864258e-01
7.125186920166015625e-01
7.101806998252868652e-01
7.078414559364318848e-01
7.055006623268127441e-01
7.031587958335876465e-01
7.008157372474670410e-01
6.984714865684509277e-01
6.961262226104736328e-01
6.937799453735351562e-01
6.914328932762145996e-01
6.890847682952880859e-01
6.867358684539794922e-01
6.843863725662231445e-01
6.820361018180847168e-01
6.796851754188537598e-01
6.773339509963989258e-01
6.749820709228515625e-01
6.726300120353698730e-01
6.702774763107299805e-01
6.679245829582214355e-01
6.655716896057128906e-01
6.632186770439147949e-01
6.608656048774719238e-01
6.585125327110290527e-01
6.561597585678100586e-01
6.538070440292358398e-01
6.514546871185302734e-01
6.491026282310485840e-01
6.467509269714355469e-01
6.443999409675598145e-01
6.420492529869079590e-01
6.396995186805725098e-01
6.373503804206848145e-01
6.350020766258239746e-01
6.326547861099243164e-01
6.303083896636962891e-01
6.279631257057189941e-01
6.256189942359924316e-01
6.232761740684509277e-01
6.209345459938049316e-01
6.185945272445678711e-01
6.162560582160949707e-01
6.139190196990966797e-01
6.115836501121520996e-01
6.092500686645507812e-01
6.069183349609375000e-01
6.045886278152465820e-01
6.022609472274780273e-01
5.999352931976318359e-01
5.976120233535766602e-01
5.952909588813781738e-01
5.929723381996154785e-01
5.906559824943542480e-01
5.883423686027526855e-01
5.860316157341003418e-01
5.837234258651733398e-01
5.814180970191955566e-01
5.791157484054565430e-01
5.768165588378906250e-01
5.745202898979187012e-01
5.722272992134094238e-01
5.699378252029418945e-01
5.676515698432922363e-01
5.653688907623291016e-01
5.630897879600524902e-01
5.608144402503967285e-01
5.585429072380065918e-01
5.562750101089477539e-01
5.540113449096679688e-01
5.517517328262329102e-01
5.494961142539978027e-01
5.472449064254760742e-01
5.449980497360229492e-01
5.427555441856384277e-01
5.405175685882568359e-01
5.382842421531677246e-01
5.360556244850158691e-01
5.338318943977355957e-01
5.316129326820373535e-01
5.293989181518554688e-01
5.271902084350585938e-01
5.249863862991333008e-01
5.227879285812377930e-01
5.205947756767272949e-01
5.184071063995361328e-01
5.162249803543090820e-01
5.140484571456909180e-01
5.118775367736816406e-01
5.097123980522155762e-01
5.075531005859375000e-01
5.053997039794921875e-01
5.032524466514587402e-01
5.011112093925476074e-01
4.989760816097259521e-01
4.968473017215728760e-01
4.947248101234436035e-01
4.926088750362396240e-01
4.904992580413818359e-01
4.883963167667388916e-01
4.862999320030212402e-01
4.842102527618408203e-01
4.821274280548095703e-01
4.800514578819274902e-01
4.779824614524841309e-01
4.759203195571899414e-01
4.738653600215911865e-01
4.718176424503326416e-01
4.697769582271575928e-01
4.677436053752899170e-01
4.657175540924072266e-01
4.636990129947662354e-01
4.616878330707550049e-01
4.596840739250183105e-01
4.576880931854248047e-01
4.556995630264282227e-01
4.537187516689300537e-01
4.517457485198974609e-01
4.497805535793304443e-01
4.478232264518737793e-01
4.458737671375274658e-01
4.439323246479034424e-01
4.419987499713897705e-01
4.400733113288879395e-01
4.381559193134307861e-01
4.362466931343078613e-01
4.343456029891967773e-01
4.324528872966766357e-01
4.305682778358459473e-01
4.286919832229614258e-01
4.268240630626678467e-01
4.249645471572875977e-01
4.231134057044982910e-01
4.212707281112670898e-01
4.194364845752716064e-01
4.176108241081237793e-01
4.157935678958892822e-01
4.139849841594696045e-01
4.121850132942199707e-01
4.103935360908508301e-01
4.086107909679412842e-01
4.068366587162017822e-01
4.050711989402770996e-01
4.033144712448120117e-01
4.015664458274841309e-01
3.998271822929382324e-01
3.980966210365295410e-01
3.963748216629028320e-01
3.946618139743804932e-01
3.929577469825744629e-01
3.912622034549713135e-01
3.895756304264068604e-01
3.878978490829467773e-01
3.862288594245910645e-01
3.845687508583068848e-01
3.829174041748046875e-01
3.812749385833740234e-01
3.796412944793701172e-01
3.780164420604705811e-01
3.764005005359649658e-01
3.747933506965637207e-01
3.731950223445892334e-01
3.716054558753967285e-01
3.700248003005981445e-01
3.684527873992919922e-01
3.668896853923797607e-01
3.653353750705718994e-01
3.637898862361907959e-01
3.622530102729797363e-01
3.607250154018402100e-01
3.592056632041931152e-01
3.576951324939727783e-01
3.561931550502777100e-01
3.547000586986541748e-01
3.532155156135559082e-01
3.517396152019500732e-01
3.502723574638366699e-01
3.488137125968933105e-01
3.473637700080871582e-01
3.459222316741943359e-01
3.444891870021820068e-01
3.430647552013397217e-01
3.416487872600555420e-01
3.402413129806518555e-01
3.388422727584838867e-01
3.374516069889068604e-01
3.360693156719207764e-01
3.346953392028808594e-01
3.333296775817871094e-01
3.319723606109619141e-01
3.306232392787933350e-01
3.292823135852813721e-01
3.279496431350708008e-01
3.266250491142272949e-01
3.253085911273956299e-01
3.240002095699310303e-01
3.226998448371887207e-01
3.214074969291687012e-01
3.201231360435485840e-01
3.188467323780059814e-01
3.175781369209289551e-01
3.163174092769622803e-01
3.150644302368164062e-01
3.138192892074584961e-01
3.125818967819213867e-01
3.113520741462707520e-01
3.101299703121185303e-01
3.089154362678527832e-01
3.077084720134735107e-01
3.065090179443359375e-01
3.053169250488281250e-01
3.041323721408843994e-01
3.029552400112152100e-01
3.017852604389190674e-01
3.006226718425750732e-01
2.994673550128936768e-01
2.983191311359405518e-01
2.971781194210052490e-01
2.960442304611206055e-01
2.949173152446746826e-01
2.937974333763122559e-01
2.926844358444213867e-01
2.915784716606140137e-01
2.904793322086334229e-01
2.893869280815124512e-01
2.883013486862182617e-01
2.872225344181060791e-01
2.861503064632415771e-01
2.850846648216247559e-01
2.840256989002227783e-01
2.829731106758117676e-01
2.819270789623260498e-01
2.808874845504760742e-01
2.798542082309722900e-01
2.788272798061370850e-01
2.778065800666809082e-01
2.767921388149261475e-01
2.757838070392608643e-01
2.747816741466522217e-01
2.737855911254882812e-01
2.727955281734466553e-01
2.718114554882049561e-01
2.708331942558288574e-01
2.698608934879302979e-01
2.688944041728973389e-01
2.679336369037628174e-01
2.669787406921386719e-01
2.660293877124786377e-01
2.650857269763946533e-01
2.641476094722747803e-01
2.632150352001190186e-01
2.622879147529602051e-01
2.613662481307983398e-01
2.604499757289886475e-01
2.595390081405639648e-01
2.586333751678466797e-01
2.577329576015472412e-01
2.568376362323760986e-01
2.559475600719451904e-01
2.550625205039978027e-01
2.541825473308563232e-01
2.533076107501983643e-01
2.524377107620239258e-01
2.515725493431091309e-01
2.507123053073883057e-01
2.498569339513778687e-01
2.490062564611434937e-01
2.481603622436523438e-01
2.473191171884536743e-01
2.464825063943862915e-01
2.456506192684173584e-01
2.448231130838394165e-01
2.440001070499420166e-01
2.431816160678863525e-01
2.423674464225769043e-01
2.415577918291091919e-01
2.407524138689041138e-01
2.399512976408004761e-01
2.391544431447982788e-01
2.383617758750915527e-01
2.375732660293579102e-01
2.367889732122421265e-01
2.360086888074874878e-01
2.352323979139328003e-01
2.344601452350616455e-01
2.336918562650680542e-01
2.329274863004684448e-01
2.321670204401016235e-01
2.314103841781616211e-01
2.306575328111648560e-01
2.299084514379501343e-01
2.291631400585174561e-01
2.284214645624160767e-01
2.276834845542907715e-01
2.269490659236907959e-01
2.262182533740997314e-01
2.254910171031951904e-01
2.247672379016876221e-01
2.240469902753829956e-01
2.233302146196365356e-01
2.226167172193527222e-01
2.219066619873046875e-01
2.211999446153640747e-01
2.204965054988861084e-01
2.197963744401931763e-01
2.190994769334793091e-01
2.184057980775833130e-01
2.177152484655380249e-01
2.170278728008270264e-01
2.163435965776443481e-01
2.156624197959899902e-01
2.149842679500579834e-01
2.143091708421707153e-01
2.136370539665222168e-01
2.129678726196289062e-01
2.123016417026519775e-01
2.116383165121078491e-01
2.109778076410293579e-01
2.103203088045120239e-01
2.096654921770095825e-01
2.090135365724563599e-01
2.083643078804016113e-01
2.077178359031677246e-01
2.070741057395935059e-01
2.064330279827117920e-01
2.057946473360061646e-01
2.051588743925094604e-01
2.045256942510604858e-01
2.038951516151428223e-01
2.032671421766281128e-01
2.026417106389999390e-01
2.020188570022583008e-01
2.013983726501464844e-01
2.007804512977600098e-01
2.001649290323257446e-01
1.995518207550048828e-01
1.989411562681198120e-01
1.983329206705093384e-01
1.977269798517227173e-01
1.971233785152435303e-01
1.965221613645553589e-01
1.959231942892074585e-01
1.953265815973281860e-01
1.947321593761444092e-01
1.941400170326232910e-01
1.935501545667648315e-01
1.929623931646347046e-01
1.923768520355224609e-01
1.917935460805892944e-01
1.912123411893844604e-01
1.906333118677139282e-01
1.900563687086105347e-01
1.894815564155578613e-01
1.889088153839111328e-01
1.883381009101867676e-01
1.877695024013519287e-01
1.872029453516006470e-01
1.866383850574493408e-01
1.860758364200592041e-01
1.855152696371078491e-01
1.849567294120788574e-01
1.844000965356826782e-01
1.838454753160476685e-01
1.832927316427230835e-01
1.827419251203536987e-01
1.821930408477783203e-01
1.816460341215133667e-01
1.811009198427200317e-01
1.805576533079147339e-01
1.800162643194198608e-01
1.794767677783966064e-01
1.789390146732330322e-01
1.784031540155410767e-01
1.778690367937088013e-01
1.773367673158645630e-01
1.768062412738800049e-01
1.762775778770446777e-01
1.757505834102630615e-01
1.752254217863082886e-01
1.747019439935684204e-01
1.741802394390106201e-01
1.736602038145065308e-01
1.731418818235397339e-01
1.726253330707550049e-01
1.721104234457015991e-01
1.715972423553466797e-01
1.710856854915618896e-01
1.705758273601531982e-01
1.700676530599594116e-01
1.695610731840133667e-01
1.690561622381210327e-01
1.685528904199600220e-01
1.680512130260467529e-01
1.675511747598648071e-01
1.670527905225753784e-01
1.665559560060501099e-01
1.660607457160949707e-01
1.655670702457427979e-01
1.650750190019607544e-01
1.645845025777816772e-01
1.640955954790115356e-01
1.636081635951995850e-01
1.631223857402801514e-01
1.626381129026412964e-01
1.621553599834442139e-01
1.616741567850112915e-01
1.611945331096649170e-01
1.607163250446319580e-01
1.602396965026855469e-01
1.597645580768585205e-01
1.592909544706344604e-01
1.588187962770462036e-01
1.583481729030609131e-01
1.578790396451950073e-01
1.574113816022872925e-01
1.569451838731765747e-01
1.564804166555404663e-01
1.560171842575073242e-01
1.555554270744323730e-01
1.550951004028320312e-01
1.546361893415451050e-01
1.541787683963775635e-01
1.537227928638458252e-01
1.532682627439498901e-01
1.528151631355285645e-01
1.523635089397430420e-01
1.519132405519485474e-01
1.514644324779510498e-01
1.510169804096221924e-01
1.505710333585739136e-01
1.501264572143554688e-01
1.496832519769668579e-01
1.492414772510528564e-01
1.488011628389358521e-01
1.483621746301651001e-01
1.479245871305465698e-01
1.474884003400802612e-01
1.470535844564437866e-01
1.466201990842819214e-01
1.461881697177886963e-01
1.457575410604476929e-01
1.453282684087753296e-01
1.449003517627716064e-01
1.444738060235977173e-01
1.440486311912536621e-01
1.436248570680618286e-01
1.432023495435714722e-01
1.427812576293945312e-01
1.423615515232086182e-01
1.419431716203689575e-01
1.415261179208755493e-01
1.411104649305343628e-01
1.406960636377334595e-01
1.402830928564071655e-01
1.398714333772659302e-01
1.394610852003097534e-01
1.390521228313446045e-01
1.386443972587585449e-01
1.382380872964859009e-01
1.378330588340759277e-01
1.374294161796569824e-01
1.370269805192947388e-01
1.366259753704071045e-01
1.362262666225433350e-01
1.358278393745422363e-01
1.354307085275650024e-01
1.350349187850952148e-01
1.346404552459716797e-01
1.342472732067108154e-01
1.338553875684738159e-01
1.334648281335830688e-01
1.330755650997161865e-01
1.326875686645507812e-01
1.323009133338928223e-01
1.319154947996139526e-01
1.315314173698425293e-01
1.311486661434173584e-01
1.307671368122100830e-01
1.303868591785430908e-01
1.300078928470611572e-01
1.296302974224090576e-01
1.292538344860076904e-01
1.288787126541137695e-01
1.285049170255661011e-01
1.281323134899139404e-01
1.277610063552856445e-01
1.273910403251647949e-01
1.270222514867782593e-01
1.266547590494155884e-01
1.262884885072708130e-01
1.259235143661499023e-01
1.255598217248916626e-01
1.251973658800125122e-01
1.248361393809318542e-01
1.244762018322944641e-01
1.241174638271331787e-01
1.237600222229957581e-01
1.234038323163986206e-01
1.230488792061805725e-01
1.226951703429222107e-01
1.223426535725593567e-01
1.219914183020591736e-01
1.216414123773574829e-01
1.212926208972930908e-01
1.209450885653495789e-01
1.205988004803657532e-01
1.202537268400192261e-01
1.199097931385040283e-01
1.195671632885932922e-01
1.192257627844810486e-01
1.188855171203613281e-01
1.185465604066848755e-01
1.182087808847427368e-01
1.178722381591796875e-01
1.175368875265121460e-01
1.172027513384819031e-01
1.168698370456695557e-01
1.165380775928497314e-01
1.162075474858283997e-01
1.158781722187995911e-01
1.155500486493110657e-01
1.152231022715568542e-01
1.148973926901817322e-01
1.145728155970573425e-01
1.142494678497314453e-01
1.139272376894950867e-01
1.136062294244766235e-01
1.132864207029342651e-01
1.129677668213844299e-01
1.126502901315689087e-01
1.123339608311653137e-01
1.120188534259796143e-01
1.117048710584640503e-01
1.113920956850051880e-01
1.110804229974746704e-01
1.107699349522590637e-01
1.104606613516807556e-01
1.101524755358695984e-01
1.098454669117927551e-01
1.095395907759666443e-01
1.092348545789718628e-01
1.089312955737113953e-01
1.086288765072822571e-01
1.083275899291038513e-01
1.080274358391761780e-01
1.077284216880798340e-01
1.074305251240730286e-01
1.071337908506393433e-01
1.068381592631340027e-01
1.065436527132987976e-01
1.062502562999725342e-01
1.059579700231552124e-01
1.056668162345886230e-01
1.053767502307891846e-01
1.050878390669822693e-01
1.048000305891036987e-01
1.045133173465728760e-01
1.042276844382286072e-01
1.039431765675544739e-01
1.036597266793251038e-01
1.033773869276046753e-01
1.030961573123931885e-01
1.028160154819488525e-01
1.025369316339492798e-01
1.022589504718780518e-01
1.019820198416709900e-01
1.017061844468116760e-01
1.014313995838165283e-01
1.011577025055885315e-01
1.008850559592247009e-01
1.006135269999504089e-01
1.003430038690567017e-01
1.000735759735107422e-01
9.980516880750656128e-02
9.953782707452774048e-02
9.927148371934890747e-02
9.900628775358200073e-02
9.874203056097030640e-02
9.847888350486755371e-02
9.821675717830657959e-02
9.795564413070678711e-02
9.769555181264877319e-02
9.743649512529373169e-02
9.717848151922225952e-02
9.692144393920898438e-02
9.666543453931808472e-02
9.641048312187194824e-02
9.615654498338699341e-02
9.590355306863784790e-02
9.565161913633346558e-02
9.540064632892608643e-02
9.515066444873809814e-02
9.490174800157546997e-02
9.465375542640686035e-02
9.440674632787704468e-02
9.416076540946960449e-02
9.391571581363677979e-02
9.367166459560394287e-02
9.342859685420989990e-02
9.318651258945465088e-02
9.294538944959640503e-02
9.270517528057098389e-02
9.246601164340972900e-02
9.222777932882308960e-02
9.199044853448867798e-02
9.175409376621246338e-02
9.151871502399444580e-02
9.128426015377044678e-02
9.105076640844345093e-02
9.081819653511047363e-02
9.058653563261032104e-02
9.035586565732955933e-02
9.012602269649505615e-02
8.989718556404113770e-02
8.966925740242004395e-02
8.944223821163177490e-02
8.921612054109573364e-02
8.899094909429550171e-02
8.876670151948928833e-02
8.854328095912933350e-02
8.832079917192459106e-02
8.809920400381088257e-02
8.787854015827178955e-02
8.765877783298492432e-02
8.743982017040252686e-02
8.722179383039474487e-02
8.700464665889739990e-02
8.678838610649108887e-02
8.657298982143402100e-02
8.635845035314559937e-02
8.614480495452880859e-02
8.593202382326126099e-02
8.572009205818176270e-02
8.550901710987091064e-02
8.529876917600631714e-02
8.508942276239395142e-02
8.488086611032485962e-02
8.467318862676620483e-02
8.446635305881500244e-02
8.426032960414886475e-02
8.405517041683197021e-02
8.385080844163894653e-02
8.364725857973098755e-02
8.344456553459167480e-02
8.324270695447921753e-02
8.304165303707122803e-02
8.284139633178710938e-02
8.264197409152984619e-02
8.244333416223526001e-02
8.224552124738693237e-02
8.204849809408187866e-02
8.185223489999771118e-02
8.165682852268218994e-02
8.146215975284576416e-02
8.126829564571380615e-02
8.107517659664154053e-02
8.088289946317672729e-02
8.069135993719100952e-02
8.050061017274856567e-02
8.031062036752700806e-02
8.012139797210693359e-02
7.993293553590774536e-02
7.974522560834884644e-02
7.955826073884963989e-02
7.937209308147430420e-02
7.918664067983627319e-02
7.900195568799972534e-02
7.881801575422286987e-02
7.863479107618331909e-02
7.845232635736465454e-02
7.827057689428329468e-02
7.808957248926162720e-02
7.790927588939666748e-02
7.772973179817199707e-02
7.755092531442642212e-02
7.737275958061218262e-02
7.719536870718002319e-02
7.701863348484039307e-02
7.684265077114105225e-02
7.666736841201782227e-02
7.649277895689010620e-02
7.631890475749969482e-02
7.614570856094360352e-02
7.597320526838302612e-02
7.580140233039855957e-02
7.563027739524841309e-02
7.545984536409378052e-02
7.529006153345108032e-02
7.512099295854568481e-02
7.495255768299102783e-02
7.478482276201248169e-02
7.461773604154586792e-02
7.445131987333297729e-02
7.428558915853500366e-02
7.412048429250717163e-02
7.395599037408828735e-02
7.379219681024551392e-02
7.362908124923706055e-02
7.346659153699874878e-02
7.330474257469177246e-02
7.314351946115493774e-02
7.298292964696884155e-02
7.282298803329467773e-02
7.266367226839065552e-02
7.250499725341796875e-02
7.234692573547363281e-02
7.218949496746063232e-02
7.203262299299240112e-02
7.187645882368087769e-02
7.172082364559173584e-02
7.156585901975631714e-02
7.141147553920745850e-02
7.125769555568695068e-02
7.110451906919479370e-02
7.095194607973098755e-02
7.079997658729553223e-02
7.064863294363021851e-02
7.049780339002609253e-02
7.034755498170852661e-02
7.019797712564468384e-02
7.004892081022262573e-02
6.990046054124832153e-02
6.975253671407699585e-02
6.960521638393402100e-02
6.945850700139999390e-02
6.931230425834655762e-02
6.916669011116027832e-02
6.902163475751876831e-02
6.887713819742202759e-02
6.873323768377304077e-02
6.858982145786285400e-02
6.844697892665863037e-02
6.830469518899917603e-02
6.816295534372329712e-02
6.802180409431457520e-02
6.788112223148345947e-02
6.774098426103591919e-02
6.760140508413314819e-02
6.746236979961395264e-02
6.732385605573654175e-02
6.718583405017852783e-02
6.704837828874588013e-02
6.691142916679382324e-02
6.677498668432235718e-02
6.663909554481506348e-02
6.650366634130477905e-02
6.636879593133926392e-02
6.623443216085433960e-02
6.610056757926940918e-02
6.596718728542327881e-02
6.583434343338012695e-02
6.570196896791458130e-02
6.557010114192962646e-02
6.543870270252227783e-02
6.530785560607910156e-02
6.517745554447174072e-02
6.504754722118377686e-02
6.491813063621520996e-02
6.478920578956604004e-02
6.466073542833328247e-02
6.453271955251693726e-02
6.440524011850357056e-02
6.427817791700363159e-02
6.415161490440368652e-02
6.402553617954254150e-02
6.389986723661422729e-02
6.377474218606948853e-02
6.365000456571578979e-02
6.352575123310089111e-02
6.340198218822479248e-02
6.327863782644271851e-02
6.315574795007705688e-02
6.303330510854721069e-02
6.291130930185317993e-02
6.278976798057556152e-02
6.266866624355316162e-02
6.254799664020538330e-02
6.242776662111282349e-02
6.230797246098518372e-02
6.218862906098365784e-02
6.206968799233436584e-02
6.195117905735969543e-02
6.183311343193054199e-02
6.171546503901481628e-02
6.159824877977371216e-02
6.148144602775573730e-02
6.136504188179969788e-02
6.124909594655036926e-02
6.113351881504058838e-02
6.101838499307632446e-02
6.090365350246429443e-02
6.078930571675300598e-02
6.067540869116783142e-02
6.056189537048339844e-02
6.044877320528030396e-02
6.033606454730033875e-02
6.022375077009201050e-02
6.011181697249412537e-02
6.000029295682907104e-02
5.988916382193565369e-02
5.977838858962059021e-02
5.966806039214134216e-02
5.955808982253074646e-02
5.944846943020820618e-02
5.933927744626998901e-02
5.923047289252281189e-02
5.912198126316070557e-02
5.901393294334411621e-02
5.890622362494468689e-02
5.879889428615570068e-02
5.869191884994506836e-02
5.858533829450607300e-02
5.847907066345214844e-02
5.837321653962135315e-02
5.826773121953010559e-02
5.816257745027542114e-02
5.805781111121177673e-02
5.795338377356529236e-02
5.784928798675537109e-02
5.774560198187828064e-02
5.764221772551536560e-02
5.753920227289199829e-02
5.743653327226638794e-02
5.733421072363853455e-02
5.723223090171813965e-02
5.713060498237609863e-02
5.702930688858032227e-02
5.692834407091140747e-02
5.682772770524024963e-02
5.672747641801834106e-02
5.662748217582702637e-02
5.652784928679466248e-02
5.642857402563095093e-02
5.632961913943290710e-02
5.623096972703933716e-02
5.613265559077262878e-02
5.603470280766487122e-02
5.593699961900711060e-02
5.583967640995979309e-02
5.574265122413635254e-02
5.564596503973007202e-02
5.554956197738647461e-02
5.545344948768615723e-02
5.535769462585449219e-02
5.526222661137580872e-02
5.516706034541130066e-02
5.507223680615425110e-02
5.497768521308898926e-02
5.488345399498939514e-02
5.478952452540397644e-02
5.469590052962303162e-02
5.460257083177566528e-02
5.450953915715217590e-02
5.441680550575256348e-02
5.432436987757682800e-02
5.423216521739959717e-02
5.414033681154251099e-02
5.404875427484512329e-02
5.395746603608131409e-02
5.386647954583168030e-02
5.377576872706413269e-02
5.368533730506896973e-02
5.359519645571708679e-02
5.350533127784729004e-02
5.341572314500808716e-02
5.332643538713455200e-02
5.323741957545280457e-02
5.314868316054344177e-02
5.306018143892288208e-02
5.297197028994560242e-02
5.288402736186981201e-02
5.279634520411491394e-02
5.270893126726150513e-02
5.262181162834167480e-02
5.253495648503303528e-02
5.244834348559379578e-02
5.236200988292694092e-02
5.227594077587127686e-02
5.219012126326560974e-02
5.210452154278755188e-02
5.201924964785575867e-02
5.193417146801948547e-02
5.184939876198768616e-02
5.176486074924468994e-02
5.168056115508079529e-02
5.159652978181838989e-02
5.151275172829627991e-02
5.142921954393386841e-02
5.134590715169906616e-02
5.126288905739784241e-02
5.118003860116004944e-02
5.109746009111404419e-02
5.101517215371131897e-02
5.093306303024291992e-02
5.085125938057899475e-02
5.076963827013969421e-02
5.068825557827949524e-02
5.060714110732078552e-02
5.052624642848968506e-02
5.044558271765708923e-02
5.036514252424240112e-02
5.028493329882621765e-02
5.020496249198913574e-02
5.012523382902145386e-02
5.004569515585899353e-02
4.996640980243682861e-02
4.988734796643257141e-02
4.980852082371711731e-02
4.972988739609718323e-02
4.965148121118545532e-02
4.957330971956253052e-02
4.949532821774482727e-02
4.941761866211891174e-02
4.934007674455642700e-02
4.926276206970214844e-02
4.918569326400756836e-02
4.910878837108612061e-02
4.903211072087287903e-02
4.895566403865814209e-02
4.887942969799041748e-02
4.880337789654731750e-02
4.872757568955421448e-02
4.865193367004394531e-02
4.857652634382247925e-02
4.850131645798683167e-02
4.842627421021461487e-02
4.835148900747299194e-02
4.827686771750450134e-02
4.820248857140541077e-02
4.812828823924064636e-02
4.805424436926841736e-02
4.798046126961708069e-02
4.790684580802917480e-02
4.783342778682708740e-02
4.776021838188171387e-02
4.768719151616096497e-02
4.761434346437454224e-02
4.754169285297393799e-02
4.746926575899124146e-02
4.739699885249137878e-02
4.732491821050643921e-02
4.725303128361701965e-02
4.718134179711341858e-02
4.710980504751205444e-02
4.703849181532859802e-02
4.696736112236976624e-02
4.689639806747436523e-02
4.682561755180358887e-02
4.675502330064773560e-02
4.668458923697471619e-02
4.661436006426811218e-02
4.654430598020553589e-02
4.647444561123847961e-02
4.640473052859306335e-02
4.633521288633346558e-02
4.626585170626640320e-02
4.619669541716575623e-02
4.612768441438674927e-02
4.605884104967117310e-02
4.599020257592201233e-02
4.592167958617210388e-02
4.585339501500129700e-02
4.578524082899093628e-02
4.571727290749549866e-02
4.564943164587020874e-02
4.558182880282402039e-02
4.551432654261589050e-02
4.544697701930999756e-02
4.537985846400260925e-02
4.531287029385566711e-02
4.524605348706245422e-02
4.517937824130058289e-02
4.511288180947303772e-02
4.504654183983802795e-02
4.498038068413734436e-02
4.491433873772621155e-02
4.484847187995910645e-02
4.478275030851364136e-02
4.471721500158309937e-02
4.465181007981300354e-02
4.458657279610633850e-02
4.452148452401161194e-02
4.445655271410942078e-02
4.439179599285125732e-02
4.432715848088264465e-02
4.426268860697746277e-02
4.419834911823272705e-02
4.413416609168052673e-02
4.407014697790145874e-02
4.400626942515373230e-02
4.394254460930824280e-02
4.387894645333290100e-02
4.381553083658218384e-02
4.375221952795982361e-02
4.368908703327178955e-02
4.362606257200241089e-02
4.356323182582855225e-02
4.350053146481513977e-02
4.343793541193008423e-02
4.337549582123756409e-02
4.331321269273757935e-02
4.325104877352714539e-02
4.318904876708984375e-02
4.312716424465179443e-02
4.306543245911598206e-02
4.300384223461151123e-02
4.294238612055778503e-02
4.288104921579360962e-02
4.281985387206077576e-02
4.275881499052047729e-02
4.269789904356002808e-02
4.263710230588912964e-02
4.257645457983016968e-02
4.251594096422195435e-02
4.245556518435478210e-02
4.239529743790626526e-02
4.233517497777938843e-02
4.227519035339355469e-02
4.221532866358757019e-02
4.215557873249053955e-02
4.209598526358604431e-02
4.203651472926139832e-02
4.197715967893600464e-02
4.191794246435165405e-02
4.185884445905685425e-02
4.179985076189041138e-02
4.174100607633590698e-02
4.168228060007095337e-02
4.162369668483734131e-02
4.156522825360298157e-02
4.150686785578727722e-02
4.144866764545440674e-02
4.139053449034690857e-02
4.133254289627075195e-02
4.127467796206474304e-02
4.121693596243858337e-02
4.115931317210197449e-02
4.110179468989372253e-02
4.104442149400711060e-02
4.098715633153915405e-02
4.093001410365104675e-02
4.087297990918159485e-02
4.081606119871139526e-02
4.075925424695014954e-02
4.070254787802696228e-02
4.064600169658660889e-02
4.058953002095222473e-02
4.053319990634918213e-02
4.047695919871330261e-02
4.042083770036697388e-02
4.036485403776168823e-02
4.030897840857505798e-02
4.025319963693618774e-02
4.019752889871597290e-02
4.014196991920471191e-02
4.008653759956359863e-02
4.003119468688964844e-02
3.997598588466644287e-02
3.992084041237831116e-02
3.986584395170211792e-02
3.981094434857368469e-02
3.975617140531539917e-02
3.970145806670188904e-02
3.964687883853912354e-02
3.959241881966590881e-02
3.953806683421134949e-02
3.948380425572395325e-02
3.942964971065521240e-02
3.937560319900512695e-02
3.932166099548339844e-02
3.926781192421913147e-02
3.921407461166381836e-02
3.916042670607566833e-02
3.910689428448677063e-02
3.905347362160682678e-02
3.900015354156494141e-02
3.894691914319992065e-02
3.889380022883415222e-02
3.884077817201614380e-02
3.878786414861679077e-02
3.873503580689430237e-02
3.868230059742927551e-02
3.862966969609260559e-02
3.857714310288429260e-02
3.852471709251403809e-02
3.847239911556243896e-02
3.842016682028770447e-02
3.836804255843162537e-02
3.831597790122032166e-02
3.826404362916946411e-02
3.821219131350517273e-02
3.816046193242073059e-02
3.810879215598106384e-02
3.805725648999214172e-02
3.800577297806739807e-02
3.795440495014190674e-02
3.790310770273208618e-02
3.785194084048271179e-02
3.780084848403930664e-02
3.774986043572425842e-02
3.769892826676368713e-02
3.764813020825386047e-02
3.759741783142089844e-02
3.754680231213569641e-02
3.749625012278556824e-02
3.744580596685409546e-02
3.739544376730918884e-02
3.734518587589263916e-02
3.729500994086265564e-02
3.724493458867073059e-02
3.719493374228477478e-02
3.714501112699508667e-02
3.709521144628524780e-02
3.704548254609107971e-02
3.699583187699317932e-02
3.694629669189453125e-02
3.689681738615036011e-02
3.684745356440544128e-02
3.679813444614410400e-02
3.674893826246261597e-02
3.669982403516769409e-02
3.665079921483993530e-02
3.660183027386665344e-02
3.655298426747322083e-02
3.650420904159545898e-02
3.645549714565277100e-02
3.640690073370933533e-02
3.635838627815246582e-02
3.630995005369186401e-02
3.626160696148872375e-02
3.621331229805946350e-02
3.616512194275856018e-02
3.611702844500541687e-02
3.606899827718734741e-02
3.602106124162673950e-02
3.597320616245269775e-02
3.592542558908462524e-02
3.587773069739341736e-02
3.583011403679847717e-02
3.578256815671920776e-02
3.573511540889739990e-02
3.568775206804275513e-02
3.564046695828437805e-02
3.559325262904167175e-02
3.554612025618553162e-02
3.549906611442565918e-02
3.545209765434265137e-02
3.540518879890441895e-02
3.535838425159454346e-02
3.531163558363914490e-02
3.526496887207031250e-02
3.521841019392013550e-02
3.517188504338264465e-02
3.512546792626380920e-02
3.507913649082183838e-02
3.503285720944404602e-02
3.498665988445281982e-02
3.494053333997726440e-02
3.489449620246887207e-02
3.484852984547615051e-02
3.480262681841850281e-02
3.475683182477951050e-02
3.471110016107559204e-02
3.466541320085525513e-02
3.461983799934387207e-02
3.457431867718696594e-02
3.452887758612632751e-02
3.448351472616195679e-02
3.443822264671325684e-02
3.439301252365112305e-02
3.434786573052406311e-02
3.430277854204177856e-02
3.425778821110725403e-02
3.421285003423690796e-02
3.416801244020462036e-02
3.412326052784919739e-02
3.407854214310646057e-02
3.403389081358909607e-02
3.398933261632919312e-02
3.394483774900436401e-02
3.390041738748550415e-02
3.385609015822410583e-02
3.381179645657539368e-02
3.376761451363563538e-02
3.372346609830856323e-02
3.367941826581954956e-02
3.363541513681411743e-02
3.359147906303405762e-02
3.354763984680175781e-02
3.350384533405303955e-02
3.346013650298118591e-02
3.341648355126380920e-02
3.337292000651359558e-02
3.332941606640815735e-02
3.328598663210868835e-02
3.324262052774429321e-02
3.319931402802467346e-02
3.315607830882072449e-02
3.311292082071304321e-02
3.306980803608894348e-02
3.302679955959320068e-02
3.298384696245193481e-02
3.294094279408454895e-02
3.289812058210372925e-02
3.285536170005798340e-02
3.281266987323760986e-02
3.277004510164260864e-02
3.272749111056327820e-02
3.268500044941902161e-02
3.264257311820983887e-02
3.260021656751632690e-02
3.255794197320938110e-02
3.251568973064422607e-02
3.247353807091712952e-02
3.243144601583480835e-02
3.238940611481666565e-02
3.234744817018508911e-02
3.230555728077888489e-02
3.226370364427566528e-02
3.222194314002990723e-02
3.218023478984832764e-02
3.213860094547271729e-02
3.209700062870979309e-02
3.205550834536552429e-02
3.201406076550483704e-02
3.197266906499862671e-02
3.193133324384689331e-02
3.189008682966232300e-02
3.184890002012252808e-02
3.180775418877601624e-02
3.176667541265487671e-02
3.172566741704940796e-02
3.168474510312080383e-02
3.164384141564369202e-02
3.160303086042404175e-02
3.156228363513946533e-02
3.152156993746757507e-02
3.148094564676284790e-02
3.144036233425140381e-02
3.139985725283622742e-02
3.135942295193672180e-02
3.131904080510139465e-02
3.127868473529815674e-02
3.123843669891357422e-02
3.119822219014167786e-02
3.115807659924030304e-02
3.111801110208034515e-02
3.107798099517822266e-02
3.103802911937236786e-02
3.099813126027584076e-02
3.095825761556625366e-02
3.091849572956562042e-02
3.087877668440341949e-02
3.083910048007965088e-02
3.079952299594879150e-02
3.075996600091457367e-02
3.072048537433147430e-02
3.068107739090919495e-02
3.064168989658355713e-02
3.060238435864448547e-02
3.056313842535018921e-02
3.052393533289432526e-02
3.048483096063137054e-02
3.044576384127140045e-02
3.040675446391105652e-02
3.036779165267944336e-02
3.032888099551200867e-02
3.029004111886024475e-02
3.025126643478870392e-02
3.021253272891044617e-02
3.017387352883815765e-02
3.013526462018489838e-02
3.009672090411186218e-02
3.005819395184516907e-02
3.001978062093257904e-02
2.998138777911663055e-02
2.994308061897754669e-02
2.990482188761234283e-02
2.986660413444042206e-02
2.982844598591327667e-02
2.979035489261150360e-02
2.975232154130935669e-02
2.971431612968444824e-02
2.967638708651065826e-02
2.963851951062679291e-02
2.960072271525859833e-02
2.956295199692249298e-02
2.952524274587631226e-02
2.948758937418460846e-02
2.945000864565372467e-02
2.941246517002582550e-02
2.937496826052665710e-02
2.933755144476890564e-02
2.930018864572048187e-02
2.926285937428474426e-02
2.922558598220348358e-02
2.918837405741214752e-02
2.915123291313648224e-02
2.911413647234439850e-02
2.907709218561649323e-02
2.904008515179157257e-02
2.900316566228866577e-02
2.896627411246299744e-02
2.892942912876605988e-02
2.889267541468143463e-02
2.885595150291919708e-02
2.881927415728569031e-02
2.878265641629695892e-02
2.874610200524330139e-02
2.870958484709262848e-02
2.867312356829643250e-02
2.863672003149986267e-02
2.860038727521896362e-02
2.856407128274440765e-02
2.852784842252731323e-02
2.849164605140686035e-02
2.845550887286663055e-02
2.841942384839057922e-02
2.838336303830146790e-02
2.834743447601795197e-02
2.831147983670234680e-02
2.827560901641845703e-02
2.823978103697299957e-02
2.820402011275291443e-02
2.816829457879066467e-02
2.813262492418289185e-02
2.809700369834899902e-02
2.806144207715988159e-02
2.802591957151889801e-02
2.799046039581298828e-02
2.795503661036491394e-02
2.791967801749706268e-02
2.788438089191913605e-02
2.784911170601844788e-02
2.781390026211738586e-02
2.777875587344169617e-02
2.774364501237869263e-02
2.770859189331531525e-02
2.767358906567096710e-02
2.763862721621990204e-02
2.760371565818786621e-02
2.756888605654239655e-02
2.753407135605812073e-02
2.749931067228317261e-02
2.746462821960449219e-02
2.742996811866760254e-02
2.739537321031093597e-02
2.736082114279270172e-02
2.732628956437110901e-02
2.729184366762638092e-02
2.725744433701038361e-02
2.722309157252311707e-02
2.718879282474517822e-02
2.715453132987022400e-02
2.712031453847885132e-02
2.708616107702255249e-02
2.705204486846923828e-02
2.701800130307674408e-02
2.698399499058723450e-02
2.695000916719436646e-02
2.691609784960746765e-02
2.688221819698810577e-02
2.684840746223926544e-02
2.681465446949005127e-02
2.678094245493412018e-02
2.674726210534572601e-02
2.671362273395061493e-02
2.668005786836147308e-02
2.664652280509471893e-02
2.661304175853729248e-02
2.657961659133434296e-02
2.654625661671161652e-02
2.651289664208889008e-02
2.647961489856243134e-02
2.644637785851955414e-02
2.641318365931510925e-02
2.638001739978790283e-02
2.634693123400211334e-02
2.631388418376445770e-02
2.628086879849433899e-02
2.624792419373989105e-02
2.621500194072723389e-02
2.618213370442390442e-02
2.614933624863624573e-02
2.611656486988067627e-02
2.608384750783443451e-02
2.605115249752998352e-02
2.601852826774120331e-02
2.598594501614570618e-02
2.595341764390468597e-02
2.592091821134090424e-02
2.588847093284130096e-02
2.585606649518013000e-02
2.582371607422828674e-02
2.579140476882457733e-02
2.575916051864624023e-02
2.572693675756454468e-02
2.569478005170822144e-02
2.566265873610973358e-02
2.563057467341423035e-02
2.559854276478290558e-02
2.556656114757061005e-02
2.553461305797100067e-02
2.550271712243556976e-02
2.547086961567401886e-02
2.543908357620239258e-02
2.540731057524681091e-02
2.537560649216175079e-02
2.534392289817333221e-02
2.531229890882968903e-02
2.528072148561477661e-02
2.524919062852859497e-02
2.521768584847450256e-02
2.518625184893608093e-02
2.515485510230064392e-02
2.512348815798759460e-02
2.509219199419021606e-02
2.506092563271522522e-02
2.502969838678836823e-02
2.499852143228054047e-02
2.496737614274024963e-02
2.493630908429622650e-02
2.490525506436824799e-02
2.487424947321414948e-02
2.484328299760818481e-02
2.481236681342124939e-02
2.478150278329849243e-02
2.475066855549812317e-02
2.471990324556827545e-02
2.468915469944477081e-02
2.465847507119178772e-02
2.462779358029365540e-02
2.459719963371753693e-02
2.456663362681865692e-02
2.453609742224216461e-02
2.450562827289104462e-02
2.447519265115261078e-02
2.444480173289775848e-02
2.441444434225559235e-02
2.438413910567760468e-02
2.435385994613170624e-02
2.432365342974662781e-02
2.429346553981304169e-02
2.426333166658878326e-02
2.423324808478355408e-02
2.420318685472011566e-02
2.417318895459175110e-02
2.414320968091487885e-02
2.411329932510852814e-02
2.408342622220516205e-02
2.405355870723724365e-02
2.402377873659133911e-02
2.399401180446147919e-02
2.396431006491184235e-02
2.393462322652339935e-02
2.390498854219913483e-02
2.387543022632598877e-02
2.384586445987224579e-02
2.381636388599872589e-02
2.378690987825393677e-02
2.375747822225093842e-02
2.372810617089271545e-02
2.369875274598598480e-02
2.366947196424007416e-02
2.364020422101020813e-02
2.361100167036056519e-02
2.358181029558181763e-02
2.355268225073814392e-02
2.352359704673290253e-02
2.349453978240489960e-02
2.346552722156047821e-02
2.343656308948993683e-02
2.340763807296752930e-02
2.337875030934810638e-02
2.334990538656711578e-02
2.332109957933425903e-02
2.329232729971408844e-02
2.326361835002899170e-02
2.323492616415023804e-02
2.320629172027111053e-02
2.317768149077892303e-02
2.314912527799606323e-02
2.312058769166469574e-02
2.309210784733295441e-02
2.306367643177509308e-02
2.303525619208812714e-02
2.300690300762653351e-02
2.297857962548732758e-02
2.295029908418655396e-02
2.292205579578876495e-02
2.289385721087455750e-02
2.286568097770214081e-02
2.283756434917449951e-02
2.280946448445320129e-02
2.278143540024757385e-02
2.275342866778373718e-02
2.272547222673892975e-02
2.269752323627471924e-02
2.266964130103588104e-02
2.264180220663547516e-02
2.261398732662200928e-02
2.258622273802757263e-02
2.255848422646522522e-02
2.253079041838645935e-02
2.250314317643642426e-02
2.247552387416362762e-02
2.244795300066471100e-02
2.242041751742362976e-02
2.239291928708553314e-02
2.236543782055377960e-02
2.233803644776344299e-02
2.231064811348915100e-02
2.228329889476299286e-02
2.225599996745586395e-02
2.222874015569686890e-02
2.220150083303451538e-02
2.217431552708148956e-02
2.214716374874114990e-02
2.212005481123924255e-02
2.209295891225337982e-02
2.206593006849288940e-02
2.203892171382904053e-02
2.201197110116481781e-02
2.198503725230693817e-02
2.195814996957778931e-02
2.193130739033222198e-02
2.190449461340904236e-02
2.187771163880825043e-02
2.185098640620708466e-02
2.182428166270256042e-02
2.179760858416557312e-02
2.177099324762821198e-02
2.174439094960689545e-02
2.171785384416580200e-02
2.169134654104709625e-02
2.166485600173473358e-02
2.163843810558319092e-02
2.161201648414134979e-02
2.158566005527973175e-02
2.155931852757930756e-02
2.153303474187850952e-02
2.150677144527435303e-02
2.148055285215377808e-02
2.145439013838768005e-02
2.142824232578277588e-02
2.140213549137115479e-02
2.137607894837856293e-02
2.135003544390201569e-02
2.132403105497360229e-02
2.129808440804481506e-02
2.127215079963207245e-02
2.124626003205776215e-02
2.122039534151554108e-02
2.119458280503749847e-02
2.116881124675273895e-02
2.114305831491947174e-02
2.111735567450523376e-02
2.109167724847793579e-02
2.106603980064392090e-02
2.104044519364833832e-02
2.101486362516880035e-02
2.098934166133403778e-02
2.096385695040225983e-02
2.093840204179286957e-02
2.091297321021556854e-02
2.088757790625095367e-02
2.086222730576992035e-02
2.083691954612731934e-02
2.081165276467800140e-02
2.078638598322868347e-02
2.076118998229503632e-02
2.073600701987743378e-02
2.071085385978221893e-02
2.068575471639633179e-02
2.066069096326828003e-02
2.063564956188201904e-02
2.061065658926963806e-02
2.058569155633449554e-02
2.056074701249599457e-02
2.053584158420562744e-02
2.051099017262458801e-02
2.048616670072078705e-02
2.046138234436511993e-02
2.043662033975124359e-02
2.041189558804035187e-02
2.038722485303878784e-02
2.036256156861782074e-02
2.033793367445468903e-02
2.031335793435573578e-02
2.028880640864372253e-02
2.026429399847984314e-02
2.023980394005775452e-02
2.021534740924835205e-02
2.019094303250312805e-02
2.016654983162879944e-02
2.014221809804439545e-02
2.011789008975028992e-02
2.009362727403640747e-02
2.006937749683856964e-02
2.004516310989856720e-02
2.002098225057125092e-02
1.999683678150177002e-02
1.997274160385131836e-02
1.994865760207176208e-02
1.992461457848548889e-02
1.990061067044734955e-02
1.987663097679615021e-02
1.985268853604793549e-02
1.982877217233181000e-02
1.980488933622837067e-02
1.978106237947940826e-02
1.975724846124649048e-02
1.973346434533596039e-02
1.970972307026386261e-02
1.968600973486900330e-02
1.966233924031257629e-02
1.963868923485279083e-02
1.961505971848964691e-02
1.959148608148097992e-02
1.956794969737529755e-02
1.954443193972110748e-02
1.952095329761505127e-02
1.949749700725078583e-02
1.947407983243465424e-02
1.945069059729576111e-02
1.942734047770500183e-02
1.940403133630752563e-02
1.938073150813579559e-02
1.935749314725399017e-02
1.933426037430763245e-02
1.931107044219970703e-02
1.928791403770446777e-02
1.926478557288646698e-02
1.924169063568115234e-02
1.921863667666912079e-02
1.919559016823768616e-02
1.917258091270923615e-02
1.914964057505130768e-02
1.912670023739337921e-02
1.910379715263843536e-02
1.908090896904468536e-02
1.905808597803115845e-02
1.903528533875942230e-02
1.901249401271343231e-02
1.898974552750587463e-02
1.896702498197555542e-02
1.894435659050941467e-02
1.892170123755931854e-02
1.889908313751220703e-02
1.887649483978748322e-02
1.885394379496574402e-02
1.883140206336975098e-02
1.880891062319278717e-02
1.878644898533821106e-02
1.876400969922542572e-02
1.874161325395107269e-02
1.871924102306365967e-02
1.869689300656318665e-02
1.867458783090114594e-02
1.865231059491634369e-02
1.863005757331848145e-02
1.860783621668815613e-02
1.858565956354141235e-02
1.856348477303981781e-02
1.854136958718299866e-02
1.851928606629371643e-02
1.849721185863018036e-02
1.847518049180507660e-02
1.845317706465721130e-02
1.843119785189628601e-02
1.840925402939319611e-02
1.838734187185764313e-02
1.836544834077358246e-02
1.834360137581825256e-02
1.832177489995956421e-02
1.829999685287475586e-02
1.827822998166084290e-02
1.825649850070476532e-02
1.823478750884532928e-02
1.821311935782432556e-02
1.819146797060966492e-02
1.816985569894313812e-02
1.814827322959899902e-02
1.812672801315784454e-02
1.810519024729728699e-02
1.808370836079120636e-02
1.806223019957542419e-02
1.804080605506896973e-02
1.801938377320766449e-02
1.799801178276538849e-02
1.797666028141975403e-02
1.795533485710620880e-02
1.793405413627624512e-02
1.791279390454292297e-02
1.789156533777713776e-02
1.787035167217254639e-02
1.784919016063213348e-02
1.782803609967231750e-02
1.780691184103488922e-02
1.778582111001014709e-02
1.776478439569473267e-02
1.774373278021812439e-02
1.772275008261203766e-02
1.770177856087684631e-02
1.768083125352859497e-02
1.765990629792213440e-02
1.763903349637985229e-02
1.761817559599876404e-02
1.759733632206916809e-02
1.757653802633285522e-02
1.755577512085437775e-02
1.753501780331134796e-02
1.751430705189704895e-02
1.749362237751483917e-02
1.747296750545501709e-02
1.745233125984668732e-02
1.743174530565738678e-02
1.741116680204868317e-02
1.739061996340751648e-02
1.737009547650814056e-02
1.734961196780204773e-02
1.732915267348289490e-02
1.730870269238948822e-02
1.728829741477966309e-02
1.726792380213737488e-02
1.724757254123687744e-02
1.722724363207817078e-02
1.720694266259670258e-02
1.718669198453426361e-02
1.716644316911697388e-02
1.714623346924781799e-02
1.712605170905590057e-02
1.710589043796062469e-02
1.708575151860713959e-02
1.706565357744693756e-02
1.704557240009307861e-02
1.702552102506160736e-02
1.700550317764282227e-02
1.698550209403038025e-02
1.696554198861122131e-02
1.694560423493385315e-02
1.692567951977252960e-02
1.690580323338508606e-02
1.688593067228794098e-02
1.686610840260982513e-02
1.684631220996379852e-02
1.682651601731777191e-02
1.680677570402622223e-02
1.678703725337982178e-02
1.676734909415245056e-02
1.674767397344112396e-02
1.672802679240703583e-02
1.670842058956623077e-02
1.668881624937057495e-02
1.666925661265850067e-02
1.664970815181732178e-02
1.663019694387912750e-02
1.661072298884391785e-02
1.659125648438930511e-02
1.657180488109588623e-02
1.655241847038269043e-02
1.653303205966949463e-02
1.651367358863353729e-02
1.649433746933937073e-02
1.647504791617393494e-02
1.645576208829879761e-02
1.643652282655239105e-02
1.641728170216083527e-02
1.639809645712375641e-02
1.637891121208667755e-02
1.635976694524288177e-02
1.634064689278602600e-02
1.632155664265155792e-02
1.630248501896858215e-02
1.628343760967254639e-02
1.626442186534404755e-02
1.624542661011219025e-02
1.622646301984786987e-02
1.620751246809959412e-02
1.618859916925430298e-02
1.616969332098960876e-02
1.615084521472454071e-02
1.613201014697551727e-02
1.611318439245223999e-02
1.609439402818679810e-02
1.607561483979225159e-02
1.605688966810703278e-02
1.603817753493785858e-02
1.601948216557502747e-02
1.600082591176033020e-02
1.598218083381652832e-02
1.596356369554996490e-02
1.594497263431549072e-02
1.592641137540340424e-02
1.590786129236221313e-02
1.588935777544975281e-02
1.587086357176303864e-02
1.585239730775356293e-02
1.583396270871162415e-02
1.581554859876632690e-02
1.579715870320796967e-02
1.577878929674625397e-02
1.576044410467147827e-02
1.574212312698364258e-02
1.572382263839244843e-02
1.570555940270423889e-02
1.568731479346752167e-02
1.566909253597259521e-02
1.565090380609035492e-02
1.563272252678871155e-02
1.561458036303520203e-02
1.559646055102348328e-02
1.557836495339870453e-02
1.556028239428997040e-02
1.554221939295530319e-02
1.552420575171709061e-02
1.550620235502719879e-02
1.548822410404682159e-02
1.547026075422763824e-02
1.545233372598886490e-02
1.543442253023386002e-02
1.541653554886579514e-02
1.539867557585239410e-02
1.538083981722593307e-02
1.536303944885730743e-02
1.534524839371442795e-02
1.532748527824878693e-02
1.530973799526691437e-02
1.529201027005910873e-02
1.527431793510913849e-02
1.525665167719125748e-02
1.523900870233774185e-02
1.522138528525829315e-02
1.520377304404973984e-02
1.518619526177644730e-02
1.516863703727722168e-02
1.515111606568098068e-02
1.513361092656850815e-02
1.511613186448812485e-02
1.509866677224636078e-02
1.508122403174638748e-02
1.506380643695592880e-02
1.504642143845558167e-02
1.502903830260038376e-02
1.501169707626104355e-02
1.499437913298606873e-02
1.497707050293684006e-02
1.495978049933910370e-02
1.494254358112812042e-02
1.492530666291713715e-02
1.490810047835111618e-02
1.489090919494628906e-02
1.487374305725097656e-02
1.485660206526517868e-02
1.483948342502117157e-02
1.482238434255123138e-02
1.480530202388763428e-02
1.478825137019157410e-02
1.477122679352760315e-02
1.475421991199254990e-02
1.473724283277988434e-02
1.472027692943811417e-02
1.470333244651556015e-02
1.468641310930252075e-02
1.466951146721839905e-02
1.465265825390815735e-02
1.463579665869474411e-02
1.461897511035203934e-02
1.460215728729963303e-02
1.458537019789218903e-02
1.456860918551683426e-02
1.455186959356069565e-02
1.453515887260437012e-02
1.451845373958349228e-02
1.450178492814302444e-02
1.448512356728315353e-02
1.446850039064884186e-02
1.445188373327255249e-02
1.443530246615409851e-02
1.441872492432594299e-02
1.440218184143304825e-02
1.438565738499164581e-02
1.436914876103401184e-02
1.435268297791481018e-02
1.433621905744075775e-02
1.431978587061166763e-02
1.430338155478239059e-02
1.428696978837251663e-02
1.427059527486562729e-02
1.425424497574567795e-02
1.423793099820613861e-02
1.422161050140857697e-02
1.420531515032052994e-02
1.418905705213546753e-02
1.417281012982130051e-02
1.415658835321664810e-02
1.414037775248289108e-02
1.412420906126499176e-02
1.410804875195026398e-02
1.409189682453870773e-02
1.407577935606241226e-02
1.405968237668275833e-02
1.404360961169004440e-02
1.402755361050367355e-02
1.401151251047849655e-02
1.399550214409828186e-02
1.397951226681470871e-02
1.396355126053094864e-02
1.394757907837629318e-02
1.393165625631809235e-02
1.391573902219533920e-02
1.389985252171754837e-02
1.388397626578807831e-02
1.386812794953584671e-02
1.385231129825115204e-02
1.383650116622447968e-02
1.382071524858474731e-02
1.380494702607393265e-02
1.378919836133718491e-02
1.377346832305192947e-02
1.375776529312133789e-02
1.374209299683570862e-02
1.372640114277601242e-02
1.371078006923198700e-02
1.369516085833311081e-02
1.367953978478908539e-02
1.366395782679319382e-02
1.364839076995849609e-02
1.363284792751073837e-02
1.361731998622417450e-02
1.360182277858257294e-02
1.358632650226354599e-02
1.357086189091205597e-02
1.355543453246355057e-02
1.354000810533761978e-02
1.352459751069545746e-02
1.350921485573053360e-02
1.349384989589452744e-02
1.347851566970348358e-02
1.346318237483501434e-02
1.344786677509546280e-02
1.343259215354919434e-02
1.341731753200292587e-02
1.340206619352102280e-02
1.338685397058725357e-02
1.337164081633090973e-02
1.335645187646150589e-02
1.334128715097904205e-02
1.332614198327064514e-02
1.331100333482027054e-02
1.329589914530515671e-02
1.328081544488668442e-02
1.326574012637138367e-02
1.325068250298500061e-02
1.323564909398555756e-02
1.322063803672790527e-02
1.320563908666372299e-02
1.319068018347024918e-02
1.317571941763162613e-02
1.316078752279281616e-02
1.314586400985717773e-02
1.313096098601818085e-02
1.311609055846929550e-02
1.310122851282358170e-02
1.308639161288738251e-02
1.307156775146722794e-02
1.305676158517599106e-02
1.304198149591684341e-02
1.302721537649631500e-02
1.301246136426925659e-02
1.299775019288063049e-02
1.298302598297595978e-02
1.296834740787744522e-02
1.295368093997240067e-02
1.293901354074478149e-02
1.292438060045242310e-02
1.290977094322443008e-02
1.289517339318990707e-02
1.288059726357460022e-02
1.286604534834623337e-02
1.285150181502103806e-02
1.283697038888931274e-02
1.282246783375740051e-02
1.280798949301242828e-02
1.279352232813835144e-02
1.277908403426408768e-02
1.276464574038982391e-02
1.275023631751537323e-02
1.273584645241498947e-02
1.272147987037897110e-02
1.270711701363325119e-02
1.269278395920991898e-02
1.267845276743173599e-02
1.266414951533079147e-02
1.264986209571361542e-02
1.263560727238655090e-02
1.262135989964008331e-02
1.260712929069995880e-02
1.259291730821132660e-02
1.257871929556131363e-02
1.256454642862081528e-02
1.255040243268013000e-02
1.253627147525548935e-02
1.252214238047599792e-02
1.250803936272859573e-02
1.249394938349723816e-02
1.247988361865282059e-02
1.246584486216306686e-02
1.245179586112499237e-02
1.243779528886079788e-02
1.242379937320947647e-02
1.240981183946132660e-02
1.239585503935813904e-02
1.238190941512584686e-02
1.236799545586109161e-02
1.235408242791891098e-02
1.234019454568624496e-02
1.232631318271160126e-02
1.231246441602706909e-02
1.229863055050373077e-02
1.228481344878673553e-02
1.227100007236003876e-02
1.225722860544919968e-02
1.224346645176410675e-02
1.222970057278871536e-02
1.221597846597433090e-02
1.220226846635341644e-02
1.218856032937765121e-02
1.217488106340169907e-02
1.216122694313526154e-02
1.214757468551397324e-02
1.213395502418279648e-02
1.212034281343221664e-02
1.210674177855253220e-02
1.209316682070493698e-02
1.207960303872823715e-02
1.206606999039649963e-02
1.205254346132278442e-02
1.203903369605541229e-02
1.202554628252983093e-02
1.201206725090742111e-02
1.199860777705907822e-02
1.198516786098480225e-02
1.197175029665231705e-02
1.195834018290042877e-02
1.194495894014835358e-02
1.193158328533172607e-02
1.191823650151491165e-02
1.190489344298839569e-02
1.189156342297792435e-02
1.187826227396726608e-02
1.186497416347265244e-02
1.185170374810695648e-02
1.183845661580562592e-02
1.182520855218172073e-02
1.181198935955762863e-02
1.179879438132047653e-02
1.178560126572847366e-02
1.177243422716856003e-02
1.175927370786666870e-02
1.174614299088716507e-02
1.173301599919795990e-02
1.171992532908916473e-02
1.170683465898036957e-02
1.169376354664564133e-02
1.168069709092378616e-02
1.166765578091144562e-02
1.165463589131832123e-02
1.164162997156381607e-02
1.162864081561565399e-02
1.161566842347383499e-02
1.160271372646093369e-02
1.158976368606090546e-02
1.157684251666069031e-02
1.156394090503454208e-02
1.155104674398899078e-02
1.153817307204008102e-02
1.152531057596206665e-02
1.151247229427099228e-02
1.149963866919279099e-02
1.148682273924350739e-02
1.147405151277780533e-02
1.146125514060258865e-02
1.144850254058837891e-02
1.143575366586446762e-02
1.142302155494689941e-02
1.141030713915824890e-02
1.139760762453079224e-02
1.138492673635482788e-02
1.137225423008203506e-02
1.135960593819618225e-02
1.134696789085865021e-02
1.133435964584350586e-02
1.132175233215093613e-02
1.130917202681303024e-02
1.129658985882997513e-02
1.128404121845960617e-02
1.127150189131498337e-02
1.125897560268640518e-02
1.124647166579961777e-02
1.123397797346115112e-02
1.122149731963872910e-02
1.120903994888067245e-02
1.119660120457410812e-02
1.118417084217071533e-02
1.117175444960594177e-02
1.115935388952493668e-02
1.114698033779859543e-02
1.113459933549165726e-02
1.112226024270057678e-02
1.110992301255464554e-02
1.109760347753763199e-02
1.108528487384319305e-02
1.107300072908401489e-02
1.106072869151830673e-02
1.104847062379121780e-02
1.103622373193502426e-02
1.102400664240121841e-02
1.101178769022226334e-02
1.099959295243024826e-02
1.098741218447685242e-02
1.097524724900722504e-02
1.096310093998908997e-02
1.095096301287412643e-02
1.093883905559778214e-02
1.092673745006322861e-02
1.091464515775442123e-02
1.090257335454225540e-02
1.089050900191068649e-02
1.087847258895635605e-02
1.086643896996974945e-02
1.085442490875720978e-02
1.084242854267358780e-02
1.083044707775115967e-02
1.081847492605447769e-02
1.080652140080928802e-02
1.079458836466073990e-02
1.078266836702823639e-02
1.077076140791177750e-02
1.075886655598878860e-02
1.074698101729154587e-02
1.073511969298124313e-02
1.072327699512243271e-02
1.071142498403787613e-02
1.069962140172719955e-02
1.068781875073909760e-02
1.067601982504129410e-02
1.066424883902072906e-02
1.065249647945165634e-02
1.064076088368892670e-02
1.062901690602302551e-02
1.061730645596981049e-02
1.060560811311006546e-02
1.059392467141151428e-02
1.058224868029356003e-02
1.057059969753026962e-02
1.055895164608955383e-02
1.054733339697122574e-02
1.053571142256259918e-02
1.052412297576665878e-02
1.051254291087388992e-02
1.050097309052944183e-02
1.048942841589450836e-02
1.047788187861442566e-02
1.046635862439870834e-02
1.045484375208616257e-02
1.044336240738630295e-02
1.043187826871871948e-02
1.042040623724460602e-02
1.040895935148000717e-02
1.039751712232828140e-02
1.038609258830547333e-02
1.037468668073415756e-02
1.036330219358205795e-02
1.035192143172025681e-02
1.034056302160024643e-02
1.032920274883508682e-02
1.031787600368261337e-02
1.030654460191726685e-02
1.029523555189371109e-02
1.028394233435392380e-02
1.027267333120107651e-02
1.026140991598367691e-02
1.025015395134687424e-02
1.023891940712928772e-02
1.022769510746002197e-02
1.021649502217769623e-02
1.020529307425022125e-02
1.019411813467741013e-02
1.018295157700777054e-02
1.017180178314447403e-02
1.016066502779722214e-02
1.014954037964344025e-02
1.013843994587659836e-02
1.012734416872262955e-02
1.011626515537500381e-02
1.010519545525312424e-02
1.009414158761501312e-02
1.008310727775096893e-02
1.007208228111267090e-02
1.006107591092586517e-02
1.005008537322282791e-02
1.003909949213266373e-02
1.002813130617141724e-02
1.001718174666166306e-02
1.000623218715190887e-02
9.995316155254840851e-03
9.984395466744899750e-03
9.973494336009025574e-03
9.962606243789196014e-03
9.951740503311157227e-03
9.940895251929759979e-03
9.930037893354892731e-03
9.919218719005584717e-03
9.908394888043403625e-03
9.897591546177864075e-03
9.886803105473518372e-03
9.876033291220664978e-03
9.865275584161281586e-03
9.854526259005069733e-03
9.843801148235797882e-03
9.833081625401973724e-03
9.822368621826171875e-03
9.811685420572757721e-03
9.801004081964492798e-03
9.790348820388317108e-03
9.779695421457290649e-03
9.769043885171413422e-03
9.758422151207923889e-03
9.747813455760478973e-03
9.737216867506504059e-03
9.726633317768573761e-03
9.716066531836986542e-03
9.705510921776294708e-03
9.694963693618774414e-03
9.684435091912746429e-03
9.673925116658210754e-03
9.663424454629421234e-03
9.652934968471527100e-03
9.642456658184528351e-03
9.631990455090999603e-03
9.621552191674709320e-03
9.611101821064949036e-03
9.600688703358173370e-03
9.590277448296546936e-03
9.579886682331562042e-03
9.569502435624599457e-03
9.559140540659427643e-03
9.548787958920001984e-03
9.538437239825725555e-03
9.528117254376411438e-03
9.517798200249671936e-03
9.507489390671253204e-03
9.497203864157199860e-03
9.486927650868892670e-03
9.476670064032077789e-03
9.466418065130710602e-03
9.456180967390537262e-03
9.445960633456707001e-03
9.435747750103473663e-03
9.425560943782329559e-03
9.415368549525737762e-03
9.405199438333511353e-03
9.395042434334754944e-03
9.384903125464916229e-03
9.374768473207950592e-03
9.364649653434753418e-03
9.354549460113048553e-03
9.344459511339664459e-03
9.334381669759750366e-03
9.324310347437858582e-03
9.314258582890033722e-03
9.304223582148551941e-03
9.294196031987667084e-03
9.284182451665401459e-03
9.274176321923732758e-03
9.264197200536727905e-03
9.254209697246551514e-03
9.244257584214210510e-03
9.234311059117317200e-03
9.224371984601020813e-03
9.214447811245918274e-03
9.204543195664882660e-03
9.194636717438697815e-03
9.184754453599452972e-03
9.174888022243976593e-03
9.165023453533649445e-03
9.155179373919963837e-03
9.145353920757770538e-03
9.135527536273002625e-03
9.125716052949428558e-03
9.115916676819324493e-03
9.106143377721309662e-03
9.096375666558742523e-03
9.086615405976772308e-03
9.076870046555995941e-03
9.067143313586711884e-03
9.057429619133472443e-03
9.047709405422210693e-03
9.038020856678485870e-03
9.028347209095954895e-03
9.018668904900550842e-03
9.009012021124362946e-03
8.999378420412540436e-03
8.989745751023292542e-03
8.980125188827514648e-03
8.970527909696102142e-03
8.960930630564689636e-03
8.951350115239620209e-03
8.941780775785446167e-03
8.932224474847316742e-03
8.922680281102657318e-03
8.913150057196617126e-03
8.903635665774345398e-03
8.894121274352073669e-03
8.884635753929615021e-03
8.875154890120029449e-03
8.865690790116786957e-03
8.856242522597312927e-03
8.846788667142391205e-03
8.837359026074409485e-03
8.827947080135345459e-03
8.818538859486579895e-03
8.809139952063560486e-03
8.799768052995204926e-03
8.790394291281700134e-03
8.781035430729389191e-03
8.771697059273719788e-03
8.762361481785774231e-03
8.753038942813873291e-03
8.743726648390293121e-03
8.734438568353652954e-03
8.725155144929885864e-03
8.715884760022163391e-03
8.706628344953060150e-03
8.697385899722576141e-03
8.688139729201793671e-03
8.678921498358249664e-03
8.669713512063026428e-03
8.660520426928997040e-03
8.651334792375564575e-03
8.642150089144706726e-03
8.632997982203960419e-03
8.623847737908363342e-03
8.614709600806236267e-03
8.605588227510452271e-03
8.596468716859817505e-03
8.587375283241271973e-03
8.578279986977577209e-03
8.569204248487949371e-03
8.560140617191791534e-03
8.551089093089103699e-03
8.542057126760482788e-03
8.533025160431861877e-03
8.524005301296710968e-03
8.515002205967903137e-03
8.506003767251968384e-03
8.497031405568122864e-03
8.488059975206851959e-03
8.479100652039051056e-03
8.470155298709869385e-03
8.461221121251583099e-03
8.452302776277065277e-03
8.443394675850868225e-03
8.434499613940715790e-03
8.425599895417690277e-03
8.416740223765373230e-03
8.407874032855033875e-03
8.399020880460739136e-03
8.390191942453384399e-03
8.381357416510581970e-03
8.372547104954719543e-03
8.363742381334304810e-03
8.354946039617061615e-03
8.346172049641609192e-03
8.337403647601604462e-03
8.328649215400218964e-03
8.319897577166557312e-03
8.311171084642410278e-03
8.302443660795688629e-03
8.293746970593929291e-03
8.285041898488998413e-03
8.276356384158134460e-03
8.267686702311038971e-03
8.259020745754241943e-03
8.250373415648937225e-03
8.241729810833930969e-03
8.233102969825267792e-03
8.224491961300373077e-03
8.215876296162605286e-03
8.207291364669799805e-03
8.198707364499568939e-03
8.190132677555084229e-03
8.181575685739517212e-03
8.173031732439994812e-03
8.164494298398494720e-03
8.155982010066509247e-03
8.147455751895904541e-03
8.138951845467090607e-03
8.130471222102642059e-03
8.121993392705917358e-03
8.113528601825237274e-03
8.105078712105751038e-03
8.096627891063690186e-03
8.088189177215099335e-03
8.079776540398597717e-03
8.071362972259521484e-03
8.062959648668766022e-03
8.054577745497226715e-03
8.046199567615985870e-03
8.037841878831386566e-03
8.029488846659660339e-03
8.021141402423381805e-03
8.012818172574043274e-03
8.004492148756980896e-03
7.996188476681709290e-03
7.987888529896736145e-03
7.979602552950382233e-03
7.971323095262050629e-03
7.963065989315509796e-03
7.954811677336692810e-03
7.946572266519069672e-03
7.938352413475513458e-03
7.930134423077106476e-03
7.921920157968997955e-03
7.913723587989807129e-03
7.905534468591213226e-03
7.897366769611835480e-03
7.889198139309883118e-03
7.881049998104572296e-03
7.872911170125007629e-03
7.864787243306636810e-03
7.856662385165691376e-03
7.848558947443962097e-03
7.840457372367382050e-03
7.832380943000316620e-03
7.824303582310676575e-03
7.816242054104804993e-03
7.808186579495668411e-03
7.800142746418714523e-03
7.792122196406126022e-03
7.784093730151653290e-03
7.776095066219568253e-03
7.768092211335897446e-03
7.760108914226293564e-03
7.752118166536092758e-03
7.744169328361749649e-03
7.736211176961660385e-03
7.728269323706626892e-03
7.720341440290212631e-03
7.712409365922212601e-03
7.704507093876600266e-03
7.696610875427722931e-03
7.688713725656270981e-03
7.680837530642747879e-03
7.672974839806556702e-03
7.665111217647790909e-03
7.657266687601804733e-03
7.649437524378299713e-03
7.641612086445093155e-03
7.633798290044069290e-03
7.625996600836515427e-03
7.618198636919260025e-03
7.610422559082508087e-03
7.602653000503778458e-03
7.594888098537921906e-03
7.587146013975143433e-03
7.579410448670387268e-03
7.571674417704343796e-03
7.563961669802665710e-03
7.556247524917125702e-03
7.548559922724962234e-03
7.540868129581212997e-03
7.533189840614795685e-03
7.525529712438583374e-03
7.517878431826829910e-03
7.510237395763397217e-03
7.502604275941848755e-03
7.494972553104162216e-03
7.487370166927576065e-03
7.479775231331586838e-03
7.472170051187276840e-03
7.464594207704067230e-03
7.457022089511156082e-03
7.449472323060035706e-03
7.441926747560501099e-03
7.434388622641563416e-03
7.426853757351636887e-03
7.419330067932605743e-03
7.411824539303779602e-03
7.404332514852285385e-03
7.396849337965250015e-03
7.389363367110490799e-03
7.381909526884555817e-03
7.374440319836139679e-03
7.366994861513376236e-03
7.359567563980817795e-03
7.352143526077270508e-03
7.344722282141447067e-03
7.337319664657115936e-03
7.329931948333978653e-03
7.322539109736680984e-03
7.315169088542461395e-03
7.307817228138446808e-03
7.300453260540962219e-03
7.293109316378831863e-03
7.285779807716608047e-03
7.278454024344682693e-03
7.271139882504940033e-03
7.263840176165103912e-03
7.256555836647748947e-03
7.249264512211084366e-03
7.241992279887199402e-03
7.234733086079359055e-03
7.227477151900529861e-03
7.220238912850618362e-03
7.213007193058729172e-03
7.205786649137735367e-03
7.198580075055360794e-03
7.191373966634273529e-03
7.184184622019529343e-03
7.176989689469337463e-03
7.169834338128566742e-03
7.162672467529773712e-03
7.155523635447025299e-03
7.148367818444967270e-03
7.141246926039457321e-03
7.134115323424339294e-03
7.127008400857448578e-03
7.119906600564718246e-03
7.112816907465457916e-03
7.105733267962932587e-03
7.098658010363578796e-03
7.091592531651258469e-03
7.084537297487258911e-03
7.077491376549005508e-03
7.070466410368680954e-03
7.063445169478654861e-03
7.056432776153087616e-03
7.049425505101680756e-03
7.042435463517904282e-03
7.035453338176012039e-03
7.028478197753429413e-03
7.021502126008272171e-03
7.014556787908077240e-03
7.007605861872434616e-03
7.000670768320560455e-03
6.993745453655719757e-03
6.986825726926326752e-03
6.979921832680702209e-03
6.973025854676961899e-03
6.966137327253818512e-03
6.959255319088697433e-03
6.952390074729919434e-03
6.945534609258174896e-03
6.938679609447717667e-03
6.931845564395189285e-03
6.925010122358798981e-03
6.918188650161027908e-03
6.911376956850290298e-03
6.904580164700746536e-03
6.897785700857639313e-03
6.891003809869289398e-03
6.884229369461536407e-03
6.877469830214977264e-03
6.870708893984556198e-03
6.863970775157213211e-03
6.857236847281455994e-03
6.850505247712135315e-03
6.843787617981433868e-03
6.837083026766777039e-03
6.830380298197269440e-03
6.823687814176082611e-03
6.817006971687078476e-03
6.810346152633428574e-03
6.803684867918491364e-03
6.797030568122863770e-03
6.790386978536844254e-03
6.783753167837858200e-03
6.777128670364618301e-03
6.770521402359008789e-03
6.763910409063100815e-03
6.757311988621950150e-03
6.750721484422683716e-03
6.744145415723323822e-03
6.737585645169019699e-03
6.731020752340555191e-03
6.724468432366847992e-03
6.717929150909185410e-03
6.711396854370832443e-03
6.704879924654960632e-03
6.698362529277801514e-03
6.691854447126388550e-03
6.685365457087755203e-03
6.678881123661994934e-03
6.672413554042577744e-03
6.665931548923254013e-03
6.659473292529582977e-03
6.653024815022945404e-03
6.646581459790468216e-03
6.640155334025621414e-03
6.633724085986614227e-03
6.627311464399099350e-03
6.620907224714756012e-03
6.614504382014274597e-03
6.608123425394296646e-03
6.601752247661352158e-03
6.595377344638109207e-03
6.589015945792198181e-03
6.582654546946287155e-03
6.576321087777614594e-03
6.569987162947654724e-03
6.563656963407993317e-03
6.557335611432790756e-03
6.551035679876804352e-03
6.544727366417646408e-03
6.538439076393842697e-03
6.532163359224796295e-03
6.525888107717037201e-03
6.519623566418886185e-03
6.513368804007768631e-03
6.507119163870811462e-03
6.500878371298313141e-03
6.494655739516019821e-03
6.488441955298185349e-03
6.482227239757776260e-03
6.476015783846378326e-03
6.469828542321920395e-03
6.463641300797462463e-03
6.457465235143899918e-03
6.451293360441923141e-03
6.445139646530151367e-03
6.438995245844125748e-03
6.432845257222652435e-03
6.426703650504350662e-03
6.420577410608530045e-03
6.414463743567466736e-03
6.408357992768287659e-03
6.402257364243268967e-03
6.396166514605283737e-03
6.390085443854331970e-03
6.384002510458230972e-03
6.377944257110357285e-03
6.371875759214162827e-03
6.365834269672632217e-03
6.359794177114963531e-03
6.353758275508880615e-03
6.347733549773693085e-03
6.341716274619102478e-03
6.335710175335407257e-03
6.329716183245182037e-03
6.323724985122680664e-03
6.317734718322753906e-03
6.311759818345308304e-03
6.305794231593608856e-03
6.299836561083793640e-03
6.293893791735172272e-03
6.287949625402688980e-03
6.282016169279813766e-03
6.276091095060110092e-03
6.270171143114566803e-03
6.264262832701206207e-03
6.258361972868442535e-03
6.252473220229148865e-03
6.246592849493026733e-03
6.240712013095617294e-03
6.234841886907815933e-03
6.228990387171506882e-03
6.223130971193313599e-03
6.217293906956911087e-03
6.211457774043083191e-03
6.205623503774404526e-03
6.199809722602367401e-03
6.193995010107755661e-03
6.188200321048498154e-03
6.182403303682804108e-03
6.176618393510580063e-03
6.170833483338356018e-03
6.165063939988613129e-03
6.159301381558179855e-03
6.153547205030918121e-03
6.147800944745540619e-03
6.142061669379472733e-03
6.136331241577863693e-03
6.130600813776254654e-03
6.124891340732574463e-03
6.119178142398595810e-03
6.113483104854822159e-03
6.107790861278772354e-03
6.102110724896192551e-03
6.096426863223314285e-03
6.090757902711629868e-03
6.085101980715990067e-03
6.079447455704212189e-03
6.073802709579467773e-03
6.068169604986906052e-03
6.062536500394344330e-03
6.056917365640401840e-03
6.051298230886459351e-03
6.045692134648561478e-03
6.040091626346111298e-03
6.034508347511291504e-03
6.028922740370035172e-03
6.023346446454524994e-03
6.017777603119611740e-03
6.012214813381433487e-03
6.006665993481874466e-03
6.001120898872613907e-03
5.995579995214939117e-03
5.990057252347469330e-03
5.984524730592966080e-03
5.979015026241540909e-03
5.973508115857839584e-03
5.968004930764436722e-03
5.962521303445100784e-03
5.957032088190317154e-03
5.951555445790290833e-03
5.946085322648286819e-03
5.940625444054603577e-03
5.935159977525472641e-03
5.929716862738132477e-03
5.924282595515251160e-03
5.918848328292369843e-03
5.913423839956521988e-03
5.908003076910972595e-03
5.902598146349191666e-03
5.897185299545526505e-03
5.891789216548204422e-03
5.886405706405639648e-03
5.881024990230798721e-03
5.875647999346256256e-03
5.870284046977758408e-03
5.864926148205995560e-03
5.859575234353542328e-03
5.854229908436536789e-03
5.848892498761415482e-03
5.843553692102432251e-03
5.838236771523952484e-03
5.832923576235771179e-03
5.827615503221750259e-03
5.822301376610994339e-03
5.817017983645200729e-03
5.811737850308418274e-03
5.806451197713613510e-03
5.801172927021980286e-03
5.795907694846391678e-03
5.790650844573974609e-03
5.785403773188591003e-03
5.780153907835483551e-03
5.774917546659708023e-03
5.769684910774230957e-03
5.764462053775787354e-03
5.759250838309526443e-03
5.754037294536828995e-03
5.748838186264038086e-03
5.743644200265407562e-03
5.738451611250638962e-03
5.733266472816467285e-03
5.728102754801511765e-03
5.722926929593086243e-03
5.717765074223279953e-03
5.712614860385656357e-03
5.707465112209320068e-03
5.702331196516752243e-03
5.697195883840322495e-03
5.692064762115478516e-03
5.686957854777574539e-03
5.681841634213924408e-03
5.676734726876020432e-03
5.671638995409011841e-03
5.666543263942003250e-03
5.661454517394304276e-03
5.656378809362649918e-03
5.651307292282581329e-03
5.646236706525087357e-03
5.641186609864234924e-03
5.636134184896945953e-03
5.631083156913518906e-03
5.626047030091285706e-03
5.621013697236776352e-03
5.615995265543460846e-03
5.610969383269548416e-03
5.605970043689012527e-03
5.600966047495603561e-03
5.595959722995758057e-03
5.590972956269979477e-03
5.585991777479648590e-03
5.581011995673179626e-03
5.576035939157009125e-03
5.571074783802032471e-03
5.566113162785768509e-03
5.561159458011388779e-03
5.556217394769191742e-03
5.551279988139867783e-03
5.546343047171831131e-03
5.541420076042413712e-03
5.536499898880720139e-03
5.531585309654474258e-03
5.526683293282985687e-03
5.521786864846944809e-03
5.516888573765754700e-03
5.512003321200609207e-03
5.507118999958038330e-03
5.502254702150821686e-03
5.497381091117858887e-03
5.492522381246089935e-03
5.487667862325906754e-03
5.482820328325033188e-03
5.477976519614458084e-03
5.473136436194181442e-03
5.468305665999650955e-03
5.463478621095418930e-03
5.458666943013668060e-03
5.453852005302906036e-03
5.449053831398487091e-03
5.444250069558620453e-03
5.439461208879947662e-03
5.434676539152860641e-03
5.429889541119337082e-03
5.425122100859880447e-03
5.420349538326263428e-03
5.415595602244138718e-03
5.410835612565279007e-03
5.406095646321773529e-03
5.401343107223510742e-03
5.396612919867038727e-03
5.391880869865417480e-03
5.387153476476669312e-03
5.382440984249114990e-03
5.377728026360273361e-03
5.373017862439155579e-03
5.368318408727645874e-03
5.363630596548318863e-03
5.358941853046417236e-03
5.354255437850952148e-03
5.349582992494106293e-03
5.344910547137260437e-03
5.340249277651309967e-03
5.335594993084669113e-03
5.330936517566442490e-03
5.326292477548122406e-03
5.321654956787824631e-03
5.317023955285549164e-03
5.312394350767135620e-03
5.307769402861595154e-03
5.303156562149524689e-03
5.298548378050327301e-03
5.293941590934991837e-03
5.289345048367977142e-03
5.284748971462249756e-03
5.280165001749992371e-03
5.275580100715160370e-03
5.271012429147958755e-03
5.266437307000160217e-03
5.261876620352268219e-03
5.257318727672100067e-03
5.252773873507976532e-03
5.248214583843946457e-03
5.243679042905569077e-03
5.239143501967191696e-03
5.234608426690101624e-03
5.230093374848365784e-03
5.225571338087320328e-03
5.221068859100341797e-03
5.216553341597318649e-03
5.212058778852224350e-03
5.207560956478118896e-03
5.203075241297483444e-03
5.198591388761997223e-03
5.194111727178096771e-03
5.189645104110240936e-03
5.185174290090799332e-03
5.180710926651954651e-03
5.176258739084005356e-03
5.171808414161205292e-03
5.167370196431875229e-03
5.162924528121948242e-03
5.158493760973215103e-03
5.154068116098642349e-03
5.149648524820804596e-03
5.145229864865541458e-03
5.140814930200576782e-03
5.136413499712944031e-03
5.132020916789770126e-03
5.127616226673126221e-03
5.123232491314411163e-03
5.118845961987972260e-03
5.114472471177577972e-03
5.110099911689758301e-03
5.105729214847087860e-03
5.101371556520462036e-03
5.097010172903537750e-03
5.092663690447807312e-03
5.088321398943662643e-03
5.083970725536346436e-03
5.079639144241809845e-03
5.075309891253709793e-03
5.070989485830068588e-03
5.066669546067714691e-03
5.062352400273084641e-03
5.058047361671924591e-03
5.053753964602947235e-03
5.049443338066339493e-03
5.045151337981224060e-03
5.040858406573534012e-03
5.036582238972187042e-03
5.032308399677276611e-03
5.028035491704940796e-03
5.023767706006765366e-03
5.019502248615026474e-03
5.015247035771608353e-03
5.011004861444234848e-03
5.006752908229827881e-03
5.002515856176614761e-03
4.998278804123401642e-03
4.994049202650785446e-03
4.989822860807180405e-03
4.985608626157045364e-03
4.981387872248888016e-03
4.977184347808361053e-03
4.972980823367834091e-03
4.968778230249881744e-03
4.964587278664112091e-03
4.960395861417055130e-03
4.956212360411882401e-03
4.952032119035720825e-03
4.947860259562730789e-03
4.943691659718751907e-03
4.939516074955463409e-03
4.935361444950103760e-03
4.931209608912467957e-03
4.927062429487705231e-03
4.922915715724229813e-03
4.918778780847787857e-03
4.914647433906793594e-03
4.910510499030351639e-03
4.906390327960252762e-03
4.902272950857877731e-03
4.898160230368375778e-03
4.894047975540161133e-03
4.889939911663532257e-03
4.885839298367500305e-03
4.881749860942363739e-03
4.877656698226928711e-03
4.873573314398527145e-03
4.869494587182998657e-03
4.865417722612619400e-03
4.861348774284124374e-03
4.857274703681468964e-03
4.853217396885156631e-03
4.849165212363004684e-03
4.845112562179565430e-03
4.841067828238010406e-03
4.837021231651306152e-03
4.832981154322624207e-03
4.828956909477710724e-03
4.824926145374774933e-03
4.820907488465309143e-03
4.816886037588119507e-03
4.812871571630239487e-03
4.808863624930381775e-03
4.804855678230524063e-03
4.800856579095125198e-03
4.796864464879035950e-03
4.792870022356510162e-03
4.788885358721017838e-03
4.784911405295133591e-03
4.780939780175685883e-03
4.776960238814353943e-03
4.772991407662630081e-03
4.769029561430215836e-03
4.765072371810674667e-03
4.761118907481431961e-03
4.757164511829614639e-03
4.753227811306715012e-03
4.749284591525793076e-03
4.745352081954479218e-03
4.741418175399303436e-03
4.737493116408586502e-03
4.733570851385593414e-03
4.729656036943197250e-03
4.725743085145950317e-03
4.721842240542173386e-03
4.717931617051362991e-03
4.714036826044321060e-03
4.710137844085693359e-03
4.706250969320535660e-03
4.702366888523101807e-03
4.698485136032104492e-03
4.694611765444278717e-03
4.690736532211303711e-03
4.686867352575063705e-03
4.683004226535558701e-03
4.679145757108926773e-03
4.675287753343582153e-03
4.671443253755569458e-03
4.667597357183694839e-03
4.663755185902118683e-03
4.659923259168863297e-03
4.656087141484022141e-03
4.652257077395915985e-03
4.648433066904544830e-03
4.644603002816438675e-03
4.640798550099134445e-03
4.636993166059255600e-03
4.633175674825906754e-03
4.629374016076326370e-03
4.625577479600906372e-03
4.621785134077072144e-03
4.617998376488685608e-03
4.614211153239011765e-03
4.610426723957061768e-03
4.606648813933134079e-03
4.602880217134952545e-03
4.599110223352909088e-03
4.595350474119186401e-03
4.591583274304866791e-03
4.587830509990453720e-03
4.584081936627626419e-03
4.580331500619649887e-03
4.576585255563259125e-03
4.572848323732614517e-03
4.569114651530981064e-03
4.565385170280933380e-03
4.561657551676034927e-03
4.557927604764699936e-03
4.554210696369409561e-03
4.550494253635406494e-03
4.546787589788436890e-03
4.543081391602754593e-03
4.539374262094497681e-03
4.535681568086147308e-03
4.531979095190763474e-03
4.528296645730733871e-03
4.524606745690107346e-03
4.520918708294630051e-03
4.517251625657081604e-03
4.513577092438936234e-03
4.509902559220790863e-03
4.506245255470275879e-03
4.502580966800451279e-03
4.498925060033798218e-03
4.495269153267145157e-03
4.491618368774652481e-03
4.487970378249883652e-03
4.484326113015413284e-03
4.480691161006689072e-03
4.477064125239849091e-03
4.473432898521423340e-03
4.469804931432008743e-03
4.466180689632892609e-03
4.462555982172489166e-03
4.458937328308820724e-03
4.455332178622484207e-03
4.451730288565158844e-03
4.448126070201396942e-03
4.444530233740806580e-03
4.440934862941503525e-03
4.437339957803487778e-03
4.433762282133102417e-03
4.430170636624097824e-03
4.426592029631137848e-03
4.423014819622039795e-03
4.419448319822549820e-03
4.415874369442462921e-03
4.412313457578420639e-03
4.408753011375665665e-03
4.405194893479347229e-03
4.401643760502338409e-03
4.398096352815628052e-03
4.394544288516044617e-03
4.391005262732505798e-03
4.387470427900552750e-03
4.383932333439588547e-03
4.380405880510807037e-03
4.376881290227174759e-03
4.373348318040370941e-03
4.369834437966346741e-03
4.366315901279449463e-03
4.362807609140872955e-03
4.359300713986158371e-03
4.355796147137880325e-03
4.352290183305740356e-03
4.348796792328357697e-03
4.345298279076814651e-03
4.341816063970327377e-03
4.338330589234828949e-03
4.334847908467054367e-03
4.331362899392843246e-03
4.327892325818538666e-03
4.324422683566808701e-03
4.320949781686067581e-03
4.317489452660083771e-03
4.314029589295387268e-03
4.310570657253265381e-03
4.307115450501441956e-03
4.303669091314077377e-03
4.300222266465425491e-03
4.296776838600635529e-03
4.293341655284166336e-03
4.289902281016111374e-03
4.286472685635089874e-03
4.283048212528228760e-03
4.279616288840770721e-03
4.276196006685495377e-03
4.272778984159231186e-03
4.269371274858713150e-03
4.265953786671161652e-03
4.262547008693218231e-03
4.259142559021711349e-03
4.255744628608226776e-03
4.252350423485040665e-03
4.248950630426406860e-03
4.245564807206392288e-03
4.242173861712217331e-03
4.238794092088937759e-03
4.235414322465658188e-03
4.232035949826240540e-03
4.228671547025442123e-03
4.225298296660184860e-03
4.221930168569087982e-03
4.218565765768289566e-03
4.215212538838386536e-03
4.211855586618185043e-03
4.208503291010856628e-03
4.205147270113229752e-03
4.201807547360658646e-03
4.198463633656501770e-03
4.195129033178091049e-03
4.191793501377105713e-03
4.188465885818004608e-03
4.185131751000881195e-03
4.181806463748216629e-03
4.178484436124563217e-03
4.175167996436357498e-03
4.171851091086864471e-03
4.168540704995393753e-03
4.165227990597486496e-03
4.161931108683347702e-03
4.158620256930589676e-03
4.155326168984174728e-03
4.152033943682909012e-03
4.148743115365505219e-03
4.145446699112653732e-03
4.142160061746835709e-03
4.138883203268051147e-03
4.135606810450553894e-03
4.132322035729885101e-03
4.129056353121995926e-03
4.125783219933509827e-03
4.122514743357896805e-03
4.119258373975753784e-03
4.116001538932323456e-03
4.112745169550180435e-03
4.109494853764772415e-03
4.106240812689065933e-03
4.102990031242370605e-03
4.099747166037559509e-03
4.096504300832748413e-03
4.093277733772993088e-03
4.090039059519767761e-03
4.086808767169713974e-03
4.083576612174510956e-03
4.080354236066341400e-03
4.077131394296884537e-03
4.073913674801588058e-03
4.070702008903026581e-03
4.067489877343177795e-03
4.064281005412340164e-03
4.061077255755662918e-03
4.057872574776411057e-03
4.054680466651916504e-03
4.051476716995239258e-03
4.048283677548170090e-03
4.045096226036548615e-03
4.041911102831363678e-03
4.038724582642316818e-03
4.035540390759706497e-03
4.032365046441555023e-03
4.029189702123403549e-03
4.026020411401987076e-03
4.022848792374134064e-03
4.019683226943016052e-03
4.016526974737644196e-03
4.013363737612962723e-03
4.010204225778579712e-03
4.007048439234495163e-03
4.003911279141902924e-03
4.000753629952669144e-03
3.997611813247203827e-03
3.994470927864313126e-03
3.991335164755582809e-03
3.988199867308139801e-03
3.985063172876834869e-03
3.981932066380977631e-03
3.978812135756015778e-03
3.975682426244020462e-03
3.972567617893218994e-03
3.969452343881130219e-03
3.966337069869041443e-03
3.963220864534378052e-03
3.960113041102886200e-03
3.957007080316543579e-03
3.953902516514062881e-03
3.950813785195350647e-03
3.947713412344455719e-03
3.944620490074157715e-03
3.941529896110296249e-03
3.938441164791584015e-03
3.935355227440595627e-03
3.932270687073469162e-03
3.929193597286939621e-03
3.926112316548824310e-03
3.923041746020317078e-03
3.919973038136959076e-03
3.916905727237462997e-03
3.913838881999254227e-03
3.910778090357780457e-03
3.907717764377593994e-03
3.904660930857062340e-03
3.901610616594552994e-03
3.898564958944916725e-03
3.895510919392108917e-03
3.892467590048909187e-03
3.889421699568629265e-03
3.886381397023797035e-03
3.883346449583768845e-03
3.880317090079188347e-03
3.877288429066538811e-03
3.874260466545820236e-03
3.871227614581584930e-03
3.868208965286612511e-03
3.865190781652927399e-03
3.862174693495035172e-03
3.859168617054820061e-03
3.856151131913065910e-03
3.853144124150276184e-03
3.850132925435900688e-03
3.847130108624696732e-03
3.844133112579584122e-03
3.841142635792493820e-03
3.838142612949013710e-03
3.835150040686130524e-03
3.832161892205476761e-03
3.829172812402248383e-03
3.826190717518329620e-03
3.823211416602134705e-03
3.820233978331089020e-03
3.817261196672916412e-03
3.814286552369594574e-03
3.811319125816226006e-03
3.808345645666122437e-03
3.805384738370776176e-03
3.802423132583498955e-03
3.799464087933301926e-03
3.796507138758897781e-03
3.793555777519941330e-03
3.790602320805191994e-03
3.787661436945199966e-03
3.784711705520749092e-03
3.781765000894665718e-03
3.778830170631408691e-03
3.775892080739140511e-03
3.772957716137170792e-03
3.770020790398120880e-03
3.767093410715460777e-03
3.764163469895720482e-03
3.761242842301726341e-03
3.758318722248077393e-03
3.755400422960519791e-03
3.752489807084202766e-03
3.749571973457932472e-03
3.746651811525225639e-03
3.743747016414999962e-03
3.740844083949923515e-03
3.737945808097720146e-03
3.735037986189126968e-03
3.732144832611083984e-03
3.729247720912098885e-03
3.726354334503412247e-03
3.723467700183391571e-03
3.720574080944061279e-03
3.717693965882062912e-03
3.714803839102387428e-03
3.711924655362963676e-03
3.709050361067056656e-03
3.706177929416298866e-03
3.703304333612322807e-03
3.700430737808346748e-03
3.697568317875266075e-03
3.694701706990599632e-03
3.691839985549449921e-03
3.688972443342208862e-03
3.686122130602598190e-03
3.683271119371056557e-03
3.680410096421837807e-03
3.677560016512870789e-03
3.674719948321580887e-03
3.671869635581970215e-03
3.669031197205185890e-03
3.666190430521965027e-03
3.663354553282260895e-03
3.660520538687705994e-03
3.657681168988347054e-03
3.654859261587262154e-03
3.652029903605580330e-03
3.649206832051277161e-03
3.646387718617916107e-03
3.643567906692624092e-03
3.640742041170597076e-03
3.637932473793625832e-03
3.635119413956999779e-03
3.632313339039683342e-03
3.629500279203057289e-03
3.626697696745395660e-03
3.623891156166791916e-03
3.621095325797796249e-03
3.618293441832065582e-03
3.615500871092081070e-03
3.612707601860165596e-03
3.609923180192708969e-03
3.607128513976931572e-03
3.604346886277198792e-03
3.601557575166225433e-03
3.598780138418078423e-03
3.596005961298942566e-03
3.593223169445991516e-03
3.590452484786510468e-03
3.587684128433465958e-03
3.584908787161111832e-03
3.582148347049951553e-03
3.579385345801711082e-03
3.576625604182481766e-03
3.573867958039045334e-03
3.571107983589172363e-03
3.568352665752172470e-03
3.565601538866758347e-03
3.562852740287780762e-03
3.560105804353952408e-03
3.557360265403985977e-03
3.554618917405605316e-03
3.551874309778213501e-03
3.549136919900774956e-03
3.546407213434576988e-03
3.543667960911989212e-03
3.540939185768365860e-03
3.538206452503800392e-03
3.535485360771417618e-03
3.532764269039034843e-03
3.530042944476008415e-03
3.527319524437189102e-03
3.524606581777334213e-03
3.521887119859457016e-03
3.519173944368958473e-03
3.516466356813907623e-03
3.513761097565293312e-03
3.511055838316679001e-03
3.508354071527719498e-03
3.505653236061334610e-03
3.502948908135294914e-03
3.500260179862380028e-03
3.497567959129810333e-03
3.494870616123080254e-03
3.492187242954969406e-03
3.489500842988491058e-03
3.486813744530081749e-03
3.484128741547465324e-03
3.481446532532572746e-03
3.478772472590208054e-03
3.476095153018832207e-03
3.473418764770030975e-03
3.470751456916332245e-03
3.468082053586840630e-03
3.465420333668589592e-03
3.462750231847167015e-03
3.460083389654755592e-03
3.457429120317101479e-03
3.454770660027861595e-03
3.452114993706345558e-03
3.449460025876760483e-03
3.446811344474554062e-03
3.444165457040071487e-03
3.441515378654003143e-03
3.438874147832393646e-03
3.436223603785037994e-03
3.433594712987542152e-03
3.430955810472369194e-03
3.428318770602345467e-03
3.425678471103310585e-03
3.423051675781607628e-03
3.420425113290548325e-03
3.417797852307558060e-03
3.415175015106797218e-03
3.412556834518909454e-03
3.409931901842355728e-03
3.407309763133525848e-03
3.404697868973016739e-03
3.402080386877059937e-03
3.399475710466504097e-03
3.396863350644707680e-03
3.394257510080933571e-03
3.391650039702653885e-03
3.389044199138879776e-03
3.386452561244368553e-03
3.383843461051583290e-03
3.381254617124795914e-03
3.378660185262560844e-03
3.376068547368049622e-03
3.373478073626756668e-03
3.370889928191900253e-03
3.368301084265112877e-03
3.365722484886646271e-03
3.363134572282433510e-03
3.360559698194265366e-03
3.357980400323867798e-03
3.355405060574412346e-03
3.352836472913622856e-03
3.350268583744764328e-03
3.347697202116250992e-03
3.345130244269967079e-03
3.342559561133384705e-03
3.340005874633789062e-03
3.337438916787505150e-03
3.334886161610484123e-03
3.332328516989946365e-03
3.329770406708121300e-03
3.327220911160111427e-03
3.324674675241112709e-03
3.322129370644688606e-03
3.319579409435391426e-03
3.317034570500254631e-03
3.314498113468289375e-03
3.311955370008945465e-03
3.309410065412521362e-03
3.306888043880462646e-03
3.304353682324290276e-03
3.301818855106830597e-03
3.299293341115117073e-03
3.296767827123403549e-03
3.294241381809115410e-03
3.291716566309332848e-03
3.289195243269205093e-03
3.286673920229077339e-03
3.284159349277615547e-03
3.281645709648728371e-03
3.279130207374691963e-03
3.276626346632838249e-03
3.274112939834594727e-03
3.271603956818580627e-03
3.269099863246083260e-03
3.266596468165516853e-03
3.264104947447776794e-03
3.261601319536566734e-03
3.259108401834964752e-03
3.256611991673707962e-03
3.254117211326956749e-03
3.251627553254365921e-03
3.249141154810786247e-03
3.246658947318792343e-03
3.244167892262339592e-03
3.241680096834897995e-03
3.239207202568650246e-03
3.236726624891161919e-03
3.234252566471695900e-03
3.231778740882873535e-03
3.229306312277913094e-03
3.226835979148745537e-03
3.224364947527647018e-03
3.221901832148432732e-03
3.219437319785356522e-03
3.216975601390004158e-03
3.214511554688215256e-03
3.212055657058954239e-03
3.209599759429693222e-03
3.207149682566523552e-03
3.204695414751768112e-03
3.202245803549885750e-03
3.199794096872210503e-03
3.197348210960626602e-03
3.194903023540973663e-03
3.192464821040630341e-03
3.190016373991966248e-03
3.187583526596426964e-03
3.185144392773509026e-03
3.182711079716682434e-03
3.180274507030844688e-03
3.177842823788523674e-03
3.175416262820363045e-03
3.172995056957006454e-03
3.170566400513052940e-03
3.168139373883605003e-03
3.165721427649259567e-03
3.163300221785902977e-03
3.160887630656361580e-03
3.158467356115579605e-03
3.156054066494107246e-03
3.153644036501646042e-03
3.151233773678541183e-03
3.148826537653803825e-03
3.146423259750008583e-03
3.144015092402696609e-03
3.141614841297268867e-03
3.139213658869266510e-03
3.136815037578344345e-03
3.134424099698662758e-03
3.132024081423878670e-03
3.129633609205484390e-03
3.127244068309664726e-03
3.124855225905776024e-03
3.122463822364807129e-03
3.120079403743147850e-03
3.117699176073074341e-03
3.115319646894931793e-03
3.112940583378076553e-03
3.110559424385428429e-03
3.108179196715354919e-03
3.105812007561326027e-03
3.103438531979918480e-03
3.101067850366234779e-03
3.098701592534780502e-03
3.096333704888820648e-03
3.093972802162170410e-03
3.091610269621014595e-03
3.089247038587927818e-03
3.086891025304794312e-03
3.084530588239431381e-03
3.082175273448228836e-03
3.079827176406979561e-03
3.077466506510972977e-03
3.075122134760022163e-03
3.072777995839715004e-03
3.070430131629109383e-03
3.068085294216871262e-03
3.065746044740080833e-03
3.063401207327842712e-03
3.061064518988132477e-03
3.058728761970996857e-03
3.056395100429654121e-03
3.054057247936725616e-03
3.051727777346968651e-03
3.049399703741073608e-03
3.047070931643247604e-03
3.044747980311512947e-03
3.042424097657203674e-03
3.040104871615767479e-03
3.037781221792101860e-03
3.035468980669975281e-03
3.033148357644677162e-03
3.030831692740321159e-03
3.028518985956907272e-03
3.026207908987998962e-03
3.023899393156170845e-03
3.021591110154986382e-03
3.019285853952169418e-03
3.016975009813904762e-03
3.014678601175546646e-03
3.012373344972729683e-03
3.010083222761750221e-03
3.007786814123392105e-03
3.005491336807608604e-03
3.003194695338606834e-03
3.000904805958271027e-03
2.998611424118280411e-03
2.996325725689530373e-03
2.994041889905929565e-03
2.991752931848168373e-03
2.989478176459670067e-03
2.987193642184138298e-03
2.984919585287570953e-03
2.982633421197533607e-03
2.980366814881563187e-03
2.978087868541479111e-03
2.975817769765853882e-03
2.973544411361217499e-03
2.971275709569454193e-03
2.969009568914771080e-03
2.966750646010041237e-03
2.964486600831151009e-03
2.962224883958697319e-03
2.959965728223323822e-03
2.957708900794386864e-03
2.955454867333173752e-03
2.953199436888098717e-03
2.950942143797874451e-03
2.948689972981810570e-03
2.946447581052780151e-03
2.944197272881865501e-03
2.941955579444766045e-03
2.939705969765782356e-03
2.937465673312544823e-03
2.935228636488318443e-03
2.932984847575426102e-03
2.930752700194716454e-03
2.928514499217271805e-03
2.926280489191412926e-03
2.924050204455852509e-03
2.921815263107419014e-03
2.919590333476662636e-03
2.917369827628135681e-03
2.915136050432920456e-03
2.912917407229542732e-03
2.910696435719728470e-03
2.908475929871201515e-03
2.906257752329111099e-03
2.904041903093457222e-03
2.901823259890079498e-03
2.899615792557597160e-03
2.897402038797736168e-03
2.895193407312035561e-03
2.892987802624702454e-03
2.890779171139001846e-03
2.888574730604887009e-03
2.886369824409484863e-03
2.884164685383439064e-03
2.881974913179874420e-03
2.879772568121552467e-03
2.877580001950263977e-03
2.875382313504815102e-03
2.873188583180308342e-03
2.871007891371846199e-03
2.868807874619960785e-03
2.866623690351843834e-03
2.864440204575657845e-03
2.862251130864024162e-03
2.860071603208780289e-03
2.857892774045467377e-03
2.855712315067648888e-03
2.853534882888197899e-03
2.851359779015183449e-03
2.849181881174445152e-03
2.847011201083660126e-03
2.844839589670300484e-03
2.842679852619767189e-03
2.840504748746752739e-03
2.838342683389782906e-03
2.836174331605434418e-03
2.834012964740395546e-03
2.831851132214069366e-03
2.829697448760271072e-03
2.827537013217806816e-03
2.825382631272077560e-03
2.823224058374762535e-03
2.821080386638641357e-03
2.818919485434889793e-03
2.816775813698768616e-03
2.814626088365912437e-03
2.812481252476572990e-03
2.810336416587233543e-03
2.808191813528537750e-03
2.806053729727864265e-03
2.803914481773972511e-03
2.801773138344287872e-03
2.799642970785498619e-03
2.797502558678388596e-03
2.795368432998657227e-03
2.793242223560810089e-03
2.791108796373009682e-03
2.788985148072242737e-03
2.786855911836028099e-03
2.784732962027192116e-03
2.782608149573206902e-03
2.780484501272439957e-03
2.778368303552269936e-03
2.776253269985318184e-03
2.774132415652275085e-03
2.772018080577254295e-03
2.769902814179658890e-03
2.767791040241718292e-03
2.765682060271501541e-03
2.763569820672273636e-03
2.761467359960079193e-03
2.759363036602735519e-03
2.757255220785737038e-03
2.755151828750967979e-03
2.753051929175853729e-03
2.750955056399106979e-03
2.748853527009487152e-03
2.746758749708533287e-03
2.744663972407579422e-03
2.742571989074349403e-03
2.740484895184636116e-03
2.738397335633635521e-03
2.736308611929416656e-03
2.734216162934899330e-03
2.732133725658059120e-03
2.730053383857011795e-03
2.727973042055964470e-03
2.725889906287193298e-03
2.723810961470007896e-03
2.721733413636684418e-03
2.719660289585590363e-03
2.717585535719990730e-03
2.715509617701172829e-03
2.713439520448446274e-03
2.711374312639236450e-03
2.709300955757498741e-03
2.707241335883736610e-03
2.705175429582595825e-03
2.703107660636305809e-03
2.701052697375416756e-03
2.698989817872643471e-03
2.696938114240765572e-03
2.694879658520221710e-03
2.692824695259332657e-03
2.690769499167799950e-03
2.688719192519783974e-03
2.686668653041124344e-03
2.684618113562464714e-03
2.682571765035390854e-03
2.680524718016386032e-03
2.678481163457036018e-03
2.676442731171846390e-03
2.674396149814128876e-03
2.672359813004732132e-03
2.670320682227611542e-03
2.668287372216582298e-03
2.666244283318519592e-03
2.664213068783283234e-03
2.662182087078690529e-03
2.660155761986970901e-03
2.658123848959803581e-03
2.656094729900360107e-03
2.654076088219881058e-03
2.652050228789448738e-03
2.650025067850947380e-03
2.648000372573733330e-03
2.645988948643207550e-03
2.643967978656291962e-03
2.641950733959674835e-03
2.639940241351723671e-03
2.637922763824462891e-03
2.635912736877799034e-03
2.633898518979549408e-03
2.631892915815114975e-03
2.629884984344244003e-03
2.627875655889511108e-03
2.625874010846018791e-03
2.623871667310595512e-03
2.621868392452597618e-03
2.619872801005840302e-03
2.617870923131704330e-03
2.615880221128463745e-03
2.613882068544626236e-03
2.611886244267225266e-03
2.609895542263984680e-03
2.607905538752675056e-03
2.605912741273641586e-03
2.603926928713917732e-03
2.601939952000975609e-03
2.599958563223481178e-03
2.597974380478262901e-03
2.595993457362055779e-03
2.594009973108768463e-03
2.592028351500630379e-03
2.590053016319870949e-03
2.588078612461686134e-03
2.586102113127708435e-03
2.584134694188833237e-03
2.582158427685499191e-03
2.580184256657958031e-03
2.578220563009381294e-03
2.576258033514022827e-03
2.574289916083216667e-03
2.572326688095927238e-03
2.570358803495764732e-03
2.568400232121348381e-03
2.566441893577575684e-03
2.564479364082217216e-03
2.562531968578696251e-03
2.560571301728487015e-03
2.558616688475012779e-03
2.556664170697331429e-03
2.554718637838959694e-03
2.552766818553209305e-03
2.550821285694837570e-03
2.548876451328396797e-03
2.546929521486163139e-03
2.544980728998780251e-03
2.543039387091994286e-03
2.541101537644863129e-03
2.539163222536444664e-03
2.537226770073175430e-03
2.535290084779262543e-03
2.533355960622429848e-03
2.531423699110746384e-03
2.529489574953913689e-03
2.527555683627724648e-03
2.525632735341787338e-03
2.523702802136540413e-03
2.521774033084511757e-03
2.519852016121149063e-03
2.517928602173924446e-03
2.516001695767045021e-03
2.514088526368141174e-03
2.512165345251560211e-03
2.510254038497805595e-03
2.508331323042511940e-03
2.506419317796826363e-03
2.504508476704359055e-03
2.502599498257040977e-03
2.500690286979079247e-03
2.498776651918888092e-03
2.496870234608650208e-03
2.494964050129055977e-03
2.493059262633323669e-03
2.491157967597246170e-03
2.489257603883743286e-03
2.487353049218654633e-03
2.485456643626093864e-03
2.483563730493187904e-03
2.481664530932903290e-03
2.479770686477422714e-03
2.477873582392930984e-03
2.475986722856760025e-03
2.474094275385141373e-03
2.472209511324763298e-03
2.470317762345075607e-03
2.468430669978260994e-03
2.466547535732388496e-03
2.464659744873642921e-03
2.462778706103563309e-03
2.460902789607644081e-03
2.459029434248805046e-03
2.457150258123874664e-03
2.455269452184438705e-03
2.453393535688519478e-03
2.451521344482898712e-03
2.449647290632128716e-03
2.447785576805472374e-03
2.445913152769207954e-03
2.444045152515172958e-03
2.442177152261137962e-03
2.440311945974826813e-03
2.438444877043366432e-03
2.436589216813445091e-03
2.434729132801294327e-03
2.432869980111718178e-03
2.431009430438280106e-03
2.429151441901922226e-03
2.427299506962299347e-03
2.425447572022676468e-03
2.423595171421766281e-03
2.421743469312787056e-03
2.419891767203807831e-03
2.418044488877058029e-03
2.416194649413228035e-03
2.414352027699351311e-03
2.412509173154830933e-03
2.410666318610310555e-03
2.408823696896433830e-03
2.406986663118004799e-03
2.405146835371851921e-03
2.403309103101491928e-03
2.401473233476281166e-03
2.399634802713990211e-03
2.397807780653238297e-03
2.395972143858671188e-03
2.394141396507620811e-03
2.392312511801719666e-03
2.390485024079680443e-03
2.388659864664077759e-03
2.386837499216198921e-03
2.385010709986090660e-03
2.383190905675292015e-03
2.381370170041918755e-03
2.379548270255327225e-03
2.377731492742896080e-03
2.375918207690119743e-03
2.374098636209964752e-03
2.372288145124912262e-03
2.370474627241492271e-03
2.368666231632232666e-03
2.366853412240743637e-03
2.365042688325047493e-03
2.363236621022224426e-03
2.361434511840343475e-03
2.359627978876233101e-03
2.357822842895984650e-03
2.356024691835045815e-03
2.354224212467670441e-03
2.352429088205099106e-03
2.350626513361930847e-03
2.348831389099359512e-03
2.347035100683569908e-03
2.345244633033871651e-03
2.343447180464863777e-03
2.341659041121602058e-03
2.339868107810616493e-03
2.338083460927009583e-03
2.336294390261173248e-03
2.334509743377566338e-03
2.332728821784257889e-03
2.330948365852236748e-03
2.329160459339618683e-03
2.327380469068884850e-03
2.325602574273943901e-03
2.323823049664497375e-03
2.322043757885694504e-03
2.320270519703626633e-03
2.318495884537696838e-03
2.316722646355628967e-03
2.314954064786434174e-03
2.313190139830112457e-03
2.311417600139975548e-03
2.309653675183653831e-03
2.307882765308022499e-03
2.306122798472642899e-03
2.304354682564735413e-03
2.302597276866436005e-03
2.300834981724619865e-03
2.299076644703745842e-03
2.297318307682871819e-03
2.295562997460365295e-03
2.293812576681375504e-03
2.292052609845995903e-03
2.290297532454133034e-03
2.288550604134798050e-03
2.286800881847739220e-03
2.285052323713898659e-03
2.283305162563920021e-03
2.281564986333250999e-03
2.279812935739755630e-03
2.278069732710719109e-03
2.276324434205889702e-03
2.274584025144577026e-03
2.272854093462228775e-03
2.271111821755766869e-03
2.269375603646039963e-03
2.267637290060520172e-03
2.265906659886240959e-03
2.264169976115226746e-03
2.262443304061889648e-03
2.260710345581173897e-03
2.258980646729469299e-03
2.257252577692270279e-03
2.255528001114726067e-03
2.253798767924308777e-03
2.252077916637063026e-03
2.250356832519173622e-03
2.248632488772273064e-03
2.246913034468889236e-03
2.245198469609022141e-03
2.243478782474994659e-03
2.241758862510323524e-03
2.240047091618180275e-03
2.238338114693760872e-03
2.236623782664537430e-03
2.234912943094968796e-03
2.233202802017331123e-03
2.231489634141325951e-03
2.229788107797503471e-03
2.228079363703727722e-03
2.226371783763170242e-03
2.224668860435485840e-03
2.222969429567456245e-03
2.221268601715564728e-03
2.219571266323328018e-03
2.217869041487574577e-03
2.216175198554992676e-03
2.214480889961123466e-03
2.212788909673690796e-03
2.211092971265316010e-03
2.209401223808526993e-03
2.207710174843668938e-03
2.206021221354603767e-03
2.204334829002618790e-03
2.202646341174840927e-03
2.200959715992212296e-03
2.199278445914387703e-03
2.197594381868839264e-03
2.195915905758738518e-03
2.194232074543833733e-03
2.192549640312790871e-03
2.190875122323632240e-03
2.189195249229669571e-03
2.187524456530809402e-03
2.185848075896501541e-03
2.184177516028285027e-03
2.182505326345562935e-03
2.180830342695116997e-03
2.179164905101060867e-03
2.177496440708637238e-03
2.175827976316213608e-03
2.174168126657605171e-03
2.172500127926468849e-03
2.170836320146918297e-03
2.169176936149597168e-03
2.167513361200690269e-03
2.165854908525943756e-03
2.164196455851197243e-03
2.162541728466749191e-03
2.160883508622646332e-03
2.159228781238198280e-03
2.157581271603703499e-03
2.155930269509553909e-03
2.154279034584760666e-03
2.152629196643829346e-03
2.150973770767450333e-03
2.149328589439392090e-03
2.147686667740345001e-03
2.146040787920355797e-03
2.144395606592297554e-03
2.142756711691617966e-03
2.141117351129651070e-03
2.139477059245109558e-03
2.137837233021855354e-03
2.136208349838852882e-03
2.134568057954311371e-03
2.132933121174573898e-03
2.131298184394836426e-03
2.129668602719902992e-03
2.128037158399820328e-03
2.126406412571668625e-03
2.124780090525746346e-03
2.123151673004031181e-03
2.121525816619396210e-03
2.119905781000852585e-03
2.118274336680769920e-03
2.116657560691237450e-03
2.115031005814671516e-03
2.113415859639644623e-03
2.111799782142043114e-03
2.110181376338005066e-03
2.108566928654909134e-03
2.106950851157307625e-03
2.105336869135499001e-03
2.103723352774977684e-03
2.102112164720892906e-03
2.100501907989382744e-03
2.098894678056240082e-03
2.097285352647304535e-03
2.095679752528667450e-03
2.094074152410030365e-03
2.092466223984956741e-03
2.090864581987261772e-03
2.089264104142785072e-03
2.087665488943457603e-03
2.086065942421555519e-03
2.084466628730297089e-03
2.082870807498693466e-03
2.081274054944515228e-03
2.079681493341922760e-03
2.078088000416755676e-03
2.076495904475450516e-03
2.074908232316374779e-03
2.073315670713782310e-03
2.071726834401488304e-03
2.070141723379492760e-03
2.068552421405911446e-03
2.066972665488719940e-03
2.065383363515138626e-03
2.063802676275372505e-03
2.062225248664617538e-03
2.060642931610345840e-03
2.059064339846372604e-03
2.057487145066261292e-03
2.055912045761942863e-03
2.054330427199602127e-03
2.052760217338800430e-03
2.051185350865125656e-03
2.049616072326898575e-03
2.048047492280602455e-03
2.046472625806927681e-03
2.044910797849297523e-03
2.043348504230380058e-03
2.041776897385716438e-03
2.040215302258729935e-03
2.038645558059215546e-03
2.037082565948367119e-03
2.035527722910046577e-03
2.033963799476623535e-03
2.032406395301222801e-03
2.030848991125822067e-03
2.029289957135915756e-03
2.027733949944376945e-03
2.026185858994722366e-03
2.024632645770907402e-03
2.023081295192241669e-03
2.021528081968426704e-03
2.019979292526841164e-03
2.018433529883623123e-03
2.016889397054910660e-03
2.015337580814957619e-03
2.013796707615256310e-03
2.012254204601049423e-03
2.010711003094911575e-03
2.009167103096842766e-03
2.007622737437486649e-03
2.006088150665163994e-03
2.004553098231554031e-03
2.003014320507645607e-03
2.001482993364334106e-03
1.999945379793643951e-03
1.998410560190677643e-03
1.996880630031228065e-03
1.995349070057272911e-03
1.993820071220397949e-03
1.992295030504465103e-03
1.990764401853084564e-03
1.989239128306508064e-03
1.987713389098644257e-03
1.986188348382711411e-03
1.984663307666778564e-03
1.983146416023373604e-03
1.981628360226750374e-03
1.980107277631759644e-03
1.978586893528699875e-03
1.977073727175593376e-03
1.975555904209613800e-03
1.974042505025863647e-03
1.972529571503400803e-03
1.971015240997076035e-03
1.969508128240704536e-03
1.967996591702103615e-03
1.966484822332859039e-03
1.964975614100694656e-03
1.963471993803977966e-03
1.961964881047606468e-03
1.960464520379900932e-03
1.958962762728333473e-03
1.957457745447754860e-03
1.955960411578416824e-03
1.954459585249423981e-03
1.952956081368029118e-03
1.951463404111564159e-03
1.949970610439777374e-03
1.948472112417221069e-03
1.946979784406721592e-03
1.945486059412360191e-03
1.943998620845377445e-03
1.942497678101062775e-03
1.941012917086482048e-03
1.939524780027568340e-03
1.938039669767022133e-03
1.936553162522614002e-03
1.935066538862884045e-03
1.933582127094268799e-03
1.932100858539342880e-03
1.930621336214244366e-03
1.929140067659318447e-03
1.927658799104392529e-03
1.926177530549466610e-03
1.924703130498528481e-03
1.923231757245957851e-03
1.921755727380514145e-03
1.920283888466656208e-03
1.918809255585074425e-03
1.917333342134952545e-03
1.915868604555726051e-03
1.914393506012856960e-03
1.912930281832814217e-03
1.911465078592300415e-03
1.909997896291315556e-03
1.908535021357238293e-03
1.907072961330413818e-03
1.905606244690716267e-03
1.904146512970328331e-03
1.902683754451572895e-03
1.901227631606161594e-03
1.899770228192210197e-03
1.898310380056500435e-03
1.896854024380445480e-03
1.895399414934217930e-03
1.893947715871036053e-03
1.892494736239314079e-03
1.891041873022913933e-03
1.889592153020203114e-03
1.888146856799721718e-03
1.886693644337356091e-03
1.885251607745885849e-03
1.883803051896393299e-03
1.882360549643635750e-03
1.880914438515901566e-03
1.879468909464776516e-03
1.878032227978110313e-03
1.876593101769685745e-03
1.875153975561261177e-03
1.873713918030261993e-03
1.872280612587928772e-03
1.870842068456113338e-03
1.869410043582320213e-03
1.867970684543251991e-03
1.866541337221860886e-03
1.865109079517424107e-03
1.863676938228309155e-03
1.862255041487514973e-03
1.860818592831492424e-03
1.859398907981812954e-03
1.857968862168490887e-03
1.856545335613191128e-03
1.855119015090167522e-03
1.853694906458258629e-03
1.852276618592441082e-03
1.850855769589543343e-03
1.849435037001967430e-03
1.848014420829713345e-03
1.846599159762263298e-03
1.845180639065802097e-03
1.843768754042685032e-03
1.842355122789740562e-03
1.840941840782761574e-03
1.839529722929000854e-03
1.838118419982492924e-03
1.836710260249674320e-03
1.835302566178143024e-03
1.833894988521933556e-03
1.832488342188298702e-03
1.831080764532089233e-03
1.829674234613776207e-03
1.828277483582496643e-03
1.826868858188390732e-03
1.825470477342605591e-03
1.824071863666176796e-03
1.822673599235713482e-03
1.821276033297181129e-03
1.819873461499810219e-03
1.818478922359645367e-03
1.817089971154928207e-03
1.815692638047039509e-03
1.814301707781851292e-03
1.812908565625548363e-03
1.811519498005509377e-03
1.810129499062895775e-03
1.808743574656546116e-03
1.807352993637323380e-03
1.805969513952732086e-03
1.804586965590715408e-03
1.803200691938400269e-03
1.801818259991705418e-03
1.800435362383723259e-03
1.799055025912821293e-03
1.797674922272562981e-03
1.796299940906465054e-03
1.794917043298482895e-03
1.793543924577534199e-03
1.792169641703367233e-03
1.790792681276798248e-03
1.789421192370355129e-03
1.788046443834900856e-03
1.786676119081676006e-03
1.785307540558278561e-03
1.783936633728444576e-03
1.782568520866334438e-03
1.781202619895339012e-03
1.779837650246918201e-03
1.778470235876739025e-03
1.777108758687973022e-03
1.775744953192770481e-03
1.774386619217693806e-03
1.773017458617687225e-03
1.771662849932909012e-03
1.770303235389292240e-03
1.768945017829537392e-03
1.767589594237506390e-03
1.766240457072854042e-03
1.764881890267133713e-03
1.763529959134757519e-03
1.762178959324955940e-03
1.760827959515154362e-03
1.759477308951318264e-03
1.758127240464091301e-03
1.756777404807507992e-03
1.755435834638774395e-03
1.754087628796696663e-03
1.752740005031228065e-03
1.751400995999574661e-03
1.750055118463933468e-03
1.748709473758935928e-03
1.747372210957109928e-03
1.746029825881123543e-03
1.744692912325263023e-03
1.743353088386356831e-03
1.742017106153070927e-03
1.740683452226221561e-03
1.739348052069544792e-03
1.738014980219304562e-03
1.736681908369064331e-03
1.735350349918007851e-03
1.734021934680640697e-03
1.732692238874733448e-03
1.731364056468009949e-03
1.730036572553217411e-03
1.728712581098079681e-03
1.727386261336505413e-03
1.726065645925700665e-03
1.724741188809275627e-03
1.723414869047701359e-03
1.722095534205436707e-03
1.720777130685746670e-03
1.719454536214470863e-03
1.718137762509286404e-03
1.716818776912987232e-03
1.715505612082779408e-03
1.714191399514675140e-03
1.712880213744938374e-03
1.711562275886535645e-03
1.710257609374821186e-03
1.708941417746245861e-03
1.707632443867623806e-03
1.706322771497070789e-03
1.705014146864414215e-03
1.703707734122872353e-03
1.702400622889399529e-03
1.701095723547041416e-03
1.699791988357901573e-03
1.698492560535669327e-03
1.697191037237644196e-03
1.695890910923480988e-03
1.694592181593179703e-03
1.693290658295154572e-03
1.691994606517255306e-03
1.690692268311977386e-03
1.689402619376778603e-03
1.688106567598879337e-03
1.686812378466129303e-03
1.685519819147884846e-03
1.684225397184491158e-03
1.682937494479119778e-03
1.681651803664863110e-03
1.680358662270009518e-03
1.679071807302534580e-03
1.677786116488277912e-03
1.676500658504664898e-03
1.675217645242810249e-03
1.673933700658380985e-03
1.672655460424721241e-03
1.671368954703211784e-03
1.670086872763931751e-03
1.668807701207697392e-03
1.667534234002232552e-03
1.666250173002481461e-03
1.664978102780878544e-03
1.663703937083482742e-03
1.662425813265144825e-03
1.661153743043541908e-03
1.659880275838077068e-03
1.658615656197071075e-03
1.657340559177100658e-03
1.656069303862750530e-03
1.654802006669342518e-03
1.653532031923532486e-03
1.652271952480077744e-03
1.650998019613325596e-03
1.649738987907767296e-03
1.648475765250623226e-03
1.647211960516870022e-03
1.645950600504875183e-03
1.644687843509018421e-03
1.643433934077620506e-03
1.642170245759189129e-03
1.640912843868136406e-03
1.639660564251244068e-03
1.638403628021478653e-03
1.637148205190896988e-03
1.635893597267568111e-03
1.634639338590204716e-03
1.633390435017645359e-03
1.632134779356420040e-03
1.630887156352400780e-03
1.629643724299967289e-03
1.628394704312086105e-03
1.627146848477423191e-03
1.625901437364518642e-03
1.624656026251614094e-03
1.623413176275789738e-03
1.622168463654816151e-03
1.620928873308002949e-03
1.619687885977327824e-03
1.618448528461158276e-03
1.617210684344172478e-03
1.615971792489290237e-03
1.614735228940844536e-03
1.613494940102100372e-03
1.612263498827815056e-03
1.611026586033403873e-03
1.609796774573624134e-03
1.608565798960626125e-03
1.607333426363766193e-03
1.606100238859653473e-03
1.604873687028884888e-03
1.603645971044898033e-03
1.602419069968163967e-03
1.601197640411555767e-03
1.599968527443706989e-03
1.598747330717742443e-03
1.597517402842640877e-03
1.596297603100538254e-03
1.595071866177022457e-03
1.593850553035736084e-03
1.592634827829897404e-03
1.591416425071656704e-03
1.590199302881956100e-03
1.588981831446290016e-03
1.587769715115427971e-03
1.586554106324911118e-03
1.585341291502118111e-03
1.584125682711601257e-03
1.582911936566233635e-03
1.581705641001462936e-03
1.580494223162531853e-03
1.579287694767117500e-03
1.578078139573335648e-03
1.576870214194059372e-03
1.575664500705897808e-03
1.574458903633058071e-03
1.573257963173091412e-03
1.572055858559906483e-03
1.570849912241101265e-03
1.569650135934352875e-03
1.568447914905846119e-03
1.567249302752315998e-03
1.566050224937498569e-03
1.564857433550059795e-03
1.563657191582024097e-03
1.562463585287332535e-03
1.561267883516848087e-03
1.560075208544731140e-03
1.558883581310510635e-03
1.557687530294060707e-03
1.556500443257391453e-03
1.555310678668320179e-03
1.554123708046972752e-03
1.552932197228074074e-03
1.551746507175266743e-03
1.550561282783746719e-03
1.549374312162399292e-03
1.548187690787017345e-03
1.547009102068841457e-03
1.545827370136976242e-03
1.544643193483352661e-03
1.543466350995004177e-03
1.542287063784897327e-03
1.541105215437710285e-03
1.539928722195327282e-03
1.538756187073886395e-03
1.537576317787170410e-03
1.536402269266545773e-03
1.535227871499955654e-03
1.534057781100273132e-03
1.532883499749004841e-03
1.531710964627563953e-03
1.530542038381099701e-03
1.529371598735451698e-03
1.528208726085722446e-03
1.527039916254580021e-03
1.525873900391161442e-03
1.524708117358386517e-03
1.523540937341749668e-03
1.522377016954123974e-03
1.521214842796325684e-03
1.520051970146596432e-03
1.518896198831498623e-03
1.517734024673700333e-03
1.516575925052165985e-03
1.515419688075780869e-03
1.514258212409913540e-03
1.513105467893183231e-03
1.511948532424867153e-03
1.510795787908136845e-03
1.509641995653510094e-03
1.508492743596434593e-03
1.507338369265198708e-03
1.506189815700054169e-03
1.505037769675254822e-03
1.503892592154443264e-03
1.502741244621574879e-03
1.501593156717717648e-03
1.500448212027549744e-03
1.499299425631761551e-03
1.498159603215754032e-03
1.497015473432838917e-03
1.495875883847475052e-03
1.494734548032283783e-03
1.493596006184816360e-03
1.492452225647866726e-03
1.491314265877008438e-03
1.490174559876322746e-03
1.489044399932026863e-03
1.487903296947479248e-03
1.486769993789494038e-03
1.485635759308934212e-03
1.484498381614685059e-03
1.483370200730860233e-03
1.482239458709955215e-03
1.481108600273728371e-03
1.479979138821363449e-03
1.478850375860929489e-03
1.477721496485173702e-03
1.476593781262636185e-03
1.475471537560224533e-03
1.474344520829617977e-03
1.473221229389309883e-03
1.472095609642565250e-03
1.470976625569164753e-03
1.469851587899029255e-03
1.468731090426445007e-03
1.467614434659481049e-03
1.466494286432862282e-03
1.465379726141691208e-03
1.464259810745716095e-03
1.463145250454545021e-03
1.462027663365006447e-03
1.460915664210915565e-03
1.459802384488284588e-03
1.458690152503550053e-03
1.457577454857528210e-03
1.456469879485666752e-03
1.455359160900115967e-03
1.454253564588725567e-03
1.453143893741071224e-03
1.452032243832945824e-03
1.450929325073957443e-03
1.449823379516601562e-03
1.448720227926969528e-03
1.447616727091372013e-03
1.446514041163027287e-03
1.445411704480648041e-03
1.444311463274061680e-03
1.443211454898118973e-03
1.442114240489900112e-03
1.441016793251037598e-03
1.439916435629129410e-03
1.438823062926530838e-03
1.437726081348955631e-03
1.436629099771380424e-03
1.435536425560712814e-03
1.434443634934723377e-03
1.433352706953883171e-03
1.432261778973042965e-03
1.431170501746237278e-03
1.430081087164580822e-03
1.428994699381291866e-03
1.427906914614140987e-03
1.426816917955875397e-03
1.425734837539494038e-03
1.424645888619124889e-03
1.423564972355961800e-03
1.422483124770224094e-03
1.421400578692555428e-03
1.420320942997932434e-03
1.419239793904125690e-03
1.418161205947399139e-03
1.417078194208443165e-03
1.416004146449267864e-03
1.414928701706230640e-03
1.413850695826113224e-03
1.412775716744363308e-03
1.411701901815831661e-03
1.410626806318759918e-03
1.409554970450699329e-03
1.408481737598776817e-03
1.407416886650025845e-03
1.406341558322310448e-03
1.405274379067122936e-03
1.404204522259533405e-03
1.403138507157564163e-03
1.402071211487054825e-03
1.401007408276200294e-03
1.399939064867794514e-03
1.398879569023847580e-03
1.397814601659774780e-03
1.396750798448920250e-03
1.395691302604973316e-03
1.394632156006991863e-03
1.393572078086435795e-03
1.392513629980385303e-03
1.391456462442874908e-03
1.390393590554594994e-03
1.389337587170302868e-03
1.388286938890814781e-03
1.387229538522660732e-03
1.386176794767379761e-03
1.385126844979822636e-03
1.384073519147932529e-03
1.383026246912777424e-03
1.381971756927669048e-03
1.380922039970755577e-03
1.379874185658991337e-03
1.378826098516583443e-03
1.377782202325761318e-03
1.376732252538204193e-03
1.375691150315105915e-03
1.374643645249307156e-03
1.373602543026208878e-03
1.372558530420064926e-03
1.371516729705035686e-03
1.370475976727902889e-03
1.369440229609608650e-03
1.368397846817970276e-03
1.367358956485986710e-03
1.366321113891899586e-03
1.365285483188927174e-03
1.364250201731920242e-03
1.363214920274913311e-03
1.362182083539664745e-03
1.361146918497979641e-03
1.360114547424018383e-03
1.359083224087953568e-03
1.358055393211543560e-03
1.357021392323076725e-03
1.355997752398252487e-03
1.354967709630727768e-03
1.353939995169639587e-03
1.352912746369838715e-03
1.351885846816003323e-03
1.350864185951650143e-03
1.349838334135711193e-03
1.348811783827841282e-03
1.347791054286062717e-03
1.346771488897502422e-03
1.345750060863792896e-03
1.344732008874416351e-03
1.343710348010063171e-03
1.342693227343261242e-03
1.341677736490964890e-03
1.340659917332231998e-03
1.339641283266246319e-03
1.338629401288926601e-03
1.337617984972894192e-03
1.336602261289954185e-03
1.335591077804565430e-03
1.334580010734498501e-03
1.333569874987006187e-03
1.332559855654835701e-03
1.331548672169446945e-03
1.330540166236460209e-03
1.329534337855875492e-03
1.328524900600314140e-03
1.327521633356809616e-03
1.326515222899615765e-03
1.325514167547225952e-03
1.324507989920675755e-03
1.323508447967469692e-03
1.322507509030401707e-03
1.321507385000586510e-03
1.320504350587725639e-03
1.319506205618381500e-03
1.318506081588566303e-03
1.317510264925658703e-03
1.316513633355498314e-03
1.315513974986970425e-03
1.314523397013545036e-03
1.313530490733683109e-03
1.312533626332879066e-03
1.311542699113488197e-03
1.310549560002982616e-03
1.309557701461017132e-03
1.308569917455315590e-03
1.307579455897212029e-03
1.306592137552797794e-03
1.305602607317268848e-03
1.304614706896245480e-03
1.303630531765520573e-03
1.302646007388830185e-03
1.301660202443599701e-03
1.300675445236265659e-03
1.299693481996655464e-03
1.298712915740907192e-03
1.297732116654515266e-03
1.296749804168939590e-03
1.295768539421260357e-03
1.294791931286454201e-03
1.293813227675855160e-03
1.292834524065256119e-03
1.291859662160277367e-03
1.290884800255298615e-03
1.289907377213239670e-03
1.288934494368731976e-03
1.287962892092764378e-03
1.286988379433751106e-03
1.286017708480358124e-03
1.285045407712459564e-03
1.284078927710652351e-03
1.283104531466960907e-03
1.282139914110302925e-03
1.281171222217381001e-03
1.280204625800251961e-03
1.279236283153295517e-03
1.278271665796637535e-03
1.277304952964186668e-03
1.276343129575252533e-03
1.275384100154042244e-03
1.274421461857855320e-03
1.273454166948795319e-03
1.272494206205010414e-03
1.271537505090236664e-03
1.270577893592417240e-03
1.269620959646999836e-03
1.268662395887076855e-03
1.267703482881188393e-03
1.266746316105127335e-03
1.265796832740306854e-03
1.264841062948107719e-03
1.263888436369597912e-03
1.262934412807226181e-03
1.261983998119831085e-03
1.261033001355826855e-03
1.260080840438604355e-03
1.259131240658462048e-03
1.258184202015399933e-03
1.257234136573970318e-03
1.256285933777689934e-03
1.255341921932995319e-03
1.254396163858473301e-03
1.253448077477514744e-03
1.252505346201360226e-03
1.251560403034090996e-03
1.250617555342614651e-03
1.249677268788218498e-03
1.248735468834638596e-03
1.247795880772173405e-03
1.246855012141168118e-03
1.245915540494024754e-03
1.244975719600915909e-03
1.244043931365013123e-03
1.243107719346880913e-03
1.242173369973897934e-03
1.241237972863018513e-03
1.240302924998104572e-03
1.239367877133190632e-03
1.238435623236000538e-03
1.237505464814603329e-03
1.236573210917413235e-03
1.235643750987946987e-03
1.234712428413331509e-03
1.233783666975796223e-03
1.232859329320490360e-03
1.231929869391024113e-03
1.230999943800270557e-03
1.230074441991746426e-03
1.229156972840428352e-03
1.228224835358560085e-03
1.227305852808058262e-03
1.226379885338246822e-03
1.225460553541779518e-03
1.224538427777588367e-03
1.223614905029535294e-03
1.222695223987102509e-03
1.221775310114026070e-03
1.220862963236868382e-03
1.219940837472677231e-03
1.219024416059255600e-03
1.218109973706305027e-03
1.217193552292883396e-03
1.216281671077013016e-03
1.215367810800671577e-03
1.214455114677548409e-03
1.213541137985885143e-03
1.212633331306278706e-03
1.211720635183155537e-03
1.210807356983423233e-03
1.209901529364287853e-03
1.208988833241164684e-03
1.208084402605891228e-03
1.207178225740790367e-03
1.206269371323287487e-03
1.205365173518657684e-03
1.204455853439867496e-03
1.203556894324719906e-03
1.202651066705584526e-03
1.201750128529965878e-03
1.200846396386623383e-03
1.199947320856153965e-03
1.199047314003109932e-03
1.198147307150065899e-03
1.197249162942171097e-03
1.196350320242345333e-03
1.195453805848956108e-03
1.194557989947497845e-03
1.193661242723464966e-03
1.192765077576041222e-03
1.191870192997157574e-03
1.190978102385997772e-03
1.190086710266768932e-03
1.189194619655609131e-03
1.188302645459771156e-03
1.187409972772002220e-03
1.186520559713244438e-03
1.185633242130279541e-03
1.184740802273154259e-03
1.183855696581304073e-03
1.182963140308856964e-03
1.182083389721810818e-03
1.181197352707386017e-03
1.180309220217168331e-03
1.179428538307547569e-03
1.178540522232651711e-03
1.177661120891571045e-03
1.176777062937617302e-03
1.175896846689283848e-03
1.175017445348203182e-03
1.174134551547467709e-03
1.173258177004754543e-03
1.172379823401570320e-03
1.171502051874995232e-03
1.170625560916960239e-03
1.169748604297637939e-03
1.168874208815395832e-03
1.167998183518648148e-03
1.167124253697693348e-03
1.166252186521887779e-03
1.165380701422691345e-03
1.164502813480794430e-03
1.163637149147689342e-03
1.162765547633171082e-03
1.161894411779940128e-03
1.161027699708938599e-03
1.160156563855707645e-03
1.159294275566935539e-03
1.158421626314520836e-03
1.157557358965277672e-03
1.156691927462816238e-03
1.155827660113573074e-03
1.154961646534502506e-03
1.154096564278006554e-03
1.153237884864211082e-03
1.152374083176255226e-03
1.151510863564908504e-03
1.150648226030170918e-03
1.149791176430881023e-03
1.148932031355798244e-03
1.148072886280715466e-03
1.147217582911252975e-03
1.146357157267630100e-03
1.145502319559454918e-03
1.144645735621452332e-03
1.143794739618897438e-03
1.142940134741365910e-03
1.142087159678339958e-03
1.141231623478233814e-03
1.140381908044219017e-03
1.139530679211020470e-03
1.138677587732672691e-03
1.137826475314795971e-03
1.136978156864643097e-03
1.136127626523375511e-03
1.135281519964337349e-03
1.134434132836759090e-03
1.133587560616433620e-03
1.132738660089671612e-03
1.131897442974150181e-03
1.131049473769962788e-03
1.130206161178648472e-03
1.129366341046988964e-03
1.128520700149238110e-03
1.127679133787751198e-03
1.126839080825448036e-03
1.126000192016363144e-03
1.125160255469381809e-03
1.124316710047423840e-03
1.123478403314948082e-03
1.122641144320368767e-03
1.121807144954800606e-03
1.120968488976359367e-03
1.120134023949503899e-03
1.119300723075866699e-03
1.118463929742574692e-03
1.117628533393144608e-03
1.116799772717058659e-03
1.115965424105525017e-03
1.115133636631071568e-03
1.114304875954985619e-03
1.113473088480532169e-03
1.112640369683504105e-03
1.111816149204969406e-03
1.110987272113561630e-03
1.110155717469751835e-03
1.109333708882331848e-03
1.108507509343326092e-03
1.107682473957538605e-03
1.106858369894325733e-03
1.106034615077078342e-03
1.105208531953394413e-03
1.104386174120008945e-03
1.103568240068852901e-03
1.102742273360490799e-03
1.101923175156116486e-03
1.101099071092903614e-03
1.100281719118356705e-03
1.099466113373637199e-03
1.098645851016044617e-03
1.097825588658452034e-03
1.097009633667767048e-03
1.096195541322231293e-03
1.095377840101718903e-03
1.094564795494079590e-03
1.093751401640474796e-03
1.092938706278800964e-03
1.092124613933265209e-03
1.091309590265154839e-03
1.090502366423606873e-03
1.089690485969185829e-03
1.088878838345408440e-03
1.088071148842573166e-03
1.087263459339737892e-03
1.086452975869178772e-03
1.085643656551837921e-03
1.084838411770761013e-03
1.084033050574362278e-03
1.083228155039250851e-03
1.082421164028346539e-03
1.081617781892418861e-03
1.080813352018594742e-03
1.080011250451207161e-03
1.079208799637854099e-03
1.078407047316431999e-03
1.077608438208699226e-03
1.076801796443760395e-03
1.076002954505383968e-03
1.075205742381513119e-03
1.074407831765711308e-03
1.073611783795058727e-03
1.072812126949429512e-03
1.072017243131995201e-03
1.071218517608940601e-03
1.070426660589873791e-03
1.069631194695830345e-03
1.068836310878396034e-03
1.068043755367398262e-03
1.067249919287860394e-03
1.066458178684115410e-03
1.065666554495692253e-03
1.064877607859671116e-03
1.064088079147040844e-03
1.063297153450548649e-03
1.062511000782251358e-03
1.061722054146230221e-03
1.060931826941668987e-03
1.060149632394313812e-03
1.059361733496189117e-03
1.058575580827891827e-03
1.057791872881352901e-03
1.057007466442883015e-03
1.056221197359263897e-03
1.055435277521610260e-03
1.054655644111335278e-03
1.053874613717198372e-03
1.053095678798854351e-03
1.052310806699097157e-03
1.051530009135603905e-03
1.050752587616443634e-03
1.049975166097283363e-03
1.049195299856364727e-03
1.048417412675917149e-03
1.047641970217227936e-03
1.046866993419826031e-03
1.046090037561953068e-03
1.045315410010516644e-03
1.044542528688907623e-03
1.043767435476183891e-03
1.042995718307793140e-03
1.042221440002322197e-03
1.041448907926678658e-03
1.040679402649402618e-03
1.039906404912471771e-03
1.039137016050517559e-03
1.038367277942597866e-03
1.037598936818540096e-03
1.036833506077528000e-03
1.036065630614757538e-03
1.035298104397952557e-03
1.034533372148871422e-03
1.033766660839319229e-03
1.033001579344272614e-03
1.032237778417766094e-03
1.031475025229156017e-03
1.030707731842994690e-03
1.029944280162453651e-03
1.029184786602854729e-03
1.028421567752957344e-03
1.027663354761898518e-03
1.026904792524874210e-03
1.026144949719309807e-03
1.025383593514561653e-03
1.024626311846077442e-03
1.023869961500167847e-03
1.023110584355890751e-03
1.022355980239808559e-03
1.021599047817289829e-03
1.020843279547989368e-03
1.020087511278688908e-03
1.019334304146468639e-03
1.018583658151328564e-03
1.017827307805418968e-03
1.017075614072382450e-03
1.016327412799000740e-03
1.015572459436953068e-03
1.014825771562755108e-03
1.014076638966798782e-03
1.013323315419256687e-03
1.012578024528920650e-03
1.011828542686998844e-03
1.011080923490226269e-03
1.010336214676499367e-03
1.009587198495864868e-03
1.008840161375701427e-03
1.008097664453089237e-03
1.007351092994213104e-03
1.006607548333704472e-03
1.005866797640919685e-03
1.005122205242514610e-03
1.004381454549729824e-03
1.003640238195657730e-03
1.002897974103689194e-03
1.002160599455237389e-03
1.001417404040694237e-03
1.000682706944644451e-03
9.999434696510434151e-04
9.992028353735804558e-04
9.984640637412667274e-04
9.977276204153895378e-04
9.969935053959488869e-04
9.962564799934625626e-04
9.955218993127346039e-04
9.947821963578462601e-04
9.940536692738533020e-04
9.933206019923090935e-04
9.925882332026958466e-04
9.918542345985770226e-04
9.911237284541130066e-04
9.903931058943271637e-04
9.896592237055301666e-04
9.889302309602499008e-04
9.882037993520498276e-04
9.874743409454822540e-04
9.867467451840639114e-04
9.860191494226455688e-04
9.852924849838018417e-04
9.845652384683489799e-04
9.838398545980453491e-04
9.831133065745234489e-04
9.823874570429325104e-04
9.816662641242146492e-04
9.809447219595313072e-04
9.802187560126185417e-04
9.794987272471189499e-04
9.787743911147117615e-04
9.780555265024304390e-04
9.773331694304943085e-04
9.766129078343510628e-04
9.758961386978626251e-04
9.751742472872138023e-04
9.744564886204898357e-04
9.737375658005475998e-04
9.730216697789728642e-04
9.723047260195016861e-04
9.715894702821969986e-04
9.708739817142486572e-04
9.701576782390475273e-04
9.694434702396392822e-04
9.687275742180645466e-04
9.680204675532877445e-04
9.673014865256845951e-04
9.665922843851149082e-04
9.658799390308558941e-04
9.651710861362516880e-04
9.644589154049754143e-04
9.637500625103712082e-04
9.630395215936005116e-04
9.623336372897028923e-04
9.616220486350357533e-04
9.609143016859889030e-04
9.602065547369420528e-04
9.595002047717571259e-04
9.587939130142331123e-04
9.580890182405710220e-04
9.573880233801901340e-04
9.566830121912062168e-04
9.559762547723948956e-04
9.552729316055774689e-04
9.545693756081163883e-04
9.538715821690857410e-04
9.531694231554865837e-04
9.524672059342265129e-04
9.517691796645522118e-04
9.510685922577977180e-04
9.503662586212158203e-04
9.496664279140532017e-04
9.489696240052580833e-04
9.482719469815492630e-04
9.475750848650932312e-04
9.468804928474128246e-04
9.461817098781466484e-04
9.454881655983626842e-04
9.447917691431939602e-04
9.440967114642262459e-04
9.434032253921031952e-04
9.427088079974055290e-04
9.420166607014834881e-04
9.413238149136304855e-04
9.406348108313977718e-04
9.399410919286310673e-04
9.392487700097262859e-04
9.385609882883727551e-04
9.378698305226862431e-04
9.371835039928555489e-04
9.364930447190999985e-04
9.358051465824246407e-04
9.351192857138812542e-04
9.344310383312404156e-04
9.337451774626970291e-04
9.330577449873089790e-04
9.323738049715757370e-04
9.316853829659521580e-04
9.310063323937356472e-04
9.303188999183475971e-04
9.296369971707463264e-04
9.289535228163003922e-04
9.282715036533772945e-04
9.275871561840176582e-04
9.269102592952549458e-04
9.262330131605267525e-04
9.255477343685925007e-04
9.248682181350886822e-04
9.241903317160904408e-04
9.235112229362130165e-04
9.228336275555193424e-04
9.221551590599119663e-04
9.214807068929076195e-04
9.208024130202829838e-04
9.201274951919913292e-04
9.194508893415331841e-04
9.187780087813735008e-04
9.181058267131447792e-04
9.174293372780084610e-04
9.167543030343949795e-04
9.160803747363388538e-04
9.154109284281730652e-04
9.147396194748580456e-04
9.140699985437095165e-04
9.133967687375843525e-04
9.127290686592459679e-04
9.120585164055228233e-04
9.113893029280006886e-04
9.107205551117658615e-04
9.100527386181056499e-04
9.093838743865489960e-04
9.087190846912562847e-04
9.080483578145503998e-04
9.073846740648150444e-04
9.067169739864766598e-04
9.060543379746377468e-04
9.053862304426729679e-04
9.047241182997822762e-04
9.040619479492306709e-04
9.034014656208455563e-04
9.027365013025701046e-04
9.020715951919555664e-04
9.014147799462080002e-04
9.007541229948401451e-04
9.000911959446966648e-04
8.994317613542079926e-04
8.987716282717883587e-04
8.981117280200123787e-04
8.974546217359602451e-04
8.967964677140116692e-04
8.961416897363960743e-04
8.954823133535683155e-04
8.948241593316197395e-04
8.941695559769868851e-04
8.935157093219459057e-04
8.928584866225719452e-04
8.922063279896974564e-04
8.915538783185184002e-04
8.908989839255809784e-04
8.902437984943389893e-04
8.895932696759700775e-04
8.889400633051991463e-04
8.882898255251348019e-04
8.876384235918521881e-04
8.869910961948335171e-04
8.863375987857580185e-04
8.856893400661647320e-04
8.850413723848760128e-04
8.843921241350471973e-04
8.837436325848102570e-04
8.831011364236474037e-04
8.824504911899566650e-04
8.818073547445237637e-04
8.811573497951030731e-04
8.805112447589635849e-04
8.798664202913641930e-04
8.792215958237648010e-04
8.785786340013146400e-04
8.779342169873416424e-04
8.772940491326153278e-04
8.766517275944352150e-04
8.760106866247951984e-04
8.753659203648567200e-04
8.747270912863314152e-04
8.740857592783868313e-04
8.734434377402067184e-04
8.728055399842560291e-04
8.721661870367825031e-04
8.715275325812399387e-04
8.708874811418354511e-04
8.702523773536086082e-04
8.696146542206406593e-04
8.689758251421153545e-04
8.683427004143595695e-04
8.677048608660697937e-04
8.670713868923485279e-04
8.664343040436506271e-04
8.658053702674806118e-04
8.651658426970243454e-04
8.645327179692685604e-04
8.639027364552021027e-04
8.632693788968026638e-04
8.626374183222651482e-04
8.620087755843997002e-04
8.613755926489830017e-04
8.607449708506464958e-04
8.601137669757008553e-04
8.594829705543816090e-04
8.588570635765790939e-04
8.582264417782425880e-04
8.575984393246471882e-04
8.569736965000629425e-04
8.563468581996858120e-04
8.557188557460904121e-04
8.550900965929031372e-04
8.544625015929341316e-04
8.538388065062463284e-04
8.532144711352884769e-04
8.525891462340950966e-04
8.519656839780509472e-04
8.513427455909550190e-04
8.507183520123362541e-04
8.501000702381134033e-04
8.494784706272184849e-04
8.488544845022261143e-04
8.482328266836702824e-04
8.476120419800281525e-04
8.469921303912997246e-04
8.463716949336230755e-04
8.457506773993372917e-04
8.451339672319591045e-04
8.445166749879717827e-04
8.438957738690078259e-04
8.432822651229798794e-04
8.426617714576423168e-04
8.420473895967006683e-04
8.414327749051153660e-04
8.408180437982082367e-04
8.402004605159163475e-04
8.395882905460894108e-04
8.389731519855558872e-04
8.383570821024477482e-04
8.377442718483507633e-04
8.371324511244893074e-04
8.365205721929669380e-04
8.359067724086344242e-04
8.352978620678186417e-04
8.346857503056526184e-04
8.340755011886358261e-04
8.334675221703946590e-04
8.328565745614469051e-04
8.322465000674128532e-04
8.316360763274133205e-04
8.310304838232696056e-04
8.304232615046203136e-04
8.298144093714654446e-04
8.292083512060344219e-04
8.285997319035232067e-04
8.279969333671033382e-04
8.273896528407931328e-04
8.267826633527874947e-04
8.261784678325057030e-04
8.255743887275457382e-04
8.249707170762121677e-04
8.243680931627750397e-04
8.237651200033724308e-04
8.231651736423373222e-04
8.225601632148027420e-04
8.219610899686813354e-04
8.213572436943650246e-04
8.207560167647898197e-04
8.201605523936450481e-04
8.195569971576333046e-04
8.189568179659545422e-04
8.183616446331143379e-04
8.177587296813726425e-04
8.171621593646705151e-04
8.165633771568536758e-04
8.159693097695708275e-04
8.153708768077194691e-04
8.147761109285056591e-04
8.141810540109872818e-04
8.135837269946932793e-04
8.129854104481637478e-04
8.123956504277884960e-04
8.118018158711493015e-04
8.112064097076654434e-04
8.106182795017957687e-04
8.100204868242144585e-04
8.094285149127244949e-04
8.088370086625218391e-04
8.082449785433709621e-04
8.076553349383175373e-04
8.070635376498103142e-04
8.064740686677396297e-04
8.058858802542090416e-04
8.052943157963454723e-04
8.047060109674930573e-04
8.041179971769452095e-04
8.035308565013110638e-04
8.029412128962576389e-04
8.023527334444224834e-04
8.017670479603111744e-04
8.011831669136881828e-04
8.005934651009738445e-04
8.000080124475061893e-04
7.994270417839288712e-04
7.988421129994094372e-04
7.982563110999763012e-04
7.976738270372152328e-04
7.970893639139831066e-04
7.965071708895266056e-04
7.959262584336102009e-04
7.953415042720735073e-04
7.947632111608982086e-04
7.941814255900681019e-04
7.935993489809334278e-04
7.930211140774190426e-04
7.924353703856468201e-04
7.918594637885689735e-04
7.912805303931236267e-04
7.907018880359828472e-04
7.901232456788420677e-04
7.895462331362068653e-04
7.889705011621117592e-04
7.883910438977181911e-04
7.878145552240312099e-04
7.872373680584132671e-04
7.866647792980074883e-04
7.860878249630331993e-04
7.855136063881218433e-04
7.849394460208714008e-04
7.843641797080636024e-04
7.837878656573593616e-04
7.832164992578327656e-04
7.826429791748523712e-04
7.820717873983085155e-04
7.814995478838682175e-04
7.809285889379680157e-04
7.803562912158668041e-04
7.797874859534204006e-04
7.792150718159973621e-04
7.786453934386372566e-04
7.780761807225644588e-04
7.775075500831007957e-04
7.769425865262746811e-04
7.763692992739379406e-04
7.758006686344742775e-04
7.752345991320908070e-04
7.746701012365520000e-04
7.741039735265076160e-04
7.735362742096185684e-04
7.729696808382868767e-04
7.724051247350871563e-04
7.718388806097209454e-04
7.712745573371648788e-04
7.707087206654250622e-04
7.701450376771390438e-04
7.695832755416631699e-04
7.690227357670664787e-04
7.684582960791885853e-04
7.678965921513736248e-04
7.673326763324439526e-04
7.667738245800137520e-04
7.662110729143023491e-04
7.656504749320447445e-04
7.650899933651089668e-04
7.645305013284087181e-04
7.639733958058059216e-04
7.634136709384620190e-04
7.628537714481353760e-04
7.622959674336016178e-04
7.617367664352059364e-04
7.611794862896203995e-04
7.606258732266724110e-04
7.600663229823112488e-04
7.595113129355013371e-04
7.589549641124904156e-04
7.584011182188987732e-04
7.578450022265315056e-04
7.572903996333479881e-04
7.567359134554862976e-04
7.561831152997910976e-04
7.556303753517568111e-04
7.550784503109753132e-04
7.545252447016537189e-04
7.539707585237920284e-04
7.534190081059932709e-04
7.528680725954473019e-04
7.523164968006312847e-04
7.517688209190964699e-04
7.512165466323494911e-04
7.506688707508146763e-04
7.501181680709123611e-04
7.495715399272739887e-04
7.490216521546244621e-04
7.484737434424459934e-04
7.479235064238309860e-04
7.473760051652789116e-04
7.468324620276689529e-04
7.462836802005767822e-04
7.457353640347719193e-04
7.451915880665183067e-04
7.446459494531154633e-04
7.441017078235745430e-04
7.435549050569534302e-04
7.430107216350734234e-04
7.424652576446533203e-04
7.419233443215489388e-04
7.413794519379734993e-04
7.408355013467371464e-04
7.402921328321099281e-04
7.397522567771375179e-04
7.392106926999986172e-04
7.386668585240840912e-04
7.381283212453126907e-04
7.375877466984093189e-04
7.370446692220866680e-04
7.365077035501599312e-04
7.359689916484057903e-04
7.354292320087552071e-04
7.348915678448975086e-04
7.343541365116834641e-04
7.338146679103374481e-04
7.332778768613934517e-04
7.327409693971276283e-04
7.322033634409308434e-04
7.316666305996477604e-04
7.311318186111748219e-04
7.305947947315871716e-04
7.300602155737578869e-04
7.295256946235895157e-04
7.289911736734211445e-04
7.284564781002700329e-04
7.279220735654234886e-04
7.273888331837952137e-04
7.268557092174887657e-04
7.263256702572107315e-04
7.257910328917205334e-04
7.252599461935460567e-04
7.247264729812741280e-04
7.241959683597087860e-04
7.236637757159769535e-04
7.231358904391527176e-04
7.226046291179955006e-04
7.220769766718149185e-04
7.215474033728241920e-04
7.210177718661725521e-04
7.204897119663655758e-04
7.199610117822885513e-04
7.194357458502054214e-04
7.189080934040248394e-04
7.183793350122869015e-04
7.178551750257611275e-04
7.173257763497531414e-04
7.168006850406527519e-04
7.162752444855868816e-04
7.157499785535037518e-04
7.152261678129434586e-04
7.147022406570613384e-04
7.141783135011792183e-04
7.136546773836016655e-04
7.131298771128058434e-04
7.126099662855267525e-04
7.120828377082943916e-04
7.115652551874518394e-04
7.110394071787595749e-04
7.105189724825322628e-04
7.099977228790521622e-04
7.094756583683192730e-04
7.089579594321548939e-04
7.084380486048758030e-04
7.079154602251946926e-04
7.073973538354039192e-04
7.068797131069004536e-04
7.063634693622589111e-04
7.058419287204742432e-04
7.053238223306834698e-04
7.048051920719444752e-04
7.042917422950267792e-04
7.037707255221903324e-04
7.032550056464970112e-04
7.027403917163610458e-04
7.022210629656910896e-04
7.017072639428079128e-04
7.011942216195166111e-04
7.006787927821278572e-04
7.001658668741583824e-04
6.996504962444305420e-04
6.991355330683290958e-04
6.986234220676124096e-04
6.981115438975393772e-04
6.975985597819089890e-04
6.970905815251171589e-04
6.965743377804756165e-04
6.960626342333853245e-04
6.955512799322605133e-04
6.950417300686240196e-04
6.945289205759763718e-04
6.940221646800637245e-04
6.935120327398180962e-04
6.930041126906871796e-04
6.924947374500334263e-04
6.919851875863969326e-04
6.914746481925249100e-04
6.909694639034569263e-04
6.904614274390041828e-04
6.899530417285859585e-04
6.894461112096905708e-04
6.889412179589271545e-04
6.884359754621982574e-04
6.879310822114348412e-04
6.874245591461658478e-04
6.869174540042877197e-04
6.864154711365699768e-04
6.859092391096055508e-04
6.854063831269741058e-04
6.849044002592563629e-04
6.843989249318838120e-04
6.838973495177924633e-04
6.833929219283163548e-04
6.828900077380239964e-04
6.823878502473235130e-04
6.818852853029966354e-04
6.813833606429398060e-04
6.808846374042332172e-04
6.803865544497966766e-04
6.798856775276362896e-04
6.793843931518495083e-04
6.788835744373500347e-04
6.783857825212180614e-04
6.778868264518678188e-04
6.773885106667876244e-04
6.768907769583165646e-04
6.763897254131734371e-04
6.758937961421906948e-04
6.753988564014434814e-04
6.749014137312769890e-04
6.744046695530414581e-04
6.739056552760303020e-04
6.734144408255815506e-04
6.729167653247714043e-04
6.724211852997541428e-04
6.719256634823977947e-04
6.714300252497196198e-04
6.709370063617825508e-04
6.704443949274718761e-04
6.699520163238048553e-04
6.694575422443449497e-04
6.689654546789824963e-04
6.684737163595855236e-04
6.679811631329357624e-04
6.674902397207915783e-04
6.669987342320382595e-04
6.665075779892504215e-04
6.660164217464625835e-04
6.655285833403468132e-04
6.650332361459732056e-04
6.645483663305640221e-04
6.640583742409944534e-04
6.635665195062756538e-04
6.630798452533781528e-04
6.625921232625842094e-04
6.621050415560603142e-04
6.616128957830369473e-04
6.611289572902023792e-04
6.606397801078855991e-04
6.601563654839992523e-04
6.596668390557169914e-04
6.591840065084397793e-04
6.586965755559504032e-04
6.582123460248112679e-04
6.577271851710975170e-04
6.572417914867401123e-04
6.567576201632618904e-04
6.562740891240537167e-04
6.557916058227419853e-04
6.553069106303155422e-04
6.548235542140901089e-04
6.543433410115540028e-04
6.538585876114666462e-04
6.533784326165914536e-04
6.528949015773832798e-04
6.524126511067152023e-04
6.519327289424836636e-04
6.514523411169648170e-04
6.509714294224977493e-04
6.504909833893179893e-04
6.500126328319311142e-04
6.495345151051878929e-04
6.490533123724162579e-04
6.485757185146212578e-04
6.480952142737805843e-04
6.476186681538820267e-04
6.471420638263225555e-04
6.466623162850737572e-04
6.461842567659914494e-04
6.457078270614147186e-04
6.452330271713435650e-04
6.447564810514450073e-04
6.442802841775119305e-04
6.438078708015382290e-04
6.433315575122833252e-04
6.428558845072984695e-04
6.423812010325491428e-04
6.419078563340008259e-04
6.414320087060332298e-04
6.409604684449732304e-04
6.404892774298787117e-04
6.400147103704512119e-04
6.395392119884490967e-04
6.390682538039982319e-04
6.385960732586681843e-04
6.381282582879066467e-04
6.376537494361400604e-04
6.371822091750800610e-04
6.367128808051347733e-04
6.362436688505113125e-04
6.357718957588076591e-04
6.353039061650633812e-04
6.348324823193252087e-04
6.343642598949372768e-04
6.338953971862792969e-04
6.334264762699604034e-04
6.329591269604861736e-04
6.324909627437591553e-04
6.320234388113021851e-04
6.315582431852817535e-04
6.310920580290257931e-04
6.306242430582642555e-04
6.301593966782093048e-04
6.296923966147005558e-04
6.292273174040019512e-04
6.287606083787977695e-04
6.282952381297945976e-04
6.278327782638370991e-04
6.273674662224948406e-04
6.269055302254855633e-04
6.264393450692296028e-04
6.259768852032721043e-04
6.255130283534526825e-04
6.250523147173225880e-04
6.245889817364513874e-04
6.241281516849994659e-04
6.236658082343637943e-04
6.232028827071189880e-04
6.227429839782416821e-04
6.222819210961461067e-04
6.218218477442860603e-04
6.213620072230696678e-04
6.209011771716177464e-04
6.204421515576541424e-04
6.199836498126387596e-04
6.195240421220660210e-04
6.190653075464069843e-04
6.186064565554261208e-04
6.181470816954970360e-04
6.176900933496654034e-04
6.172297871671617031e-04
6.167766405269503593e-04
6.163194193504750729e-04
6.158631877042353153e-04
6.154079455882310867e-04
6.149533437564969063e-04
6.144967046566307545e-04
6.140395998954772949e-04
6.135866860859096050e-04
6.131295231170952320e-04
6.126769003458321095e-04
6.122236372902989388e-04
6.117706070654094219e-04
6.113155395723879337e-04
6.108606467023491859e-04
6.104111671447753906e-04
6.099598249420523643e-04
6.095050484873354435e-04
6.090555107221007347e-04
6.086030043661594391e-04
6.081509054638445377e-04
6.077012512832880020e-04
6.072488613426685333e-04
6.068011280149221420e-04
6.063510081730782986e-04
6.059003644622862339e-04
6.054513505659997463e-04
6.050021038390696049e-04
6.045527989044785500e-04
6.041047745384275913e-04
6.036572158336639404e-04
6.032103556208312511e-04
6.027614581398665905e-04
6.023114547133445740e-04
6.018673884682357311e-04
6.014200043864548206e-04
6.009726785123348236e-04
6.005287868902087212e-04
6.000844878144562244e-04
5.996361724101006985e-04
5.991933867335319519e-04
5.987467011436820030e-04
5.983050796203315258e-04
5.978581029921770096e-04
5.974138621240854263e-04
5.969688063487410545e-04
5.965254385955631733e-04
5.960866110399365425e-04
5.956426030024886131e-04
5.951994680799543858e-04
5.947571480646729469e-04
5.943145370110869408e-04
5.938747199252247810e-04
5.934315850026905537e-04
5.929913604632019997e-04
5.925504374317824841e-04
5.921105039305984974e-04
5.916709196753799915e-04
5.912330234423279762e-04
5.907901213504374027e-04
5.903519340790808201e-04
5.899144452996551991e-04
5.894749192520976067e-04
5.890367901884019375e-04
5.885997670702636242e-04
5.881629767827689648e-04
5.877257208339869976e-04
5.872885230928659439e-04
5.868516163900494576e-04
5.864133709110319614e-04
5.859778611920773983e-04
5.855431081727147102e-04
5.851061432622373104e-04
5.846736021339893341e-04
5.842368700541555882e-04
5.838015931658446789e-04
5.833682371303439140e-04
5.829357542097568512e-04
5.824992549605667591e-04
5.820642109028995037e-04
5.816334742121398449e-04
5.811991286464035511e-04
5.807678680866956711e-04
5.803352687507867813e-04
5.799026112072169781e-04
5.794715834781527519e-04
5.790414288640022278e-04
5.786084220744669437e-04
5.781779764220118523e-04
5.777481128461658955e-04
5.773187149316072464e-04
5.768889095634222031e-04
5.764606175944209099e-04
5.760289495810866356e-04
5.755980964750051498e-04
5.751703865826129913e-04
5.747407558374106884e-04
5.743131041526794434e-04
5.738869076594710350e-04
5.734580336138606071e-04
5.730304401367902756e-04
5.726064555346965790e-04
5.721779889427125454e-04
5.717509193345904350e-04
5.713224527426064014e-04
5.708985263481736183e-04
5.704733775928616524e-04
5.700472975149750710e-04
5.696219159290194511e-04
5.691983969882130623e-04
5.687731900252401829e-04
5.683517665602266788e-04
5.679251626133918762e-04
5.674995481967926025e-04
5.670785321854054928e-04
5.666560609824955463e-04
5.662319017574191093e-04
5.658104200847446918e-04
5.653877160511910915e-04
5.649677477777004242e-04
5.645450437441468239e-04
5.641249590553343296e-04
5.637021386064589024e-04
5.632807151414453983e-04
5.628642393276095390e-04
5.624419427476823330e-04
5.620197625830769539e-04
5.616039270535111427e-04
5.611824453808367252e-04
5.607632338069379330e-04
5.603469908237457275e-04
5.599275464192032814e-04
5.595086840912699699e-04
5.590896471403539181e-04
5.586729967035353184e-04
5.582563462667167187e-04
5.578399286605417728e-04
5.574206588789820671e-04
5.570046487264335155e-04
5.565916071645915508e-04
5.561745492741465569e-04
5.557590047828853130e-04
5.553397932089865208e-04
5.549282068386673927e-04
5.545122548937797546e-04
5.541002610698342323e-04
5.536825628951191902e-04
5.532694631256163120e-04
5.528576439246535301e-04
5.524440202862024307e-04
5.520305712707340717e-04
5.516163655556738377e-04
5.512057687155902386e-04
5.507918540388345718e-04
5.503819556906819344e-04
5.499697872437536716e-04
5.495584919117391109e-04
5.491476622410118580e-04
5.487364833243191242e-04
5.483250715769827366e-04
5.479158135131001472e-04
5.475057987496256828e-04
5.470961914397776127e-04
5.466853617690503597e-04
5.462769186124205589e-04
5.458663799799978733e-04
5.454588681459426880e-04
5.450529861263930798e-04
5.446430295705795288e-04
5.442372057586908340e-04
5.438271327875554562e-04
5.434195045381784439e-04
5.430142045952379704e-04
5.426080897450447083e-04
5.422031390480697155e-04
5.417964421212673187e-04
5.413886974565684795e-04
5.409838631749153137e-04
5.405785050243139267e-04
5.401722155511379242e-04
5.397684290073812008e-04
5.393663886934518814e-04
5.389609141275286674e-04
5.385589902289211750e-04
5.381499649956822395e-04
5.377501365728676319e-04
5.373441963456571102e-04
5.369471618905663490e-04
5.365406977944076061e-04
5.361394723877310753e-04
5.357348127290606499e-04
5.353364977054297924e-04
5.349355051293969154e-04
5.345339886844158173e-04
5.341318901628255844e-04
5.337327602319419384e-04
5.333318258635699749e-04
5.329306004568934441e-04
5.325326928868889809e-04
5.321333883330225945e-04
5.317346076481044292e-04
5.313347210176289082e-04
5.309357657097280025e-04
5.305375671014189720e-04
5.301380879245698452e-04
5.297402385622262955e-04
5.293445428833365440e-04
5.289459950290620327e-04
5.285484367050230503e-04
5.281539051793515682e-04
5.277569289319217205e-04
5.273584974929690361e-04
5.269623361527919769e-04
5.265674553811550140e-04
5.261733313091099262e-04
5.257794982753694057e-04
5.253824638202786446e-04
5.249891546554863453e-04
5.245953798294067383e-04
5.242021870799362659e-04
5.238063749857246876e-04
5.234133568592369556e-04
5.230199894867837429e-04
5.226280190981924534e-04
5.222330219112336636e-04
5.218415753915905952e-04
5.214481498114764690e-04
5.210561794228851795e-04
5.206695059314370155e-04
5.202774773351848125e-04
5.198828293941915035e-04
5.194942350499331951e-04
5.191034288145601749e-04
5.187154165469110012e-04
5.183222820051014423e-04
5.179332802072167397e-04
5.175436963327229023e-04
5.171552766114473343e-04
5.167668568901717663e-04
5.163773312233388424e-04
5.159885622560977936e-04
5.156008410267531872e-04
5.152114317752420902e-04
5.148269119672477245e-04
5.144384340383112431e-04
5.140533321537077427e-04
5.136638064868748188e-04
5.132772494107484818e-04
5.128917400725185871e-04
5.125070456415414810e-04
5.121192662045359612e-04
5.117360269650816917e-04
5.113510997034609318e-04
5.109655903652310371e-04
5.105810705572366714e-04
5.101961432956159115e-04
5.098101682960987091e-04
5.094269290566444397e-04
5.090452032163739204e-04
5.086611490696668625e-04
5.082764546386897564e-04
5.078976973891258240e-04
5.075132939964532852e-04
5.071306950412690639e-04
5.067507154308259487e-04
5.063696298748254776e-04
5.059858667664229870e-04
5.056056543253362179e-04
5.052241613157093525e-04
5.048426683060824871e-04
5.044620484113693237e-04
5.040825344622135162e-04
5.037015653215348721e-04
5.033229826949536800e-04
5.029438761994242668e-04
5.025657010264694691e-04
5.021868855692446232e-04
5.018082447350025177e-04
5.014296039007604122e-04
5.010527675040066242e-04
5.006748833693563938e-04
5.002984544262290001e-04
4.999183584004640579e-04
4.995418712496757507e-04
4.991651512682437897e-04
4.987888969480991364e-04
4.984121187590062618e-04
4.980367375537753105e-04
4.976623458787798882e-04
4.972856841050088406e-04
4.969115834683179855e-04
4.965352127328515053e-04
4.961622762493789196e-04
4.957877099514007568e-04
4.954144824296236038e-04
4.950385773554444313e-04
4.946666304022073746e-04
4.942926461808383465e-04
4.939206410199403763e-04
4.935483448207378387e-04
4.931744770146906376e-04
4.928021808154881001e-04
4.924297099933028221e-04
4.920583451166749001e-04
4.916875041089951992e-04
4.913177690468728542e-04
4.909441922791302204e-04
4.905753885395824909e-04
4.902056534774601460e-04
4.898337065242230892e-04
4.894623416475951672e-04
4.890941199846565723e-04
4.887238028459250927e-04
4.883544170297682285e-04
4.879861080553382635e-04
4.876183811575174332e-04
4.872493736911565065e-04
4.868803662247955799e-04
4.865147930104285479e-04
4.861461347900331020e-04
4.857785825151950121e-04
4.854112921748310328e-04
4.850451077800244093e-04
4.846789233852177858e-04
4.843116912525147200e-04
4.839459434151649475e-04
4.835794388782233000e-04
4.832144768442958593e-04
4.828492819797247648e-04
4.824849311262369156e-04
4.821209877263754606e-04
4.817541630472987890e-04
4.813925479538738728e-04
4.810286336578428745e-04
4.806636716239154339e-04
4.802994080819189548e-04
4.799330781679600477e-04
4.795744025614112616e-04
4.792109248228371143e-04
4.788501537404954433e-04
4.784868797287344933e-04
4.781250609084963799e-04
4.777628928422927856e-04
4.774014232680201530e-04
4.770406521856784821e-04
4.766803758684545755e-04
4.763182078022509813e-04
4.759595904033631086e-04
4.755972768180072308e-04
4.752392705995589495e-04
4.748776555061340332e-04
4.745200276374816895e-04
4.741605371236801147e-04
4.737997951451689005e-04
4.734419635497033596e-04
4.730831133201718330e-04
4.727276391349732876e-04
4.723686724901199341e-04
4.720117140095680952e-04
4.716538824141025543e-04
4.712957888841629028e-04
4.709394415840506554e-04
4.705821338575333357e-04
4.702278820332139730e-04
4.698700504377484322e-04
4.695132374763488770e-04
4.691602371167391539e-04
4.688038898166269064e-04
4.684488521888852119e-04
4.680953570641577244e-04
4.677397664636373520e-04
4.673837393056601286e-04
4.670298658311367035e-04
4.666774475481361151e-04
4.663227882701903582e-04
4.659704572986811399e-04
4.656162636820226908e-04
4.652633215300738811e-04
4.649136972147971392e-04
4.645577282644808292e-04
4.642065614461898804e-04
4.638563841581344604e-04
4.635040531866252422e-04
4.631522751878947020e-04
4.628009628504514694e-04
4.624525608960539103e-04
4.620974650606513023e-04
4.617502272594720125e-04
4.614000208675861359e-04
4.610481846611946821e-04
4.606993461493402719e-04
4.603507113642990589e-04
4.600022803060710430e-04
4.596530343405902386e-04
4.593036137521266937e-04
4.589558520819991827e-04
4.586081486195325851e-04
4.582583496812731028e-04
4.579126834869384766e-04
4.575661150738596916e-04
4.572190809994935989e-04
4.568707372527569532e-04
4.565262643154710531e-04
4.561780660878866911e-04
4.558326036203652620e-04
4.554868210107088089e-04
4.551405436359345913e-04
4.547944990918040276e-04
4.544525872915983200e-04
4.541060770861804485e-04
4.537620116025209427e-04
4.534177423920482397e-04
4.530722217168658972e-04
4.527290875557810068e-04
4.523862735368311405e-04
4.520424117799848318e-04
4.516981716733425856e-04
4.513549210969358683e-04
4.510151629801839590e-04
4.506716795731335878e-04
4.503274394664913416e-04
4.499860224314033985e-04
4.496463807299733162e-04
4.493026353884488344e-04
4.489642451517283916e-04
4.486220423132181168e-04
4.482808872126042843e-04
4.479421186260879040e-04
4.476008762139827013e-04
4.472590517252683640e-04
4.469223786145448685e-04
4.465820093173533678e-04
4.462420183699578047e-04
4.459036863408982754e-04
4.455644520930945873e-04
4.452263237908482552e-04
4.448894178494811058e-04
4.445500671863555908e-04
4.442128411028534174e-04
4.438761388882994652e-04
4.435382725205272436e-04
4.431996203493326902e-04
4.428653919603675604e-04
4.425274382811039686e-04
4.421890771482139826e-04
4.418564203660935163e-04
4.415181756485253572e-04
4.411835398059338331e-04
4.408495151437819004e-04
4.405138606671243906e-04
4.401785845402628183e-04
4.398444434627890587e-04
4.395107389427721500e-04
4.391758993733674288e-04
4.388415836729109287e-04
4.385104984976351261e-04
4.381762992125004530e-04
4.378432640805840492e-04
4.375096177682280540e-04
4.371808608993887901e-04
4.368434601929038763e-04
4.365120548754930496e-04
4.361812607385218143e-04
4.358490696176886559e-04
4.355181299615651369e-04
4.351881798356771469e-04
4.348546790424734354e-04
4.345239722169935703e-04
4.341955063864588737e-04
4.338645376265048981e-04
4.335326375439763069e-04
4.332043172325938940e-04
4.328755312599241734e-04
4.325458430685102940e-04
4.322157183196395636e-04
4.318888823036104441e-04
4.315602709539234638e-04
4.312304663471877575e-04
4.309024952817708254e-04
4.305760376155376434e-04
4.302487068343907595e-04
4.299192514736205339e-04
4.295941907912492752e-04
4.292676749173551798e-04
4.289426433388143778e-04
4.286156035959720612e-04
4.282877780497074127e-04
4.279632121324539185e-04
4.276366671547293663e-04
4.273110534995794296e-04
4.269854980520904064e-04
4.266608448233455420e-04
4.263360460754483938e-04
4.260137502569705248e-04
4.256878455635160208e-04
4.253626975696533918e-04
4.250398487783968449e-04
4.247174656484276056e-04
4.243926086928695440e-04
4.240697890054434538e-04
4.237493267282843590e-04
4.234262742102146149e-04
4.231037455610930920e-04
4.227824101690202951e-04
4.224598815198987722e-04
4.221371491439640522e-04
4.218164831399917603e-04
4.214972141198813915e-04
4.211745108477771282e-04
4.208540776744484901e-04
4.205318982712924480e-04
4.202139389235526323e-04
4.198956012260168791e-04
4.195760120637714863e-04
4.192549095023423433e-04
4.189350875094532967e-04
4.186165460851043463e-04
4.182987904641777277e-04
4.179795505478978157e-04
4.176603979431092739e-04
4.173425550106912851e-04
4.170242464169859886e-04
4.167078877799212933e-04
4.163915000390261412e-04
4.160733660683035851e-04
4.157560179010033607e-04
4.154430935159325600e-04
4.151243483647704124e-04
4.148072621319442987e-04
4.144916310906410217e-04
4.141759418416768312e-04
4.138616204727441072e-04
4.135449999012053013e-04
4.132307949475944042e-04
4.129146982450038195e-04
4.126025305595248938e-04
4.122863174416124821e-04
4.119732475373893976e-04
4.116593627259135246e-04
4.113464965485036373e-04
4.110314184799790382e-04
4.107201530132442713e-04
4.104072286281734705e-04
4.100928781554102898e-04
4.097816708963364363e-04
4.094684845767915249e-04
4.091589653398841619e-04
4.088466230314224958e-04
4.085348919034004211e-04
4.082249943166971207e-04
4.079138161614537239e-04
4.076008626725524664e-04
4.072896263096481562e-04
4.069824062753468752e-04
4.066714609507471323e-04
4.063613596372306347e-04
4.060514329466968775e-04
4.057414480485022068e-04
4.054333840031176805e-04
4.051234282087534666e-04
4.048170812893658876e-04
4.045051464345306158e-04
4.041968204546719790e-04
4.038918705191463232e-04
4.035833117086440325e-04
4.032738215755671263e-04
4.029688716400414705e-04
4.026614769827574492e-04
4.023544024676084518e-04
4.020487831439822912e-04
4.017427563667297363e-04
4.014351870864629745e-04
4.011304699815809727e-04
4.008247633464634418e-04
4.005189402960240841e-04
4.002141067758202553e-04
3.999099426437169313e-04
3.996031882707029581e-04
3.992997226305305958e-04
3.989941324107348919e-04
3.986899100709706545e-04
3.983879578299820423e-04
3.980839974246919155e-04
3.977795713581144810e-04
3.974775318056344986e-04
3.971751139033585787e-04
3.968729579355567694e-04
3.965696669183671474e-04
3.962657938245683908e-04
3.959656460210680962e-04
3.956629952881485224e-04
3.953603445552289486e-04
3.950584214180707932e-04
3.947610675822943449e-04
3.944604250136762857e-04
3.941585891880095005e-04
3.938576555810868740e-04
3.935570421162992716e-04
3.932574181817471981e-04
3.929580852854996920e-04
3.926606150344014168e-04
3.923592157661914825e-04
3.920613089576363564e-04
3.917630529031157494e-04
3.914638655260205269e-04
3.911651438102126122e-04
3.908667713403701782e-04
3.905696503352373838e-04
3.902715106960386038e-04
3.899738949257880449e-04
3.896769776474684477e-04
3.893793909810483456e-04
3.890825319103896618e-04
3.887863713316619396e-04
3.884912875946611166e-04
3.881944867316633463e-04
3.878995485138148069e-04
3.876026894431561232e-04
3.873082459904253483e-04
3.870117361657321453e-04
3.867177292704582214e-04
3.864238678943365812e-04
3.861275617964565754e-04
3.858345153275877237e-04
3.855395771097391844e-04
3.852468798868358135e-04
3.849528729915618896e-04
3.846605832222849131e-04
3.843674203380942345e-04
3.840736462734639645e-04
3.837817057501524687e-04
3.834887465927749872e-04
3.831960202660411596e-04
3.829055349342525005e-04
3.826129832305014133e-04
3.823228180408477783e-04
3.820298588834702969e-04
3.817388205789029598e-04
3.814467927441000938e-04
3.811581409536302090e-04
3.808674518950283527e-04
3.805764717981219292e-04
3.802868886850774288e-04
3.799990809056907892e-04
3.797076933551579714e-04
3.794175572693347931e-04
3.791303024627268314e-04
3.788407484535127878e-04
3.785531444009393454e-04
3.782643761951476336e-04
3.779743274208158255e-04
3.776878002099692822e-04
3.773997595999389887e-04
3.771122428588569164e-04
3.768250171560794115e-04
3.765400615520775318e-04
3.762517007999122143e-04
3.759655228350311518e-04
3.756774531211704016e-04
3.753936325665563345e-04
3.751062904484570026e-04
3.748206363525241613e-04
3.745361755136400461e-04
3.742513072211295366e-04
3.739655658137053251e-04
3.736787766683846712e-04
3.733953053597360849e-04
3.731104370672255754e-04
3.728253941517323256e-04
3.725425922311842442e-04
3.722596447914838791e-04
3.719759406521916389e-04
3.716927021741867065e-04
3.714108315762132406e-04
3.711259341798722744e-04
3.708449949044734240e-04
3.705623385030776262e-04
3.702793619595468044e-04
3.699983935803174973e-04
3.697141946759074926e-04
3.694335173349827528e-04
3.691526362672448158e-04
3.688698343466967344e-04
3.685907868202775717e-04
3.683088580146431923e-04
3.680283552967011929e-04
3.677485219668596983e-04
3.674698236864060163e-04
3.671897284220904112e-04
3.669110883492976427e-04
3.666309639811515808e-04
3.663515381049364805e-04
3.660732763819396496e-04
3.657937049865722656e-04
3.655166947282850742e-04
3.652393061202019453e-04
3.649596474133431911e-04
3.646808036137372255e-04
3.644043463282287121e-04
3.641263174358755350e-04
3.638499474618583918e-04
3.635729372035712004e-04
3.632970328908413649e-04
3.630192368291318417e-04
3.627442347351461649e-04
3.624665259849280119e-04
3.621922805905342102e-04
3.619148337747901678e-04
3.616408212110400200e-04
3.613656444940716028e-04
3.610898565966635942e-04
3.608148253988474607e-04
3.605397359933704138e-04
3.602667129598557949e-04
3.599926712922751904e-04
3.597188042476773262e-04
3.594450245145708323e-04
3.591712738852947950e-04
3.588975814636796713e-04
3.586251405067741871e-04
3.583522920962423086e-04
3.580801421776413918e-04
3.578064788598567247e-04
3.575363080017268658e-04
3.572626737877726555e-04
3.569907858036458492e-04
3.567201201803982258e-04
3.564465441741049290e-04
3.561771882232278585e-04
3.559075703378766775e-04
3.556357114575803280e-04
3.553650749381631613e-04
3.550954279489815235e-04
3.548261884134262800e-04
3.545547660905867815e-04
3.542863996699452400e-04
3.540182369761168957e-04
3.537486481945961714e-04
3.534790303092449903e-04
3.532090049702674150e-04
3.529420355334877968e-04
3.526729124132543802e-04
3.524040803313255310e-04
3.521371108945459127e-04
3.518681623972952366e-04
3.516011347528547049e-04
3.513355040922760963e-04
3.510678070597350597e-04
3.508013032842427492e-04
3.505338681861758232e-04
3.502692270558327436e-04
3.500019956845790148e-04
3.497370926197618246e-04
3.494707634672522545e-04
3.492047544568777084e-04
3.489403170533478260e-04
3.486757923383265734e-04
3.484097542241215706e-04
3.481445019133388996e-04
3.478807921055704355e-04
3.476163255982100964e-04
3.473515098448842764e-04
3.470870724413543940e-04
3.468259819783270359e-04
3.465603804215788841e-04
3.462982713244855404e-04
3.460359293967485428e-04
3.457724233157932758e-04
3.455100522842258215e-04
3.452479140833020210e-04
3.449856594670563936e-04
3.447240451350808144e-04
3.444616449996829033e-04
3.441999433562159538e-04
3.439392894506454468e-04
3.436782862991094589e-04
3.434172249399125576e-04
3.431574732530862093e-04
3.428949275985360146e-04
3.426332259550690651e-04
3.423753078095614910e-04
3.421169531065970659e-04
3.418560663703829050e-04
3.415950632188469172e-04
3.413378144614398479e-04
3.410792560316622257e-04
3.408187476452440023e-04
3.405604220461100340e-04
3.403028240427374840e-04
3.400449932087212801e-04
3.397855034563690424e-04
3.395281382836401463e-04
3.392730723135173321e-04
3.390139318071305752e-04
3.387557808309793472e-04
3.385000163689255714e-04
3.382433205842971802e-04
3.379861882422119379e-04
3.377296088729053736e-04
3.374730877112597227e-04
3.372184291947633028e-04
3.369620535522699356e-04
3.367070457898080349e-04
3.364519798196852207e-04
3.361965646035969257e-04
3.359414113219827414e-04
3.356861998327076435e-04
3.354329965077340603e-04
3.351787745486944914e-04
3.349242615513503551e-04
3.346723678987473249e-04
3.344175056554377079e-04
3.341637202538549900e-04
3.339120594318956137e-04
3.336580120958387852e-04
3.334050416015088558e-04
3.331504995003342628e-04
3.328997700009495020e-04
3.326493606436997652e-04
3.323955752421170473e-04
3.321436815895140171e-04
3.318933304399251938e-04
3.316412912681698799e-04
3.313892812002450228e-04
3.311408800072968006e-04
3.308905870653688908e-04
3.306388389319181442e-04
3.303869452793151140e-04
3.301370888948440552e-04
3.298879310023039579e-04
3.296375798527151346e-04
3.293883928563445807e-04
3.291391767561435699e-04
3.288912412244826555e-04
3.286424616817384958e-04
3.283927217125892639e-04
3.281433891970664263e-04
3.278965305071324110e-04
3.276465868111699820e-04
3.274008340667933226e-04
3.271526657044887543e-04
3.269031294621527195e-04
3.266569692641496658e-04
3.264103725086897612e-04
3.261647070758044720e-04
3.259168588556349277e-04
3.256714844610542059e-04
3.254224429838359356e-04
3.251776506658643484e-04
3.249323344789445400e-04
3.246853302698582411e-04
3.244397812522947788e-04
3.241956292185932398e-04
3.239520592615008354e-04
3.237057826481759548e-04
3.234601463191211224e-04
3.232161107007414103e-04
3.229726862628012896e-04
3.227283013984560966e-04
3.224855754524469376e-04
3.222408122383058071e-04
3.219976788386702538e-04
3.217548073735088110e-04
3.215112374164164066e-04
3.212692972738295794e-04
3.210271243005990982e-04
3.207824192941188812e-04
3.205416724085807800e-04
3.202984225936233997e-04
3.200579085387289524e-04
3.198159101884812117e-04
3.195731551386415958e-04
3.193337470293045044e-04
3.190910210832953453e-04
3.188518458046019077e-04
3.186117974109947681e-04
3.183694207109510899e-04
3.181304782629013062e-04
3.178888291586190462e-04
3.176491591148078442e-04
3.174104494974017143e-04
3.171699645463377237e-04
3.169317787978798151e-04
3.166926617268472910e-04
3.164529334753751755e-04
3.162151260767132044e-04
3.159765037707984447e-04
3.157382598146796227e-04
3.155008307658135891e-04
3.152609278913587332e-04
3.150254196953028440e-04
3.147882234770804644e-04
3.145499795209616423e-04
3.143139765597879887e-04
3.140774497296661139e-04
3.138403117191046476e-04
3.136016021016985178e-04
3.133667050860822201e-04
3.131302655674517155e-04
3.128948737867176533e-04
3.126589872408658266e-04
3.124242066405713558e-04
3.121882036793977022e-04
3.119524335488677025e-04
3.117185551673173904e-04
3.114837745670229197e-04
3.112473641522228718e-04
3.110158722847700119e-04
3.107792581431567669e-04
3.105476207565516233e-04
3.103130438830703497e-04
3.100784379057586193e-04
3.098465094808489084e-04
3.096136206295341253e-04
3.093797713518142700e-04
3.091465914621949196e-04
3.089131496381014585e-04
3.086834040004760027e-04
3.084498166572302580e-04
3.082177136093378067e-04
3.079877351410686970e-04
3.077554283663630486e-04
3.075230633839964867e-04
3.072931431233882904e-04
3.070608654525130987e-04
3.068313526455312967e-04
3.066008212044835091e-04
3.063687763642519712e-04
3.061394090764224529e-04
3.059105074498802423e-04
3.056784626096487045e-04
3.054493572562932968e-04
3.052209503948688507e-04
3.049917868338525295e-04
3.047633508685976267e-04
3.045332559850066900e-04
3.043042379431426525e-04
3.040746087208390236e-04
3.038476570509374142e-04
3.036198322661221027e-04
3.033926768694072962e-04
3.031624073628336191e-04
3.029350191354751587e-04
3.027086786460131407e-04
3.024803590960800648e-04
3.022538730874657631e-04
3.020282019861042500e-04
3.018001152668148279e-04
3.015752008650451899e-04
3.013496461790055037e-04
3.011225780937820673e-04
3.008964413311332464e-04
3.006704500876367092e-04
3.004451282322406769e-04
3.002194862347096205e-04
2.999960270244628191e-04
2.997695992235094309e-04
2.995455870404839516e-04
2.993221278302371502e-04
2.990968641825020313e-04
2.988723281305283308e-04
2.986498584505170584e-04
2.984245074912905693e-04
2.982013684231787920e-04
2.979777345899492502e-04
2.977566618937999010e-04
2.975322713609784842e-04
2.973088703583925962e-04
2.970877103507518768e-04
2.968648914247751236e-04
2.966414613183587790e-04
2.964208251796662807e-04
2.961975988000631332e-04
2.959766134154051542e-04
2.957541146315634251e-04
2.955332165583968163e-04
2.953129587695002556e-04
2.950900234282016754e-04
2.948714536614716053e-04
2.946505555883049965e-04
2.944306179415434599e-04
2.942103892564773560e-04
2.939887635875493288e-04
2.937711251433938742e-04
2.935494121629744768e-04
2.933313662651926279e-04
2.931123017333447933e-04
2.928926842287182808e-04
2.926738816313445568e-04
2.924561849795281887e-04
2.922367420978844166e-04
2.920170663855969906e-04
2.918005920946598053e-04
2.915831282734870911e-04
2.913656353484839201e-04
2.911456977017223835e-04
2.909300092142075300e-04
2.907120215240865946e-04
2.904966240748763084e-04
2.902777923736721277e-04
2.900627150665968657e-04
2.898443490266799927e-04
2.896299993153661489e-04
2.894133795052766800e-04
2.891976619139313698e-04
2.889810712076723576e-04
2.887663431465625763e-04
2.885488793253898621e-04
2.883344714064151049e-04
2.881198888644576073e-04
2.879048406612128019e-04
2.876913931686431170e-04
2.874762285500764847e-04
2.872620534617453814e-04
2.870487805921584368e-04
2.868349547497928143e-04
2.866204886231571436e-04
2.864067209884524345e-04
2.861930406652390957e-04
2.859793894458562136e-04
2.857678045984357595e-04
2.855540078599005938e-04
2.853425976354628801e-04
2.851290628314018250e-04
2.849184384103864431e-04
2.847056312020868063e-04
2.844931732397526503e-04
2.842816465999931097e-04
2.840683737304061651e-04
2.838589716702699661e-04
2.836476778611540794e-04
2.834369370248168707e-04
2.832257596310228109e-04
2.830144367180764675e-04
2.828058786690235138e-04
2.825946721713989973e-04
2.823852410074323416e-04
2.821750531438738108e-04
2.819650107994675636e-04
2.817546483129262924e-04
2.815451589412987232e-04
2.813368628267198801e-04
2.811260928865522146e-04
2.809190191328525543e-04
2.807111304719001055e-04
2.805014664772897959e-04
2.802924136631190777e-04
2.800856309477239847e-04
2.798784116748720407e-04
2.796688931994140148e-04
2.794616448227316141e-04
2.792542800307273865e-04
2.790470025502145290e-04
2.788394631352275610e-04
2.786329714581370354e-04
2.784264215733855963e-04
2.782207156997174025e-04
2.780149807222187519e-04
2.778077905531972647e-04
2.776019682642072439e-04
2.773963497020304203e-04
2.771911385934799910e-04
2.769845887087285519e-04
2.767797559499740601e-04
2.765766694210469723e-04
2.763698867056518793e-04
2.761650830507278442e-04
2.759597555268555880e-04
2.757555921562016010e-04
2.755520981736481190e-04
2.753482549451291561e-04
2.751441788859665394e-04
2.749401610344648361e-04
2.747374237515032291e-04
2.745350066106766462e-04
2.743320073932409286e-04
2.741267671808600426e-04
2.739246992859989405e-04
2.737216127570718527e-04
2.735196612775325775e-04
2.733173605520278215e-04
2.731152926571667194e-04
2.729142725002020597e-04
2.727120590861886740e-04
2.725109225139021873e-04
2.723078068811446428e-04
2.721078344620764256e-04
2.719063486438244581e-04
2.717067254707217216e-04
2.715054724831134081e-04
2.713054418563842773e-04
2.711050328798592091e-04
2.709032269194722176e-04
2.707040985114872456e-04
2.705032820813357830e-04
2.703061327338218689e-04
2.701054909266531467e-04
2.699047909118235111e-04
2.697054587770253420e-04
2.695069124456495047e-04
2.693086571525782347e-04
2.691097324714064598e-04
2.689108659978955984e-04
2.687142405193299055e-04
2.685158688109368086e-04
2.683176426216959953e-04
2.681207261048257351e-04
2.679211611393839121e-04
2.677235752344131470e-04
2.675266587175428867e-04
2.673291310202330351e-04
2.671326219569891691e-04
2.669357927516102791e-04
2.667395456228405237e-04
2.665428037289530039e-04
2.663478953763842583e-04
2.661505423020571470e-04
2.659549063537269831e-04
2.657597942743450403e-04
2.655636344570666552e-04
2.653685223776847124e-04
2.651738468557596207e-04
2.649786183610558510e-04
2.647842338774353266e-04
2.645892091095447540e-04
2.643923216965049505e-04
2.642007602844387293e-04
2.640041639097034931e-04
2.638113510329276323e-04
2.636172866914421320e-04
2.634239499457180500e-04
2.632309915497899055e-04
2.630373346619307995e-04
2.628438523970544338e-04
2.626513305585831404e-04
2.624577609822154045e-04
2.622661122586578131e-04
2.620720770210027695e-04
2.618807193357497454e-04
2.616897400002926588e-04
2.614962286315858364e-04
2.613049873616546392e-04
2.611130767036229372e-04
2.609213115647435188e-04
2.607306814752519131e-04
2.605386252980679274e-04
2.603480534162372351e-04
2.601581509225070477e-04
2.599660947453230619e-04
2.597755519673228264e-04
2.595859114080667496e-04
2.593946119304746389e-04
2.592055534478276968e-04
2.590145450085401535e-04
2.588260686025023460e-04
2.586365735623985529e-04
2.584474568720906973e-04
2.582583692856132984e-04
2.580696891527622938e-04
2.578798157628625631e-04
2.576915721874684095e-04
2.575025719124823809e-04
2.573157544247806072e-04
2.571258228272199631e-04
2.569377538748085499e-04
2.567513147369027138e-04
2.565627219155430794e-04
2.563748566899448633e-04
2.561873698141425848e-04
2.560013963375240564e-04
2.558137639425694942e-04
2.556270337663590908e-04
2.554402162786573172e-04
2.552532823756337166e-04
2.550671633798629045e-04
2.548800548538565636e-04
2.546952164266258478e-04
2.545087481848895550e-04
2.543225418776273727e-04
2.541382273193448782e-04
2.539518754929304123e-04
2.537666005082428455e-04
2.535812964197248220e-04
2.533969236537814140e-04
2.532126381993293762e-04
2.530276833567768335e-04
2.528433687984943390e-04
2.526596945244818926e-04
2.524751180317252874e-04
2.522909489925950766e-04
2.521074202377349138e-04
2.519229601603001356e-04
2.517385000828653574e-04
2.515569794923067093e-04
2.513718791306018829e-04
2.511905040591955185e-04
2.510083140805363655e-04
2.508249017409980297e-04
2.506414311937987804e-04
2.504595322534441948e-04
2.502779534552246332e-04
2.500950358808040619e-04
2.499140973668545485e-04
2.497322275303304195e-04
2.495505614206194878e-04
2.493679639883339405e-04
2.491873165126889944e-04
2.490061160642653704e-04
2.488257014192640781e-04
2.486452285666018724e-04
2.484634460415691137e-04
2.482835261616855860e-04
2.481044211890548468e-04
2.479236281942576170e-04
2.477434463798999786e-04
2.475640503689646721e-04
2.473847998771816492e-04
2.472046180628240108e-04
2.470246690791100264e-04
2.468461461830884218e-04
2.466664882376790047e-04
2.464883436914533377e-04
2.463088603690266609e-04
2.461314434185624123e-04
2.459516981616616249e-04
2.457759401295334101e-04
2.455952926538884640e-04
2.454192435834556818e-04
2.452401386108249426e-04
2.450633910484611988e-04
2.448851009830832481e-04
2.447072474751621485e-04
2.445307327434420586e-04
2.443534613121300936e-04
2.441776741761714220e-04
2.440006064716726542e-04
2.438239462208002806e-04
2.436482755001634359e-04
2.434704656479880214e-04
2.432953187962993979e-04
2.431177126709371805e-04
2.429432352073490620e-04
2.427685103612020612e-04
2.425921702524647117e-04
2.424180274829268456e-04
2.422411635052412748e-04
2.420669043203815818e-04
2.418906806269660592e-04
2.417161304038017988e-04
2.415427734376862645e-04
2.413682086626067758e-04
2.411933674011379480e-04
2.410193847026675940e-04
2.408474974799901247e-04
2.406721323495730758e-04
2.404993283562362194e-04
2.403236139798536897e-04
2.401524398010224104e-04
2.399797522230073810e-04
2.398063516011461616e-04
2.396329655312001705e-04
2.394607727183029056e-04
2.392875321675091982e-04
2.391152374912053347e-04
2.389430155744776130e-04
2.387709100730717182e-04
2.385999541729688644e-04
2.384265244472771883e-04
2.382557722739875317e-04
2.380849618930369616e-04
2.379138168180361390e-04
2.377414930379018188e-04
2.375707554165273905e-04
2.374007162870839238e-04
2.372291928622871637e-04
2.370585716562345624e-04
2.368881978327408433e-04
2.367180859437212348e-04
2.365474356338381767e-04
2.363779494771733880e-04
2.362078230362385511e-04
2.360386133659631014e-04
2.358691854169592261e-04
2.356983750360086560e-04
2.355293545406311750e-04
2.353608288103714585e-04
2.351919538341462612e-04
2.350239519728347659e-04
2.348557609366253018e-04
2.346872206544503570e-04
2.345172106288373470e-04
2.343486557947471738e-04
2.341810177313163877e-04
2.340129140065982938e-04
2.338470076210796833e-04
2.336779725737869740e-04
2.335115423193201423e-04
2.333432203158736229e-04
2.331772557226940989e-04
2.330095448996871710e-04
2.328428381588310003e-04
2.326760586583986878e-04
2.325116802239790559e-04
2.323464141227304935e-04
2.321828360436484218e-04
2.320188941666856408e-04
2.318625629413872957e-04
2.317069593118503690e-04
2.315617894055321813e-04
2.314324665348976851e-04
2.313303557457402349e-04
2.312738215550780296e-04
2.313001896254718304e-04
2.314682205906137824e-04
2.318785700481384993e-04
2.326903486391529441e-04
2.341296058148145676e-04
2.364035317441448569e-04
2.395318297203630209e-04
2.428112493362277746e-04
2.446076250635087490e-04
2.428627340123057365e-04
2.375186886638402939e-04
2.315825549885630608e-04
2.289021067554131150e-04
2.304162917425855994e-04
2.336111938348039985e-04
2.350443974137306213e-04
2.332208678126335144e-04
2.298619801877066493e-04
2.279614709550514817e-04
2.286679373355582356e-04
2.304212248418480158e-04
2.309345582034438848e-04
2.295624581165611744e-04
2.276908053318038583e-04
2.270148252137005329e-04
2.277005114592611790e-04
2.284916990902274847e-04
2.282700006617233157e-04
2.271797711728140712e-04
2.262668422190472484e-04
2.262065245304256678e-04
2.266578085254877806e-04
2.268179814564064145e-04
2.263471978949382901e-04
2.256351144751533866e-04
2.252610283903777599e-04
2.253432903671637177e-04
2.255043509649112821e-04
2.253643615404143929e-04
2.249296230729669333e-04
2.245152718387544155e-04
2.243605849798768759e-04
2.243893395643681288e-04
2.243577473564073443e-04
2.241302863694727421e-04
2.238022570963948965e-04
2.235506399301812053e-04
2.234458806924521923e-04
2.233972190879285336e-04
2.232768893009051681e-04
2.230534591944888234e-04
2.228087978437542915e-04
2.226253418484702706e-04
2.225136995548382401e-04
2.224135387223213911e-04
2.222641633125022054e-04
2.220647729700431228e-04
2.218639128841459751e-04
2.217043074779212475e-04
2.215781423728913069e-04
2.214523847214877605e-04
2.212968829553574324e-04
2.211170940427109599e-04
2.209422818850725889e-04
2.207876677857711911e-04
2.206518547609448433e-04
2.205134369432926178e-04
2.203581971116364002e-04
2.201924071414396167e-04
2.200268791057169437e-04
2.198736910941079259e-04
2.197307330789044499e-04
2.195890265284106135e-04
2.194350090576335788e-04
2.192767860833555460e-04
2.191196981584653258e-04
2.189667866332456470e-04
2.188189682783558965e-04
2.186728088418021798e-04
2.185236662626266479e-04
2.183702454203739762e-04
2.182143798563629389e-04
2.180643496103584766e-04
2.179137954954057932e-04
2.177673886762931943e-04
2.176184061681851745e-04
2.174681139877066016e-04
2.173165994463488460e-04
2.171658270526677370e-04
2.170162479160353541e-04
2.168673672713339329e-04
2.167192869819700718e-04
2.165707992389798164e-04
2.164217148674651980e-04
2.162715682061389089e-04
2.161227894248440862e-04
2.159752475563436747e-04
2.158282441087067127e-04
2.156801492674276233e-04
2.155307884095236659e-04
2.153827663278207183e-04
2.152338274754583836e-04
2.150863438146188855e-04
2.149390347767621279e-04
2.147919731214642525e-04
2.146451734006404877e-04
2.144972968380898237e-04
2.143497695215046406e-04
2.142041339538991451e-04
2.140564320143312216e-04
2.139095886377617717e-04
2.137632545782253146e-04
2.136162656825035810e-04
2.134711248800158501e-04
2.133240195689722896e-04
2.131784131051972508e-04
2.130314387613907456e-04
2.128859632648527622e-04
2.127404150087386370e-04
2.125950122717767954e-04
2.124500751961022615e-04
2.123032027157023549e-04
2.121597790392115712e-04
2.120141871273517609e-04
2.118694246746599674e-04
2.117236726917326450e-04
2.115797979058697820e-04
2.114350063493475318e-04
2.112905494868755341e-04
2.111465582856908441e-04
2.110016212100163102e-04
2.108580665662884712e-04
2.107129985233768821e-04
2.105701278196647763e-04
2.104265295201912522e-04
2.102822909364476800e-04
2.101383724948391318e-04
2.099958801409229636e-04
2.098529657814651728e-04
2.097086544381454587e-04
2.095659729093313217e-04
2.094225637847557664e-04
2.092805516440421343e-04
2.091382484650239348e-04
2.089947374770417809e-04
2.088506589643657207e-04
2.087089233100414276e-04
2.085682062897831202e-04
2.084245352307334542e-04
2.082838473143056035e-04
2.081408892991021276e-04
2.080007543554529548e-04
2.078566467389464378e-04
2.077156241284683347e-04
2.075754891848191619e-04
2.074335352517664433e-04
2.072917413897812366e-04
2.071518829325214028e-04
2.070099726552143693e-04
2.068695757770910859e-04
2.067290479317307472e-04
2.065886219497770071e-04
2.064480067929252982e-04
2.063075808109715581e-04
2.061686536762863398e-04
2.060278056887909770e-04
2.058877435047179461e-04
2.057486126432195306e-04
2.056081430055201054e-04
2.054679498542100191e-04
2.053286734735593200e-04
2.051890623988583684e-04
2.050509792752563953e-04
2.049114118563011289e-04
2.047706948360428214e-04
2.046326699201017618e-04
2.044934371951967478e-04
2.043551066890358925e-04
2.042172418441623449e-04
2.040777762886136770e-04
2.039396058535203338e-04
2.038015518337488174e-04
2.036636578850448132e-04
2.035256620729342103e-04
2.033878117799758911e-04
2.032491029240190983e-04
2.031122421612963080e-04
2.029741444857791066e-04
2.028358430834487081e-04
2.026997681241482496e-04
2.025620487984269857e-04
2.024250861722975969e-04
2.022877160925418139e-04
2.021511900238692760e-04
2.020137326326221228e-04
2.018765371758490801e-04
2.017410297412425280e-04
2.016052603721618652e-04
2.014697092818096280e-04
2.013322664424777031e-04
2.011969627346843481e-04
2.010604657698422670e-04
2.009241288760676980e-04
2.007870061788707972e-04
2.006529684877023101e-04
2.005175629165023565e-04
2.003817644435912371e-04
2.002461114898324013e-04
2.001100219786167145e-04
1.999752712436020374e-04
1.998408697545528412e-04
1.997065555769950151e-04
1.995715720113366842e-04
1.994366757571697235e-04
1.993017503991723061e-04
1.991682365769520402e-04
1.990325545193627477e-04
1.988995209103450179e-04
1.987647556234151125e-04
1.986304414458572865e-04
1.984967093449085951e-04
1.983626716537401080e-04
1.982298417715355754e-04
1.980962842935696244e-04
1.979621738428249955e-04
1.978281507035717368e-04
1.976956700673326850e-04
1.975632912945002317e-04
1.974296610569581389e-04
1.972982863662764430e-04
1.971667370526120067e-04
1.970332668861374259e-04
1.969026343431323767e-04
1.967721327673643827e-04
1.966415002243593335e-04
1.965131959877908230e-04
1.963853137567639351e-04
1.962615497177466750e-04
1.961402740562334657e-04
1.960258232429623604e-04
1.959212531801313162e-04
1.958302163984626532e-04
1.957633357960730791e-04
1.957316562766209245e-04
1.957556960405781865e-04
1.958674693014472723e-04
1.961124798981472850e-04
1.965659321285784245e-04
1.973272301256656647e-04
1.985183043871074915e-04
2.002629626076668501e-04
2.025684807449579239e-04
2.051932387985289097e-04
2.073568321065977216e-04
2.078999677905812860e-04
2.057676902040839195e-04
2.013083139900118113e-04
1.964888360816985369e-04
1.937097113113850355e-04
1.939097419381141663e-04
1.960612135007977486e-04
1.981279492611065507e-04
1.984411646844819188e-04
1.967511489056050777e-04
1.942844537552446127e-04
1.927217235788702965e-04
1.927980629261583090e-04
1.939106296049430966e-04
1.948059507412835956e-04
1.946241536643356085e-04
1.934908796101808548e-04
1.922593801282346249e-04
1.917282497743144631e-04
1.920036447700113058e-04
1.925460819620639086e-04
1.927202392835170031e-04
1.923006202559918165e-04
1.915748725878074765e-04
1.910257560666650534e-04
1.909081765916198492e-04
1.910989376483485103e-04
1.912562875077128410e-04
1.911415893118828535e-04
1.907658734126016498e-04
1.903507800307124853e-04
1.901011564768850803e-04
1.900645875139161944e-04
1.901120849652215838e-04
1.900849601952359080e-04
1.899091876111924648e-04
1.896389585454016924e-04
1.893896551337093115e-04
1.892378204502165318e-04
1.891775900730863214e-04
1.891368447104468942e-04
1.890446874313056469e-04
1.888816332211717963e-04
1.886846730485558510e-04
1.885041128844022751e-04
1.883749646367505193e-04
1.882868527900427580e-04
1.882021169876679778e-04
1.880926574813202024e-04
1.879497431218624115e-04
1.877909526228904724e-04
1.876420574262738228e-04
1.875153393484652042e-04
1.874063455034047365e-04
1.873033324955031276e-04
1.871919812401756644e-04
1.870623236754909158e-04
1.869238476501777768e-04
1.867870741989463568e-04
1.866593083832412958e-04
1.865416561486199498e-04
1.864310033852234483e-04
1.863145444076508284e-04
1.861941418610513210e-04
1.860675110947340727e-04
1.859401381807401776e-04
1.858121104305610061e-04
1.856909802882000804e-04
1.855719456216320395e-04
1.854564034147188067e-04
1.853365247370675206e-04
1.852170826168730855e-04
1.850925473263487220e-04
1.849705877248197794e-04
1.848474057624116540e-04
1.847268722485750914e-04
1.846076920628547668e-04
1.844903599703684449e-04
1.843691716203466058e-04
1.842498459154739976e-04
1.841301127569749951e-04
1.840085606090724468e-04
1.838886528275907040e-04
1.837680320022627711e-04
1.836489682318642735e-04
1.835303992265835404e-04
1.834126451285555959e-04
1.832932321121916175e-04
1.831736590247601271e-04
1.830543042160570621e-04
1.829363318393006921e-04
1.828163804020732641e-04
1.826976658776402473e-04
1.825798681238666177e-04
1.824611390475183725e-04
1.823437196435406804e-04
1.822244812501594424e-04
1.821085606934502721e-04
1.819895987864583731e-04
1.818703894969075918e-04
1.817522279452532530e-04
1.816337608033791184e-04
1.815166324377059937e-04
1.813987764762714505e-04
1.812820555642247200e-04
1.811645779525861144e-04
1.810469548217952251e-04
1.809306413633748889e-04
1.808129891287535429e-04
1.806959917303174734e-04
1.805799402063712478e-04
1.804613712010905147e-04
1.803446793928742409e-04
1.802268961910158396e-04
1.801120524760335684e-04
1.799948804546147585e-04
1.798793964553624392e-04
1.797619770513847470e-04
1.796472060959786177e-04
1.795291027519851923e-04
1.794134877854958177e-04
1.792972616385668516e-04
1.791820250218734145e-04
1.790654059732332826e-04
1.789499801816418767e-04
1.788342196960002184e-04
1.787188230082392693e-04
1.786042266758158803e-04
1.784873020369559526e-04
1.783723564585670829e-04
1.782585313776507974e-04
1.781427417881786823e-04
1.780266320565715432e-04
1.779121084837242961e-04
1.777994621079415083e-04
1.776831049937754869e-04
1.775679265847429633e-04
1.774545817170292139e-04
1.773375988705083728e-04
1.772246178006753325e-04
1.771110837580636144e-04
1.769966038409620523e-04
1.768819056451320648e-04
1.767677458701655269e-04
1.766537898220121861e-04
1.765400375006720424e-04
1.764264161465689540e-04
1.763095642672851682e-04
1.761981402523815632e-04
1.760843006195500493e-04
1.759726292220875621e-04
1.758585858624428511e-04
1.757456047926098108e-04
1.756313286023214459e-04
1.755179546307772398e-04
1.754052645992487669e-04
1.752920506987720728e-04
1.751795352902263403e-04
1.750663650454953313e-04
1.749537768773734570e-04
1.748403738019987941e-04
1.747283968143165112e-04
1.746167981764301658e-04
1.745035260682925582e-04
1.743904140312224627e-04
1.742787280818447471e-04
1.741664455039426684e-04
1.740555162541568279e-04
1.739438739605247974e-04
1.738312857924029231e-04
1.737198472255840898e-04
1.736082922434434295e-04
1.734965626383200288e-04
1.733851822791621089e-04
1.732737291604280472e-04
1.731620868667960167e-04
1.730500662233680487e-04
1.729398936731740832e-04
1.728295464999973774e-04
1.727192575344815850e-04
1.726094051264226437e-04
1.725003239698708057e-04
1.723927707644179463e-04
1.722851156955584884e-04
1.721804874250665307e-04
1.720791042316704988e-04
1.719834399409592152e-04
1.718950370559468865e-04
1.718196872388944030e-04
1.717652776278555393e-04
1.717435225145891309e-04
1.717737759463489056e-04
1.718872372293844819e-04
1.721365406410768628e-04
1.725989131955429912e-04
1.733948156470432878e-04
1.746898487908765674e-04
1.766832428984344006e-04
1.795433054212480783e-04
1.831792178563773632e-04
1.869639236247166991e-04
1.893220469355583191e-04
1.883637887658551335e-04
1.832639245549216866e-04
1.761308813001960516e-04
1.708640775177627802e-04
1.700369030004367232e-04
1.728842617012560368e-04
1.763005420798435807e-04
1.772896648617461324e-04
1.750243536662310362e-04
1.714029640424996614e-04
1.692204969003796577e-04
1.696684776106849313e-04
1.715593680273741484e-04
1.727440976537764072e-04
1.720553991617634892e-04
1.701483997749164701e-04
1.686575124040246010e-04
1.685787574388086796e-04
1.694941893219947815e-04
1.702035806374624372e-04
1.699225831544026732e-04
1.688956253929063678e-04
1.679920387687161565e-04
1.678247062955051661e-04
1.682395377429202199e-04
1.686050090938806534e-04
1.684602029854431748e-04
1.678874541539698839e-04
1.673325750743970275e-04
1.671484787948429585e-04
1.672989747021347284e-04
1.674662780715152621e-04
1.673827500781044364e-04
1.670516794547438622e-04
1.666916068643331528e-04
1.665059826336801052e-04
1.665123127168044448e-04
1.665622112341225147e-04
1.665050658630207181e-04
1.663064467720687389e-04
1.660619454924017191e-04
1.658838446019217372e-04
1.658125547692179680e-04
1.657932443777099252e-04
1.657368848100304604e-04
1.656086387811228633e-04
1.654335646890103817e-04
1.652737701078876853e-04
1.651653874432668090e-04
1.650988706387579441e-04
1.650339399930089712e-04
1.649367040954530239e-04
1.648062898311764002e-04
1.646674063522368670e-04
1.645460579311475158e-04
1.644511212361976504e-04
1.643695140955969691e-04
1.642806455492973328e-04
1.641762792132794857e-04
1.640568225411698222e-04
1.639397378312423825e-04
1.638311950955539942e-04
1.637333480175584555e-04
1.636431843508034945e-04
1.635483640711754560e-04
1.634429791010916233e-04
1.633333740755915642e-04
1.632251660339534283e-04
1.631194172659888864e-04
1.630210317671298981e-04
1.629241451155394316e-04
1.628256868571043015e-04
1.627248275326564908e-04
1.626198791200295091e-04
1.625158038223162293e-04
1.624118158360943198e-04
1.623113348614424467e-04
1.622137060621753335e-04
1.621150877326726913e-04
1.620145194465294480e-04
1.619107060832902789e-04
1.618090464035049081e-04
1.617077941773459315e-04
1.616066874703392386e-04
1.615060173207893968e-04
1.614084758330136538e-04
1.613085769349709153e-04
1.612070191185921431e-04
1.611078478163108230e-04
1.610069593880325556e-04
1.609059254406020045e-04
1.608061575097963214e-04
1.607063313713297248e-04
1.606077858014032245e-04
1.605072902748361230e-04
1.604092976776883006e-04
1.603089331183582544e-04
1.602077390998601913e-04
1.601082476554438472e-04
1.600099785719066858e-04
1.599094539415091276e-04
1.598110975464805961e-04
1.597129885340109468e-04
1.596122310729697347e-04
1.595134090166538954e-04
1.594157220097258687e-04
1.593162451172247529e-04
1.592179323779419065e-04
1.591184554854407907e-04
1.590197498444467783e-04
1.589215389685705304e-04
1.588231971254572272e-04
1.587234437465667725e-04
1.586256985319778323e-04
1.585288700880482793e-04
1.584291312610730529e-04
1.583306730026379228e-04
1.582328550284728408e-04
1.581351534696295857e-04
1.580370881129056215e-04
1.579384988872334361e-04
1.578416995471343398e-04
1.577438815729692578e-04
1.576455397298559546e-04
1.575486676301807165e-04
1.574505149619653821e-04
1.573528134031221271e-04
1.572559413034468889e-04
1.571576867718249559e-04
1.570619351696223021e-04
1.569634623592719436e-04
1.568654697621241212e-04
1.567691942909732461e-04
1.566722785355523229e-04
1.565752318128943443e-04
1.564783888170495629e-04
1.563815167173743248e-04
1.562835386721417308e-04
1.561879907967522740e-04
1.560907694511115551e-04
1.559934607939794660e-04
1.558976364322006702e-04
1.558007497806102037e-04
1.557053183205425739e-04
1.556079078000038862e-04
1.555123890284448862e-04
1.554162445245310664e-04
1.553201727801933885e-04
1.552239118609577417e-04
1.551273162476718426e-04
1.550306187709793448e-04
1.549352600704878569e-04
1.548410364193841815e-04
1.547436404507607222e-04
1.546482089906930923e-04
1.545512932352721691e-04
1.544570259284228086e-04
1.543616672279313207e-04
1.542653626529499888e-04
1.541702076792716980e-04
1.540750090498477221e-04
1.539796794531866908e-04
1.538840151624754071e-04
1.537888747407123446e-04
1.536932250019162893e-04
1.535982737550511956e-04
1.535040937596932054e-04
1.534092152724042535e-04
1.533143513370305300e-04
1.532192254671826959e-04
1.531238085590302944e-04
1.530300505692139268e-04
1.529350265627726912e-04
1.528410648461431265e-04
1.527467829873785377e-04
1.526504784123972058e-04
1.525577245047315955e-04
1.524632098153233528e-04
1.523687096778303385e-04
1.522750098956748843e-04
1.521793747087940574e-04
1.520862570032477379e-04
1.519915094831958413e-04
1.518989010946825147e-04
1.518042117822915316e-04
1.517106138635426760e-04
1.516158081358298659e-04
1.515231851954013109e-04
1.514302566647529602e-04
1.513353199698030949e-04
1.512440794613212347e-04
1.511496520834043622e-04
1.510577712906524539e-04
1.509649300714954734e-04
1.508731947978958488e-04
1.507805864093825221e-04
1.506905100541189313e-04
1.506034750491380692e-04
1.505169202573597431e-04
1.504316023783758283e-04
1.503517560195177794e-04
1.502816594438627362e-04
1.502210216131061316e-04
1.501775986980646849e-04
1.501615333836525679e-04
1.501876104157418013e-04
1.502772211097180843e-04
1.504712563473731279e-04
1.508237182861194015e-04
1.514203904662281275e-04
1.523865939816460013e-04
1.538780343253165483e-04
1.560820528538897634e-04
1.590840256540104747e-04
1.627398160053417087e-04
1.662754075368866324e-04
1.682603469816967845e-04
1.669172779656946659e-04
1.618188689462840557e-04
1.548836007714271545e-04
1.496675104135647416e-04
1.485238608438521624e-04
1.509592984803020954e-04
1.543529942864552140e-04
1.558931107865646482e-04
1.544209953863173723e-04
1.510916335973888636e-04
1.483676605857908726e-04
1.478983031120151281e-04
1.493354357080534101e-04
1.509566063759848475e-04
1.512217859271913767e-04
1.499285717727616429e-04
1.481646177126094699e-04
1.472335425205528736e-04
1.475381432101130486e-04
1.484197709942236543e-04
1.488976704422384501e-04
1.484973181504756212e-04
1.475588360335677862e-04
1.467951951781287789e-04
1.466608227929100394e-04
1.470132992835715413e-04
1.473557640565559268e-04
1.473004231229424477e-04
1.468523114454001188e-04
1.463366497773677111e-04
1.460703206248581409e-04
1.461184583604335785e-04
1.462868385715410113e-04
1.463271473767235875e-04
1.461428910261020064e-04
1.458328479202464223e-04
1.455719029763713479e-04
1.454704906791448593e-04
1.454914163332432508e-04
1.455189340049400926e-04
1.454540470149368048e-04
1.452867145417258143e-04
1.450865820515900850e-04
1.449353003408759832e-04
1.448618131689727306e-04
1.448356924811378121e-04
1.447971590096130967e-04
1.447100803488865495e-04
1.445788511773571372e-04
1.444360532332211733e-04
1.443229848518967628e-04
1.442450156901031733e-04
1.441881468053907156e-04
1.441248168703168631e-04
1.440377673134207726e-04
1.439302868675440550e-04
1.438166946172714233e-04
1.437159953638911247e-04
1.436320744687691331e-04
1.435591984773054719e-04
1.434842270100489259e-04
1.434012228855863214e-04
1.433063589502125978e-04
1.432077260687947273e-04
1.431126147508621216e-04
1.430239208275452256e-04
1.429424155503511429e-04
1.428628893336281180e-04
1.427815004717558622e-04
1.426940434612333775e-04
1.426028757123276591e-04
1.425119407940655947e-04
1.424227084498852491e-04
1.423363573849201202e-04
1.422521745553240180e-04
1.421708584530279040e-04
1.420859771315008402e-04
1.420001499354839325e-04
1.419127220287919044e-04
1.418254541931673884e-04
1.417372841387987137e-04
1.416527375113219023e-04
1.415683218510821462e-04
1.414834550814703107e-04
1.413988356944173574e-04
1.413136924384161830e-04
1.412279816577211022e-04
1.411416014889255166e-04
1.410558179486542940e-04
1.409706601407378912e-04
1.408862299285829067e-04
1.408006646670401096e-04
1.407173695042729378e-04
1.406322699040174484e-04
1.405475341016426682e-04
1.404620124958455563e-04
1.403780624968931079e-04
1.402923953719437122e-04
1.402073830831795931e-04
1.401238405378535390e-04
1.400387991452589631e-04
1.399543834850192070e-04
1.398707536282017827e-04
1.397863961756229401e-04
1.397025043843314052e-04
1.396173902321606874e-04
1.395334256812930107e-04
1.394481369061395526e-04
1.393646234646439552e-04
1.392809062963351607e-04
1.391970290569588542e-04
1.391130062984302640e-04
1.390286488458514214e-04
1.389445387758314610e-04
1.388623641105368733e-04
1.387784432154148817e-04
1.386940712109208107e-04
1.386106014251708984e-04
1.385269133606925607e-04
1.384419301757588983e-04
1.383601629640907049e-04
1.382762420689687133e-04
1.381915353704243898e-04
1.381095644319429994e-04
1.380259054712951183e-04
1.379427267238497734e-04
1.378594315610826015e-04
1.377753505948930979e-04
1.376927830278873444e-04
1.376097206957638264e-04
1.375264982925727963e-04
1.374432758893817663e-04
1.373605919070541859e-04
1.372771512251347303e-04
1.371960825053974986e-04
1.371121907141059637e-04
1.370289101032540202e-04
1.369462697766721249e-04
1.368636440020054579e-04
1.367816585116088390e-04
1.366996584692969918e-04
1.366160431643947959e-04
1.365338393952697515e-04
1.364511117571964860e-04
1.363678020425140858e-04
1.362865732517093420e-04
1.362047041766345501e-04
1.361218164674937725e-04
1.360400638077408075e-04
1.359568996122106910e-04
1.358749577775597572e-04
1.357925211777910590e-04
1.357122964691370726e-04
1.356286666123196483e-04
1.355469867121428251e-04
1.354651612928137183e-04
1.353825791738927364e-04
1.353012485196813941e-04
1.352192630292847753e-04
1.351386890746653080e-04
1.350565435132011771e-04
1.349746162304654717e-04
1.348926889477297664e-04
1.348103978671133518e-04
1.347299403278157115e-04
1.346485805697739124e-04
1.345667260466143489e-04
1.344850752502679825e-04
1.344048796454444528e-04
1.343219919363036752e-04
1.342408504569903016e-04
1.341607858194038272e-04
1.340794551651924849e-04
1.339976879535242915e-04
1.339165173703804612e-04
1.338351721642538905e-04
1.337548019364476204e-04
1.336742279818281531e-04
1.335935085080564022e-04
1.335129200015217066e-04
1.334316038992255926e-04
1.333504187641665339e-04
1.332689425908029079e-04
1.331893727183341980e-04
1.331092207692563534e-04
1.330288796452805400e-04
1.329480292042717338e-04
1.328677753917872906e-04
1.327869977103546262e-04
1.327069039689376950e-04
1.326270867139101028e-04
1.325491175521165133e-04
1.324705517617985606e-04
1.323943870374932885e-04
1.323191099800169468e-04
1.322477910434827209e-04
1.321820745943114161e-04
1.321245654253289104e-04
1.320815645158290863e-04
1.320612936979159713e-04
1.320822193520143628e-04
1.321671588812023401e-04
1.323628530371934175e-04
1.327397185377776623e-04
1.334199623670428991e-04
1.345942000625655055e-04
1.365437055937945843e-04
1.396528969053179026e-04
1.442657521693035960e-04
1.504069514339789748e-04
1.569282467244192958e-04
1.610519539099186659e-04
1.588840823387727141e-04
1.494877069490030408e-04
1.376158616039901972e-04
1.309480867348611355e-04
1.326614437857642770e-04
1.390259858453646302e-04
1.432967837899923325e-04
1.413609570590779185e-04
1.351991668343544006e-04
1.305948826484382153e-04
1.310617080889642239e-04
1.346518984064459801e-04
1.367831864627078176e-04
1.351346872979775071e-04
1.315992994932457805e-04
1.297464186791330576e-04
1.308013306697830558e-04
1.327851059613749385e-04
1.331523671979084611e-04
1.315203553531318903e-04
1.297060225624591112e-04
1.294049579882994294e-04
1.304122270084917545e-04
1.311985542997717857e-04
1.307671336689963937e-04
1.296084956265985966e-04
1.289029460167512298e-04
1.291395747102797031e-04
1.297258713748306036e-04
1.298259448958560824e-04
1.292782253585755825e-04
1.286408223677426577e-04
1.284628961002454162e-04
1.287174090975895524e-04
1.289347128476947546e-04
1.287808408960700035e-04
1.283692836295813322e-04
1.280651486013084650e-04
1.280530705116689205e-04
1.281863078474998474e-04
1.282057055504992604e-04
1.280143042095005512e-04
1.277508854400366545e-04
1.276019756915047765e-04
1.276037364732474089e-04
1.276376860914751887e-04
1.275803952012211084e-04
1.274190144613385201e-04
1.272492372663691640e-04
1.271539222216233611e-04
1.271332876058295369e-04
1.271124201593920588e-04
1.270349166588857770e-04
1.269081549253314734e-04
1.267852494493126869e-04
1.267059269594028592e-04
1.266634644707664847e-04
1.266161707462742925e-04
1.265366736333817244e-04
1.264325837837532163e-04
1.263348094653338194e-04
1.262581208720803261e-04
1.262011792277917266e-04
1.261393335880711675e-04
1.260639401152729988e-04
1.259753480553627014e-04
1.258871052414178848e-04
1.258104748558253050e-04
1.257442636415362358e-04
1.256792456842958927e-04
1.256042451132088900e-04
1.255246024811640382e-04
1.254420494660735130e-04
1.253656519111245871e-04
1.252947840839624405e-04
1.252264773938804865e-04
1.251537614734843373e-04
1.250780769623816013e-04
1.249991328222677112e-04
1.249229535460472107e-04
1.248492044396698475e-04
1.247785694431513548e-04
1.247061009053140879e-04
1.246324827661737800e-04
1.245567109435796738e-04
1.244815794052556157e-04
1.244064187631011009e-04
1.243342994712293148e-04
1.242617436219006777e-04
1.241894351551309228e-04
1.241151039721444249e-04
1.240411656908690929e-04
1.239669363712891936e-04
1.238932454725727439e-04
1.238213008036836982e-04
1.237478863913565874e-04
1.236745592905208468e-04
1.236009993590414524e-04
1.235277886735275388e-04
1.234546798514202237e-04
1.233810326084494591e-04
1.233085931744426489e-04
1.232352660736069083e-04
1.231633214047178626e-04
1.230899506481364369e-04
1.230168563779443502e-04
1.229439658345654607e-04
1.228710316354408860e-04
1.227976754307746887e-04
1.227258762810379267e-04
1.226538879564031959e-04
1.225804007844999433e-04
1.225077867275103927e-04
1.224351435666903853e-04
1.223615545313805342e-04
1.222885039169341326e-04
1.222163264174014330e-04
1.221446727868169546e-04
1.220727572217583656e-04
1.219991754624061286e-04
1.219267942360602319e-04
1.218545803567394614e-04
1.217829994857311249e-04
1.217089884448796511e-04
1.216370073962025344e-04
1.215658703586086631e-04
1.214933508890680969e-04
1.214217263623140752e-04
1.213498107972554862e-04
1.212767165270633996e-04
1.212056886288337409e-04
1.211318303830921650e-04
1.210604386869817972e-04
1.209889815072529018e-04
1.209166293847374618e-04
1.208452158607542515e-04
1.207730529131367803e-04
1.207010864163748920e-04
1.206293600262142718e-04
1.205582448164932430e-04
1.204860600410029292e-04
1.204143773065879941e-04
1.203430729219689965e-04
1.202717176056466997e-04
1.201985505758784711e-04
1.201272170874290168e-04
1.200565457111224532e-04
1.199838152388110757e-04
1.199128455482423306e-04
1.198423706227913499e-04
1.197701276396401227e-04
1.196984303533099592e-04
1.196267548948526382e-04
1.195557706523686647e-04
1.194853612105362117e-04
1.194136712001636624e-04
1.193416610476560891e-04
1.192713534692302346e-04
1.191998526337556541e-04
1.191285628010518849e-04
1.190580951515585184e-04
1.189862523460760713e-04
1.189151444123126566e-04
1.188450914924032986e-04
1.187726738862693310e-04
1.187016532639972866e-04
1.186307781608775258e-04
1.185612927656620741e-04
1.184897409984841943e-04
1.184186185128055513e-04
1.183475469588302076e-04
1.182769046863541007e-04
1.182065680040977895e-04
1.181361585622653365e-04
1.180647013825364411e-04
1.179945829790085554e-04
1.179233731818385422e-04
1.178527891170233488e-04
1.177823651232756674e-04
1.177120429929345846e-04
1.176425284938886762e-04
1.175719662569463253e-04
1.175013239844702184e-04
1.174311109934933484e-04
1.173625787487253547e-04
1.172925694845616817e-04
1.172239135485142469e-04
1.171565454569645226e-04
1.170888790511526167e-04
1.170234681922011077e-04
1.169621100416406989e-04
1.169046008726581931e-04
1.168542876257561147e-04
1.168135568150319159e-04
1.167901718872599304e-04
1.167934387922286987e-04
1.168385424534790218e-04
1.169492825283668935e-04
1.171649055322632194e-04
1.175380311906337738e-04
1.181424086098559201e-04
1.190681578009389341e-04
1.203782449010759592e-04
1.220439444296061993e-04
1.237891556229442358e-04
1.250116183655336499e-04
1.248874468728899956e-04
1.229659974342212081e-04
1.198006139020435512e-04
1.168812596006318927e-04
1.155783902504481375e-04
1.161401087301783264e-04
1.176702789962291718e-04
1.188509413623251021e-04
1.187848829431459308e-04
1.175195939140394330e-04
1.159566454589366913e-04
1.150967364083044231e-04
1.152759359683841467e-04
1.160305982921272516e-04
1.165756912087090313e-04
1.164259156212210655e-04
1.156964644906111062e-04
1.149250892922282219e-04
1.145916976383887231e-04
1.147631337516941130e-04
1.151214382844045758e-04
1.152719923993572593e-04
1.150537864305078983e-04
1.146138092735782266e-04
1.142429318861104548e-04
1.141274478868581355e-04
1.142290711868554354e-04
1.143615299952216446e-04
1.143519621109589934e-04
1.141658794949762523e-04
1.139099113061092794e-04
1.137177750933915377e-04
1.136567734647542238e-04
1.136847713496536016e-04
1.137077852035872638e-04
1.136522623710334301e-04
1.135173733928240836e-04
1.133581681642681360e-04
1.132366814999841154e-04
1.131765820900909603e-04
1.131555836764164269e-04
1.131315439124591649e-04
1.130700693465769291e-04
1.129713564296253026e-04
1.128602671087719500e-04
1.127635187003761530e-04
1.126963979913853109e-04
1.126507049775682390e-04
1.126052666222676635e-04
1.125454364228062332e-04
1.124679183703847229e-04
1.123808033298701048e-04
1.122969260904937983e-04
1.122261382988654077e-04
1.121648674597963691e-04
1.121104651247151196e-04
1.120525776059366763e-04
1.119858861784450710e-04
1.119131702580489218e-04
1.118401705753058195e-04
1.117713181884028018e-04
1.117093852371908724e-04
1.116546045523136854e-04
1.116027415264397860e-04
1.115561753977090120e-04
1.115116829168982804e-04
1.114744518417865038e-04
1.114515325753018260e-04
1.114528567995876074e-04
1.114908154704608023e-04
1.115785053116269410e-04
1.117386054829694331e-04
1.120097003877162933e-04
1.124394475482404232e-04
1.131020399043336511e-04
1.140990789281204343e-04
1.155466452473774552e-04
1.175659563159570098e-04
1.201914710691198707e-04
1.232817594427615404e-04
1.262721634702757001e-04
1.281930744880810380e-04
1.277620322071015835e-04
1.243988663190975785e-04
1.188892492791637778e-04
1.134979102062061429e-04
1.104681650758720934e-04
1.105822084355168045e-04
1.128501171479001641e-04
1.153442935901694000e-04
1.163650886155664921e-04
1.152872864622622728e-04
1.128688818425871432e-04
1.106124036596156657e-04
1.097002095775678754e-04
1.102506139432080090e-04
1.114454425987787545e-04
1.122219109674915671e-04
1.119938970077782869e-04
1.109470249502919614e-04
1.097923523047938943e-04
1.091906451620161533e-04
1.093230312108062208e-04
1.098485736292786896e-04
1.102408423321321607e-04
1.101619418477639556e-04
1.096544583560898900e-04
1.090429068426601589e-04
1.086662232410162687e-04
1.086530610336922109e-04
1.088704375433735549e-04
1.090660953195765615e-04
1.090502555598504841e-04
1.088073258870281279e-04
1.084677496692165732e-04
1.082032176782377064e-04
1.081098525901325047e-04
1.081574810086749494e-04
1.082384769688360393e-04
1.082461749319918454e-04
1.081411828636191785e-04
1.079598223441280425e-04
1.077782144420780241e-04
1.076552944141440094e-04
1.076089101843535900e-04
1.076067928806878626e-04
1.075982436304911971e-04
1.075491163646802306e-04
1.074539832188747823e-04
1.073354433174245059e-04
1.072251834557391703e-04
1.071452352334745228e-04
1.070940052159130573e-04
1.070579382940195501e-04
1.070170255843549967e-04
1.069561403710395098e-04
1.068786950781941414e-04
1.067913763108663261e-04
1.067076955223456025e-04
1.066347322193905711e-04
1.065740361809730530e-04
1.065225224010646343e-04
1.064703174051828682e-04
1.064121534000150859e-04
1.063458767021074891e-04
1.062736046151258051e-04
1.062016744981519878e-04
1.061305229086428881e-04
1.060648864950053394e-04
1.060045105987228453e-04
1.059457063092850149e-04
1.058857233147136867e-04
1.058246925822459161e-04
1.057607078109867871e-04
1.056951368809677660e-04
1.056275141309015453e-04
1.055620814440771937e-04
1.054970343830063939e-04
1.054348249454051256e-04
1.053732703439891338e-04
1.053117739502340555e-04
1.052507650456391275e-04
1.051878643920645118e-04
1.051248909789137542e-04
1.050600840244442225e-04
1.049964412231929600e-04
1.049320635502226651e-04
1.048685735440813005e-04
1.048058256856165826e-04
1.047444529831409454e-04
1.046826437232084572e-04
1.046196848619729280e-04
1.045573881128802896e-04
1.044945383910089731e-04
1.044327364070340991e-04
1.043685479089617729e-04
1.043061784002929926e-04
1.042434014379978180e-04
1.041802897816523910e-04
1.041180730680935085e-04
1.040557181113399565e-04
1.039933849824592471e-04
1.039315320667810738e-04
1.038692134898155928e-04
1.038068658090196550e-04
1.037440524669364095e-04
1.036827889038249850e-04
1.036207468132488430e-04
1.035574314300902188e-04
1.034962624544277787e-04
1.034344095387496054e-04
1.033739172271452844e-04
1.033124863170087337e-04
1.032515428960323334e-04
1.031924912240356207e-04
1.031345309456810355e-04
1.030775165418162942e-04
1.030242274282500148e-04
1.029743216349743307e-04
1.029305058182217181e-04
1.028963451972231269e-04
1.028750557452440262e-04
1.028747428790666163e-04
1.029072227538563311e-04
1.029883060255087912e-04
1.031441715895198286e-04
1.034113738569431007e-04
1.038414266076870263e-04
1.045005410560406744e-04
1.054583117365837097e-04
1.067509074346162379e-04
1.083187380572780967e-04
1.098981883842498064e-04
1.109736258513294160e-04
1.108958094846457243e-04
1.093274477170780301e-04
1.066738695953972638e-04
1.040671486407518387e-04
1.026224344968795776e-04
1.026948812068440020e-04
1.037357505992986262e-04
1.047466939780861139e-04
1.049007696565240622e-04
1.040126153384335339e-04
1.026206809910945594e-04
1.015582383843138814e-04
1.013307846733368933e-04
1.018188195303082466e-04
1.024607772706076503e-04
1.027097387122921646e-04
1.023778531816788018e-04
1.017072791000828147e-04
1.011401545838452876e-04
1.009617335512302816e-04
1.011407948681153357e-04
1.014024237520061433e-04
1.014687804854474962e-04
1.012456996249966323e-04
1.008579856716096401e-04
1.005244776024483144e-04
1.003902507363818586e-04
1.004419391392730176e-04
1.005492886179126799e-04
1.005751764751039445e-04
1.004656733130104840e-04
1.002718490781262517e-04
1.000884512905031443e-04
9.998912719311192632e-05
9.997808228945359588e-05
9.999952453654259443e-05
9.999179746955633163e-05
9.992256673285737634e-05
9.980158938560634851e-05
9.967541700461879373e-05
9.958040027413517237e-05
9.952868276741355658e-05
9.950330422725528479e-05
9.947529906639829278e-05
9.942596079781651497e-05
9.934801346389576793e-05
9.925774793373420835e-05
9.917299030348658562e-05
9.910670632962137461e-05
9.905721526592969894e-05
9.901767771225422621e-05
9.897449490381404757e-05
9.892093657981604338e-05
9.885894542094320059e-05
9.879474964691326022e-05
9.873748786048963666e-05
9.869068890111520886e-05
9.865614265436306596e-05
9.863113518804311752e-05
9.861368016572669148e-05
9.860419959295541048e-05
9.860486170509830117e-05
9.862691513262689114e-05
9.867794869933277369e-05
9.877289267024025321e-05
9.892541856970638037e-05
9.915606642607599497e-05
9.948600927600637078e-05
9.994860738515853882e-05
1.005745216389186680e-04
1.014044246403500438e-04
1.024615849019028246e-04
1.037448819261044264e-04
1.051752551575191319e-04
1.065952455974183977e-04
1.076911139534786344e-04
1.081037553376518190e-04
1.074595056707039475e-04
1.056915862136520445e-04
1.030860512400977314e-04
1.003385623334906995e-04
9.819933620747178793e-05
9.715851774672046304e-05
9.724670962896198034e-05
9.810254414333030581e-05
9.917490388033911586e-05
9.994615538744255900e-05
1.000959528028033674e-04
9.957727888831868768e-05
9.861672151600942016e-05
9.758090163813903928e-05
9.681859955890104175e-05
9.650863648857921362e-05
9.662108641350641847e-05
9.697528003016486764e-05
9.733195474836975336e-05
9.750520985107868910e-05
9.741400572238489985e-05
9.709555888548493385e-05
9.666796540841460228e-05
9.627299004932865500e-05
9.601394413039088249e-05
9.592310379957780242e-05
9.596739982953295112e-05
9.607231186237186193e-05
9.615796443540602922e-05
9.616791066946461797e-05
9.608548134565353394e-05
9.592943388270214200e-05
9.573853458277881145e-05
9.555822907714173198e-05
9.542106272419914603e-05
9.533797856420278549e-05
9.530350507702678442e-05
9.529471572022885084e-05
9.529280214337632060e-05
9.527292422717437148e-05
9.522867912892252207e-05
9.515628335066139698e-05
9.506477363174781203e-05
9.496507846051827073e-05
9.486776980338618159e-05
9.478216816205531359e-05
9.471178054809570312e-05
9.465494804317131639e-05
9.460907313041388988e-05
9.456770203541964293e-05
9.452562517253682017e-05
9.447948832530528307e-05
9.442703594686463475e-05
9.436755499336868525e-05
9.430238424101844430e-05
9.423479059478268027e-05
9.416689135832712054e-05
9.409900667378678918e-05
9.403385047335177660e-05
9.397264511790126562e-05
9.391507774125784636e-05
9.385742305312305689e-05
9.380346455145627260e-05
9.374956425745040178e-05
9.369762119604274631e-05
9.364357538288459182e-05
9.359038085676729679e-05
9.353528730571269989e-05
9.348051389679312706e-05
9.342427802039310336e-05
9.336822404293343425e-05
9.331270848633721471e-05
9.325842984253540635e-05
9.320522076450288296e-05
9.315388888353481889e-05
9.310641326010227203e-05
9.306319407187402248e-05
9.302550461143255234e-05
9.299895464209839702e-05
9.298550139646977186e-05
9.299188241129741073e-05
9.302871330874040723e-05
9.310723544331267476e-05
9.325135033577680588e-05
9.348739695269614458e-05
9.385520388605073094e-05
9.440553549211472273e-05
9.518984006717801094e-05
9.625001257518306375e-05
9.756589133758097887e-05
9.899935685098171234e-05
1.002132921712473035e-04
1.006992461043410003e-04
9.997221786761656404e-05
9.796681842999532819e-05
9.528530790703371167e-05
9.297549695475026965e-05
9.188643889501690865e-05
9.216268517775461078e-05
9.326483268523588777e-05
9.435337415197864175e-05
9.474050602875649929e-05
9.420070273336023092e-05
9.305890125688165426e-05
9.195286111207678914e-05
9.140834299614652991e-05
9.153725113719701767e-05
9.204728121403604746e-05
9.248713467968627810e-05
9.253521420760080218e-05
9.215689351549372077e-05
9.158151806332170963e-05
9.111550753004848957e-05
9.095179848372936249e-05
9.106783545576035976e-05
9.128519741352647543e-05
9.140612382907420397e-05
9.132431296166032553e-05
9.107567166211083531e-05
9.078672883333638310e-05
9.058329305844381452e-05
9.052082168636843562e-05
9.056530689122155309e-05
9.062979370355606079e-05
9.063526522368192673e-05
9.055223199538886547e-05
9.040400618687272072e-05
9.024970495374873281e-05
9.013382805278524756e-05
9.007963672047480941e-05
9.006911568576470017e-05
9.006714390125125647e-05
9.004148887470364571e-05
8.997806435218080878e-05
8.989008347271010280e-05
8.979388803709298372e-05
8.971142960945144296e-05
8.965480083134025335e-05
8.962101128417998552e-05
8.959838305599987507e-05
8.957396494224667549e-05
8.954183431342244148e-05
8.950284973252564669e-05
8.946630987338721752e-05
8.944525325205177069e-05
8.945103763835504651e-05
8.949663606472313404e-05
8.959392289398238063e-05
8.975786477094516158e-05
9.001186117529869080e-05
9.039565338753163815e-05
9.096431313082575798e-05
9.179393964586779475e-05
9.297919314121827483e-05
9.461253648623824120e-05
9.675590263213962317e-05
9.933533146977424622e-05
1.020680574583820999e-04
1.042725780280306935e-04
1.050508144544437528e-04
1.035176319419406354e-04
9.968455560738220811e-05
9.467637573834508657e-05
9.041945304488763213e-05
8.840063674142584205e-05
8.886056457413360476e-05
9.084324847208335996e-05
9.287014836445450783e-05
9.372628846904262900e-05
9.296762436861172318e-05
9.108934318646788597e-05
8.913572673918679357e-05
8.803489618003368378e-05
8.807650010567158461e-05
8.886548312148079276e-05
8.969133341452106833e-05
8.997243276098743081e-05
8.954926306614652276e-05
8.869485463947057724e-05
8.788226841716095805e-05
8.747270476305857301e-05
8.753496513236314058e-05
8.786390390014275908e-05
8.815327601041644812e-05
8.818514470476657152e-05
8.792945300228893757e-05
8.752111170906573534e-05
8.715461444808170199e-05
8.696770237293094397e-05
8.697581506567075849e-05
8.709033863851800561e-05
8.718720346223562956e-05
8.717664604773744941e-05
8.704409992787986994e-05
8.684018393978476524e-05
8.664350025355815887e-05
8.651329699205234647e-05
8.646737114759162068e-05
8.647718641441315413e-05
8.649647497804835439e-05
8.648334187455475330e-05
8.641848398838192225e-05
8.631365199107676744e-05
8.619666186859831214e-05
8.609408541815355420e-05
8.602206798968836665e-05
8.598183922003954649e-05
8.595742838224396110e-05
8.593164238845929503e-05
8.589113713242113590e-05
8.583132876083254814e-05
8.575773972552269697e-05
8.567845361540094018e-05
8.560610149288550019e-05
8.554539817851036787e-05
8.549664198653772473e-05
8.545522723579779267e-05
8.541455463273450732e-05
8.536988752894103527e-05
8.531813364243134856e-05
8.525986049789935350e-05
8.519809489371255040e-05
8.513588545611128211e-05
8.507686288794502616e-05
8.502283162670210004e-05
8.497160888509824872e-05
8.492288907291367650e-05
8.487633022014051676e-05
8.482608245685696602e-05
8.477575465803965926e-05
8.472228364553302526e-05
8.466733561363071203e-05
8.461275865556672215e-05
8.455730858258903027e-05
8.450334280496463180e-05
8.445106504950672388e-05
8.439963130513206124e-05
8.435008930973708630e-05
8.429899025941267610e-05
8.424875704804435372e-05
8.419772348133847117e-05
8.414620242547243834e-05
8.409424481214955449e-05
8.404088293900713325e-05
8.399004582315683365e-05
8.393592725042253733e-05
8.388411515625193715e-05
8.383238309761509299e-05
8.378120401175692677e-05
8.372926095034927130e-05
8.367870759684592485e-05
8.362873631995171309e-05
8.357811748282983899e-05
8.352842996828258038e-05
8.347854600287973881e-05
8.343072113348171115e-05
8.338297629961743951e-05
8.333670848514884710e-05
8.329226693604141474e-05
8.325079397764056921e-05
8.321533096022903919e-05
8.318569598486647010e-05
8.316621824633330107e-05
8.316232560900971293e-05
8.318131585838273168e-05
8.323315705638378859e-05
8.333590085385367274e-05
8.351373253390192986e-05
8.380150393350049853e-05
8.424748375546187162e-05
8.491284097544848919e-05
8.586303738411515951e-05
8.714279101695865393e-05
8.871505997376516461e-05
9.038146527018398046e-05
9.169107943307608366e-05
9.201197826769202948e-05
9.082389442482963204e-05
8.824993710732087493e-05
8.522099960828199983e-05
8.301291381940245628e-05
8.239778981078416109e-05
8.320478809764608741e-05
8.456229261355474591e-05
8.546165190637111664e-05
8.529741899110376835e-05
8.416701894020661712e-05
8.276343578472733498e-05
8.186842751456424594e-05
8.182904275599867105e-05
8.240252645919099450e-05
8.302161586470901966e-05
8.320010965690016747e-05
8.281707414425909519e-05
8.213570981752127409e-05
8.157046249834820628e-05
8.139147394103929400e-05
8.157012780429795384e-05
8.186118793673813343e-05
8.199727744795382023e-05
8.186022751033306122e-05
8.152966620400547981e-05
8.119481935864314437e-05
8.101358980638906360e-05
8.101798448478803039e-05
8.112137584248557687e-05
8.119405538309365511e-05
8.115296805044636130e-05
8.100107515929266810e-05
8.081216947175562382e-05
8.066491864155977964e-05
8.060305844992399216e-05
8.060997060965746641e-05
8.063353016041219234e-05
8.062250708462670445e-05
8.055705256992951035e-05
8.045225695241242647e-05
8.034211350604891777e-05
8.025982242543250322e-05
8.021468966035172343e-05
8.019288361538201571e-05
8.017526852199807763e-05
8.014106424525380135e-05
8.008462464204058051e-05
8.001209062058478594e-05
7.993840699782595038e-05
7.987721619429066777e-05
7.983125397004187107e-05
7.979895599419251084e-05
7.976997585501521826e-05
7.973900937940925360e-05
7.970170554472133517e-05
7.966086559463292360e-05
7.962454401422291994e-05
7.959917275002226233e-05
7.959094364196062088e-05
7.960628136061131954e-05
7.964928227011114359e-05
7.972672028699889779e-05
7.985259435372427106e-05
8.004601113498210907e-05
8.033794438233599067e-05
8.077264646999537945e-05
8.140617137541994452e-05
8.230916864704340696e-05
8.356059697689488530e-05
8.522129792254418135e-05
8.730794797884300351e-05
8.968509791884571314e-05
9.202852379530668259e-05
9.368288010591641068e-05
9.390533523401245475e-05
9.208054689224809408e-05
8.841157978167757392e-05
8.396059274673461914e-05
8.030176832107827067e-05
7.857516902731731534e-05
7.893617294030264020e-05
8.061573316808789968e-05
8.244204218499362469e-05
8.339283522218465805e-05
8.300242916448041797e-05
8.152628288371488452e-05
7.972380990395322442e-05
7.842156628612428904e-05
7.805771019775420427e-05
7.852106500649824739e-05
7.931673462735489011e-05
7.989117875695228577e-05
7.991211168700829148e-05
7.938413909869268537e-05
7.859969628043472767e-05
7.792750693624839187e-05
7.762115274090319872e-05
7.770084630465134978e-05
7.799558807164430618e-05
7.826612272765487432e-05
7.833465497242286801e-05
7.815691787982359529e-05
7.781985186738893390e-05
7.747183553874492645e-05
7.724182796664535999e-05
7.717765402048826218e-05
7.724239549133926630e-05
7.734541577519848943e-05
7.740100409137085080e-05
7.735972758382558823e-05
7.722823647782206535e-05
7.705179450567811728e-05
7.688910409342497587e-05
7.678088149987161160e-05
7.673718937439844012e-05
7.673812069697305560e-05
7.675235247006639838e-05
7.674512744415551424e-05
7.670350896660238504e-05
7.662623102078214288e-05
7.652951899217441678e-05
7.643386925337836146e-05
7.635595829924568534e-05
7.630010077264159918e-05
7.626582373632118106e-05
7.624107820447534323e-05
7.621443364769220352e-05
7.617790834046900272e-05
7.612956687808036804e-05
7.606927829328924417e-05
7.600434037158265710e-05
7.594038470415398479e-05
7.588074367959052324e-05
7.582992839161306620e-05
7.578457734780386090e-05
7.574426854262128472e-05
7.570500019937753677e-05
7.566453859908506274e-05
7.561842357972636819e-05
7.557087519671767950e-05
7.551955059170722961e-05
7.546733104391023517e-05
7.541599916294217110e-05
7.536368502769619226e-05
7.531567825935781002e-05
7.526822446379810572e-05
7.522320083808153868e-05
7.517824269598349929e-05
7.513442687923088670e-05
7.509107672376558185e-05
7.504643872380256653e-05
7.500164065277203918e-05
7.495803583879023790e-05
7.491559517802670598e-05
7.487463881261646748e-05
7.483654917450621724e-05
7.480286149075254798e-05
7.477861799998208880e-05
7.476368773495778441e-05
7.476563769159838557e-05
7.479278428945690393e-05
7.485660898964852095e-05
7.497887418139725924e-05
7.518515485571697354e-05
7.552136958111077547e-05
7.604611892020329833e-05
7.683964213356375694e-05
7.799058948876336217e-05
7.956887566251680255e-05
8.154792158165946603e-05
8.367955160792917013e-05
8.537202666047960520e-05
8.575637912144884467e-05
8.414130570599809289e-05
8.073468779912218451e-05
7.690229540457949042e-05
7.437432941514998674e-05
7.403302151942625642e-05
7.541709783254191279e-05
7.720389839960262179e-05
7.807336078258231282e-05
7.744585309410467744e-05
7.577503129141405225e-05
7.416727021336555481e-05
7.353269029408693314e-05
7.397897570626810193e-05
7.487435505026951432e-05
7.541041122749447823e-05
7.517042831750586629e-05
7.434593135258182883e-05
7.351168460445478559e-05
7.315663242479786277e-05
7.335027476074174047e-05
7.377573638223111629e-05
7.401898619718849659e-05
7.387676305370405316e-05
7.345158519456163049e-05
7.302706217160448432e-05
7.283524610102176666e-05
7.290878420462831855e-05
7.309259672183543444e-05
7.319066935451701283e-05
7.310423097806051373e-05
7.287826156243681908e-05
7.264460145961493254e-05
7.251511851791292429e-05
7.251227361848577857e-05
7.257197285071015358e-05
7.260552956722676754e-05
7.255720265675336123e-05
7.243733853101730347e-05
7.230031769722700119e-05
7.220044790301471949e-05
7.216160884127020836e-05
7.216212543426081538e-05
7.216296216938644648e-05
7.213254139060154557e-05
7.206528243841603398e-05
7.197741069830954075e-05
7.189573079813271761e-05
7.183710113167762756e-05
7.180413376772776246e-05
7.178156374720856547e-05
7.175272912718355656e-05
7.170984463300555944e-05
7.165051647461950779e-05
7.158595690270885825e-05
7.152663602028042078e-05
7.147828000597655773e-05
7.143908442230895162e-05
7.140382513171061873e-05
7.136627391446381807e-05
7.132260361686348915e-05
7.127293065423145890e-05
7.122011447791010141e-05
7.116871711332350969e-05
7.112064486136659980e-05
7.107727287802845240e-05
7.103761163307353854e-05
7.099794311216101050e-05
7.095633918652310967e-05
7.091133738867938519e-05
7.086650293786078691e-05
7.082114461809396744e-05
7.077719055814668536e-05
7.073688175296410918e-05
7.070016727084293962e-05
7.066683610901236534e-05
7.063703378662467003e-05
7.061279757181182504e-05
7.059556810418143868e-05
7.058918708935379982e-05
7.059992640279233456e-05
7.063712109811604023e-05
7.071380969136953354e-05
7.084783283062279224e-05
7.106811972334980965e-05
7.141401874832808971e-05
7.194717909442260861e-05
7.274858944583684206e-05
7.393670966848731041e-05
7.564257975900545716e-05
7.800562161719426513e-05
8.106884342851117253e-05
8.467787120025604963e-05
8.818848436931148171e-05
9.048664651345461607e-05
9.007890912471339107e-05
8.625002374174073339e-05
7.985587581060826778e-05
7.352997636189684272e-05
6.993940769461914897e-05
7.007383101154118776e-05
7.281113357748836279e-05
7.587565778521820903e-05
7.721006841165944934e-05
7.600584649480879307e-05
7.312191155506297946e-05
7.036940951365977526e-05
6.923657929291948676e-05
6.993224815232679248e-05
7.147838914534077048e-05
7.256356184370815754e-05
7.240768900373950601e-05
7.118834037100896239e-05
6.975554424570873380e-05
6.896626291563734412e-05
6.910161027917638421e-05
6.978803139645606279e-05
7.037673640297725797e-05
7.041024946374818683e-05
6.988599488977342844e-05
6.916750862728804350e-05
6.868445052532479167e-05
6.863508315291255713e-05
6.890289660077542067e-05
6.919555016793310642e-05
6.926713103894144297e-05
6.905941700097173452e-05
6.870536890346556902e-05
6.840520654805004597e-05
6.828788173152133822e-05
6.834594387328252196e-05
6.847009353805333376e-05
6.853321247035637498e-05
6.847105396445840597e-05
6.830799247836694121e-05
6.812438368797302246e-05
6.799740367569029331e-05
6.795565423090010881e-05
6.797730748075991869e-05
6.800544360885396600e-05
6.799413677072152495e-05
6.792968633817508817e-05
6.782843411201611161e-05
6.772554479539394379e-05
6.765080615878105164e-05
6.761131226085126400e-05
6.759615644114091992e-05
6.758487870683893561e-05
6.755622598575428128e-05
6.750696775270625949e-05
6.744133861502632499e-05
6.737252260791137815e-05
6.731259054504334927e-05
6.726731953676789999e-05
6.723331898683682084e-05
6.720447709085419774e-05
6.717126962030306458e-05
6.713108450639992952e-05
6.708261935273185372e-05
6.702951213810592890e-05
6.697740172967314720e-05
6.692900933558121324e-05
6.688739085802808404e-05
6.684927939204499125e-05
6.681196828139945865e-05
6.677372584817931056e-05
6.673236202914267778e-05
6.668824062217026949e-05
6.664192187599837780e-05
6.659641803707927465e-05
6.655124161625280976e-05
6.650787690887227654e-05
6.646702968282625079e-05
6.642616062890738249e-05
6.638613558607175946e-05
6.634608871536329389e-05
6.630377174587920308e-05
6.626157119171693921e-05
6.621820648433640599e-05
6.617465987801551819e-05
6.613203731831163168e-05
6.608972034882754087e-05
6.604826921829953790e-05
6.600617052754387259e-05
6.596570165129378438e-05
6.592447607545182109e-05
6.588345422642305493e-05
6.584400398423895240e-05
6.580399349331855774e-05
6.576397572644054890e-05
6.572635174961760640e-05
6.569045217474922538e-05
6.565800867974758148e-05
6.562953058164566755e-05
6.561139161931350827e-05
6.560389010701328516e-05
6.561711779795587063e-05
6.566051888512447476e-05
6.575373117811977863e-05
6.592625868506729603e-05
6.622295768465846777e-05
6.671413575531914830e-05
6.750099419150501490e-05
6.872094672871753573e-05
7.051673310343176126e-05
7.296916737686842680e-05
7.589987944811582565e-05
7.862764323363080621e-05
7.985494448803365231e-05
7.827251101844012737e-05
7.382885087281465530e-05
6.854865205241367221e-05
6.526169454446062446e-05
6.532431143568828702e-05
6.772128108423203230e-05
7.009678665781393647e-05
7.048678526189178228e-05
6.861683505121618509e-05
6.601618952117860317e-05
6.462118471972644329e-05
6.510304956464096904e-05
6.652896990999579430e-05
6.738873344147577882e-05
6.689909059787169099e-05
6.553423008881509304e-05
6.444027530960738659e-05
6.434735405491665006e-05
6.501968891825526953e-05
6.563368515344336629e-05
6.557535380125045776e-05
6.492010288638994098e-05
6.423924060072749853e-05
6.402542203431949019e-05
6.428712367778643966e-05
6.463305180659517646e-05
6.467977800639346242e-05
6.437242700485512614e-05
6.397027755156159401e-05
6.376333476509898901e-05
6.382997526088729501e-05
6.400617712642997503e-05
6.407392356777563691e-05
6.394635420292615891e-05
6.371563358698040247e-05
6.354140350595116615e-05
6.350612238747999072e-05
6.356785161187872291e-05
6.361510895658284426e-05
6.357199163176119328e-05
6.344792200252413750e-05
6.331817712634801865e-05
6.324527930701151490e-05
6.323928391793742776e-05
6.325427966658025980e-05
6.324137211777269840e-05
6.318174564512446523e-05
6.309279706329107285e-05
6.301530083874240518e-05
6.297094660112634301e-05
6.295352795859798789e-05
6.293960905168205500e-05
6.290660530794411898e-05
6.285166455199941993e-05
6.278770888457074761e-05
6.273259350564330816e-05
6.269386358326300979e-05
6.266524724196642637e-05
6.263793329708278179e-05
6.260132067836821079e-05
6.255500920815393329e-05
6.250388832995668054e-05
6.245638360269367695e-05
6.241607479751110077e-05
6.238162313820794225e-05
6.234851025510579348e-05
6.231148290680721402e-05
6.226944969967007637e-05
6.222532101674005389e-05
6.218101771082729101e-05
6.214070162968710065e-05
6.210282299434766173e-05
6.206711259437724948e-05
6.202931399457156658e-05
6.198917981237173080e-05
6.194885645527392626e-05
6.190703425090759993e-05
6.186636164784431458e-05
6.182712968438863754e-05
6.178879266371950507e-05
6.175085582071915269e-05
6.171286077005788684e-05
6.167375977383926511e-05
6.163407670101150870e-05
6.159416807349771261e-05
6.155433948151767254e-05
6.151678826427087188e-05
6.147873500594869256e-05
6.144143844721838832e-05
6.140406912891194224e-05
6.136822048574686050e-05
6.133152055554091930e-05
6.129700341261923313e-05
6.126438529463484883e-05
6.123470666352659464e-05
6.120994657976552844e-05
6.119184399722144008e-05
6.118267629062756896e-05
6.118750025052577257e-05
6.121381738921627402e-05
6.127278174972161651e-05
6.138047319836914539e-05
6.156146264402195811e-05
6.185478559928014874e-05
6.231294537428766489e-05
6.301497342064976692e-05
6.405774183804169297e-05
6.555250001838430762e-05
6.757990922778844833e-05
7.010324043221771717e-05
7.280662248376756907e-05
7.498534978367388248e-05
7.559247023891657591e-05
7.387887308141216636e-05
7.014985749265179038e-05
6.611217395402491093e-05
6.383826257660984993e-05
6.437625415856018662e-05
6.706903513986617327e-05
7.000572077231481671e-05
7.109247962944209576e-05
6.938014121260493994e-05
6.592349382117390633e-05
6.304531416390091181e-05
6.230262806639075279e-05
6.325636786641553044e-05
6.415000098058953881e-05
6.364408181980252266e-05
6.191999273141846061e-05
6.034029865986667573e-05
6.005350223858840764e-05
6.097998630139045417e-05
6.206845864653587341e-05
6.233002932276576757e-05
6.164700607769191265e-05
6.070026574889197946e-05
6.023648165864869952e-05
6.039053550921380520e-05
6.070703966543078423e-05
6.067296999390237033e-05
6.019969077897258103e-05
5.964018782833591104e-05
5.939542097621597350e-05
5.954793596174567938e-05
5.984655945212580264e-05
5.997185508022084832e-05
5.982170478091575205e-05
5.954604785074479878e-05
5.936588786426000297e-05
5.936715751886367798e-05
5.945514203631319106e-05
5.947294994257390499e-05
5.934760702075436711e-05
5.914160647080279887e-05
5.897529263165779412e-05
5.891944601899012923e-05
5.894583955523557961e-05
5.897178562008775771e-05
5.893643174204044044e-05
5.884624624741263688e-05
5.875151327927596867e-05
5.870009772479534149e-05
5.869691449333913624e-05
5.870674067409709096e-05
5.869201049790717661e-05
5.864022386958822608e-05
5.857014548382721841e-05
5.850747766089625657e-05
5.846910789841786027e-05
5.844745101057924330e-05
5.842484461027197540e-05
5.838787546963430941e-05
5.833582326886244118e-05
5.827984932693652809e-05
5.823083483846858144e-05
5.819522993988357484e-05
5.816642078571021557e-05
5.813543975818902254e-05
5.809871800011023879e-05
5.805530963698402047e-05
5.801092993351630867e-05
5.797164340037852526e-05
5.793872333015315235e-05
5.791034709545783699e-05
5.788264388684183359e-05
5.785268513136543334e-05
5.782141306553967297e-05
5.779224738944321871e-05
5.776738908025436103e-05
5.775099270977079868e-05
5.774282544734887779e-05
5.774279998149722815e-05
5.775374665972776711e-05
5.777955448138527572e-05
5.782632069895043969e-05
5.790484283352270722e-05
5.802764644613489509e-05
5.821028389618732035e-05
5.847517968504689634e-05
5.885125210625119507e-05
5.937693276791833341e-05
6.009874778101220727e-05
6.107153603807091713e-05
6.233502062968909740e-05
6.391174974851310253e-05
6.573455902980640531e-05
6.763204874005168676e-05
6.922260945430025458e-05
7.002270285738632083e-05
6.949635280761867762e-05
6.746134749846532941e-05
6.424486491596326232e-05
6.076861973269842565e-05
5.806939225294627249e-05
5.683105337084271014e-05
5.708610478905029595e-05
5.831046655657701194e-05
5.973361476208083332e-05
6.065687193768098950e-05
6.069068331271409988e-05
5.985264579067006707e-05
5.853730181115679443e-05
5.728822725359350443e-05
5.654310007230378687e-05
5.644975317409262061e-05
5.685583528247661889e-05
5.743118163081817329e-05
5.784404856967739761e-05
5.789761416963301599e-05
5.758223414886742830e-05
5.705262810806743801e-05
5.652527397614903748e-05
5.617887291009537876e-05
5.608225183095782995e-05
5.619224248221144080e-05
5.639024311676621437e-05
5.654965571011416614e-05
5.658793816110119224e-05
5.648649312206543982e-05
5.628668077406473458e-05
5.605911792372353375e-05
5.587135819951072335e-05
5.576331386691890657e-05
5.573813177761621773e-05
5.576970943366177380e-05
5.581695586442947388e-05
5.584300015470944345e-05
5.582767334999516606e-05
5.576747207669541240e-05
5.567554035224020481e-05
5.557396070798859000e-05
5.548178160097450018e-05
5.541225255001336336e-05
5.536985554499551654e-05
5.534906449611298740e-05
5.533951843972317874e-05
5.533034709515050054e-05
5.531218266696669161e-05
5.528173278435133398e-05
5.523792424355633557e-05
5.518646139535121620e-05
5.513046198757365346e-05
5.507718378794379532e-05
5.502879139385186136e-05
5.498639802681282163e-05
5.495065124705433846e-05
5.491946649271994829e-05
5.489135583047755063e-05
5.486301597557030618e-05
5.483338827616535127e-05
5.480116305989213288e-05
5.476703154272399843e-05
5.473028068081475794e-05
5.469155075843445957e-05
5.465274443849921227e-05
5.461298860609531403e-05
5.457418592413887382e-05
5.453632547869347036e-05
5.449886884889565408e-05
5.446359500638209283e-05
5.442843030323274434e-05
5.439446613308973610e-05
5.436112769530154765e-05
5.432769103208556771e-05
5.429357042885385454e-05
5.426088682725094259e-05
5.422618050943128765e-05
5.419330773293040693e-05
5.415817577159032226e-05
5.412447353592142463e-05
5.408987999544478953e-05
5.405477349995635450e-05
5.402038004831410944e-05
5.398552093538455665e-05
5.395090192905627191e-05
5.391562808654271066e-05
5.388099089032039046e-05
5.384658652474172413e-05
5.381207301979884505e-05
5.377766865422017872e-05
5.374333341023884714e-05
5.370926010073162615e-05
5.367418998503126204e-05
5.364045136957429349e-05
5.360651266528293490e-05
5.357311238185502589e-05
5.353949381969869137e-05
5.350584615371190012e-05
5.347292608348652720e-05
5.344012242858298123e-05
5.340859934221953154e-05
5.337717448128387332e-05
5.334707748261280358e-05
5.331756983650848269e-05
5.329105624696239829e-05
5.326602331479080021e-05
5.324497760739177465e-05
5.322893775883130729e-05
5.321999560692347586e-05
5.322128708939999342e-05
5.323704681359231472e-05
5.327262260834686458e-05
5.333863737178035080e-05
5.344740566215477884e-05
5.361919465940445662e-05
5.388238787418231368e-05
5.427489304565824568e-05
5.485223664436489344e-05
5.568495544139295816e-05
5.685815267497673631e-05
5.845168197993189096e-05
6.051009768270887434e-05
6.295497587416321039e-05
6.550457328557968140e-05
6.756238872185349464e-05
6.836008833488449454e-05
6.725385173922404647e-05
6.435953400796279311e-05
6.069721712265163660e-05
5.782441803603433073e-05
5.682157643605023623e-05
5.770000279881060123e-05
5.938827598583884537e-05
6.034042962710373104e-05
5.943797077634371817e-05
5.682126356987282634e-05
5.389142461353912950e-05
5.227077781455591321e-05
5.256221629679203033e-05
5.406342825153842568e-05
5.543668521568179131e-05
5.566403706325218081e-05
5.466760921990498900e-05
5.323414734448306262e-05
5.233095362200401723e-05
5.235483331489376724e-05
5.294760194374248385e-05
5.341464566299691796e-05
5.330399653757922351e-05
5.269347457215189934e-05
5.204362241784110665e-05
5.177917410037480295e-05
5.197273276280611753e-05
5.234996569924987853e-05
5.255575524643063545e-05
5.241667167865671217e-05
5.203767796047031879e-05
5.167234485270455480e-05
5.151569348527118564e-05
5.157812120160087943e-05
5.171844895812682807e-05
5.177511411602608860e-05
5.168445204617455602e-05
5.150177821633405983e-05
5.134167076903395355e-05
5.128226621309295297e-05
5.131754005560651422e-05
5.137830521562136710e-05
5.139143104315735400e-05
5.132707156008109450e-05
5.121268259244970977e-05
5.110194251756183803e-05
5.103564762976020575e-05
5.101937858853489161e-05
5.102501017972826958e-05
5.101899296278133988e-05
5.098060501040890813e-05
5.091785715194419026e-05
5.085028897156007588e-05
5.079847687738947570e-05
5.077032255940139294e-05
5.075694934930652380e-05
5.074539512861520052e-05
5.072134081274271011e-05
5.068258178653195500e-05
5.063436401542276144e-05
5.058906026533804834e-05
5.055113797425292432e-05
5.052319102105684578e-05
5.049966421211138368e-05
5.047500962973572314e-05
5.044508725404739380e-05
5.040896576247178018e-05
5.037081427872180939e-05
5.033297929912805557e-05
5.029829117120243609e-05
5.026803773944266140e-05
5.024079291615635157e-05
5.021299875807017088e-05
5.018453521188348532e-05
5.015491842641495168e-05
5.012313704355619848e-05
5.009204687667079270e-05
5.006433639209717512e-05
5.003858314012177289e-05
5.001647514291107655e-05
4.999766315449960530e-05
4.998185249860398471e-05
4.997147698304615915e-05
4.996661300538107753e-05
4.997042196919210255e-05
4.998806252842769027e-05
5.002343095839023590e-05
5.008625521440990269e-05
5.018519368604756892e-05
5.033552224631421268e-05
5.055643487139604986e-05
5.087634417577646673e-05
5.133066224516369402e-05
5.196875645196996629e-05
5.284066355670802295e-05
5.400518421083688736e-05
5.548683111555874348e-05
5.726381277781911194e-05
5.917191811022348702e-05
6.089960515964776278e-05
6.190910062287002802e-05
6.167643005028367043e-05
5.988006887491792440e-05
5.683514609700068831e-05
5.340734060155227780e-05
5.069841063232161105e-05
4.941737279295921326e-05
4.960368096362799406e-05
5.072529529570601881e-05
5.201284875511191785e-05
5.280720142764039338e-05
5.277518721413798630e-05
5.200206578592769802e-05
5.087196404929272830e-05
4.985644773114472628e-05
4.927485133521258831e-05
4.919097045785747468e-05
4.944745523971505463e-05
4.979454024578444660e-05
5.001804311177693307e-05
5.001578392693772912e-05
4.980750964023172855e-05
4.948613423039205372e-05
4.916617763228714466e-05
4.892684228252619505e-05
4.879692278336733580e-05
4.876330785918980837e-05
4.878703475696966052e-05
4.882658322458155453e-05
4.884836744167841971e-05
4.883280053036287427e-05
4.877350511378608644e-05
4.867740790359675884e-05
4.855942461290396750e-05
4.844100476475432515e-05
4.834109859075397253e-05
4.827505836146883667e-05
4.824452116736210883e-05
4.824248753720894456e-05
4.825242285733111203e-05
4.825572250410914421e-05
4.823963899980299175e-05
4.819681271328590810e-05
4.813120904145762324e-05
4.805515709449537098e-05
4.798109875991940498e-05
4.791965329786762595e-05
4.787708530784584582e-05
4.785229248227551579e-05
4.783981421496719122e-05
4.783076656167395413e-05
4.781735333381220698e-05
4.779547089128755033e-05
4.776227069669403136e-05
4.772118700202554464e-05
4.767476275446824729e-05
4.762766911881044507e-05
4.758420982398092747e-05
4.754533438244834542e-05
4.751259984914213419e-05
4.748398350784555078e-05
4.745802652905695140e-05
4.743333556689321995e-05
4.740794611279852688e-05
4.738182906294241548e-05
4.735410038847476244e-05
4.732374509330838919e-05
4.729403372039087117e-05
4.726384213427081704e-05
4.723477468360215425e-05
4.720648939837701619e-05
4.718127456726506352e-05
4.715913746622391045e-05
4.714232636615633965e-05
4.713327143690548837e-05
4.713616726803593338e-05
4.715871546068228781e-05
4.721065124613232911e-05
4.730870932689867914e-05
4.748006904264912009e-05
4.776569767273031175e-05
4.822846312890760601e-05
4.896222890238277614e-05
5.009251617593690753e-05
5.177111961529590189e-05
5.411629535956308246e-05
5.708053140551783144e-05
6.020741784595884383e-05
6.241580558707937598e-05
6.222892261575907469e-05
5.880998651264235377e-05
5.324293306330218911e-05
4.833186540054157376e-05
4.651234849006868899e-05
4.799976159119978547e-05
5.090309423394501209e-05
5.275699004414491355e-05
5.214913471718318760e-05
4.961791637470014393e-05
4.711645306088030338e-05
4.632202399079687893e-05
4.731874287244863808e-05
4.881084896624088287e-05
4.936793993692845106e-05
4.855114457313902676e-05
4.711083238362334669e-05
4.618901948560960591e-05
4.631285628420300782e-05
4.706929757958278060e-05
4.762179378303699195e-05
4.746090780827216804e-05
4.675874515669420362e-05
4.610440737451426685e-05
4.594548590830527246e-05
4.624525536200962961e-05
4.660680860979482532e-05
4.666290988097898662e-05
4.636778976419009268e-05
4.596923463395796716e-05
4.575669663609005511e-05
4.581427492666989565e-05
4.599967724061571062e-05
4.609980896930210292e-05
4.601061300490982831e-05
4.579882443067617714e-05
4.561515015666373074e-05
4.556073326966725290e-05
4.561854075291194022e-05
4.569030716083943844e-05
4.568833173834718764e-05
4.559738590614870191e-05
4.547410571831278503e-05
4.538757275440730155e-05
4.536737469607032835e-05
4.538905341178178787e-05
4.540367081062868237e-05
4.537579297902993858e-05
4.531091326498426497e-05
4.523680399870499969e-05
4.518600690062157810e-05
4.516459011938422918e-05
4.516215267358347774e-05
4.515347609412856400e-05
4.512454324867576361e-05
4.507850826485082507e-05
4.502823139773681760e-05
4.498837006394751370e-05
4.496220572036691010e-05
4.494548920774832368e-05
4.492803054745309055e-05
4.490116771194152534e-05
4.486602847464382648e-05
4.482751683099195361e-05
4.479126437217928469e-05
4.476254616747610271e-05
4.473866283660754561e-05
4.471561987884342670e-05
4.469074337976053357e-05
4.466049358597956598e-05
4.462834840524010360e-05
4.459614865481853485e-05
4.456514943740330637e-05
4.453770816326141357e-05
4.451260974747128785e-05
4.448667095857672393e-05
4.445956437848508358e-05
4.443095167516730726e-05
4.440088741830550134e-05
4.437073948793113232e-05
4.434189759194850922e-05
4.431415800354443491e-05
4.428702959557995200e-05
4.426054874784313142e-05
4.423340214998461306e-05
4.420603727339766920e-05
4.417723175720311701e-05
4.414956856635399163e-05
4.412245834828354418e-05
4.409601024235598743e-05
4.407205051393248141e-05
4.405048457556404173e-05
4.403117782203480601e-05
4.401751721161417663e-05
4.401280966703779995e-05
4.402291597216390073e-05
4.405908839544281363e-05
4.413852730067446828e-05
4.429080945556052029e-05
4.456864189705811441e-05
4.505805918597616255e-05
4.590575190377421677e-05
4.735210313810966909e-05
4.977942080586217344e-05
5.372290979721583426e-05
5.983043956803157926e-05
6.839230627520009875e-05
7.852838461985811591e-05
8.651275129523128271e-05
8.651085954625159502e-05
7.470603304682299495e-05
5.675919237546622753e-05
4.480289499042555690e-05
4.587913645082153380e-05
5.534456067834980786e-05
6.232894520508125424e-05
5.974839223199523985e-05
5.047470403951592743e-05
4.397689190227538347e-05
4.547688513412140310e-05
5.107242395752109587e-05
5.339791823644191027e-05
4.988086584489792585e-05
4.485760655370540917e-05
4.362217805464752018e-05
4.629530303645879030e-05
4.865718074142932892e-05
4.768175494973547757e-05
4.476155299926176667e-05
4.329091461841017008e-05
4.436157905729487538e-05
4.594125493895262480e-05
4.583157351589761674e-05
4.425567385624162853e-05
4.312408418627455831e-05
4.347929279902018607e-05
4.443335274117998779e-05
4.458305920707061887e-05
4.374992568045854568e-05
4.295142935006879270e-05
4.298970816307701170e-05
4.354478733148425817e-05
4.376314609544351697e-05
4.334698678576387465e-05
4.279624045011587441e-05
4.268424163456074893e-05
4.298049316275864840e-05
4.319619620218873024e-05
4.302776142139919102e-05
4.266366522642783821e-05
4.248642289894632995e-05
4.260282003087922931e-05
4.277565676602534950e-05
4.275056562619283795e-05
4.253973747836425900e-05
4.235806773067452013e-05
4.235221786075271666e-05
4.245256786816753447e-05
4.248964978614822030e-05
4.239606278133578598e-05
4.225721932016313076e-05
4.218958201818168163e-05
4.221511335344985127e-05
4.225383599987253547e-05
4.222899951855652034e-05
4.214658838463947177e-05
4.206992525723762810e-05
4.204432116239331663e-05
4.205537334200926125e-05
4.205383083899505436e-05
4.201370029477402568e-05
4.195511428406462073e-05
4.191086554783396423e-05
4.189491301076486707e-05
4.188843377050943673e-05
4.186900332570075989e-05
4.183142300462350249e-05
4.178873859927989542e-05
4.175813955953344703e-05
4.173927663941867650e-05
4.172377521172165871e-05
4.169902604189701378e-05
4.166526196058839560e-05
4.163194535067304969e-05
4.160529715591110289e-05
4.158441515755839646e-05
4.156403520028106868e-05
4.153816189500503242e-05
4.150834865868091583e-05
4.147856452618725598e-05
4.145218554185703397e-05
4.143008845858275890e-05
4.140796590945683420e-05
4.138216900173574686e-05
4.135423660045489669e-05
4.132599133299663663e-05
4.130073284613899887e-05
4.127652209717780352e-05
4.125332998228259385e-05
4.122804966755211353e-05
4.120193261769600213e-05
4.117472781217657030e-05
4.114900366403162479e-05
4.112490205443464220e-05
4.110073132324032485e-05
4.107609856873750687e-05
4.105052357772365212e-05
4.102429375052452087e-05
4.099904981558211148e-05
4.097410783288069069e-05
4.094887481187470257e-05
4.092514791409485042e-05
4.089973663212731481e-05
4.087424531462602317e-05
4.084824468009173870e-05
4.082367013324983418e-05
4.079868449480272830e-05
4.077427365700714290e-05
4.074882235727272928e-05
4.072347655892372131e-05
4.069816350238397717e-05
4.067367626703344285e-05
4.064885433763265610e-05
4.062394509674049914e-05
4.059917409904301167e-05
4.057407932123169303e-05
4.054944292875006795e-05
4.052377698826603591e-05
4.049904600833542645e-05
4.047418406116776168e-05
4.044894012622535229e-05
4.042475484311580658e-05
4.039974010083824396e-05
4.037496546516194940e-05
4.035007077618502080e-05
4.032547803944908082e-05
4.030064883409067988e-05
4.027558316010981798e-05
4.025093949167057872e-05
4.022667781100608408e-05
4.020163760287687182e-05
4.017690298496745527e-05
4.015277590951882303e-05
4.012773206341080368e-05
4.010309567092917860e-05
4.007883762824349105e-05
4.005471055279485881e-05
4.003081630798988044e-05
4.000772605650126934e-05
3.998490137746557593e-05
3.996321902377530932e-05
3.994303551735356450e-05
3.992619531345553696e-05
3.991348785348236561e-05
3.990846380474977195e-05
3.991699122707359493e-05
3.994440339738503098e-05
4.000612898380495608e-05
4.012483623228035867e-05
4.033726145280525088e-05
4.070383147336542606e-05
4.132596950512379408e-05
4.235577944200485945e-05
4.401630212669260800e-05
4.657714453060179949e-05
5.023656558478251100e-05
5.480609615915454924e-05
5.916580630582757294e-05
6.103196938056498766e-05
5.807512934552505612e-05
5.066454104962758720e-05
4.297015038901008666e-05
3.970627221860922873e-05
4.180117684882134199e-05
4.604327114066109061e-05
4.817621811525896192e-05
4.632012132788076997e-05
4.237614120938815176e-05
3.991898847743868828e-05
4.053012889926321805e-05
4.262763104634359479e-05
4.357129000709392130e-05
4.237721077515743673e-05
4.040204657940194011e-05
3.957531589549034834e-05
4.029886258649639785e-05
4.131724563194438815e-05
4.131628520553931594e-05
4.029209594591520727e-05
3.934201959054917097e-05
3.931823448510840535e-05
3.996593295596539974e-05
4.037734470330178738e-05
4.004519360023550689e-05
3.932247273041866720e-05
3.892063614330254495e-05
3.911096428055316210e-05
3.952719634980894625e-05
3.964298230130225420e-05
3.932851541321724653e-05
3.890916559612378478e-05
3.875420952681452036e-05
3.890530206263065338e-05
3.910355371772311628e-05
3.910101440851576626e-05
3.890082734869793057e-05
3.869577994919382036e-05
3.864533937303349376e-05
3.872248635161668062e-05
3.878393181366845965e-05
3.873578316415660083e-05
3.861241566482931376e-05
3.851752262562513351e-05
3.850717621389776468e-05
3.854541864711791277e-05
3.855529939755797386e-05
3.850154462270438671e-05
3.841637226287275553e-05
3.835740062640979886e-05
3.834829840343445539e-05
3.836353062069974840e-05
3.836058021988719702e-05
3.832192305708304048e-05
3.826367901638150215e-05
3.821792415692470968e-05
3.819874473265372217e-05
3.819464109255932271e-05
3.818476034211926162e-05
3.815703894360922277e-05
3.811893475358374417e-05
3.808339533861726522e-05
3.805986489169299603e-05
3.804495645454153419e-05
3.802901483140885830e-05
3.800456761382520199e-05
3.797445242526009679e-05
3.794434451265260577e-05
3.792002098634839058e-05
3.790127811953425407e-05
3.788379763136617839e-05
3.786158777074888349e-05
3.783516876865178347e-05
3.780781480600126088e-05
3.778249447350390255e-05
3.776069934247061610e-05
3.774091965169645846e-05
3.771995761780999601e-05
3.769704198930412531e-05
3.767185626202262938e-05
3.764705252251587808e-05
3.762412598007358611e-05
3.760198524105362594e-05
3.758057209779508412e-05
3.755784928216598928e-05
3.753504279302433133e-05
3.751178883248940110e-05
3.748895687749609351e-05
3.746594302356243134e-05
3.744374771486036479e-05
3.742202170542441308e-05
3.739931707968935370e-05
3.737681981874629855e-05
3.735387508640997112e-05
3.733014818863011897e-05
3.730848766281269491e-05
3.728599767782725394e-05
3.726371505763381720e-05
3.724174894159659743e-05
3.721862231031991541e-05
3.719619780895300210e-05
3.717319486895576119e-05
3.715113416546955705e-05
3.712886973517015576e-05
3.710625242092646658e-05
3.708418080350384116e-05
3.706138159031979740e-05
3.703856418724171817e-05
3.701670721056871116e-05
3.699420267366804183e-05
3.697184729389846325e-05
3.694974657264538109e-05
3.692736936500295997e-05
3.690494486363604665e-05
3.688308424898423254e-05
3.686106720124371350e-05
3.683882096083834767e-05
3.681674570543691516e-05
3.679472865769639611e-05
3.677284621517173946e-05
3.675154948723502457e-05
3.673067112686112523e-05
3.671003651106730103e-05
3.668998760986141860e-05
3.667190321721136570e-05
3.665584154077805579e-05
3.664212272269651294e-05
3.663375537144020200e-05
3.663194729597307742e-05
3.664250107249245048e-05
3.667059354484081268e-05
3.672766979434527457e-05
3.682942042360082269e-05
3.700314846355468035e-05
3.729023228515870869e-05
3.775694858632050455e-05
3.850102802971377969e-05
3.966252916143275797e-05
4.141638419241644442e-05
4.392802293295972049e-05
4.722109224530868232e-05
5.090428385301493108e-05
5.388085992308333516e-05
5.442912151920609176e-05
5.128326301928609610e-05
4.524314499576576054e-05
3.940057285944931209e-05
3.685624324134550989e-05
3.823827864835038781e-05
4.150127278990112245e-05
4.367162182461470366e-05
4.294210521038621664e-05
3.991252015111967921e-05
3.698102591442875564e-05
3.616347021306864917e-05
3.744477362488396466e-05
3.913876207661814988e-05
3.955881038564257324e-05
3.839120836346410215e-05
3.675107654999010265e-05
3.599343108362518251e-05
3.647456105682067573e-05
3.742281842278316617e-05
3.781384293688461185e-05
3.729760646820068359e-05
3.638645284809172153e-05
3.585500962799414992e-05
3.600528361857868731e-05
3.648994243121705949e-05
3.674043546197935939e-05
3.650386497611179948e-05
3.600425407057628036e-05
3.565982842701487243e-05
3.568112515495158732e-05
3.592931534512899816e-05
3.610228668549098074e-05
3.602232754928991199e-05
3.576515518943779171e-05
3.554336944944225252e-05
3.549985558493062854e-05
3.560476761776953936e-05
3.571226625354029238e-05
3.570484113879501820e-05
3.558378739398904145e-05
3.544302671798504889e-05
3.537355587468482554e-05
3.539243698469363153e-05
3.544461287674494088e-05
3.545920117176137865e-05
3.541169644449837506e-05
3.533031485858373344e-05
3.526550790411420166e-05
3.524514613673090935e-05
3.525985448504798114e-05
3.527428634697571397e-05
3.526338332449086010e-05
3.522685074131004512e-05
3.518537414493039250e-05
3.516100696288049221e-05
3.516370270517654717e-05
3.518207086017355323e-05
3.520431346260011196e-05
3.522045881254598498e-05
3.523728810250759125e-05
3.527115404722280800e-05
3.533734707161784172e-05
3.544763967511244118e-05
3.560800178092904389e-05
3.583022407838143408e-05
3.613042645156383514e-05
3.654143802123144269e-05
3.710664532263763249e-05
3.787820241996087134e-05
3.890278821927495301e-05
4.022020220872946084e-05
4.181868280284106731e-05
4.363236439530737698e-05
4.543600152828730643e-05
4.689099660026840866e-05
4.747804632643237710e-05
4.679174162447452545e-05
4.465993697522208095e-05
4.151445682509802282e-05
3.820415076916106045e-05
3.570258559193462133e-05
3.459794243099167943e-05
3.489135633572004735e-05
3.608524275477975607e-05
3.745996218640357256e-05
3.837162512354552746e-05
3.844717502943240106e-05
3.770396870095282793e-05
3.648308847914449871e-05
3.528622983139939606e-05
3.452794044278562069e-05
3.436835322645492852e-05
3.469503644737415016e-05
3.522962288116104901e-05
3.566986197256483138e-05
3.581489363568834960e-05
3.562252459232695401e-05
3.519438178045675159e-05
3.471038144198246300e-05
3.433834353927522898e-05
3.417054176679812372e-05
3.420464781811460853e-05
3.436315819271840155e-05
3.453989120316691697e-05
3.464531982899643481e-05
3.463681787252426147e-05
3.451968950685113668e-05
3.434226528042927384e-05
3.416054460103623569e-05
3.402554284548386931e-05
3.395918975002132356e-05
3.395714884391054511e-05
3.399550769245252013e-05
3.404153176234103739e-05
3.407001713640056551e-05
3.406446194276213646e-05
3.402422225917689502e-05
3.396085958229377866e-05
3.388784170965664089e-05
3.382041904842481017e-05
3.376795575604774058e-05
3.373476647539064288e-05
3.371853381395339966e-05
3.371349521330557764e-05
3.371268394403159618e-05
3.370934791746549308e-05
3.369917249074205756e-05
3.368087709532119334e-05
3.365429438417777419e-05
3.362230927450582385e-05
3.358789763296954334e-05
3.355426815687678754e-05
3.352318890392780304e-05
3.349632970639504492e-05
3.347351594129577279e-05
3.345470031490549445e-05
3.343759453855454922e-05
3.342155105201527476e-05
3.340575494803488255e-05
3.338994429213926196e-05
3.337219459353946149e-05
3.335390283609740436e-05
3.333354470669291914e-05
3.331259358674287796e-05
3.329086757730692625e-05
3.326823571114800870e-05
3.324576391605660319e-05
3.322411794215440750e-05
3.320172254461795092e-05
3.318036033306270838e-05
3.315957292215898633e-05
3.313920751679688692e-05
3.311866021249443293e-05
3.309908788651227951e-05
3.307983206468634307e-05
3.306052167317830026e-05
3.304110214230604470e-05
3.302184268250130117e-05
3.300277239759452641e-05
3.298392039141617715e-05
3.296502836747094989e-05
3.294670750619843602e-05
3.292760084150359035e-05
3.290833046776242554e-05
3.288969310233369470e-05
3.287108120275661349e-05
3.285216007498092949e-05
3.283416299382224679e-05
3.281599856563843787e-05
3.279844895587302744e-05
3.278063013567589223e-05
3.276347342762164772e-05
3.274753180448897183e-05
3.273183756391517818e-05
3.271772220614366233e-05
3.270486922701820731e-05
3.269435546826571226e-05
3.268668297096155584e-05
3.268347427365370095e-05
3.268607906647957861e-05
3.269607623224146664e-05
3.271823152317665517e-05
3.275579001638107002e-05
3.281649696873500943e-05
3.291004031780175865e-05
3.305192876723594964e-05
3.326015576021745801e-05
3.356586603331379592e-05
3.400926289032213390e-05
3.464713154244236648e-05
3.555173680069856346e-05
3.681344605865888298e-05
3.851388464681804180e-05
4.071285002282820642e-05
4.334299592301249504e-05
4.615456418832764030e-05
4.854475628235377371e-05
4.969867586623877287e-05
4.875305239693261683e-05
4.556156272883526981e-05
4.094284668099135160e-05
3.660032962216064334e-05
3.407543408684432507e-05
3.393032602616585791e-05
3.552712951204739511e-05
3.750590622075833380e-05
3.851130531984381378e-05
3.786026718444190919e-05
3.588354593375697732e-05
3.367292447364889085e-05
3.234695032006129622e-05
3.235333861084654927e-05
3.331062907818704844e-05
3.438373823883011937e-05
3.483200998743996024e-05
3.440844739088788629e-05
3.342621857882477343e-05
3.248416032874956727e-05
3.205287794116884470e-05
3.220795406377874315e-05
3.266173007432371378e-05
3.301236574770882726e-05
3.300446405773982406e-05
3.265343912062235177e-05
3.218564597773365676e-05
3.185972673236392438e-05
3.180605563102290034e-05
3.196989928255788982e-05
3.218572965124621987e-05
3.228721470804885030e-05
3.220872531528584659e-05
3.199906495865434408e-05
3.177401595166884363e-05
3.163640576531179249e-05
3.162278153467923403e-05
3.169444244122132659e-05
3.177577673341147602e-05
3.180218482157215476e-05
3.174869925715029240e-05
3.164213558193296194e-05
3.152982753817923367e-05
3.145380833302624524e-05
3.143201683997176588e-05
3.145131267956458032e-05
3.148233008687384427e-05
3.149537224089726806e-05
3.147670213365927339e-05
3.143112189718522131e-05
3.137406383757479489e-05
3.132467463728971779e-05
3.129240212729200721e-05
3.127957097603939474e-05
3.127902527921833098e-05
3.127826857962645590e-05
3.126961019006557763e-05
3.125067087239585817e-05
3.122181806247681379e-05
3.119074972346425056e-05
3.116306106676347554e-05
3.114190985797904432e-05
3.112781632808037102e-05
3.111812475253827870e-05
3.111205660388804972e-05
3.110404941253364086e-05
3.109388853772543371e-05
3.108353121206164360e-05
3.107412339886650443e-05
3.106915028183721006e-05
3.107120937784202397e-05
3.108496093773283064e-05
3.111209662165492773e-05
3.115742947557009757e-05
3.122533962596207857e-05
3.132515848847106099e-05
3.146716335322707891e-05
3.166960959788411856e-05
3.195579120074398816e-05
3.235754047636874020e-05
3.291412213002331555e-05
3.366812961758114398e-05
3.466285488684661686e-05
3.591321365092881024e-05
3.738693339983001351e-05
3.893743632943369448e-05
4.028524926980026066e-05
4.100455043953843415e-05
4.068077396368607879e-05
3.911963358405046165e-05
3.661823211587034166e-05
3.390058554941788316e-05
3.181577994837425649e-05
3.087829463765956461e-05
3.107298107352107763e-05
3.195602039340883493e-05
3.292639667051844299e-05
3.348986865603365004e-05
3.342304989928379655e-05
3.281933823018334806e-05
3.199098500772379339e-05
3.128814933006651700e-05
3.091934195253998041e-05
3.089285382884554565e-05
3.106248550466261804e-05
3.123844362562522292e-05
3.129063043161295354e-05
3.119162283837795258e-05
3.100325557170435786e-05
3.081773320445790887e-05
3.070031743845902383e-05
3.066148565267212689e-05
3.066492354264482856e-05
3.065658165724016726e-05
3.060159360757097602e-05
3.050134910154156387e-05
3.038340219063684344e-05
3.028826540685258806e-05
3.024361467396374792e-05
3.025107798748649657e-05
3.028888386324979365e-05
3.032381755474489182e-05
3.032801214430946857e-05
3.028904575330670923e-05
3.021335032826755196e-05
3.012182423844933510e-05
3.003805795742664486e-05
2.998048694280441850e-05
2.995586692122742534e-05
2.995897011714987457e-05
2.997524097736459225e-05
2.999064599862322211e-05
2.999347816512454301e-05
2.997857700393069535e-05
2.994794704136438668e-05
2.990738903463352472e-05
2.986535946547519416e-05
2.982755177072249353e-05
2.979808050440624356e-05
2.977715303131844848e-05
2.976177893287967891e-05
2.974920971610117704e-05
2.973712980747222900e-05
2.972293259517755359e-05
2.970547575387172401e-05
2.968678745673969388e-05
2.966548345284536481e-05
2.964641498692799360e-05
2.962785038107540458e-05
2.961050086014438421e-05
2.959506127808708698e-05
2.958141340059228241e-05
2.956783646368421614e-05
2.955492163891904056e-05
2.954180126835126430e-05
2.952921022369991988e-05
2.951735768874641508e-05
2.950681300717405975e-05
2.949986992462072521e-05
2.949866575363557786e-05
2.950634188891854137e-05
2.952656177512835711e-05
2.956629759864881635e-05
2.963500810437835753e-05
2.974842936964705586e-05
2.992904410348273814e-05
3.020994881808292121e-05
3.064353950321674347e-05
3.130194818368181586e-05
3.228319837944582105e-05
3.370417471160180867e-05
3.566752275219187140e-05
3.818190452875569463e-05
4.100813748664222658e-05
4.348755828686989844e-05
4.454249938135035336e-05
4.315169280744157732e-05
3.928320438717491925e-05
3.442383967922069132e-05
3.082300099777057767e-05
2.989890344906598330e-05
3.135352744720876217e-05
3.360057962709106505e-05
3.487827416392974555e-05
3.429464777582325041e-05
3.230431320844218135e-05
3.026551348739303648e-05
2.935858901764731854e-05
2.977101212309207767e-05
3.076795837841928005e-05
3.139623731840401888e-05
3.117758387816138566e-05
3.033639768545981497e-05
2.949382360384333879e-05
2.914491597039159387e-05
2.933747600764036179e-05
2.975022653117775917e-05
2.999446405738126487e-05
2.988831511174794286e-05
2.952289469249080867e-05
2.914429387601558119e-05
2.895648503908887506e-05
2.900116851378697902e-05
2.916694575105793774e-05
2.928554567915853113e-05
2.924861655628774315e-05
2.906902591348625720e-05
2.885398316720966250e-05
2.872381446650251746e-05
2.872767618100624532e-05
2.881762156903278083e-05
2.889368988689966500e-05
2.887974369514267892e-05
2.877408041968010366e-05
2.864057569240685552e-05
2.855607635865453631e-05
2.855343518604058772e-05
2.860404129023663700e-05
2.864746602426748723e-05
2.864068665076047182e-05
2.858266088878735900e-05
2.850981400115415454e-05
2.846337338269222528e-05
2.846091774699743837e-05
2.848819713108241558e-05
2.851896169886458665e-05
2.853289697668515146e-05
2.853130899893585593e-05
2.852995203284081072e-05
2.855021375580690801e-05
2.860696986317634583e-05
2.870428215828724205e-05
2.884435161831788719e-05
2.903465065173804760e-05
2.929435140686109662e-05
2.965287967526819557e-05
3.015607398992870003e-05
3.085317803197540343e-05
3.180864587193354964e-05
3.307312726974487305e-05
3.469312650850042701e-05
3.663551979116164148e-05
3.877925701090134680e-05
4.077645280631259084e-05
4.213739885017275810e-05
4.219604670652188361e-05
4.057467231177724898e-05
3.737129736691713333e-05
3.347306119394488633e-05
3.009738611581269652e-05
2.823932845785748214e-05
2.816056257870513946e-05
2.939125442935619503e-05
3.105857831542380154e-05
3.228907735319808125e-05
3.254030525567941368e-05
3.174884113832376897e-05
3.032814674952533096e-05
2.890923860832117498e-05
2.803246752591803670e-05
2.790170401567593217e-05
2.835835039149969816e-05
2.902735832321923226e-05
2.952028989966493100e-05
2.960616257041692734e-05
2.926995512098073959e-05
2.869197669497225434e-05
2.812564525811467320e-05
2.777594818326178938e-05
2.771804793155752122e-05
2.788970232359133661e-05
2.814828621922060847e-05
2.834397309925407171e-05
2.838487671397160739e-05
2.825980300258379430e-05
2.803114330163225532e-05
2.778942325676325709e-05
2.761711584753356874e-05
2.755193236225750297e-05
2.758452865236904472e-05
2.766895704553462565e-05
2.775167195068206638e-05
2.779041278699878603e-05
2.776777910185046494e-05
2.769389175227843225e-05
2.759456037892960012e-05
2.750017119979020208e-05
2.743335244304034859e-05
2.740255695243831724e-05
2.740348463703412563e-05
2.742133438005112112e-05
2.744078483374323696e-05
2.744885932770557702e-05
2.743940058280713856e-05
2.741175012488383800e-05
2.737304566835518926e-05
2.733103792706970125e-05
2.729167135839816183e-05
2.726029561017639935e-05
2.723906436585821211e-05
2.722669523791410029e-05
2.722033423196990043e-05
2.721547025430481881e-05
2.721014243434183300e-05
2.720100928854662925e-05
2.718700125114992261e-05
2.716850212891586125e-05
2.714784204727038741e-05
2.712521927605848759e-05
2.710287844820413738e-05
2.708205829549115151e-05
2.706306986510753632e-05
2.704581856960430741e-05
2.703132486203685403e-05
2.701771154534071684e-05
2.700517870835028589e-05
2.699363176361657679e-05
2.698044772841967642e-05
2.696754563658032566e-05
2.695375587791204453e-05
2.693992973945569247e-05
2.692446469154674560e-05
2.690905421331990510e-05
2.689361826924141496e-05
2.687843334570061415e-05
2.686381412786431611e-05
2.684978790057357401e-05
2.683651473489589989e-05
2.682507692952640355e-05
2.681545993254985660e-05
2.680875513760838658e-05
2.680744910321664065e-05
2.681200021470431238e-05
2.682832746359053999e-05
2.686117113626096398e-05
2.692009547899942845e-05
2.702083475014660507e-05
2.718569157877936959e-05
2.745265010162256658e-05
2.787893754430115223e-05
2.854973536159377545e-05
2.958453842438757420e-05
3.113807906629517674e-05
3.335781730129383504e-05
3.628318881965242326e-05
3.961934271501377225e-05
4.247608740115538239e-05
4.334957338869571686e-05
4.094569521839730442e-05
3.559781544026918709e-05
2.984113780257757753e-05
2.670040339580737054e-05
2.728770959947723895e-05
3.017599374288693070e-05
3.272345566074363887e-05
3.292252949904650450e-05
3.069602462346665561e-05
2.784429125313181430e-05
2.643904008436948061e-05
2.709256295929662883e-05
2.870990829251240939e-05
2.965276871691457927e-05
2.911905176006257534e-05
2.764757300610654056e-05
2.648239751579239964e-05
2.640553066157735884e-05
2.716440940275788307e-05
2.787430457829032093e-05
2.786469121929258108e-05
2.718884206842631102e-05
2.645197491801809520e-05
2.620638770167715847e-05
2.649526868481189013e-05
2.691929330467246473e-05
2.704841790546197444e-05
2.678099735931027681e-05
2.636598037497606128e-05
2.612778007460292429e-05
2.618773396534379572e-05
2.640305501699913293e-05
2.653705450939014554e-05
2.646519897098187357e-05
2.625408524181693792e-05
2.606946691230405122e-05
2.602742824819870293e-05
2.610866613395046443e-05
2.620480518089607358e-05
2.621688327053561807e-05
2.613153264974243939e-05
2.601383312139660120e-05
2.594055149529594928e-05
2.594147554191295058e-05
2.598472929093986750e-05
2.601459891593549401e-05
2.599546860437840223e-05
2.593722820165567100e-05
2.587522612884640694e-05
2.584124740678817034e-05
2.584195863164495677e-05
2.585690708656329662e-05
2.586107257229741663e-05
2.584129651950206608e-05
2.580546788522042334e-05
2.576852057245559990e-05
2.574600148363970220e-05
2.573884739831555635e-05
2.573866004240699112e-05
2.573405981820542365e-05
2.571895493019837886e-05
2.569524440332315862e-05
2.567017145338468254e-05
2.565105933172162622e-05
2.563901034591253847e-05
2.563188718340825289e-05
2.562433655839413404e-05
2.561198198236525059e-05
2.559573476901277900e-05
2.557772859290707856e-05
2.556165054556913674e-05
2.555010541982483119e-05
2.554219099693000317e-05
2.553764898038934916e-05
2.553399826865643263e-05
2.553321246523410082e-05
2.553911690483801067e-05
2.555600076448172331e-05
2.559239874244667590e-05
2.566071270848624408e-05
2.577786654001101851e-05
2.597264210635330528e-05
2.629200753290206194e-05
2.681323894648812711e-05
2.765566750895231962e-05
2.901019433920737356e-05
3.114599167020060122e-05
3.443101377342827618e-05
3.921471579815261066e-05
4.564070331980474293e-05
5.293060530675575137e-05
5.895560389035381377e-05
5.991201396682299674e-05
5.328621773514896631e-05
4.089287176611833274e-05
2.971447429445106536e-05
2.596525700937490910e-05
2.994912028952967376e-05
3.646789991762489080e-05
3.932231265935115516e-05
3.610271960496902466e-05
2.981219404318835586e-05
2.589931682450696826e-05
2.686357765924185514e-05
3.044157529075164348e-05
3.244893741793930531e-05
3.083582851104438305e-05
2.733710425673052669e-05
2.525553281884640455e-05
2.602244421723298728e-05
2.812286402331665158e-05
2.906670852098613977e-05
2.793102430587168783e-05
2.597250204416923225e-05
2.504335679986979812e-05
2.566430157457944006e-05
2.677493466762825847e-05
2.707063686102628708e-05
2.629853588587138802e-05
2.530564415792468935e-05
2.499667061783839017e-05
2.544094604672864079e-05
2.597128150227945298e-05
2.597364073153585196e-05
2.546924952184781432e-05
2.497007881174795330e-05
2.489251892257016152e-05
2.517585016903467476e-05
2.543430491641629487e-05
2.538281114539131522e-05
2.508572288206778467e-05
2.482665877323597670e-05
2.479901741025969386e-05
2.494629006832838058e-05
2.506547207303810865e-05
2.502116876712534577e-05
2.485920958861242980e-05
2.472414416843093932e-05
2.471028892614413053e-05
2.478216083545703441e-05
2.483782373019494116e-05
2.480778857716359198e-05
2.471548395988065749e-05
2.463294913468416780e-05
2.461258191033266485e-05
2.464279350533615798e-05
2.467106241965666413e-05
2.465895522618666291e-05
2.460924042679835111e-05
2.455710455251391977e-05
2.453281376801896840e-05
2.453754314046818763e-05
2.454848254274111241e-05
2.454232162563130260e-05
2.451389082125388086e-05
2.447843326081056148e-05
2.445405334583483636e-05
2.444593701511621475e-05
2.444663732603657991e-05
2.444287565595004708e-05
2.442751065245829523e-05
2.440372554701752961e-05
2.438137380522675812e-05
2.436637623759452254e-05
2.435926580801606178e-05
2.435314672766253352e-05
2.434271664242260158e-05
2.432640758343040943e-05
2.430817403364926577e-05
2.429162486805580556e-05
2.427953040751162916e-05
2.426968239888083190e-05
2.426021455903537571e-05
2.424861850158777088e-05
2.423491605441085994e-05
2.421931822027545422e-05
2.420528835500590503e-05
2.419305747025646269e-05
2.418210533505771309e-05
2.417102041363250464e-05
2.415912058495450765e-05
2.414647497062105685e-05
2.413239053566940129e-05
2.411910827504470944e-05
2.410634806437883526e-05
2.409453554719220847e-05
2.408304317214060575e-05
2.407137981208506972e-05
2.405885425105225295e-05
2.404626684437971562e-05
2.403308099019341171e-05
2.402043173788115382e-05
2.400843004579655826e-05
2.399658478680066764e-05
2.398503602307755500e-05
2.397265416220761836e-05
2.396028139628469944e-05
2.394803232164122164e-05
2.393523209320846945e-05
2.392289934505242854e-05
2.391054476902354509e-05
2.389869769103825092e-05
2.388680513831786811e-05
2.387451058893930167e-05
2.386286359978839755e-05
2.385050720477011055e-05
2.383843639108818024e-05
2.382629099884070456e-05
2.381394006079062819e-05
2.380238765908870846e-05
2.379080615355633199e-05
2.377946839260403067e-05
2.376798147452063859e-05
2.375684380240272731e-05
2.374612995481584221e-05
2.373683673795312643e-05
2.372831477259751409e-05
2.372138442297000438e-05
2.371699702052865177e-05
2.371663322264794260e-05
2.372230846958700567e-05
2.373709503444842994e-05
2.376569682382978499e-05
2.381564081588294357e-05
2.389968722127377987e-05
2.403658436378464103e-05
2.425538514216896147e-05
2.460232826706487685e-05
2.514379229978658259e-05
2.598234641482122242e-05
2.725241938605904579e-05
2.911191586463246495e-05
3.168684270349331200e-05
3.492775431368499994e-05
3.836488394881598651e-05
4.088748755748383701e-05
4.094030737178400159e-05
3.756783553399145603e-05
3.173091681674122810e-05
2.626532295835204422e-05
2.383329592703375965e-05
2.491090890544001013e-05
2.774432505248114467e-05
2.983425292768515646e-05
2.960951132990885526e-05
2.738125658652279526e-05
2.493150896043516695e-05
2.393204886175226420e-05
2.462754127918742597e-05
2.590507028799038380e-05
2.642518484208267182e-05
2.572304583736695349e-05
2.444377787469420582e-05
2.362903251196257770e-05
2.376753764110617340e-05
2.447463157295715064e-05
2.496353590686339885e-05
2.475923247402533889e-05
2.404106271569617093e-05
2.339404272788669914e-05
2.325951754755806178e-05
2.359540303586982191e-05
2.399872028036043048e-05
2.409222906862851232e-05
2.381419471930712461e-05
2.340853097848594189e-05
2.317465805390384048e-05
2.321648935321718454e-05
2.340619903407059610e-05
2.353104900976177305e-05
2.347771987842861563e-05
2.330023926333524287e-05
2.314057383046019822e-05
2.309794945176690817e-05
2.316096652066335082e-05
2.323818807781208307e-05
2.324403794773388654e-05
2.316522295586764812e-05
2.305728958162944764e-05
2.298856270499527454e-05
2.298881554452236742e-05
2.303231849509757012e-05
2.306674286955967546e-05
2.305794441781472415e-05
2.300697269674856216e-05
2.294570549565833062e-05
2.290652082592714578e-05
2.289935764565598220e-05
2.291178498126100749e-05
2.292008684889879078e-05
2.290933480253443122e-05
2.288139330630656332e-05
2.284895344928372651e-05
2.282613786519505084e-05
2.281714296259451658e-05
2.281691922689788043e-05
2.281561683048494160e-05
2.280567969137337059e-05
2.278632746310904622e-05
2.276333361805882305e-05
2.274352482345420867e-05
2.273080281156580895e-05
2.272372512379661202e-05
2.271826087962836027e-05
2.270997356390580535e-05
2.269745527883060277e-05
2.268214302603155375e-05
2.266649607918225229e-05
2.265262810396961868e-05
2.264189060952048749e-05
2.263281385239679366e-05
2.262409725517500192e-05
2.261334520881064236e-05
2.260048859170638025e-05
2.258683707623276860e-05
2.257399137306492776e-05
2.256175503134727478e-05
2.255069193779490888e-05
2.254037644888740033e-05
2.253019738418515772e-05
2.251940350106451660e-05
2.250731813546735793e-05
2.249598583148326725e-05
2.248371674795635045e-05
2.247255906695500016e-05
2.246128860861063004e-05
2.245007271994836628e-05
2.243917879241053015e-05
2.242849041067529470e-05
2.241757283627521247e-05
2.240606227132957429e-05
2.239469176856800914e-05
2.238297929579857737e-05
2.237210355815477669e-05
2.236091131635475904e-05
2.234967178083024919e-05
2.233871418866328895e-05
2.232786209788173437e-05
2.231746293546166271e-05
2.230615791631862521e-05
2.229539495601784438e-05
2.228404446213971823e-05
2.227319782832637429e-05
2.226300966867711395e-05
2.225231037300545722e-05
2.224191666755359620e-05
2.223254159616772085e-05
2.222276998509187251e-05
2.221344220743048936e-05
2.220503665739670396e-05
2.219789530499838293e-05
2.219211637566331774e-05
2.218863664893433452e-05
2.218835106759797782e-05
2.219325688201934099e-05
2.220558599219657481e-05
2.222863986389711499e-05
2.226806464022956789e-05
2.233216946478933096e-05
2.243399285362102091e-05
2.259265420434530824e-05
2.283869616803713143e-05
2.321662213944364339e-05
2.379643774474970996e-05
2.467704507580492646e-05
2.600319930934347212e-05
2.795299769786652178e-05
3.074493724852800369e-05
3.450381336733698845e-05
3.916088826372288167e-05
4.400378020363859832e-05
4.763740798807702959e-05
4.789874219568446279e-05
4.353612166596576571e-05
3.544446371961385012e-05
2.727813989622518420e-05
2.283302819705568254e-05
2.342270454391837120e-05
2.724483601923566312e-05
3.095037391176447272e-05
3.183768058079294860e-05
2.936981218226719648e-05
2.544753806432709098e-05
2.273440804856363684e-05
2.261403096781577915e-05
2.435656278976239264e-05
2.605486224638298154e-05
2.622835745569318533e-05
2.481784213159698993e-05
2.301858512510079890e-05
2.212117215094622225e-05
2.248925375170074403e-05
2.345079519727732986e-05
2.401400342932902277e-05
2.369495814491529018e-05
2.279627005918882787e-05
2.203461917815729976e-05
2.189599399571307003e-05
2.229861092928331345e-05
2.276226769026834518e-05
2.284987203893251717e-05
2.249441604362800717e-05
2.198336369474418461e-05
2.167780439776834100e-05
2.172536005673464388e-05
2.198934998887125403e-05
2.220116039097774774e-05
2.218104782514274120e-05
2.195200795540586114e-05
2.168457467632833868e-05
2.154899084416683763e-05
2.159229188691824675e-05
2.172847780457232147e-05
2.182649586757179350e-05
2.180724914069287479e-05
2.168964965676423162e-05
2.155665788450278342e-05
2.148404200852382928e-05
2.149406100215855986e-05
2.154845969926100224e-05
2.158960160159040242e-05
2.158145434805192053e-05
2.152826709789223969e-05
2.146336555597372353e-05
2.142092853318899870e-05
2.141461118299048394e-05
2.143185702152550220e-05
2.144826976291369647e-05
2.144657082681078464e-05
2.142370794899761677e-05
2.139212119800504297e-05
2.136756666004657745e-05
2.136043258360587060e-05
2.136978400812949985e-05
2.138790296157822013e-05
2.140534161299001426e-05
2.141852746717631817e-05
2.143359597539529204e-05
2.145988219126593322e-05
2.151101580238901079e-05
2.159575706173200160e-05
2.172549284296110272e-05
2.191123894590418786e-05
2.217032488260883838e-05
2.252947524539195001e-05
2.302562097611371428e-05
2.370218498981557786e-05
2.460009091009851545e-05
2.573535311967134476e-05
2.706342820602003485e-05
2.843449510692153126e-05
2.954972660518251359e-05
2.999751814058981836e-05
2.939447585958987474e-05
2.766619945759885013e-05
2.522521572245750576e-05
2.287749521201476455e-05
2.139609568985179067e-05
2.111441244778688997e-05
2.181219133490230888e-05
2.291217970196157694e-05
2.378201861574780196e-05
2.399380900897085667e-05
2.347788176848553121e-05
2.252015656267758459e-05
2.158518145733978599e-05
2.105956264131236821e-05
2.106430838466621935e-05
2.144428071915172040e-05
2.189973747590556741e-05
2.215598033217247576e-05
2.208796649938449264e-05
2.175211011490318924e-05
2.132852932845707983e-05
2.100944402627646923e-05
2.090341149596497416e-05
2.099517769238445908e-05
2.118201700795907527e-05
2.133879752364009619e-05
2.137943192792590708e-05
2.128851338056847453e-05
2.111743924615439028e-05
2.094336741720326245e-05
2.083248546114191413e-05
2.080863851006142795e-05
2.085468440782278776e-05
2.092635986628010869e-05
2.097882315865717828e-05
2.098387994919903576e-05
2.094040246447548270e-05
2.086739004880655557e-05
2.079210025840438902e-05
2.073881114483810961e-05
2.071654307655990124e-05
2.072198185487650335e-05
2.074113035632763058e-05
2.075909833365585655e-05
2.076273813145235181e-05
2.074978510790970176e-05
2.072161078103817999e-05
2.068789399345405400e-05
2.065637272608000785e-05
2.063248939521145076e-05
2.061874693026766181e-05
2.061405029962770641e-05
2.061454506474547088e-05
2.061460691038519144e-05
2.061124359897803515e-05
2.060262704617343843e-05
2.058900463453028351e-05
2.057200254057534039e-05
2.055375443887896836e-05
2.053756543318741024e-05
2.052320451184641570e-05
2.051233968813903630e-05
2.050381408480461687e-05
2.049674185400363058e-05
2.049054819508455694e-05
2.048335954896174371e-05
2.047513225988950580e-05
2.046586996584665030e-05
2.045510882453527302e-05
2.044353641394991428e-05
2.043202039203606546e-05
2.042022424575407058e-05
2.040935760305728763e-05
2.039883838733658195e-05
2.038874117715749890e-05
2.037998820014763623e-05
2.037147169176023453e-05
2.036319710896350443e-05
2.035555735346861184e-05
2.034838871622923762e-05
2.034110002568922937e-05
2.033471901086159050e-05
2.032922566286288202e-05
2.032518750638701022e-05
2.032363772741518915e-05
2.032560041698161513e-05
2.033258169831242412e-05
2.034725548583082855e-05
2.037297235801815987e-05
2.041428524535149336e-05
2.047839734586887062e-05
2.057269739452749491e-05
2.070717164315283298e-05
2.088772998831700534e-05
2.111509820679202676e-05
2.137293449777644128e-05
2.162133387173525989e-05
2.179853254347108305e-05
2.184497498092241585e-05
2.174963083234615624e-05
2.157744529540650547e-05
2.145109829143621027e-05
2.147252598660998046e-05
2.166138256143312901e-05
2.194777152908500284e-05
2.222003422502893955e-05
2.238077286165207624e-05
2.239513014501426369e-05
2.229763776995241642e-05
2.217547989857848734e-05
2.210776438005268574e-05
2.213268999184947461e-05
2.223429328296333551e-05
2.237621629319619387e-05
2.254195533168967813e-05
2.277700696140527725e-05
2.319154009455814958e-05
2.392773967585526407e-05
2.510548438294790685e-05
2.676319854799658060e-05
2.882901571865659207e-05
3.107117299805395305e-05
3.311873661004938185e-05
3.443608511588536203e-05
3.453391036600805819e-05
3.308923987788148224e-05
3.034361725440248847e-05
2.701855737541336566e-05
2.414833579678088427e-05
2.247208794869948179e-05
2.212773688370361924e-05
2.264468093926552683e-05
2.329664857825264335e-05
2.352913725189864635e-05
2.322127875231672078e-05
2.264241811644751579e-05
2.214525738963857293e-05
2.190207123931031674e-05
2.182454591093119234e-05
2.170823063352145255e-05
2.142176708730403334e-05
2.100520759995561093e-05
2.062126077362336218e-05
2.042487722064834088e-05
2.046597546723205596e-05
2.066621345875319093e-05
2.087040229525882751e-05
2.092732211167458445e-05
2.076275995932519436e-05
2.042166306637227535e-05
2.004327689064666629e-05
1.978698492166586220e-05
1.974159386008977890e-05
1.988160875043831766e-05
2.009200215979944915e-05
2.023822162300348282e-05
2.024305103986989707e-05
2.011111064348369837e-05
1.991354838537517935e-05
1.973527287191245705e-05
1.963258182513527572e-05
1.961745510925538838e-05
1.966321724466979504e-05
1.972620884771458805e-05
1.976957901206333190e-05
1.977292959054466337e-05
1.973721191461663693e-05
1.967982825590297580e-05
1.962268652277998626e-05
1.958335633389651775e-05
1.956605592567939311e-05
1.956302367034368217e-05
1.956254163815174252e-05
1.955493280547671020e-05
1.953738683369010687e-05
1.951573722180910408e-05
1.949490433617029339e-05
1.948097997228614986e-05
1.947372402355540544e-05
1.947098826349247247e-05
1.946975135069806129e-05
1.946582779055461287e-05
1.945740223163738847e-05
1.944317227753344923e-05
1.942493690876290202e-05
1.940515358000993729e-05
1.938669811352156103e-05
1.937154775077942759e-05
1.936144144565332681e-05
1.935499494720716029e-05
1.935091677296441048e-05
1.934823194460477680e-05
1.934430656547192484e-05
1.933960629685316235e-05
1.933418752741999924e-05
1.933007661136798561e-05
1.932622399181127548e-05
1.932491068146191537e-05
1.932789018610492349e-05
1.933517160068731755e-05
1.935102773131802678e-05
1.937708839250262827e-05
1.941796472237911075e-05
1.947970304172486067e-05
1.957250060513615608e-05
1.970953780983109027e-05
1.991270437429193407e-05
2.021114596573170274e-05
2.064630098175257444e-05
2.127211701008491218e-05
2.215418498963117599e-05
2.335698263777885586e-05
2.491456507414113730e-05
2.676705480553209782e-05
2.867783769033849239e-05
3.015288166352547705e-05
3.052264219149947166e-05
2.924681939475703984e-05
2.642511026351712644e-05
2.300264350196812302e-05
2.034258068306371570e-05
1.937697015819139779e-05
2.009087074839044362e-05
2.166375270462594926e-05
2.300580126757267863e-05
2.331039468117523938e-05
2.242641676275525242e-05
2.089542613248340786e-05
1.957431413757149130e-05
1.907631849462632090e-05
1.943407187354750931e-05
2.018740633502602577e-05
2.074540861940477043e-05
2.074444819299969822e-05
2.021966065512970090e-05
1.951805097633041441e-05
1.903786323964595795e-05
1.897672518680337816e-05
1.925052129081450403e-05
1.959961809916421771e-05
1.977436113520525396e-05
1.967577372852247208e-05
1.938422064995393157e-05
1.908021840790752321e-05
1.891900501505006105e-05
1.894483102660160512e-05
1.908920603455044329e-05
1.923246600199490786e-05
1.927977245941292495e-05
1.921028706419747323e-05
1.907229125208687037e-05
1.894409797387197614e-05
1.888437691377475858e-05
1.890502608148381114e-05
1.897497168101835996e-05
1.904515374917536974e-05
1.907925798150245100e-05
1.906932811834849417e-05
1.903626616694964468e-05
1.901182622532360256e-05
1.902561052702367306e-05
1.908896047098096460e-05
1.919975693454034626e-05
1.934615102072712034e-05
1.952273305505514145e-05
1.973521102627273649e-05
2.000664062506984919e-05
2.037044396274723113e-05
2.087112261506263167e-05
2.154759204131551087e-05
2.244156348751857877e-05
2.356966979277785867e-05
2.493351348675787449e-05
2.646132816153112799e-05
2.802566632453817874e-05
2.934772601292934269e-05
3.010537875525187701e-05
2.990555367432534695e-05
2.859178857761435211e-05
2.627719550218898803e-05
2.351703005842864513e-05
2.102276630466803908e-05
1.940963011293206364e-05
1.891276770038530231e-05
1.935878935910295695e-05
2.030255564022809267e-05
2.122961996064987034e-05
2.174167093471623957e-05
2.165758633054792881e-05
2.105926796502899379e-05
2.020846113737206906e-05
1.942957896972075105e-05
1.895750392577610910e-05
1.886497739178594202e-05
1.906235229398589581e-05
1.936978151206858456e-05
1.960447661986108869e-05
1.964978946489281952e-05
1.948916360561270267e-05
1.919125861604698002e-05
1.886899553937837481e-05
1.862766839622054249e-05
1.852468813012819737e-05
1.855779191828332841e-05
1.867636819952167571e-05
1.881173011497594416e-05
1.890137718874029815e-05
1.891028841782826930e-05
1.883708864625077695e-05
1.870795858849305660e-05
1.856280505307950079e-05
1.843848986027296633e-05
1.836080991779454052e-05
1.833541318774223328e-05
1.835262628446798772e-05
1.839345895859878510e-05
1.843696918513160199e-05
1.846569648478180170e-05
1.847125713538844138e-05
1.845299084379803389e-05
1.841728044382762164e-05
1.837323361542075872e-05
1.833076203183736652e-05
1.829659231589175761e-05
1.827463711379095912e-05
1.826435618568211794e-05
1.826386142056435347e-05
1.826839616114739329e-05
1.827337837312370539e-05
1.827509368013124913e-05
1.827228152251336724e-05
1.826405605243053287e-05
1.825119215936865658e-05
1.823432648961897939e-05
1.821665136958472431e-05
1.819951830839272588e-05
1.818366035877261311e-05
1.817115844460204244e-05
1.816133226384408772e-05
1.815474388422444463e-05
1.815071846067439765e-05
1.814906499930657446e-05
1.814949973777402192e-05
1.815190989873372018e-05
1.815634459489956498e-05
1.816300209611654282e-05
1.817384327296167612e-05
1.818937198549974710e-05
1.821159094106405973e-05
1.824408172979019582e-05
1.829063694458454847e-05
1.835708826547488570e-05
1.845104452513623983e-05
1.858298492152243853e-05
1.876771602837834507e-05
1.902598341985139996e-05
1.938514105859212577e-05
1.987786345125641674e-05
2.054439573839772493e-05
2.142594894394278526e-05
2.255457002320326865e-05
2.392676287854555994e-05
2.546738687669858336e-05
2.698996286198962480e-05
2.816558844642713666e-05
2.859653613995760679e-05
2.794777719827834517e-05
2.622077226988039911e-05
2.384042636549565941e-05
2.156248410756234080e-05
2.006663635256700218e-05
1.964761213457677513e-05
2.010443677136208862e-05
2.090751331706997007e-05
2.146493534382898360e-05
2.137884803232736886e-05
2.060965925920754671e-05
1.947638520505279303e-05
1.846483246481511742e-05
1.795544085325673223e-05
1.804310159059241414e-05
1.853532921813894063e-05
1.909654201881494373e-05
1.942472044902388006e-05
1.938060631800908595e-05
1.902191797853447497e-05
1.854470610851421952e-05
1.816539588617160916e-05
1.801050348149146885e-05
1.807236549211665988e-05
1.824198625399731100e-05
1.838219031924381852e-05
1.839736250985879451e-05
1.827124833653215319e-05
1.806120053515769541e-05
1.785362110240384936e-05
1.772371251718141139e-05
1.769830851117148995e-05
1.775642704160418361e-05
1.784713094821199775e-05
1.791716749721672386e-05
1.793430055840872228e-05
1.789604357327334583e-05
1.782471372280269861e-05
1.774980410118587315e-05
1.769863956724293530e-05
1.768312904459889978e-05
1.769911614246666431e-05
1.773162512108683586e-05
1.776233511918690056e-05
1.777842044248245656e-05
1.777617035259027034e-05
1.775905730028171092e-05
1.773715848685242236e-05
1.772010728018358350e-05
1.771699317032471299e-05
1.773018630046863109e-05
1.775970667949877679e-05
1.780266757123172283e-05
1.785618223948404193e-05
1.791898830560967326e-05
1.799443271011114120e-05
1.808790148061234504e-05
1.821062141971196979e-05
1.837414856709074229e-05
1.859497933764941990e-05
1.888983388198539615e-05
1.928055280586704612e-05
1.978823638637550175e-05
2.043647327809594572e-05
2.124088132404722273e-05
2.221070462837815285e-05
2.331610085093416274e-05
2.450011925247963518e-05
2.561538167356047779e-05
2.647919791343156248e-05
2.682405647647101432e-05
2.646640314196702093e-05
2.530294659663923085e-05
2.350517752347514033e-05
2.142103403457440436e-05
1.952633101609535515e-05
1.819967656047083437e-05
1.761380190146155655e-05
1.770648668752983212e-05
1.824451464926823974e-05
1.893306944111827761e-05
1.950363912328612059e-05
1.978087493625935167e-05
1.970198536582756788e-05
1.932299346663057804e-05
1.877221438917331398e-05
1.821045589167624712e-05
1.776761564542539418e-05
1.751578565745148808e-05
1.745749796100426465e-05
1.754573531798087060e-05
1.770556809788104147e-05
1.786450593499466777e-05
1.797010554582811892e-05
1.799399797164369375e-05
1.793783849279861897e-05
1.782118852133862674e-05
1.767407957231625915e-05
1.752683601807802916e-05
1.740323750709649175e-05
1.731691736495122313e-05
1.727011840557679534e-05
1.725858055579010397e-05
1.727142625895794481e-05
1.729649920889642090e-05
1.732381497276946902e-05
1.734439138090237975e-05
1.735244222800247371e-05
1.734568650135770440e-05
1.732650889607612044e-05
1.729630457703024149e-05
1.725923357298597693e-05
1.721979424473829567e-05
1.718188286758959293e-05
1.714722748147323728e-05
1.711976619844790548e-05
1.709887874312698841e-05
1.708560193947050720e-05
1.707746378087904304e-05
1.707486626401077956e-05
1.707531009742524475e-05
1.707741103018634021e-05
1.707957380858715624e-05
1.708187846816144884e-05
1.708214767859317362e-05
1.708127820165827870e-05
1.707854607957415283e-05
1.707495357550214976e-05
1.707059891487006098e-05
1.706620059849228710e-05
1.706381226540543139e-05
1.706439979898277670e-05
1.707002775219734758e-05
1.708330091787502170e-05
1.710915603325702250e-05
1.715253165457397699e-05
1.722358501865528524e-05
1.733654244162607938e-05
1.751295167196076363e-05
1.778610203473363072e-05
1.820394754759036005e-05
1.883612276287749410e-05
1.977665851882193238e-05
2.113922164426185191e-05
2.302558277733623981e-05
2.545492861827369779e-05
2.820864574459847063e-05
3.066901626880280674e-05
3.178414408466778696e-05
3.053306136280298233e-05
2.681136356841307133e-05
2.205973578384146094e-05
1.853170761023648083e-05
1.770006747392471880e-05
1.929031168401706964e-05
2.167461570934392512e-05
2.300235428265295923e-05
2.230420250270981342e-05
2.006742397497873753e-05
1.781679566192906350e-05
1.690246972430031747e-05
1.752334173943381757e-05
1.878340117400512099e-05
1.952487946255132556e-05
1.917850204335991293e-05
1.807661828934215009e-05
1.706881448626518250e-05
1.679851084190886468e-05
1.725253241602331400e-05
1.789638554328121245e-05
1.816373332985676825e-05
1.787168366718105972e-05
1.728772622300311923e-05
1.684717608441133052e-05
1.680261993897147477e-05
1.706910734355915338e-05
1.735501791699789464e-05
1.741199048410635442e-05
1.720741965982597321e-05
1.690451972535811365e-05
1.670900383032858372e-05
1.671130485192406923e-05
1.684590097283944488e-05
1.696938488748855889e-05
1.697546758805401623e-05
1.686201176198665053e-05
1.671227983024436980e-05
1.661823807808104903e-05
1.661837450228631496e-05
1.668121876718942076e-05
1.674003942753188312e-05
1.674529994488693774e-05
1.669361881795339286e-05
1.661997157498262823e-05
1.656726999499369413e-05
1.655755113461054862e-05
1.658129440329503268e-05
1.661015085119288415e-05
1.661980422795750201e-05
1.660215821175370365e-05
1.656922177062369883e-05
1.653999242989812046e-05
1.652886930969543755e-05
1.653802246437408030e-05
1.655826054047793150e-05
1.657917709962930530e-05
1.659398549236357212e-05
1.660676389292348176e-05
1.662675640545785427e-05
1.666687057877425104e-05
1.673832957749255002e-05
1.685206552792806178e-05
1.701871769910212606e-05
1.725711445033084601e-05
1.759775477694347501e-05
1.808948218240402639e-05
1.880170748336240649e-05
1.983034962904639542e-05
2.128418236679863185e-05
2.329122435185126960e-05
2.591666088846977800e-05
2.913480602728668600e-05
3.258064680267125368e-05
3.555889998096972704e-05
3.684072362375445664e-05
3.540784018696285784e-05
3.095955980825237930e-05
2.487702658982016146e-05
1.949080069607589394e-05
1.682528818491846323e-05
1.732614509819541126e-05
1.984739355975762010e-05
2.248984492325689644e-05
2.360320468142163008e-05
2.259461507492233068e-05
2.011531432799529284e-05
1.763311411195900291e-05
1.640817208681255579e-05
1.676495412539225072e-05
1.806111868063453585e-05
1.924178286571986973e-05
1.952277489181142300e-05
1.878157854662276804e-05
1.754337790771387517e-05
1.654813968343660235e-05
1.626528683118522167e-05
1.665323543420527130e-05
1.728692586766555905e-05
1.768389302014838904e-05
1.759832048264797777e-05
1.712300945655442774e-05
1.656619861023500562e-05
1.623030948394443840e-05
1.623520074645057321e-05
1.647991302888840437e-05
1.675072599027771503e-05
1.686110044829547405e-05
1.675578641879837960e-05
1.651186175877228379e-05
1.627125675440765917e-05
1.614703614905010909e-05
1.616777990420814604e-05
1.627846177143510431e-05
1.638785579416435212e-05
1.642488132347352803e-05
1.637154673517215997e-05
1.626141056476626545e-05
1.615176006453111768e-05
1.608835918887052685e-05
1.608585625945124775e-05
1.612617961654905230e-05
1.617293128219898790e-05
1.619541581021621823e-05
1.618138048797845840e-05
1.613798667676746845e-05
1.608619277249090374e-05
1.604505814611911774e-05
1.602742486284114420e-05
1.603144664841238409e-05
1.604679346201010048e-05
1.606039586476981640e-05
1.606269506737589836e-05
1.605141551408451051e-05
1.603032433195039630e-05
1.600615178176667541e-05
1.598694507265463471e-05
1.597558730281889439e-05
1.597269874764606357e-05
1.597487243998330086e-05
1.597891969140619040e-05
1.597975642653182149e-05
1.597630034666508436e-05
1.597018490429036319e-05
1.596268339199014008e-05
1.595701905898749828e-05
1.595582398294936866e-05
1.596151196281425655e-05
1.597542541276197881e-05
1.599917595740407705e-05
1.603597047505900264e-05
1.608971797395497561e-05
1.616811277926899493e-05
1.628447535040322691e-05
1.645774864300619811e-05
1.671521022217348218e-05
1.709685238893143833e-05
1.765839260770007968e-05
1.847006569732911885e-05
1.961448288056999445e-05
2.116378891514614224e-05
2.312831202289089561e-05
2.535916064516641200e-05
2.743872391874901950e-05
2.864031375793274492e-05
2.815837979142088443e-05
2.565877912275027484e-05
2.182079697377048433e-05
1.817677912185899913e-05
1.618237001821398735e-05
1.629022517590783536e-05
1.782096660463139415e-05
1.951665763044729829e-05
2.027109076152555645e-05
1.967433490790426731e-05
1.816774602048099041e-05
1.669245284574571997e-05
1.602522752364166081e-05
1.630532278795726597e-05
1.706757211650256068e-05
1.764770422596484423e-05
1.762621650414075702e-05
1.704462738416623324e-05
1.630530459806323051e-05
1.584941674082074314e-05
1.586335747560951859e-05
1.620389957679435611e-05
1.655509004194755107e-05
1.665389754634816200e-05
1.644650365051347762e-05
1.608126331120729446e-05
1.577984403411392123e-05
1.568388506711926311e-05
1.578465162310749292e-05
1.595834692125208676e-05
1.606548175914213061e-05
1.603699274710379541e-05
1.590007013874128461e-05
1.574317866470664740e-05
1.564936792419757694e-05
1.564893136674072593e-05
1.571003122080583125e-05
1.577304647071287036e-05
1.578922456246800721e-05
1.574672569404356182e-05
1.566910214023664594e-05
1.559723023092374206e-05
1.556098686705809087e-05
1.556629649712704122e-05
1.559739939693827182e-05
1.562656871101353317e-05
1.563427940709516406e-05
1.561500721436459571e-05
1.557837458676658571e-05
1.554125992697663605e-05
1.551668356114532799e-05
1.550919841974973679e-05
1.551531386212445796e-05
1.552391222503501922e-05
1.552732283016666770e-05
1.552031972096301615e-05
1.550436172692570835e-05
1.548542604723479599e-05
1.546835119370371103e-05
1.545746999909169972e-05
1.545272425573784858e-05
1.545220948173664510e-05
1.545283157611265779e-05
1.545035593153443187e-05
1.544459337310399860e-05
1.543560574646107852e-05
1.542506834084633738e-05
1.541518940939567983e-05
1.540726771054323763e-05
1.540155062684789300e-05
1.539672120998147875e-05
1.539356344437692314e-05
1.539000186312478036e-05
1.538506330689415336e-05
1.537944808660540730e-05
1.537294338049832731e-05
1.536579293315298855e-05
1.535924457130022347e-05
1.535337651148438454e-05
1.534822695248294622e-05
1.534453622298315167e-05
1.534146940684877336e-05
1.533883369120303541e-05
1.533699287392664701e-05
1.533625800220761448e-05
1.533668910269625485e-05
1.533984686830081046e-05
1.534541297587566078e-05
1.535543742647860199e-05
1.537247044325340539e-05
1.539882759971078485e-05
1.543848520668689162e-05
1.549751323182135820e-05
1.558503572596237063e-05
1.571332541061565280e-05
1.590213651070371270e-05
1.617868656467180699e-05
1.658428300288505852e-05
1.717632585496176034e-05
1.803850318538025022e-05
1.927275116031523794e-05
2.101351492456160486e-05
2.336880424991250038e-05
2.640644561324734241e-05
2.994373426190577447e-05
3.350411861902102828e-05
3.600001946324482560e-05
3.622229996835812926e-05
3.319600000395439565e-05
2.750836029008496553e-05
2.116396535711828619e-05
1.674077793722972274e-05
1.562834222568199039e-05
1.737495949782896787e-05
2.022347871388774365e-05
2.220793066953774542e-05
2.218829104094766080e-05
2.029612005571834743e-05
1.777472789399325848e-05
1.602892916707787663e-05
1.574638918100390583e-05
1.659856934566050768e-05
1.766151945048477501e-05
1.811005677154753357e-05
1.768867514329031110e-05
1.675681596680078655e-05
1.591793807165231556e-05
1.558302028570324183e-05
1.574664565850980580e-05
1.609284663572907448e-05
1.628413156140595675e-05
1.618272290215827525e-05
1.588667510077357292e-05
1.559508746140636504e-05
1.544723272672854364e-05
1.544683618703857064e-05
1.549940498080104589e-05
1.551247441966552287e-05
1.546031671750824898e-05
1.537904972792603076e-05
1.531550333311315626e-05
1.528366738057229668e-05
1.526368760096374899e-05
1.522911134088644758e-05
1.517622877145186067e-05
1.512767812528181821e-05
1.510964648332446814e-05
1.512385460955556482e-05
1.514692303317133337e-05
1.514505947852740064e-05
1.510446236352436244e-05
1.503808289271546528e-05
1.497883658885257319e-05
1.495536071161041036e-05
1.497128596383845434e-05
1.500593134551309049e-05
1.502889062976464629e-05
1.502114355389494449e-05
1.498455640103202313e-05
1.493707441113656387e-05
1.490170961915282533e-05
1.488916132075246423e-05
1.489731312176445499e-05
1.491301009082235396e-05
1.492104456701781601e-05
1.491585499024949968e-05
1.489991063863271847e-05
1.488013731432147324e-05
1.486430846853181720e-05
1.485576103732455522e-05
1.485120810684747994e-05
1.484892618464073166e-05
1.484444055677158758e-05
1.483803680457640439e-05
1.483024425397161394e-05
1.482326661061961204e-05
1.481798699387582019e-05
1.481423259974690154e-05
1.480942228226922452e-05
1.480404171161353588e-05
1.479681304772384465e-05
1.478889498685020953e-05
1.478252579545369372e-05
1.477702971897087991e-05
1.477334444643929601e-05
1.477172827435424551e-05
1.477044861530885100e-05
1.476947363698855042e-05
1.476827219448750839e-05
1.476835950597887859e-05
1.477077603340148926e-05
1.477722071285825223e-05
1.478986268921289593e-05
1.481165054428856820e-05
1.484586482547456399e-05
1.489892474637599662e-05
1.497804896644083783e-05
1.509776302555110306e-05
1.527683525637257844e-05
1.554457048769108951e-05
1.594376772118266672e-05
1.653204344620462507e-05
1.738643186399713159e-05
1.859406620496883988e-05
2.023138949880376458e-05
2.229995152447372675e-05
2.462269367242697626e-05
2.671133734111208469e-05
2.775951361400075257e-05
2.692084126465488225e-05
2.398628566879779100e-05
1.988123585761059076e-05
1.635439912206493318e-05
1.482812149333767593e-05
1.550134038552641869e-05
1.739281105983536690e-05
1.906081888591870666e-05
1.941599839483387768e-05
1.827300911827478558e-05
1.640310074435546994e-05
1.495209107815753669e-05
1.463260741729754955e-05
1.532193164166528732e-05
1.629622965992894024e-05
1.679604429227765650e-05
1.650484955462161452e-05
1.567966864968184382e-05
1.488947691541397944e-05
1.458287351852050051e-05
1.480995706515386701e-05
1.526752021163702011e-05
1.556616189191117883e-05
1.549685657664667815e-05
1.513423012511339039e-05
1.473128941142931581e-05
1.452410833735484630e-05
1.457886992284329608e-05
1.478283320466289297e-05
1.495488777436548844e-05
1.497120683779940009e-05
1.483124651713296771e-05
1.463489570596721023e-05
1.449908540962496772e-05
1.448134844395099208e-05
1.455650090065319091e-05
1.464948672946775332e-05
1.468989376007812098e-05
1.465248078602598980e-05
1.456520203646505252e-05
1.447978047508513555e-05
1.443654491595225409e-05
1.444513054593699053e-05
1.448342663934454322e-05
1.451827210985356942e-05
1.452425658499123529e-05
1.449825595045695081e-05
1.445539237465709448e-05
1.441641597921261564e-05
1.439755760657135397e-05
1.440081905457191169e-05
1.441625954612391070e-05
1.443093060515820980e-05
1.443511882825987414e-05
1.442638676962815225e-05
1.441061158402590081e-05
1.439577226847177371e-05
1.438987874280428514e-05
1.439612697140546516e-05
1.441378753952449188e-05
1.443857036065310240e-05
1.446803798899054527e-05
1.450336549169151112e-05
1.454820358048891649e-05
1.461211104469839483e-05
1.470677034376421943e-05
1.484641325077973306e-05
1.504786905570654199e-05
1.533392605779226869e-05
1.573264853504952043e-05
1.628011341381352395e-05
1.701720975688658655e-05
1.798316407075617462e-05
1.919120040838606656e-05
2.059715916402637959e-05
2.204778502346016467e-05
2.325287823623511940e-05
2.380068872298579663e-05
2.332266376470215619e-05
2.172690074075944722e-05
1.940276342793367803e-05
1.711812365101650357e-05
1.565220190968830138e-05
1.538978176540695131e-05
1.618306487216614187e-05
1.748688373481854796e-05
1.863704892457462847e-05
1.911488106998149306e-05
1.875620364444330335e-05
1.780225284164771438e-05
1.676935426075942814e-05
1.613780295883771032e-05
1.610958497622050345e-05
1.652936589380260557e-05
1.703236193861812353e-05
1.725348920444957912e-05
1.702249937807209790e-05
1.641771450522355735e-05
1.570233871461823583e-05
1.515275653218850493e-05
1.491251168772578239e-05
1.493676336394855753e-05
1.505933960288530216e-05
1.510266156401485205e-05
1.497649645898491144e-05
1.470885035814717412e-05
1.440988671674858779e-05
1.419578165950952098e-05
1.412575875292532146e-05
1.418287320120725781e-05
1.429383610229706392e-05
1.438020444766152650e-05
1.439407333236886188e-05
1.433678789908299223e-05
1.424618221790296957e-05
1.417140629200730473e-05
1.414579401171067730e-05
1.417438397766090930e-05
1.423614958184771240e-05
1.430198426533024758e-05
1.434706609870772809e-05
1.436401907994877547e-05
1.436288857803447172e-05
1.436390357412165031e-05
1.438648632756667212e-05
1.444339795853011310e-05
1.453840377507731318e-05
1.466714547859737650e-05
1.482576590206008404e-05
1.501411861681845039e-05
1.523970240668859333e-05
1.552047979203052819e-05
1.587520637258421630e-05
1.633087049413006753e-05
1.690511089691426605e-05
1.761539715516846627e-05
1.845575206971261650e-05
1.941174377861898392e-05
2.041640436800662428e-05
2.138314630428794771e-05
2.214356572949327528e-05
2.254012542834971100e-05
2.237225453427527100e-05
2.157052585971541703e-05
2.016089638345874846e-05
1.838583011704031378e-05
1.657874236116185784e-05
1.510044148744782433e-05
1.418953797838184983e-05
1.391075147694209591e-05
1.415960377926239744e-05
1.472688836656743661e-05
1.537478419777471572e-05
1.589419844094663858e-05
1.615202199900522828e-05
1.609658102097455412e-05
1.577000148245133460e-05
1.527069798612501472e-05
1.473226438974961638e-05
1.427330062142573297e-05
1.397337018715916201e-05
1.385740597470430657e-05
1.390007491863798350e-05
1.404691829520743340e-05
1.423219146090559661e-05
1.439659263269277290e-05
1.449925366614479572e-05
1.452129890822106972e-05
1.446575879526790231e-05
1.435207741451449692e-05
1.420733133272733539e-05
1.406092724209884182e-05
1.393501588609069586e-05
1.384538154525216669e-05
1.379550121782813221e-05
1.378380329697392881e-05
1.380061530653620139e-05
1.383480139338644221e-05
1.387556676490930840e-05
1.391251043969532475e-05
1.393913498759502545e-05
1.395189337927149609e-05
1.394980426994152367e-05
1.393538059346610680e-05
1.391106161463540047e-05
1.388059990858891979e-05
1.384749248245498165e-05
1.381475340167526156e-05
1.378446268063271418e-05
1.375848114548716694e-05
1.373650502500822768e-05
1.372000406263396144e-05
1.370757945551304147e-05
1.369919573335209861e-05
1.369305937259923667e-05
1.368980065308278427e-05
1.368770244880579412e-05
1.368703306070528924e-05
1.368665834888815880e-05
1.368663652101531625e-05
1.368723133055027574e-05
1.368780704069649801e-05
1.368840457871556282e-05
1.368924949929350987e-05
1.369033361697802320e-05
1.369224537484114990e-05
1.369534584227949381e-05
1.369940127915469930e-05
1.370473455608589575e-05
1.371249982184963301e-05
1.372392125631449744e-05
1.373899249301757663e-05
1.375856936647323892e-05
1.378547494823578745e-05
1.382113441650290042e-05
1.386945859849220142e-05
1.393429192830808461e-05
1.402157886332133785e-05
1.413877180311828852e-05
1.429680742148775607e-05
1.450936269975500181e-05
1.479591173847438768e-05
1.517946111562196165e-05
1.569434061821084470e-05
1.637572131585329771e-05
1.726894879539031535e-05
1.840649929363280535e-05
1.982004687306471169e-05
2.147164377674926072e-05
2.327691800019238144e-05
2.497872083040419966e-05
2.624944318085908890e-05
2.659674828464630991e-05
2.570555261627305299e-05
2.347653935430571437e-05
2.037070044025313109e-05
1.716859514999669045e-05
1.474467990192351863e-05
1.361921658826759085e-05
1.380238791170995682e-05
1.487095687480177730e-05
1.619591967028100044e-05
1.719165265967603773e-05
1.747768328641541302e-05
1.699412132438737899e-05
1.596241963852662593e-05
1.479632555856369436e-05
1.389454519085120410e-05
1.349186914012534544e-05
1.359501493425341323e-05
1.402520865667611361e-05
1.452536889701150358e-05
1.486506880610249937e-05
1.492133469582768157e-05
1.469465223635779694e-05
1.429304029443301260e-05
1.386707936035236344e-05
1.355103813693858683e-05
1.341546158073469996e-05
1.345473174296785146e-05
1.360645455861231312e-05
1.378453816869296134e-05
1.391340265399776399e-05
1.394964783685281873e-05
1.388921100442530587e-05
1.376000091113382950e-05
1.360675832984270528e-05
1.347241595794912428e-05
1.338669881079113111e-05
1.335868000751361251e-05
1.337850608251756057e-05
1.342667655990226194e-05
1.348013574897777289e-05
1.351845821773167700e-05
1.353091647615656257e-05
1.351672199234599248e-05
1.348041496385121718e-05
1.343241365248104557e-05
1.338503261649748310e-05
1.334523221885319799e-05
1.331930798187386245e-05
1.330714076175354421e-05
1.330769646301632747e-05
1.331675139226717874e-05
1.332897227257490158e-05
1.334037278866162524e-05
1.334870648861397058e-05
1.335254637524485588e-05
1.335162596660666168e-05
1.334793432761216536e-05
1.334323405899340287e-05
1.334125863650115207e-05
1.334427270194282755e-05
1.335716206085635349e-05
1.338385573035338894e-05
1.343017083854647353e-05
1.350537331745726988e-05
1.362168677587760612e-05
1.379800960421562195e-05
1.406333103659562767e-05
1.445931957277934998e-05
1.504636111349100247e-05
1.590282045071944594e-05
1.712764060357585549e-05
1.881117350421845913e-05
2.098584627674426883e-05
2.350621616642456502e-05
2.591593511169776320e-05
2.736202077358029783e-05
2.687362939468584955e-05
2.401846359134651721e-05
1.961821726581547409e-05
1.554129448777530342e-05
1.351783794234506786e-05
1.398863696522312239e-05
1.599911047378554940e-05
1.794936179067008197e-05
1.852573223004583269e-05
1.739947765599936247e-05
1.535357114335056394e-05
1.368509401800110936e-05
1.325605808233376592e-05
1.397638334310613573e-05
1.503861403762130067e-05
1.557479481562040746e-05
1.522563525213627145e-05
1.429164785804459825e-05
1.342830182693433017e-05
1.313365464739035815e-05
1.343421718047466129e-05
1.395852177665801719e-05
1.426553626515669748e-05
1.414570760971400887e-05
1.371850248688133433e-05
1.328866710537113249e-05
1.310750212724087760e-05
1.321604122495045885e-05
1.345834698440739885e-05
1.362571401841705665e-05
1.360018995910650119e-05
1.341492861683946103e-05
1.320007868343964219e-05
1.308155788137810305e-05
1.310129027842776850e-05
1.320567025686614215e-05
1.330166469415416941e-05
1.332033934886567295e-05
1.325479115621419623e-05
1.315314784733345732e-05
1.307551610807422549e-05
1.305841578869149089e-05
1.309551225858740509e-05
1.315217377850785851e-05
1.319102739216759801e-05
1.319439070357475430e-05
1.317175701842643321e-05
1.314865767199080437e-05
1.315020108449971303e-05
1.318938393524149433e-05
1.326331857853801921e-05
1.336116565653355792e-05
1.347599663859000430e-05
1.361112845188472420e-05
1.378353317704750225e-05
1.402097313984995708e-05
1.435251942893955857e-05
1.480634546169312671e-05
1.540545963507611305e-05
1.615876317373476923e-05
1.705521208350546658e-05
1.804390012694057077e-05
1.901469659060239792e-05
1.977974716282915324e-05
2.009361924137920141e-05
1.973227335838600993e-05
1.862472890934441239e-05
1.695533683232497424e-05
1.515283202024875209e-05
1.371490634483052418e-05
1.298011557082645595e-05
1.299964333156822249e-05
1.356039501843042672e-05
1.431034525012364611e-05
1.490348586230538785e-05
1.510860965936444700e-05
1.486742985434830189e-05
1.429946496500633657e-05
1.363545288768364117e-05
1.311070445808582008e-05
1.286797487409785390e-05
1.291813896386884153e-05
1.316023463004967198e-05
1.344400243397103623e-05
1.363720002700574696e-05
1.366714695905102417e-05
1.353575589746469632e-05
1.330608756688889116e-05
1.306596641370560974e-05
1.289136798732215539e-05
1.282178072870010510e-05
1.284994959860341623e-05
1.294005414820276201e-05
1.303997305512893945e-05
1.310949392063776031e-05
1.312599488301202655e-05
1.309060917265014723e-05
1.302306191064417362e-05
1.295020956604275852e-05
1.289863939746282995e-05
1.288549356104340404e-05
1.291840180783765391e-05
1.299584255320951343e-05
1.311471351073123515e-05
1.327436893916456029e-05
1.348679870716296136e-05
1.377562966808909550e-05
1.418801821273518726e-05
1.479331422160612419e-05
1.569298183312639594e-05
1.701524706732016057e-05
1.892797808977775276e-05
2.157634298782795668e-05
2.506812779756728560e-05
2.920687620644457638e-05
3.343125717947259545e-05
3.638221096480265260e-05
3.651914084912277758e-05
3.262455720687285066e-05
2.557971492933575064e-05
1.811287620512302965e-05
1.347607394563965499e-05
1.311399046244332567e-05
1.601327130629215389e-05
1.965957198990508914e-05
2.156772825401276350e-05
2.063305873889476061e-05
1.756048732204362750e-05
1.435943613614654168e-05
1.281735058000776917e-05
1.337603680440224707e-05
1.507988690718775615e-05
1.645361226110253483e-05
1.653058461670298129e-05
1.535372393846046180e-05
1.380324556521372870e-05
1.284672180190682411e-05
1.288801013288320974e-05
1.360439000563928857e-05
1.431039891031105071e-05
1.447478825866710395e-05
1.402632005920168012e-05
1.331621206190902740e-05
1.279827301914338022e-05
1.271619021281367168e-05
1.298656206927262247e-05
1.332419560640119016e-05
1.346528915746603161e-05
1.332665306108538061e-05
1.302187411056365818e-05
1.274674741580383852e-05
1.263938793272245675e-05
1.270755728910444304e-05
1.285226335312472656e-05
1.295086167374392971e-05
1.293795412493636832e-05
1.282977791561279446e-05
1.269513359147822484e-05
1.260591034224489704e-05
1.259147938981186599e-05
1.263365084014367312e-05
1.268656797037692741e-05
1.270903976546833292e-05
1.268761479877866805e-05
1.263572903553722426e-05
1.258170959772542119e-05
1.254855578736169264e-05
1.254357994184829295e-05
1.255725692317355424e-05
1.257336862181546167e-05
1.257801341125741601e-05
1.256699306395603344e-05
1.254525614058366045e-05
1.252215861313743517e-05
1.250619152415310964e-05
1.249961860594339669e-05
1.250057994184317067e-05
1.250365676241926849e-05
1.250429977517342195e-05
1.249959041160764173e-05
1.248975422640796751e-05
1.247857380803907290e-05
1.246890315087512136e-05
1.246220381290186197e-05
1.245890871359733865e-05
1.245661405846476555e-05
1.245479052158771083e-05
1.245183466380694881e-05
1.244694340130081400e-05
1.244093618879560381e-05
1.243459701072424650e-05
1.242889084096532315e-05
1.242400412593269721e-05
1.242029793502297252e-05
1.241705012944294140e-05
1.241392783413175493e-05
1.241061636392259970e-05
1.240654364664806053e-05
1.240183974005049095e-05
1.239690755028277636e-05
1.239226094185141847e-05
1.238783170265378430e-05
1.238439654116518795e-05
1.238041659235022962e-05
1.237673131981864572e-05
1.237370815942995250e-05
1.236996467923745513e-05
1.236613024957478046e-05
1.236207208421546966e-05
1.235829313372960314e-05
1.235379477293463424e-05
1.234969386132434011e-05
1.234566207131138071e-05
1.234173123521031812e-05
1.233803141076350585e-05
1.233472721651196480e-05
1.233069269801490009e-05
1.232704107678728178e-05
1.232348404300864786e-05
1.231992973771411926e-05
1.231601800100179389e-05
1.231231181009206921e-05
1.230854013556381688e-05
1.230444922839524224e-05
1.230048110301140696e-05
1.229660119861364365e-05
1.229303779837209731e-05
1.228939436259679496e-05
1.228542805620236322e-05
1.228199107572436333e-05
1.227812208526302129e-05
1.227447864948771894e-05
1.227082339028129354e-05
1.226690619660075754e-05
1.226383847097167745e-05
1.226001131726661697e-05
1.225682990479981527e-05
1.225345749844564125e-05
1.225026881002122536e-05
1.224734478455502540e-05
1.224470543093048036e-05
1.224286461365409195e-05
1.224173411173978820e-05
1.224197239935165271e-05
1.224467541760532185e-05
1.225071082444628701e-05
1.226158383360598236e-05
1.228019027621485293e-05
1.231125497724860907e-05
1.236139632965205237e-05
1.244012582901632413e-05
1.256143332284409553e-05
1.274328860745299608e-05
1.300429994444129989e-05
1.335560773441102356e-05
1.377860553475329652e-05
1.419989621354034171e-05
1.448130569770000875e-05
1.447574868507217616e-05
1.415871065546525642e-05
1.373361919831950217e-05
1.354418418486602604e-05
1.384899678669171408e-05
1.466192316001979634e-05
1.578818410052917898e-05
1.697121115284971893e-05
1.803807208489160985e-05
1.899277413031086326e-05
1.992797660932410508e-05
2.080249032587744296e-05
2.125214086845517159e-05
2.073508949251845479e-05
1.899627022794447839e-05
1.649881414778064936e-05
1.423871526640141383e-05
1.301173142564948648e-05
1.291593980567995459e-05
1.352243725705193356e-05
1.433243778592441231e-05
1.502428040112135932e-05
1.539374898129608482e-05
1.526242158433888108e-05
1.457949292671401054e-05
1.358290228381520137e-05
1.275244358112104237e-05
1.246931878995383158e-05
1.272944973607081920e-05
1.319708553637610748e-05
1.351165792584652081e-05
1.352907383989077061e-05
1.331566181761445478e-05
1.300276107940590009e-05
1.268350843020016328e-05
1.242707730852998793e-05
1.230821908393409103e-05
1.236926163983298466e-05
1.256290488527156413e-05
1.276314742426620796e-05
1.285583675780799240e-05
1.282030643778853118e-05
1.272833196708234027e-05
1.267364768864354119e-05
1.271064138563815504e-05
1.285117468796670437e-05
1.309517210756894201e-05
1.344713109574513510e-05
1.390959732816554606e-05
1.448145576432580128e-05
1.516506654297700152e-05
1.599768984306138009e-05
1.703044472378678620e-05
1.831602639867924154e-05
1.982167123060207814e-05
2.144218160538002849e-05
2.290536212967708707e-05
2.388334905845113099e-05
2.395052979409229010e-05
2.288262840011157095e-05
2.070073060167487711e-05
1.790480564523022622e-05
1.521134709037141874e-05
1.331586645392235368e-05
1.254535800399025902e-05
1.279967545997351408e-05
1.367020195175427943e-05
1.464932120143203065e-05
1.531354064354673028e-05
1.542661630082875490e-05
1.498407982580829412e-05
1.416524628439219669e-05
1.325874109170399606e-05
1.253292066394351423e-05
1.215148859046166763e-05
1.213479845318943262e-05
1.238469576492207125e-05
1.274313308385899290e-05
1.305047499045031145e-05
1.319447528658201918e-05
1.313101984123932198e-05
1.289159081352408975e-05
1.255829374713357538e-05
1.223516846948768944e-05
1.200673614221159369e-05
1.191541741718538105e-05
1.195125969388755038e-05
1.206847628054674715e-05
1.220528247358743101e-05
1.230485213454812765e-05
1.233471084560733289e-05
1.228932796948356554e-05
1.218808120029279962e-05
1.206410070153651759e-05
1.195245567942038178e-05
1.187626548926346004e-05
1.184469329018611461e-05
1.185244218504521996e-05
1.188601527246646583e-05
1.192764921142952517e-05
1.196228276967303827e-05
1.198140125779900700e-05
1.198198242491343990e-05
1.196572975459275767e-05
1.193889147543814033e-05
1.190771035908255726e-05
1.187839552585501224e-05
1.185495057143270969e-05
1.183916992886224762e-05
1.183174663310637698e-05
1.183208587463013828e-05
1.183925633085891604e-05
1.185214114229893312e-05
1.186992176371859387e-05
1.189130125567317009e-05
1.191797946376027539e-05
1.195060667669167742e-05
1.199144571728538722e-05
1.204533782583894208e-05
1.211787002830533311e-05
1.221727507072500885e-05
1.235629770235391334e-05
1.255024562851758674e-05
1.282157609239220619e-05
1.319616421824321151e-05
1.370878362649818882e-05
1.439601692254655063e-05
1.529151086288038641e-05
1.640779009903781116e-05
1.771080133039504290e-05
1.907662044686730951e-05
2.026771835517138243e-05
2.092913382512051612e-05
2.071208109555300325e-05
1.944890937011223286e-05
1.736707054078578949e-05
1.505715772509574890e-05
1.323209289694204926e-05
1.235492618434363976e-05
1.245275689143454656e-05
1.317200349149061367e-05
1.399374377797357738e-05
1.446243550162762403e-05
1.435173635400133207e-05
1.373122540826443583e-05
1.289812826144043356e-05
1.221223374159308150e-05
1.190762213809648529e-05
1.200674796564271674e-05
1.234824412676971406e-05
1.269946187676396221e-05
1.287065333599457517e-05
1.279008120036451146e-05
1.251414778380421922e-05
1.217675526277162135e-05
1.191510546050267294e-05
1.180547951662447304e-05
1.184084612759761512e-05
1.195189543068408966e-05
1.205185799335595220e-05
1.207818695547757670e-05
1.201727900479454547e-05
1.189611066365614533e-05
1.176645400846609846e-05
1.167614664154825732e-05
1.164823152066674083e-05
1.167677783087128773e-05
1.173448436020407826e-05
1.178827278636163101e-05
1.181368133984506130e-05
1.180078106699511409e-05
1.175763463834300637e-05
1.170147697848733515e-05
1.165148842119378969e-05
1.162144326372072101e-05
1.161624368251068518e-05
1.163079923571785912e-05
1.165624144050525501e-05
1.168160088127478957e-05
1.169907136500114575e-05
1.170582527265651152e-05
1.170318773802137002e-05
1.169578263215953484e-05
1.169169900094857439e-05
1.169560255220858380e-05
1.171288295154226944e-05
1.174613134935498238e-05
1.179642731585772708e-05
1.186646477435715497e-05
1.195883487525861710e-05
1.207962941407458857e-05
1.223920025950064883e-05
1.245139992533950135e-05
1.273899397347122431e-05
1.312796484853606671e-05
1.365627758787013590e-05
1.436419734091032296e-05
1.530693953100126237e-05
1.652563878451474011e-05
1.805881584004964679e-05
1.987378891499247402e-05
2.187895188399124891e-05
2.378623139520641416e-05
2.521653368603438139e-05
2.559596941864583641e-05
2.455531648593023419e-05
2.199783375544939190e-05
1.849842374213039875e-05
1.499885547673329711e-05
1.249853630724828690e-05
1.152877666754648089e-05
1.200053520733490586e-05
1.334252374363131821e-05
1.479918864788487554e-05
1.572525798110291362e-05
1.576532849867362529e-05
1.496963250247063115e-05
1.369801429973449558e-05
1.246540432475740090e-05
1.168294056697050110e-05
1.151361902884673327e-05
1.184746088256360963e-05
1.240670462721027434e-05
1.288659041165374219e-05
1.307886850554496050e-05
1.292969682253897190e-05
1.252850870514521375e-05
1.205006992677226663e-05
1.166519086837070063e-05
1.147681359725538641e-05
1.149301988334627822e-05
1.164712739409878850e-05
1.183746735478052869e-05
1.197355504700681195e-05
1.200463702843990177e-05
1.192907893710071221e-05
1.178337970486609265e-05
1.162195349024841562e-05
1.149315266957273707e-05
1.142406017606845126e-05
1.141690790973370895e-05
1.145375790656544268e-05
1.150752996181836352e-05
1.155218342319130898e-05
1.157081987912533805e-05
1.155999689217424020e-05
1.152409276983235031e-05
1.147566490544704720e-05
1.142802921094698831e-05
1.139092000812524930e-05
1.136908758780919015e-05
1.136260107159614563e-05
1.136687933467328548e-05
1.137657545768888667e-05
1.138590869231848046e-05
1.139094911195570603e-05
1.138913557952037081e-05
1.138086463470244780e-05
1.136867103923577815e-05
1.135361435444792733e-05
1.133915884565794840e-05
1.132681700255488977e-05
1.131715998781146482e-05
1.131128647102741525e-05
1.130798682424938306e-05
1.130662076320732012e-05
1.130598593590548262e-05
1.130584951170021668e-05
1.130476084654219449e-05
1.130267446569632739e-05
1.129900101659586653e-05
1.129507745645241812e-05
1.128984968090662733e-05
1.128425537899602205e-05
1.127842006098944694e-05
1.127280302171129733e-05
1.126793813455151394e-05
1.126297956943744794e-05
1.125904145737877116e-05
1.125572725868551061e-05
1.125330345530528575e-05
1.125145627156598493e-05
1.125082144426414743e-05
1.125108519772766158e-05
1.125336802942911163e-05
1.125759263231884688e-05
1.126581537391757593e-05
1.127850646298611537e-05
1.129922293330309913e-05
1.133154091803589836e-05
1.138148127211024985e-05
1.145893384091323242e-05
1.157870519818970934e-05
1.176444675365928560e-05
1.205181160912616178e-05
1.249404158443212509e-05
1.317158876190660521e-05
1.419414093106752262e-05
1.569985579408239573e-05
1.782250728865619749e-05
2.060524275293573737e-05
2.381604645051993430e-05
2.672878872544970363e-05
2.806263546517584473e-05
2.655954995134379715e-05
2.212953586422372609e-05
1.661832175159361213e-05
1.278336367249721661e-05
1.224841344082960859e-05
1.442101165594067425e-05
1.717140185064636171e-05
1.831992449297104031e-05
1.699909626040607691e-05
1.418045394530054182e-05
1.185531345981871709e-05
1.138354673457797617e-05
1.253358095709700137e-05
1.394281935063190758e-05
1.432994213246274740e-05
1.343330222880467772e-05
1.205271473736502230e-05
1.125012477132258937e-05
1.145323039963841438e-05
1.223249728354858235e-05
1.279603384318761528e-05
1.267589777853572741e-05
1.202737621497362852e-05
1.139824325946392491e-05
1.121861623687436804e-05
1.148458886746084318e-05
1.184879602078581229e-05
1.195981258206302300e-05
1.173422879219288006e-05
1.137187337008072063e-05
1.114117731049191207e-05
1.116088424168992788e-05
1.133768091676756740e-05
1.148203136835945770e-05
1.147059629147406667e-05
1.132392117142444476e-05
1.116070507123367861e-05
1.108899141399888322e-05
1.112911741074640304e-05
1.121705736295552924e-05
1.126921779359690845e-05
1.124514619732508436e-05
1.116815838031470776e-05
1.109452750824857503e-05
1.106661056837765500e-05
1.108725155063439161e-05
1.112635709432652220e-05
1.114694077841704711e-05
1.113453527068486437e-05
1.109874574467539787e-05
1.106361287384061143e-05
1.104850889532826841e-05
1.105617957364302129e-05
1.107549542211927474e-05
1.108947617467492819e-05
1.109042750613298267e-05
1.108074593503260985e-05
1.107010666601127014e-05
1.106899344449630007e-05
1.108221385948127136e-05
1.110738685383694246e-05
1.114040242100600153e-05
1.117830470320768654e-05
1.122331923397723585e-05
1.128351686929818243e-05
1.137108120019547641e-05
1.149936269939644262e-05
1.168275139207253233e-05
1.193943262478569523e-05
1.229271492775296792e-05
1.277540013688849285e-05
1.342720406682929024e-05
1.429215899406699464e-05
1.540429730084724724e-05
1.676539250183850527e-05
1.830208384490106255e-05
1.983878973987884820e-05
2.105651947204023600e-05
2.159598989237565547e-05
2.118489646818488836e-05
1.992965371755417436e-05
1.834357135521713644e-05
1.726137088553514332e-05
1.735602563712745905e-05
1.886004429252352566e-05
2.132334157067816705e-05
2.372063863731455058e-05
2.470488107064738870e-05
2.333278644073288888e-05
1.984104346774984151e-05
1.580569914949592203e-05
1.307081492996076122e-05
1.242563212144887075e-05
1.322174557571997866e-05
1.414063808624632657e-05
1.423790399712743238e-05
1.351402806903934106e-05
1.269373842660570517e-05
1.248502030648523942e-05
1.296625032409792766e-05
1.358040935883764178e-05
1.366521246382035315e-05
1.298936513194348663e-05
1.192241597891552374e-05
1.109884578909259290e-05
1.091891317628324032e-05
1.129862630477873608e-05
1.181799143523676321e-05
1.207828063343185931e-05
1.196110133605543524e-05
1.163881097454577684e-05
1.137226900027599186e-05
1.129868360294494778e-05
1.136088667408330366e-05
1.140234689955832437e-05
1.131518092734040692e-05
1.112285735871409997e-05
1.093919945560628548e-05
1.087147848011227325e-05
1.093848550226539373e-05
1.107039861381053925e-05
1.116902876674430445e-05
1.117667397920740768e-05
1.110397988668410107e-05
1.100632744055474177e-05
1.093827995646279305e-05
1.091814465326024219e-05
1.092651928047416732e-05
1.092964703275356442e-05
1.090749174181837589e-05
1.086438896891195327e-05
1.082270136976148933e-05
1.080200763681204990e-05
1.080849597201449797e-05
1.083140614355215803e-05
1.085313397197751328e-05
1.086123302229680121e-05
1.085349686036352068e-05
1.083690222003497183e-05
1.082155722542665899e-05
1.081361097021726891e-05
1.081215486919973046e-05
1.081257687474135309e-05
1.080973743228241801e-05
1.080105266737518832e-05
1.078797140507958829e-05
1.077446722774766386e-05
1.076351236406480893e-05
1.075699037755839527e-05
1.075351428880821913e-05
1.075175532605499029e-05
1.074878036888549104e-05
1.074433657777262852e-05
1.073817657015752047e-05
1.073238036042312160e-05
1.072723625838989392e-05
1.072333998308749869e-05
1.072125724022043869e-05
1.071920269168913364e-05
1.071700171451084316e-05
1.071419319487176836e-05
1.071116548700956628e-05
1.070727012120187283e-05
1.070373218681197613e-05
1.070050166163127869e-05
1.069797417585505173e-05
1.069525114871794358e-05
1.069307018042309210e-05
1.069054451363626868e-05
1.068776600732235238e-05
1.068545680027455091e-05
1.068258279701694846e-05
1.068011260940693319e-05
1.067805260390741751e-05
1.067623179551446810e-05
1.067481662175850943e-05
1.067412813426926732e-05
1.067461653292411938e-05
1.067655739461770281e-05
1.068011079041752964e-05
1.068723304342711344e-05
1.069874724635155872e-05
1.071768110705306754e-05
1.074726696970174089e-05
1.079383127944311127e-05
1.086583870346657932e-05
1.097768563340650871e-05
1.115223221859196201e-05
1.142309429269516841e-05
1.184727352665504441e-05
1.250873447133926675e-05
1.353725292574381456e-05
1.511605660198256373e-05
1.750890987750608474e-05
2.099549237755127251e-05
2.584097819635644555e-05
3.188156188116408885e-05
3.828846456599421799e-05
4.274351158528588712e-05
4.245125819579698145e-05
3.548486347426660359e-05
2.421573481115046889e-05
1.425830396328819916e-05
1.064437947206897661e-05
1.376804630126571283e-05
1.972104473679792136e-05
2.348299312870949507e-05
2.218149711552541703e-05
1.705681097519118339e-05
1.211301969306077808e-05
1.071246697392780334e-05
1.288599742110818624e-05
1.590576721355319023e-05
1.692231307970359921e-05
1.517694818176096305e-05
1.233754937857156619e-05
1.069882546289591119e-05
1.117122246796498075e-05
1.276937746297335252e-05
1.378794968331931159e-05
1.334078660875093192e-05
1.192688159790122882e-05
1.078158766176784411e-05
1.069144855136983097e-05
1.142554629041114822e-05
1.212624829349806532e-05
1.213621180795598775e-05
1.150361549662193283e-05
1.080123001884203404e-05
1.055787197401514277e-05
1.082892140402691439e-05
1.124547907238593325e-05
1.139811138273216784e-05
1.117222655011573806e-05
1.078491914086043835e-05
1.054226231644861400e-05
1.057924964698031545e-05
1.078573495760792866e-05
1.094294384529348463e-05
1.091558806365355849e-05
1.074035753845237195e-05
1.056187738868175074e-05
1.049982165568508208e-05
1.056388555298326537e-05
1.066717413777951151e-05
1.071320639312034473e-05
1.066765435098204762e-05
1.057131794368615374e-05
1.049500770022859797e-05
1.048097601596964523e-05
1.051957679010229185e-05
1.056559722201200202e-05
1.057806548487860709e-05
1.054915537679335102e-05
1.050095306709408760e-05
1.046534816850908101e-05
1.045890257955761626e-05
1.047571549861459062e-05
1.049542697728611529e-05
1.050075843522790819e-05
1.048686863214243203e-05
1.046311444952152669e-05
1.044349482981488109e-05
1.043712381942896172e-05
1.044187865772983059e-05
1.045036424329737201e-05
1.045361113938270137e-05
1.044801047100918368e-05
1.043633346853312105e-05
1.042430449160747230e-05
1.041720042849192396e-05
1.041595351125579327e-05
1.041800624079769477e-05
1.042007261276012287e-05
1.041862742567900568e-05
1.041323594108689576e-05
1.040593906509457156e-05
1.039959897752851248e-05
1.039528615365270525e-05
1.039377184497425333e-05
1.039362450683256611e-05
1.039274502545595169e-05
1.039044673234457150e-05
1.038659138430375606e-05
1.038231857819482684e-05
1.037782476487336680e-05
1.037429046846227720e-05
1.037215133692370728e-05
1.037057882058434188e-05
1.036850972013780847e-05
1.036627691064495593e-05
1.036356115946546197e-05
1.036000958265503868e-05
1.035649802361149341e-05
1.035345121636055410e-05
1.035070636135060340e-05
1.034829165291739628e-05
1.034604338201461360e-05
1.034354954754235223e-05
1.034099022945156321e-05
1.033858643495477736e-05
1.033583339449251071e-05
1.033269109029788524e-05
1.032988348015351221e-05
1.032706768455682322e-05
1.032447107718326151e-05
1.032180807669647038e-05
1.031932788464473560e-05
1.031708416121546179e-05
1.031419287755852565e-05
1.031156170938629657e-05
1.030890234687831253e-05
1.030625662679085508e-05
1.030350267683388665e-05
1.030089697451330721e-05
1.029824306897353381e-05
1.029573468258604407e-05
1.029314171319128945e-05
1.029057966661639512e-05
1.028779752232367173e-05
1.028544102155137807e-05
1.028281076287385076e-05
1.028004589898046106e-05
1.027751932269893587e-05
1.027477901516249403e-05
1.027214057103265077e-05
1.026940026349620894e-05
1.026699374051531777e-05
1.026423797156894580e-05
1.026185600494500250e-05
1.025903839035890996e-05
1.025658275466412306e-05
1.025409983412828296e-05
1.025124493025941774e-05
1.024879657052224502e-05
1.024615085043478757e-05
1.024340599542483687e-05
1.024070388666586950e-05
1.023841014102799818e-05
1.023569438984850422e-05
1.023302775138290599e-05
1.023064214678015560e-05
1.022772630676627159e-05
1.022571086650714278e-05
1.022304149955743924e-05
1.022087690216721967e-05
1.021855405269889161e-05
1.021647585730534047e-05
1.021435673465020955e-05
1.021277785184793174e-05
1.021204388962360099e-05
1.021134175971383229e-05
1.021205116558121517e-05
1.021463504002895206e-05
1.021957814373308793e-05
1.022867309075081721e-05
1.024382072500884533e-05
1.026894915412412956e-05
1.030940893542720005e-05
1.037472338794032112e-05
1.047856312652584165e-05
1.064490425051189959e-05
1.090965270122978836e-05
1.133222849603043869e-05
1.200248789245961234e-05
1.305539626628160477e-05
1.467756646889029071e-05
1.708876880002208054e-05
2.046015288215130568e-05
2.468306229275185615e-05
2.900617255363613367e-05
3.171785647282376885e-05
3.069521335419267416e-05
2.515076994313858449e-05
1.740361403790302575e-05
1.175181932921987027e-05
1.097102540370542556e-05
1.417426392436027527e-05
1.793056617316324264e-05
1.896206231322139502e-05
1.647528915782459080e-05
1.263798549189232290e-05
1.048932881531072780e-05
1.117354258894920349e-05
1.325824632658623159e-05
1.442663415218703449e-05
1.361234444630099460e-05
1.172447173303226009e-05
1.049335514835547656e-05
1.072825489245587960e-05
1.175135366793256253e-05
1.231569967785617337e-05
1.186692134069744498e-05
1.092321053874911740e-05
1.036785670294193551e-05
1.053532287187408656e-05
1.101138786907540634e-05
1.118978889280697331e-05
1.089778561436105520e-05
1.046489160216879100e-05
1.028815131576266140e-05
1.042708663590019569e-05
1.062097089743474498e-05
1.061837247107177973e-05
1.042827807395951822e-05
1.025168148771626875e-05
1.023413733491906896e-05
1.032716227200580761e-05
1.037834317685337737e-05
1.031134979712078348e-05
1.019082264974713326e-05
1.013192832033382729e-05
1.016760688798967749e-05
1.022720243781805038e-05
1.022738251776900142e-05
1.015731322695501149e-05
1.008339313557371497e-05
1.006814636639319360e-05
1.010925097943982109e-05
1.014897407003445551e-05
1.013958626572275534e-05
1.008762865239987150e-05
1.004010664473753422e-05
1.003318539005704224e-05
1.006092315947171301e-05
1.008709568850463256e-05
1.008229810395278037e-05
1.005179728963412344e-05
1.002153385343262926e-05
1.001399959932314232e-05
1.002668250293936580e-05
1.004059686238178983e-05
1.004078421829035506e-05
1.002628141577588394e-05
1.000987958832411095e-05
1.000301836029393598e-05
1.000669271888909861e-05
1.001313648885115981e-05
1.001477176032494754e-05
1.001044165604980662e-05
1.000484371616039425e-05
1.000406791717978194e-05
1.000957217911491171e-05
1.001885175355710089e-05
1.002939279715064913e-05
1.004180194286163896e-05
1.006027378025464714e-05
1.009105199045734480e-05
1.013954806694528088e-05
1.021151820168597624e-05
1.031710507959360257e-05
1.047184559865854681e-05
1.070267444447381422e-05
1.105048067984171212e-05
1.157414226327091455e-05
1.236027947015827522e-05
1.352510753349633887e-05
1.523363789601717144e-05
1.766211789799854159e-05
2.098891854984685779e-05
2.518361725378781557e-05
2.992095141962636262e-05
3.410148565308190882e-05
3.625003591878339648e-05
3.475008634268306196e-05
2.977198164444416761e-05
2.335828503419179469e-05
1.878833791124634445e-05
1.788786539691500366e-05
1.983201582334004343e-05
2.176901762140914798e-05
2.102874896081630141e-05
1.737677303026430309e-05
1.323669312114361674e-05
1.149559284385759383e-05
1.286421138502191752e-05
1.548840191389899701e-05
1.670667916187085211e-05
1.529333167127333581e-05
1.241053814737824723e-05
1.038562004396226257e-05
1.051258368534035981e-05
1.208024877996649593e-05
1.332750343863153830e-05
1.309994240727974102e-05
1.171104304376058280e-05
1.041813175106653944e-05
1.015144971461268142e-05
1.077492834156146273e-05
1.144284487963886932e-05
1.148422870755894110e-05
1.093279661290580407e-05
1.033089756674598902e-05
1.013862492982298136e-05
1.035284185491036624e-05
1.062274350260850042e-05
1.064037769538117573e-05
1.039682319969870150e-05
1.012095344776753336e-05
1.002270255412440747e-05
1.011616404866799712e-05
1.025064284476684406e-05
1.027412235998781398e-05
1.016171427181689069e-05
1.000732299871742725e-05
9.921247510646935552e-06
9.937151844496838748e-06
1.000357042357791215e-05
1.004496061796089634e-05
1.002312274067662656e-05
9.959105227608233690e-06
9.899370525090489537e-06
9.874581337498966604e-06
9.882550330075901002e-06
9.898268217511940747e-06
9.900999430101364851e-06
9.886034604278393090e-06
9.863999366643838584e-06
9.847929504758212715e-06
9.841356586548499763e-06
9.840862730925437063e-06
9.839178346737753600e-06
9.833437616180162877e-06
9.823891559790354222e-06
9.814277291297912598e-06
9.806921298149973154e-06
9.802153726923279464e-06
9.800177394936326891e-06
9.798928658710792661e-06
9.797132406674791127e-06
9.793872777663636953e-06
9.788225725060328841e-06
9.781891094462480396e-06
9.775380931387189776e-06
9.770549695531371981e-06
9.768259587872307748e-06
9.767420124262571335e-06
9.766613402462098747e-06
9.764248716237489134e-06
9.760819921211805195e-06
9.756174222275149077e-06
9.752007827046327293e-06
9.749266610015183687e-06
9.747163858264684677e-06
9.745406714500859380e-06
9.743700502440333366e-06
9.740416317072231323e-06
9.737146683619357646e-06
9.733122169564012438e-06
9.730340025271289051e-06
9.728265467856545001e-06
9.726433745527174324e-06
9.724813935463316739e-06
9.723255971039179713e-06
9.720446541905403137e-06
9.717605280457064509e-06
9.714488442114088684e-06
9.711722668725997210e-06
9.709080586617346853e-06
9.707056051411200315e-06
9.705237971502356231e-06
9.703102477942593396e-06
9.700625923869665712e-06
9.698034773464314640e-06
9.695389053376857191e-06
9.692961612017825246e-06
9.690479600976686925e-06
9.688356840342748910e-06
9.686180419521406293e-06
9.684238648333121091e-06
9.681763003754895180e-06
9.679320100985933095e-06
9.676785339252091944e-06
9.674793545855209231e-06
9.672095984569750726e-06
9.669838618719950318e-06
9.667337508290074766e-06
9.665234756539575756e-06
9.663328455644659698e-06
9.660954674473032355e-06
9.658579074312001467e-06
9.656378097133710980e-06
9.653842425905168056e-06
9.651492291595786810e-06
9.649302228353917599e-06
9.647293154557701200e-06
9.645057616580743343e-06
9.642963959777262062e-06
9.640799362387042493e-06
9.638252777222078294e-06
9.636653885536361486e-06
9.634783054934814572e-06
9.632374712964519858e-06
9.631135071686003357e-06
9.629551641410216689e-06
9.628633961256127805e-06
9.627941835788078606e-06
9.628086445445660502e-06
9.629494343244004995e-06
9.632847650209441781e-06
9.638479241402819753e-06
9.647872502682730556e-06
9.663499440648593009e-06
9.688083991932217032e-06
9.726835742185357958e-06
9.787046110432129353e-06
9.881222467811312526e-06
1.002818862616550177e-05
1.025814617605647072e-05
1.061808143276721239e-05
1.117981810239143670e-05
1.205379430757602677e-05
1.339538266620365903e-05
1.541658821224700660e-05
1.833995338529348373e-05
2.232727274531498551e-05
2.715946538955904543e-05
3.199122875230386853e-05
3.492464384180493653e-05
3.394233499420806766e-05
2.824838338710833341e-05
2.019330167968291789e-05
1.378300021315226331e-05
1.178143156721489504e-05
1.366394008073257282e-05
1.658091241552028805e-05
1.772359428287018090e-05
1.626374432817101479e-05
1.369729488942539319e-05
1.214429630636004731e-05
1.240387791767716408e-05
1.346736462437547743e-05
1.375969350192463025e-05
1.268296182388439775e-05
1.107861680793575943e-05
1.027630969474557787e-05
1.075889576895860955e-05
1.181004518002737314e-05
1.229701319971354678e-05
1.172045904240803793e-05
1.057456483977148309e-05
9.780591426533646882e-06
9.820588275033514947e-06
1.040065399138256907e-05
1.085233998310286552e-05
1.076743592420825735e-05
1.028336737363133579e-05
9.846567991189658642e-06
9.761020919540897012e-06
9.957630936696659774e-06
1.014011468214448541e-05
1.009476454782998189e-05
9.862656952464021742e-06
9.652480002841912210e-06
9.623970072425436229e-06
9.752697224030271173e-06
9.881619916995987296e-06
9.878825039777439088e-06
9.743102964421268553e-06
9.582817256159614772e-06
9.509622032055631280e-06
9.546286491968203336e-06
9.627360668673645705e-06
9.670370673120487481e-06
9.641988071962259710e-06
9.573682291375007480e-06
9.521557331026997417e-06
9.515262718196026981e-06
9.539641723677050322e-06
9.557275916449725628e-06
9.544021850160788745e-06
9.506681635684799403e-06
9.471839803154580295e-06
9.462099114898592234e-06
9.477884304942563176e-06
9.500594387645833194e-06
9.509375558991450816e-06
9.497141036263201386e-06
9.472254532738588750e-06
9.450628567719832063e-06
9.442259397474117577e-06
9.445912837691139430e-06
9.452665835851803422e-06
9.453987331653479487e-06
9.447426236874889582e-06
9.437524568056687713e-06
9.429933925275690854e-06
9.428177691006567329e-06
9.430459613213315606e-06
9.432620572624728084e-06
9.431184480490628630e-06
9.425224561709910631e-06
9.417438377568032593e-06
9.411299288331065327e-06
9.407592187926638871e-06
9.407130164618138224e-06
9.406939170730765909e-06
9.405900527781341225e-06
9.403122930962126702e-06
9.399148439115379006e-06
9.395301276526879519e-06
9.392437277710996568e-06
9.390686500410083681e-06
9.389793376612942666e-06
9.388358193973544985e-06
9.386459169036243111e-06
9.383522410644218326e-06
9.380752089782617986e-06
9.377995411341544241e-06
9.375463378091808408e-06
9.373808097734581679e-06
9.371525266033131629e-06
9.369593499286565930e-06
9.367196980747394264e-06
9.365047844767104834e-06
9.362734999740496278e-06
9.359900104755070060e-06
9.357522685604635626e-06
9.355208021588623524e-06
9.353360837849322706e-06
9.351240805699490011e-06
9.349231731903273612e-06
9.347128070658072829e-06
9.344804311695042998e-06
9.342666999145876616e-06
9.340554242953658104e-06
9.338559721072670072e-06
9.336599759990349412e-06
9.334946298622526228e-06
9.333651178167201579e-06
9.332077752333134413e-06
9.330613465863279998e-06
9.329874046670738608e-06
9.329270142188761383e-06
9.329317435913253576e-06
9.330433385912328959e-06
9.332748049928341061e-06
9.336786206404212862e-06
9.343751116830389947e-06
9.354509529657661915e-06
9.370973202749155462e-06
9.395526831212919205e-06
9.432804290554486215e-06
9.488258001510985196e-06
9.571809641784057021e-06
9.697524546936620027e-06
9.886872248898725957e-06
1.017329304886516184e-05
1.060499653249280527e-05
1.125632843468338251e-05
1.223012895934516564e-05
1.367158074572216719e-05
1.575033456902019680e-05
1.864301520981825888e-05
2.239039349660743028e-05
2.676586154848337173e-05
3.088662197114899755e-05
3.330609979457221925e-05
3.226534317946061492e-05
2.731991480686701834e-05
2.006196336878929287e-05
1.382314258080441505e-05
1.117862575483741239e-05
1.234455248777521774e-05
1.532403439341578633e-05
1.745024565025232732e-05
1.708990203042048961e-05
1.457683538319543004e-05
1.178384991362690926e-05
1.048475951392902061e-05
1.104652528738370165e-05
1.241527297679567710e-05
1.317854275839636102e-05
1.267379775526933372e-05
1.136131686507724226e-05
1.026185236696619540e-05
1.002795852400595322e-05
1.049197453539818525e-05
1.097575386665994301e-05
1.095053539756918326e-05
1.043971587932901457e-05
9.892833986668847501e-06
9.719790796225424856e-06
9.941217285813763738e-06
1.023497588903410360e-05
1.025974052026867867e-05
9.950001185643486679e-06
9.534595847071614116e-06
9.310075256507843733e-06
9.390853847435209900e-06
9.642756594985257834e-06
9.823367690842133015e-06
9.782534107216633856e-06
9.559462341712787747e-06
9.322180630988441408e-06
9.221800610248465091e-06
9.285011401516385376e-06
9.419065463589504361e-06
9.500779015070293099e-06
9.469350516155827790e-06
9.355419024359434843e-06
9.241050065611489117e-06
9.192320248985197395e-06
9.217671504302415997e-06
9.274872354581020772e-06
9.312055226473603398e-06
9.303588740294799209e-06
9.261010745831299573e-06
9.216120815835893154e-06
9.193990990752354264e-06
9.197856343234889209e-06
9.213563316734507680e-06
9.220932042808271945e-06
9.211727956426329911e-06
9.189901902573183179e-06
9.169508302875328809e-06
9.160218723991420120e-06
9.163395588984712958e-06
9.172763384412974119e-06
9.177700121654197574e-06
9.173180842481087893e-06
9.160785339190624654e-06
9.146568118012510240e-06
9.136777407547924668e-06
9.134668289334513247e-06
9.138560926658101380e-06
9.143479474005289376e-06
9.145544026978313923e-06
9.142661838268395513e-06
9.135622349276673049e-06
9.128064448304940015e-06
9.122109076997730881e-06
9.119365131482481956e-06
9.118831258092541248e-06
9.119755304709542543e-06
9.119358765019569546e-06
9.118160051002632827e-06
9.115301509154960513e-06
9.112544830713886768e-06
9.110214705287944525e-06
9.109099664783570915e-06
9.109583515964914113e-06
9.110731298278551549e-06
9.112500265473499894e-06
9.114850399782881141e-06
9.118057278101332486e-06
9.123333256866317242e-06
9.131701517617329955e-06
9.144799150817561895e-06
9.164588846033439040e-06
9.193278856400866061e-06
9.235015568265225738e-06
9.294886694988235831e-06
9.380735718877986073e-06
9.504215995548292994e-06
9.683520147518720478e-06
9.944958947016857564e-06
1.032380987453507259e-05
1.087289547285763547e-05
1.165888170362450182e-05
1.276853799936361611e-05
1.429145959264133126e-05
1.629925282031763345e-05
1.875383895821869373e-05
2.143813253496773541e-05
2.377884811721742153e-05
2.494464752089697868e-05
2.403356120339594781e-05
2.085338564938865602e-05
1.626378980290610343e-05
1.204508771479595453e-05
9.754700840858276933e-06
9.845956810750067234e-06
1.154991423391038552e-05
1.347752549918368459e-05
1.439467632735613734e-05
1.379824698233278468e-05
1.212358620250597596e-05
1.037497622746741399e-05
9.462195521336980164e-06
9.643887096899561584e-06
1.049485672410810366e-05
1.128461553889792413e-05
1.145312489825300872e-05
1.091206650016829371e-05
1.002113913273205981e-05
9.301177669840399176e-06
9.086430509341880679e-06
9.355026122648268938e-06
9.813257747737225145e-06
1.012057509797159582e-05
1.009398147289175540e-05
9.780252185009885579e-06
9.384894838149193674e-06
9.119309652305673808e-06
9.078117727767676115e-06
9.210557436745148152e-06
9.380802111991215497e-06
9.463796232012100518e-06
9.413203770236577839e-06
9.269187103200238198e-06
9.117598892771638930e-06
9.031808076542802155e-06
9.035434231918770820e-06
9.098950613406486809e-06
9.167909411189612001e-06
9.196875907946377993e-06
9.170944395009428263e-06
9.107655387197155505e-06
9.039375981956254691e-06
8.994073141366243362e-06
8.983357474789954722e-06
8.999258170661050826e-06
9.023210623126942664e-06
9.037087693286594003e-06
9.032742127601522952e-06
9.013010640046559274e-06
8.987029104901012033e-06
8.965137567429337651e-06
8.954458280641119927e-06
8.954388249549083412e-06
8.961519597505684942e-06
8.968448128143791109e-06
8.971559509518556297e-06
8.968060683400835842e-06
8.959756087278947234e-06
8.949405128078069538e-06
8.940548468672204763e-06
8.934616744227241725e-06
8.932476703193970025e-06
8.932607670431025326e-06
8.933647222875151783e-06
8.934036486607510597e-06
8.932906894187908620e-06
8.930479452828876674e-06
8.926893315219786018e-06
8.923618224798701704e-06
8.921098014980088919e-06
8.920035725168418139e-06
8.920324944483581930e-06
8.922072993300389498e-06
8.925213478505611420e-06
8.929672731028404087e-06
8.935838195611722767e-06
8.944489309214986861e-06
8.956782039604149759e-06
8.974034244602080435e-06
8.998497833090368658e-06
9.033864444063510746e-06
9.083448276214767247e-06
9.154177860182244331e-06
9.254662472812924534e-06
9.397677786182612181e-06
9.601322744856588542e-06
9.892368325381539762e-06
1.030672228807816282e-05
1.089670240617124364e-05
1.172511565528111532e-05
1.287625764234689996e-05
1.442760640202322975e-05
1.644511394260916859e-05
1.888236511149443686e-05
2.155053880414925516e-05
2.392918577243108302e-05
2.530917117837816477e-05
2.484874676156323403e-05
2.229640449513681233e-05
1.818542295950464904e-05
1.394828359480015934e-05
1.099696601158939302e-05
1.002896442514611408e-05
1.072738723451038823e-05
1.212865026900544763e-05
1.320601313636871055e-05
1.335036085947649553e-05
1.260321096197003499e-05
1.148205137724289671e-05
1.060600061464356259e-05
1.028607766784261912e-05
1.042216354107949883e-05
1.065861215465702116e-05
1.066242111846804619e-05
1.033862554322695360e-05
9.849760317592881620e-06
9.470559234614484012e-06
9.383477845403831452e-06
9.569209396431688219e-06
9.840434358920902014e-06
9.979188689612783492e-06
9.868922461464535445e-06
9.551500625093467534e-06
9.185527233057655394e-06
8.941474334278609604e-06
8.900974535208661109e-06
9.028645763464737684e-06
9.207453331327997148e-06
9.320397111878264695e-06
9.306539141107350588e-06
9.183740985463373363e-06
9.023079655889887363e-06
8.901191904442384839e-06
8.859321496856864542e-06
8.888545380614232272e-06
8.946584785007871687e-06
8.986065950011834502e-06
8.980432539829052985e-06
8.933606295613572001e-06
8.869460543792229146e-06
8.818311471259221435e-06
8.798222552286460996e-06
8.809089194983243942e-06
8.836118468025233597e-06
8.860798516252543777e-06
8.868321856425609440e-06
8.855085070536006242e-06
8.827804776956327260e-06
8.797913324087858200e-06
8.774590241955593228e-06
8.763837286096531898e-06
8.763541700318455696e-06
8.769116902840323746e-06
8.773853551247157156e-06
8.774214620643761009e-06
8.768572115513961762e-06
8.759176125749945641e-06
8.749259905016515404e-06
8.741594683669973165e-06
8.737954885873477906e-06
8.738762517168652266e-06
8.741471901885233819e-06
8.744378646952100098e-06
8.745880222704727203e-06
8.744519618630874902e-06
8.740875273360870779e-06
8.735743904253467917e-06
8.730004083190578967e-06
8.724697181605733931e-06
8.720683581486809999e-06
8.718017852515913546e-06
8.716482625459320843e-06
8.715667718206532300e-06
8.714842806512024254e-06
8.714029718248639256e-06
8.712860108062159270e-06
8.711232112545985729e-06
8.709600479051005095e-06
8.708317182026803493e-06
8.707399501872714609e-06
8.707243068784009665e-06
8.708575478522107005e-06
8.711353075341321528e-06
8.715648618817795068e-06
8.722520760784391314e-06
8.732073183637112379e-06
8.745750164962373674e-06
8.764439371589105576e-06
8.790778338152449578e-06
8.827919373288750648e-06
8.880760105967056006e-06
8.954604709288105369e-06
9.060138836503028870e-06
9.210426469508092850e-06
9.424882591702044010e-06
9.730772944749332964e-06
1.016558417177293450e-05
1.078061814041575417e-05
1.164053264801623300e-05
1.282361608900828287e-05
1.439770221622893587e-05
1.640108712308574468e-05
1.874956069514155388e-05
2.118850352417211980e-05
2.316450081707444042e-05
2.398164906480815262e-05
2.298995241289958358e-05
2.021643558691721410e-05
1.647509452595841140e-05
1.319552029599435627e-05
1.150987736764363945e-05
1.168955895991530269e-05
1.305130990658653900e-05
1.440959113097051159e-05
1.469979542889632285e-05
1.355309450445929542e-05
1.151118067355128005e-05
9.661133844929281622e-06
8.880250788934063166e-06
9.295303243561647832e-06
1.032489126373548061e-05
1.114885435526957735e-05
1.122558023780584335e-05
1.056449764291755855e-05
9.640105417929589748e-06
9.018086529977153987e-06
8.974158845376223326e-06
9.366814992972649634e-06
9.806219168240204453e-06
9.942739779944531620e-06
9.678778951638378203e-06
9.186614988720975816e-06
8.756040188018232584e-06
8.593645361543167382e-06
8.711322152521461248e-06
8.958236321632284671e-06
9.143544048129115254e-06
9.155448424280621111e-06
9.010173016577027738e-06
8.815206456347368658e-06
8.685460670676548034e-06
8.673945558257400990e-06
8.752648682275321335e-06
8.847352546581532806e-06
8.887931471690535545e-06
8.848625839164014906e-06
8.754246664466336370e-06
8.656355930725112557e-06
8.599236934969667345e-06
8.597090527473483235e-06
8.632846402178984135e-06
8.673257070768158883e-06
8.690557478985283524e-06
8.674365744809620082e-06
8.634541700303088874e-06
8.591167897975537926e-06
8.562003131373785436e-06
8.555056410841643810e-06
8.565366442780941725e-06
8.581559086451306939e-06
8.592157428211066872e-06
8.589796379965264350e-06
8.576626896683592349e-06
8.558072295272722840e-06
8.541737770428881049e-06
8.532878382538910955e-06
8.532400897820480168e-06
8.537814210285432637e-06
8.544170668756123632e-06
8.548261575924698263e-06
8.547336619812995195e-06
8.542988325643818825e-06
8.536859240848571062e-06
8.531496860086917877e-06
8.529880688001867384e-06
8.532245374226476997e-06
8.539004738850053400e-06
8.549648555344901979e-06
8.563809387851506472e-06
8.582584086980205029e-06
8.608310054114554077e-06
8.645529305795207620e-06
8.700588296051137149e-06
8.784345482126809657e-06
8.910130418371409178e-06
9.098980626731645316e-06
9.382147254655137658e-06
9.805656191019807011e-06
1.043581505655311048e-05
1.136818718805443496e-05
1.272547524422407150e-05
1.466200228605885059e-05
1.729947507556062192e-05
2.067649256787262857e-05
2.449036037432961166e-05
2.800934271363075823e-05
2.983012018376030028e-05
2.864487032638862729e-05
2.400573066552169621e-05
1.755686207616236061e-05
1.212295956065645441e-05
9.980448339774738997e-06
1.127395807998254895e-05
1.422014247509650886e-05
1.639550464460626245e-05
1.617767884454224259e-05
1.370368772768415511e-05
1.064085608959430829e-05
8.888883712643291801e-06
9.157682143268175423e-06
1.067427820089505985e-05
1.199292910314397886e-05
1.209148376801749691e-05
1.100344343285541981e-05
9.611632776795886457e-06
8.862185495672747493e-06
9.047465937328524888e-06
9.722304639581125230e-06
1.018216244119685143e-05
1.002911812975071371e-05
9.409625818079803139e-06
8.800286195764783770e-06
8.590018296672496945e-06
8.805604920780751854e-06
9.162034984910860658e-06
9.330484317615628242e-06
9.184901500702835619e-06
8.855364285409450531e-06
8.583861927036195993e-06
8.527199497621040791e-06
8.660048479214310646e-06
8.827599231153726578e-06
8.880784662324003875e-06
8.778375558904372156e-06
8.596727639087475836e-06
8.455140232399571687e-06
8.426049134868662804e-06
8.495284419041126966e-06
8.587468073528725654e-06
8.627606803202070296e-06
8.590511242800857872e-06
8.505943696945905685e-06
8.429296030953992158e-06
8.400987098866607994e-06
8.423750841757282615e-06
8.468354280921630561e-06
8.499228897562716156e-06
8.496350346831604838e-06
8.464624443149659783e-06
8.424382940575014800e-06
8.397573765250854194e-06
8.393298230657819659e-06
8.406408596783876419e-06
8.422759492532350123e-06
8.429929039266426116e-06
8.423716280958615243e-06
8.408243957092054188e-06
8.392917152377776802e-06
8.384083230339456350e-06
8.384542525163851678e-06
8.390644325118046254e-06
8.397703822993207723e-06
8.401961167692206800e-06
8.402617822866886854e-06
8.401141712965909392e-06
8.402056664635892957e-06
8.408027497353032231e-06
8.421096026722807437e-06
8.441083991783671081e-06
8.468252417515031993e-06
8.503271601512096822e-06
8.549263839086052030e-06
8.611898010713048279e-06
8.699273166712373495e-06
8.822836207400541753e-06
8.996784345072228462e-06
9.240820872946642339e-06
9.580764526617713273e-06
1.005175454338314012e-05
1.069578138412907720e-05
1.156323378381785005e-05
1.269705080630956218e-05
1.412187975802225992e-05
1.578953742864541709e-05
1.754652657837141305e-05
1.906299985421355814e-05
1.989379234146326780e-05
1.957088898052461445e-05
1.793462070054374635e-05
1.529169276182074100e-05
1.243459155375603586e-05
1.021393836708739400e-05
9.142242561210878193e-06
9.184133887174539268e-06
9.897023119265213609e-06
1.071224778570467606e-05
1.119396620197221637e-05
1.117672309192130342e-05
1.076043008652050048e-05
1.019708997773705050e-05
9.717251487018074840e-06
9.431530088477302343e-06
9.308049811806995422e-06
9.247305570170283318e-06
9.164856237475760281e-06
9.041881639859639108e-06
8.917839295463636518e-06
8.847328899719286710e-06
8.854584848450031132e-06
8.916113984014373273e-06
8.975332093541510403e-06
8.976751814770977944e-06
8.897159204934723675e-06
8.754028385737910867e-06
8.593156053393613547e-06
8.465895007248036563e-06
8.400815204367972910e-06
8.398345926252659410e-06
8.435043127974495292e-06
8.479029020236339420e-06
8.505877303832676262e-06
8.504514880769420415e-06
8.480067663185764104e-06
8.444834747933782637e-06
8.411181624978780746e-06
8.385707587876822799e-06
8.368985618290025741e-06
8.355458703590556979e-06
8.340488420799374580e-06
8.320467713929247111e-06
8.297924068756401539e-06
8.276524567918386310e-06
8.261475159088149667e-06
8.255893590103369206e-06
8.260016329586505890e-06
8.270806574728339911e-06
8.283702300104778260e-06
8.293881364807020873e-06
8.298227839986793697e-06
8.294995495816692710e-06
8.285069270641542971e-06
8.271348633570596576e-06
8.255873581219930202e-06
8.242660442192573100e-06
8.232592335843946785e-06
8.225682904594577849e-06
8.222489668696653098e-06
8.221032658184412867e-06
8.220556992455385625e-06
8.219517440011259168e-06
8.217272807087283581e-06
8.214189620048273355e-06
8.210027772292960435e-06
8.205515769077464938e-06
8.200740012398455292e-06
8.196904673241078854e-06
8.193760550057049841e-06
8.191363122023176402e-06
8.189564141503069550e-06
8.188308129319921136e-06
8.187046660168562084e-06
8.185428669094108045e-06
8.184055332094430923e-06
8.182027158909477293e-06
8.180152690329123288e-06
8.178478310583159328e-06
8.176662959158420563e-06
8.175034963642247021e-06
8.173577953130006790e-06
8.172391062544193119e-06
8.171836270776111633e-06
8.171403351298067719e-06
8.171793524525128305e-06
8.173068636097013950e-06
8.175504262908361852e-06
8.179521501006092876e-06
8.185655133274849504e-06
8.195425834855996072e-06
8.210176019929349422e-06
8.232544132624752820e-06
8.265898031822871417e-06
8.316226740134879947e-06
8.391587471123784781e-06
8.505598088959231973e-06
8.677488040120806545e-06
8.938953214965295047e-06
9.335762115370016545e-06
9.939966730598825961e-06
1.085231451725121588e-05
1.222158698510611430e-05
1.422964123776182532e-05
1.709716343611944467e-05
2.094288538501132280e-05
2.568106538092251867e-05
3.055695924558676779e-05
3.413773447391577065e-05
3.425640898058190942e-05
2.979691453219857067e-05
2.181305171689018607e-05
1.402924317517317832e-05
1.004313617158913985e-05
1.087736200133804232e-05
1.451142179575981572e-05
1.757019163051154464e-05
1.757453901518601924e-05
1.450001946068368852e-05
1.068879464583005756e-05
8.770027307036798447e-06
9.559800673741847277e-06
1.170573705167043954e-05
1.307886304857674986e-05
1.249973956873873249e-05
1.051980871125124395e-05
8.756447641644626856e-06
8.397753845201805234e-06
9.299829798692371696e-06
1.034799424814991653e-05
1.052968673320719972e-05
9.734594641486182809e-06
8.687949957675300539e-06
8.208930921682622284e-06
8.510200132150202990e-06
9.133101229963358492e-06
9.443396265851333737e-06
9.176003004540689290e-06
8.585304385633207858e-06
8.148432243615388870e-06
8.137330041790846735e-06
8.439361408818513155e-06
8.720954610907938331e-06
8.732426067581400275e-06
8.487214472552295774e-06
8.200873708119615912e-06
8.081913620117120445e-06
8.170059118128847331e-06
8.339124178746715188e-06
8.425003215961623937e-06
8.361424988834187388e-06
8.208003237086813897e-06
8.081688065431080759e-06
8.057056220422964543e-06
8.120520760712679476e-06
8.198106115742120892e-06
8.221657481044530869e-06
8.177717063517775387e-06
8.104456355795264244e-06
8.053761121118441224e-06
8.051525583141483366e-06
8.084241926553659141e-06
8.116995559248607606e-06
8.122749932226724923e-06
8.098546459223143756e-06
8.062294000410474837e-06
8.036932740651536733e-06
8.033022822928614914e-06
8.046141374506987631e-06
8.060640539042651653e-06
8.064540452323853970e-06
8.054143108893185854e-06
8.036673534661531448e-06
8.021588655537925661e-06
8.015879757294896990e-06
8.018878361326642334e-06
8.025729584915097803e-06
8.029325726965907961e-06
8.026614523259922862e-06
8.018767402973026037e-06
8.009742487047333270e-06
8.003655239008367062e-06
8.001750757102854550e-06
8.003072252904530615e-06
8.005074960237834603e-06
8.005540621525142342e-06
8.002944923646282405e-06
7.998555702215526253e-06
7.993653525772970170e-06
7.990151971171144396e-06
7.988644028955604881e-06
7.988257493707351387e-06
7.988481229403987527e-06
7.987895514816045761e-06
7.986202035681344569e-06
7.983770956343505532e-06
7.981053386174608022e-06
7.978861503943335265e-06
7.977777386258821934e-06
7.977652785484679043e-06
7.977948371262755245e-06
7.979247129696886986e-06
7.981476301210932434e-06
7.984092007973231375e-06
7.989200639713089913e-06
7.997549801075365394e-06
8.011500540305860341e-06
8.033057383727282286e-06
8.067685485002584755e-06
8.121147402562201023e-06
8.203476681956090033e-06
8.331114258908201009e-06
8.528544640284962952e-06
8.835602784529328346e-06
9.311529538535978645e-06
1.004685327643528581e-05
1.116900057240854949e-05
1.284868449147325009e-05
1.526600317447446287e-05
1.854432593972887844e-05
2.251283331133890897e-05
2.648484769451897591e-05
2.895683246606495231e-05
2.824763760145287961e-05
2.364179817959666252e-05
1.690588578640017658e-05
1.133360274252481759e-05
9.393595064466353506e-06
1.091345438908319920e-05
1.365372099826345220e-05
1.512246035417774692e-05
1.424063702870626003e-05
1.191648698295466602e-05
1.000682459562085569e-05
9.646273610997013748e-06
1.043395695887738839e-05
1.111061465053353459e-05
1.081117261492181569e-05
9.761253750184550881e-06
8.903259185899514705e-06
8.897937732399441302e-06
9.532161129754967988e-06
1.001855434878962114e-05
9.774017598829232156e-06
8.931290722102858126e-06
8.155968316714279354e-06
8.003251423360779881e-06
8.449694178125355393e-06
8.992641596705652773e-06
9.135170330409891903e-06
8.785708814684767276e-06
8.260977665486279875e-06
7.957392881507985294e-06
8.015098501346074045e-06
8.263596100732684135e-06
8.428835826634895056e-06
8.376016012334730476e-06
8.183703357644844800e-06
8.025947863643523306e-06
8.004247320059221238e-06
8.079854524112306535e-06
8.138962584780529141e-06
8.107092071441002190e-06
8.007491487660445273e-06
7.922088116174563766e-06
7.911826287454459816e-06
7.968523277668282390e-06
8.030719072849024087e-06
8.041222827159799635e-06
7.990841368155088276e-06
7.917565199022646993e-06
7.869294677220750600e-06
7.867652129789348692e-06
7.897449904703535140e-06
7.925920726847834885e-06
7.929576895548962057e-06
7.909540727268904448e-06
7.882777936174534261e-06
7.867380190873518586e-06
7.867553904361557215e-06
7.875272785895504057e-06
7.877805728639941663e-06
7.870000445109326392e-06
7.855503099563065916e-06
7.843212188163306564e-06
7.839646059437654912e-06
7.843907951610162854e-06
7.850886504456866533e-06
7.853685929148923606e-06
7.849900612200144678e-06
7.841567821742501110e-06
7.833051313355099410e-06
7.827358786016702652e-06
7.826015462342184037e-06
7.826582077541388571e-06
7.826972250768449157e-06
7.825406100891996175e-06
7.821565304766409099e-06
7.817787263775244355e-06
7.815144272171892226e-06
7.814192940713837743e-06
7.814434866304509342e-06
7.814365744707174599e-06
7.813428055669646710e-06
7.811129762558266521e-06
7.808210284565575421e-06
7.805614586686715484e-06
7.804104825481772423e-06
7.803600055922288448e-06
7.804075721651315689e-06
7.805462701071519405e-06
7.807705515006091446e-06
7.811760042386595160e-06
7.818622179911471903e-06
7.830382855900097638e-06
7.849775101931300014e-06
7.882038516981992871e-06
7.933260349091142416e-06
8.015151252038776875e-06
8.145027095451951027e-06
8.352279110113158822e-06
8.684196473041083664e-06
9.213663361151702702e-06
1.005504964268766344e-05
1.137681374530075118e-05
1.340379458270035684e-05
1.639221954974345863e-05
2.048226633633021265e-05
2.542318361520301551e-05
3.005742837558500469e-05
3.224295141990296543e-05
2.969902561744675040e-05
2.247610245831310749e-05
1.404406157234916463e-05
9.136014341493137181e-06
9.699379916128236800e-06
1.366189917462179437e-05
1.697775587672367692e-05
1.671998506935779005e-05
1.319699913437943906e-05
9.435667379875667393e-06
8.274299943877849728e-06
9.885620784189086407e-06
1.209610763908131048e-05
1.264281399926403537e-05
1.110363518819212914e-05
8.979600352176930755e-06
8.027669537113979459e-06
8.640416126581840217e-06
9.772368684934917837e-06
1.016424630506662652e-05
9.496206075709778816e-06
8.479491953039541841e-06
8.005389645404648036e-06
8.301199159177485853e-06
8.856465683493297547e-06
9.032147318066563457e-06
8.659891136630903929e-06
8.106597306323237717e-06
7.840262696845456958e-06
7.991096936166286469e-06
8.296362466353457421e-06
8.411797352891881019e-06
8.232370419136714190e-06
7.941527655930258334e-06
7.792673386575188488e-06
7.867482963774818927e-06
8.033438462007325143e-06
8.100103514152579010e-06
8.000085472303908318e-06
7.827889930922538042e-06
7.726939657004550099e-06
7.755889782856684178e-06
7.852046110201627016e-06
7.908124644018243998e-06
7.872375135775655508e-06
7.781685781083069742e-06
7.713757440797053277e-06
7.713370905548799783e-06
7.761068445688579232e-06
7.802170330251101404e-06
7.797792022756766528e-06
7.753445970593020320e-06
7.706262294959742576e-06
7.687543984502553940e-06
7.701350114075466990e-06
7.725521754764486104e-06
7.735621693427674472e-06
7.722767804807517678e-06
7.697357432334683836e-06
7.678215297346469015e-06
7.674781045352574438e-06
7.683984222239814699e-06
7.694362466281745583e-06
7.696105967625044286e-06
7.687304787395987660e-06
7.674647349631413817e-06
7.666054443689063191e-06
7.665203156648203731e-06
7.669134902243968099e-06
7.673204891034401953e-06
7.672146239201538265e-06
7.666976671316660941e-06
7.660515620955266058e-06
7.655913577764295042e-06
7.654889486730098724e-06
7.656268280697986484e-06
7.657865353394299746e-06
7.657067726540844887e-06
7.654294677195139229e-06
7.651256964891217649e-06
7.649081453564576805e-06
7.649286999367177486e-06
7.650786756130401045e-06
7.653239663341082633e-06
7.655686204088851810e-06
7.658702088519930840e-06
7.662001735297963023e-06
7.667961654078681022e-06
7.677465873712208122e-06
7.691903192608151585e-06
7.713026207056827843e-06
7.742897651041857898e-06
7.785135494486894459e-06
7.844751053198706359e-06
7.930620085971895605e-06
8.054625141085125506e-06
8.235011591750662774e-06
8.497269845975097269e-06
8.879252163751516491e-06
9.434139428776688874e-06
1.023975255520781502e-05
1.139346386480610818e-05
1.302721102547366172e-05
1.525973129901103675e-05
1.819379031076095998e-05
2.172583481296896935e-05
2.550332646933384240e-05
2.856902938219718635e-05
2.971172943944111466e-05
2.765144745353609324e-05
2.245307769044302404e-05
1.569856431160587817e-05
1.012597931548953056e-05
7.750819349894300103e-06
8.779400559433270246e-06
1.174128829006804153e-05
1.451349453418515623e-05
1.545455779705662280e-05
1.410045570082729682e-05
1.137708932219538838e-05
8.856218300934415311e-06
7.767985152895562351e-06
8.287314813060220331e-06
9.641728865972254425e-06
1.075152431440073997e-05
1.089654051611432806e-05
1.007617720460984856e-05
8.858515684551093727e-06
7.955632099765352905e-06
7.752252713544294238e-06
8.148911547323223203e-06
8.722591701371129602e-06
9.043832505994942039e-06
8.928679562814068049e-06
8.485663784085772932e-06
7.999260560609400272e-06
7.718163942627143115e-06
7.724591341684572399e-06
7.920560165075585246e-06
8.126271495711989701e-06
8.198736395570449531e-06
8.104248991003260016e-06
7.911850843811407685e-06
7.730627658020239323e-06
7.641007869096938521e-06
7.655878107470925897e-06
7.729318895144388080e-06
7.795943020028062165e-06
7.810851457179524004e-06
7.768198884150478989e-06
7.694033229199703783e-06
7.626820661243982613e-06
7.592888323415536433e-06
7.594667295052204281e-06
7.617164101247908548e-06
7.638140232302248478e-06
7.642141099495347589e-06
7.625865691807121038e-06
7.597771855216706172e-06
7.570736670459154993e-06
7.554171133961062878e-06
7.551424914709059522e-06
7.557664503110572696e-06
7.565184205304831266e-06
7.567442480649333447e-06
7.561642632936127484e-06
7.550019290647469461e-06
7.536532848462229595e-06
7.525854925916064531e-06
7.520727194787468761e-06
7.520466169808059931e-06
7.523536623921245337e-06
7.526720310124801472e-06
7.526807621616171673e-06
7.523459316871594638e-06
7.517533049394842237e-06
7.510263912990922108e-06
7.503458164137555286e-06
7.499264484067680314e-06
7.497132173739373684e-06
7.497066690120846033e-06
7.497930710087530315e-06
7.498601462430087849e-06
7.498589638998964801e-06
7.496749276469927281e-06
7.493707016692496836e-06
7.489965355489403009e-06
7.486370122933294624e-06
7.482649834855692461e-06
7.479938176402356476e-06
7.478244242520304397e-06
7.476777682313695550e-06
7.476229257008526474e-06
7.475833172065904364e-06
7.475097845599520952e-06
7.474081030522938818e-06
7.472788183804368600e-06
7.470959189959103242e-06
7.468899184459587559e-06
7.466950137313688174e-06
7.464754617103608325e-06
7.462504981958772987e-06
7.460645065293647349e-06
7.459024800482438877e-06
7.457197170879226178e-06
7.456043476850027218e-06
7.454378192051080987e-06
7.453116722899721935e-06
7.451689725712640211e-06
7.450332304870244116e-06
7.448966243828181177e-06
7.447447842423571274e-06
7.446054041793104261e-06
7.444820312230149284e-06
7.443056802003411576e-06
7.441703019139822572e-06
7.439940873155137524e-06
7.438562079187249765e-06
7.437186923198169097e-06
7.435554380208486691e-06
7.434178769472055137e-06
7.432600796164479107e-06
7.431126960000256076e-06
7.429843208228703588e-06
7.428318440361181274e-06
7.426928277709521353e-06
7.425627245538635179e-06
7.424465820804471150e-06
7.423421266139484942e-06
7.422086582664633170e-06
7.421351710945600644e-06
7.420463589369319379e-06
7.420203019137261435e-06
7.419951998599572107e-06
7.420178008032962680e-06
7.421500868076691404e-06
7.423402166750747710e-06
7.426883712469134480e-06
7.432045549649046734e-06
7.440303306793794036e-06
7.452280897268792614e-06
7.470419404853601009e-06
7.497663318645209074e-06
7.538329100498231128e-06
7.598932370456168428e-06
7.689523044973611832e-06
7.825075954315252602e-06
8.028819138417020440e-06
8.334944141097366810e-06
8.793775123194791377e-06
9.478452739131171256e-06
1.048708054440794513e-05
1.194657761516282335e-05
1.397574305883608758e-05
1.664165938564110547e-05
1.979177795874420553e-05
2.293045872647780925e-05
2.502341703802812845e-05
2.492743806215003133e-05
2.203306939918547869e-05
1.733471253828611225e-05
1.301849442825186998e-05
1.117266583605669439e-05
1.224970037583261728e-05
1.492503452027449384e-05
1.696521940175443888e-05
1.659888948779553175e-05
1.375744705001125112e-05
1.022115066007245332e-05
8.175205039151478559e-06
8.401829290960449725e-06
9.886358384392224252e-06
1.093322680389974266e-05
1.057760709954891354e-05
9.211530596076045185e-06
8.032667210500221699e-06
7.902424840722233057e-06
8.673165211803279817e-06
9.485604095971211791e-06
9.597602911526337266e-06
8.955666999099776149e-06
8.123776751745026559e-06
7.701564754825085402e-06
7.830174581613391638e-06
8.176299161277711391e-06
8.308961696457117796e-06
8.078731298155616969e-06
7.683818694204092026e-06
7.436974556185305119e-06
7.481642114726128057e-06
7.705022653681226075e-06
7.878868927946314216e-06
7.863911378080956638e-06
7.700807145738508552e-06
7.537616966146742925e-06
7.490382358810165897e-06
7.555519914603792131e-06
7.639111572643741965e-06
7.650597581232432276e-06
7.573669336125021800e-06
7.464482223440427333e-06
7.393498435703804716e-06
7.388262929453048855e-06
7.422577255056239665e-06
7.447747066180454567e-06
7.433572591253323480e-06
7.388354333670577034e-06
7.342630851780995727e-06
7.323298177652759477e-06
7.332492259592982009e-06
7.352590728260111064e-06
7.362280939560150728e-06
7.352905413426924497e-06
7.331818778766319156e-06
7.313702099054353312e-06
7.308271960937418044e-06
7.314910362765658647e-06
7.325013484660303220e-06
7.329550044232746586e-06
7.325191745621850714e-06
7.316448773053707555e-06
7.309663033083779737e-06
7.309619832085445523e-06
7.315848506550537422e-06
7.325315891648642719e-06
7.334282599913422018e-06
7.341690889006713405e-06
7.349985480686882511e-06
7.363070835708640516e-06
7.385253411484882236e-06
7.420317615469684824e-06
7.469974661944434047e-06
7.538208592450246215e-06
7.631844709976576269e-06
7.761971573927439749e-06
7.947551239340100437e-06
8.212688044295646250e-06
8.593188795202877373e-06
9.135023901762906462e-06
9.902562851493712515e-06
1.097339645639294758e-05
1.244693794433260337e-05
1.440085725334938616e-05
1.688467455096542835e-05
1.976817657123319805e-05
2.273341306135989726e-05
2.502263305359520018e-05
2.575461076048668474e-05
2.404494807706214488e-05
1.997802064579445869e-05
1.465476634621154517e-05
1.000950851448578760e-05
7.578280474263010547e-06
7.750109034532215446e-06
9.716393833514302969e-06
1.206016077048843727e-05
1.347123361483681947e-05
1.325366611126810312e-05
1.162274475063895807e-05
9.458611202717293054e-06
7.816935067239683121e-06
7.310123237402876839e-06
7.869146429584361613e-06
8.910460564948152751e-06
9.728426448418758810e-06
9.871098882285878062e-06
9.310097993875388056e-06
8.396156772505491972e-06
7.601420293212868273e-06
7.257927791215479374e-06
7.406536042253719643e-06
7.834865755285136402e-06
8.235691893787588924e-06
8.379844985029194504e-06
8.213331966544501483e-06
7.846978405723348260e-06
7.473489404219435528e-06
7.253604962897952646e-06
7.242575520649552345e-06
7.386957349808653817e-06
7.572835784230846912e-06
7.691280188737437129e-06
7.686869139433838427e-06
7.573534276161808521e-06
7.412264494632836431e-06
7.274557901837397367e-06
7.207495855254819617e-06
7.218754944915417582e-06
7.280852969415718690e-06
7.351324711635243148e-06
7.393060059257550165e-06
7.390243808913510293e-06
7.346848633460467681e-06
7.284826551767764613e-06
7.228034064610255882e-06
7.193740202637854964e-06
7.187797109509119764e-06
7.203617315099108964e-06
7.228935373859712854e-06
7.249854661495191976e-06
7.257493962242733687e-06
7.250455837493063882e-06
7.232014468172565103e-06
7.209285740827908739e-06
7.188993095041951165e-06
7.175969585659913719e-06
7.171454399212962016e-06
7.174092388595454395e-06
7.180359716585371643e-06
7.186920356616610661e-06
7.190922588051762432e-06
7.190979431470623240e-06
7.187481060100253671e-06
7.181605724326800555e-06
7.174482561822514981e-06
7.168744105001678690e-06
7.164774160628439859e-06
7.163626833062153310e-06
7.165778242779197171e-06
7.170649496401892975e-06
7.178780833783093840e-06
7.190490123321069404e-06
7.206811460491735488e-06
7.230577466543763876e-06
7.265103249665116891e-06
7.317678409890504554e-06
7.397834906441858038e-06
7.520716735598398373e-06
7.710767931712325662e-06
8.003038601600565016e-06
8.450544555671513081e-06
9.128109013545326889e-06
1.013776363834040239e-05
1.159803650807589293e-05
1.361054364679148421e-05
1.616907684365287423e-05
1.901036921481136233e-05
2.144964491890277714e-05
2.243841299787163734e-05
2.104296981997322291e-05
1.730788244458381087e-05
1.262596560991369188e-05
9.024991413753014058e-06
7.798726073815487325e-06
8.790687388682272285e-06
1.074687861546408385e-05
1.219365549331996590e-05
1.222625814989442006e-05
1.088984663510927930e-05
9.048763786267954856e-06
7.771051059535238892e-06
7.626544629601994529e-06
8.381049156014341861e-06
9.259765647584572434e-06
9.529494491289369762e-06
8.990635251393541694e-06
8.061214430199470371e-06
7.398712114081718028e-06
7.366780664597172290e-06
7.799701052135787904e-06
8.217126378440298140e-06
8.247653568105306476e-06
7.891610039223451167e-06
7.451288638549158350e-06
7.233824817376444116e-06
7.312837169592967257e-06
7.526382432843092829e-06
7.656145498913247138e-06
7.602016012242529541e-06
7.421589089062763378e-06
7.246662335091968998e-06
7.171237939473940060e-06
7.202297183539485559e-06
7.281129910552408546e-06
7.338923751376569271e-06
7.335030204558279365e-06
7.271858066815184429e-06
7.183965863077901304e-06
7.115884272934636101e-06
7.098107289493782446e-06
7.129419827833771706e-06
7.179143267421750352e-06
7.208529495983384550e-06
7.194928457465721294e-06
7.146812095015775412e-06
7.093208296282682568e-06
7.062920758471591398e-06
7.066841135383583605e-06
7.091844054230023175e-06
7.115588687156559899e-06
7.121702310541877523e-06
7.108284535206621513e-06
7.085351626301417127e-06
7.065192676236620173e-06
7.054959496599622071e-06
7.055317382764769718e-06
7.060596090013859794e-06
7.066658326948527247e-06
7.068589638947742060e-06
7.065404133754782379e-06
7.058572464302415028e-06
7.050494787108618766e-06
7.043523510219529271e-06
7.040237051114672795e-06
7.040373930067289621e-06
7.042403922241646796e-06
7.043858659017132595e-06
7.042943252599798143e-06
7.039222964522195980e-06
7.034252121229656041e-06
7.030154847598168999e-06
7.027355422906111926e-06
7.026954335742630064e-06
7.027963420114247128e-06
7.028588242974365130e-06
7.028894742688862607e-06
7.028531854302855209e-06
7.027956598903983831e-06
7.027756964816944674e-06
7.028601430647540838e-06
7.031582299532601610e-06
7.036918759695254266e-06
7.046268819976830855e-06
7.060811185510829091e-06
7.082821866788435727e-06
7.116468168533174321e-06
7.167176590883173048e-06
7.244239895953796804e-06
7.361873940681107342e-06
7.543060746684204787e-06
7.823487067071255296e-06
8.256200999312568456e-06
8.925693691708147526e-06
9.953691915143281221e-06
1.152420554717537016e-05
1.386550866300240159e-05
1.726723712636157870e-05
2.188662983826361597e-05
2.764238888630643487e-05
3.351921623107045889e-05
3.764315624721348286e-05
3.710672535817138851e-05
3.067920624744147062e-05
2.019406201725360006e-05
1.090554815164068714e-05
7.256962817336898297e-06
9.744563612912315875e-06
1.504620468040229753e-05
1.868938852567225695e-05
1.804334715416189283e-05
1.376773616357240826e-05
9.209365089191123843e-06
7.401700713671743870e-06
8.788692866801284254e-06
1.134946342062903568e-05
1.259690998267615214e-05
1.156946746050380170e-05
9.274789590563159436e-06
7.584613285871455446e-06
7.530462426075246185e-06
8.640853593533392996e-06
9.626924111216794699e-06
9.568989298713859171e-06
8.592729500378482044e-06
7.555838237749412656e-06
7.212299351522233337e-06
7.609629847138421610e-06
8.191907909349538386e-06
8.372319825866725296e-06
8.006448297237511724e-06
7.431217909470433369e-06
7.094331976986723021e-06
7.173575795604847372e-06
7.482688943127868697e-06
7.691602149861864746e-06
7.612273748236475512e-06
7.323575118789449334e-06
7.057667971821501851e-06
6.991481768636731431e-06
7.117926543287467211e-06
7.285310402949107811e-06
7.339401236095000058e-06
7.240299055411014706e-06
7.070777428452856839e-06
6.953414413146674633e-06
6.951826435397379100e-06
7.035750968498177826e-06
7.119973361113807186e-06
7.135240593925118446e-06
7.074779659888008609e-06
6.986320386204170063e-06
6.928453785803867504e-06
6.927723916305694729e-06
6.968032721488270909e-06
7.008737611613469198e-06
7.018851192697184160e-06
6.993470378802157938e-06
6.951947398192714900e-06
6.921238309587351978e-06
6.914594450790900737e-06
6.928554284968413413e-06
6.946629582671448588e-06
6.954248874535551295e-06
6.946086614334490150e-06
6.928582479304168373e-06
6.912265234859660268e-06
6.904715519340243191e-06
6.907054739713203162e-06
6.913720426382496953e-06
6.918511189724085853e-06
6.916941401868825778e-06
6.910408046678639948e-06
6.901819233462447301e-06
6.895198112033540383e-06
6.892984856676775962e-06
6.894273610669188201e-06
6.896465492900460958e-06
6.897322691656881943e-06
6.895453680044738576e-06
6.891310931678162888e-06
6.886762093927245587e-06
6.882945399411255494e-06
6.880952241772320122e-06
6.880642558826366439e-06
6.881120953039499000e-06
6.881157332827569917e-06
6.880029104650020599e-06
6.877821306261466816e-06
6.875179224152816460e-06
6.872438461869023740e-06
6.870365268696332350e-06
6.869014669064199552e-06
6.868199761811411008e-06
6.867545835120836273e-06
6.866891908430261537e-06
6.865373052278300747e-06
6.863895123387919739e-06
6.861893325549317524e-06
6.860299436084460467e-06
6.858578217361355200e-06
6.857018888695165515e-06
6.856250365672167391e-06
6.855032097519142553e-06
6.853840204712469131e-06
6.852394108136650175e-06
6.851204034319380298e-06
6.849901637906441465e-06
6.848320481367409229e-06
6.847018539701821283e-06
6.845636562502477318e-06
6.844601102784508839e-06
6.843491519248345867e-06
6.842447419330710545e-06
6.841450613137567416e-06
6.840740297775482759e-06
6.839718480478040874e-06
6.838920853624586016e-06
6.838606168457772583e-06
6.838873559900093824e-06
6.839778507128357887e-06
6.841806225565960631e-06
6.845426014479016885e-06
6.850932095403550193e-06
6.860201665404019877e-06
6.874700375192333013e-06
6.897478669998236001e-06
6.932635187695268542e-06
6.986892913118936121e-06
7.071893833199283108e-06
7.203558197943493724e-06
7.409008048853138462e-06
7.728234777459874749e-06
8.223366421589162201e-06
8.984388841781765223e-06
1.013447672448819503e-05
1.182049618364544585e-05
1.416243139829020947e-05
1.713356141408439726e-05
2.033258169831242412e-05
2.277603562106378376e-05
2.302048051205929369e-05
2.008766750805079937e-05
1.471521409257547930e-05
9.486815542913973331e-06
7.014856237219646573e-06
7.945132892928086221e-06
1.073014209396205842e-05
1.295087349717505276e-05
1.292924389417748898e-05
1.076489388651680201e-05
8.149358109221793711e-06
6.903987468831473961e-06
7.522341547883115709e-06
9.012741429614834487e-06
9.922337994794361293e-06
9.510246854915749282e-06
8.201848686439916492e-06
7.075898338371189311e-06
6.883552032377338037e-06
7.500158062612172216e-06
8.197066563297994435e-06
8.331428034580312669e-06
7.836467375454958528e-06
7.165568149503087625e-06
6.832184226368553936e-06
6.984688752709189430e-06
7.359886240010382608e-06
7.575972631457261741e-06
7.454932983819162473e-06
7.122375791368540376e-06
6.848305474704829976e-06
6.806282726756762713e-06
6.958198810025351122e-06
7.126833679649280384e-06
7.160700988606549799e-06
7.044019184831995517e-06
6.879542979731922969e-06
6.786914582335157320e-06
6.807872068748110905e-06
6.892219516885234043e-06
6.953569481993326917e-06
6.942069376236759126e-06
6.871436198707669973e-06
6.796366506023332477e-06
6.764223144273273647e-06
6.781990123272407800e-06
6.820711860200390220e-06
6.843437404313590378e-06
6.832909093645866960e-06
6.798843514843611047e-06
6.765450962120667100e-06
6.751539331162348390e-06
6.759283678547944874e-06
6.776259851903887466e-06
6.786442099837586284e-06
6.782676337024895474e-06
6.768293587811058387e-06
6.753428806405281648e-06
6.746466624463209882e-06
6.749641215719748288e-06
6.758958079444710165e-06
6.767742434021783993e-06
6.772970664314925671e-06
6.775270776415709406e-06
6.779170234949560836e-06
6.790302904846612364e-06
6.812490937591064721e-06
6.847869371995329857e-06
6.899846084706950933e-06
6.973074505367549136e-06
7.077253030729480088e-06
7.229500170069513842e-06
7.455086233676411211e-06
7.788971743138972670e-06
8.279826943180523813e-06
8.992330549517646432e-06
1.000714837573468685e-05
1.140853510150918737e-05
1.325359335169196129e-05
1.548887485114391893e-05
1.785612403182312846e-05
1.977267129404935986e-05
2.042859887296799570e-05
1.914354288601316512e-05
1.603340570000000298e-05
1.223468370881164446e-05
9.398300790053326637e-06
8.599862667324487120e-06
9.738612789078615606e-06
1.171705844171810895e-05
1.313381835643667728e-05
1.302947111980756745e-05
1.142628752859309316e-05
9.278756806452292949e-06
7.783403816574718803e-06
7.529910362791270018e-06
8.210013220377732068e-06
8.994233212433755398e-06
9.172670615953393281e-06
8.590050128987058997e-06
7.653859029232989997e-06
6.954103810130618513e-06
6.827246579632628709e-06
7.177645329647930339e-06
7.632128472323529422e-06
7.841957085474859923e-06
7.700411515543237329e-06
7.355833076871931553e-06
7.058922165015246719e-06
6.974689767957897857e-06
7.094180546118877828e-06
7.280284989974461496e-06
7.383695447060745209e-06
7.341660875681554899e-06
7.194587851699907333e-06
7.038628609734587371e-06
6.953459887881763279e-06
6.958943686186103150e-06
7.016167273832252249e-06
7.067967999319080263e-06
7.074055702105397359e-06
7.032263056316878647e-06
6.970280992391053587e-06
6.921522071934305131e-06
6.907153419888345525e-06
6.927872618689434603e-06
6.967738499952247366e-06
7.007299700489966199e-06
7.035755515971686691e-06
7.054897196212550625e-06
7.076054316712543368e-06
7.114034360711229965e-06
7.180076408985769376e-06
7.280510544660501182e-06
7.415396339638391510e-06
7.585291314171627164e-06
7.792544238327536732e-06
8.048589734244160354e-06
8.368217095267027617e-06
8.774281013756990433e-06
9.283669896831270307e-06
9.917762326949741691e-06
1.067508583219023421e-05
1.155095287685981020e-05
1.249429806193802506e-05
1.344567590422229841e-05
1.426531161996535957e-05
1.482374591432744637e-05
1.492369756306288764e-05
1.447154409106587991e-05
1.341356437478680164e-05
1.190118018712382764e-05
1.017507474898593500e-05
8.574099410907365382e-06
7.375313998636556789e-06
6.736934665241278708e-06
6.656324785581091419e-06
7.003410701145185158e-06
7.578109034511726350e-06
8.170464752765838057e-06
8.610609256720636040e-06
8.791390428086742759e-06
8.690670256328303367e-06
8.351993528776802123e-06
7.877451025706250221e-06
7.380741863016737625e-06
6.967883564357180148e-06
6.701769962091930211e-06
6.600603683182271197e-06
6.641763775405706838e-06
6.776190730306552723e-06
6.947263500478584319e-06
7.103654752427246422e-06
7.210092007881030440e-06
7.247751454997342080e-06
7.217285201477352530e-06
7.131450729502830654e-06
7.011690740910125896e-06
6.881493391119875014e-06
6.762334578525042161e-06
6.668777132290415466e-06
6.608181593037443236e-06
6.581010893569327891e-06
6.582034075108822435e-06
6.604025656997691840e-06
6.637019851041259244e-06
6.672886684100376442e-06
6.705144187435507774e-06
6.729620963596971706e-06
6.744009624526370317e-06
6.748006398993311450e-06
6.743016911059385166e-06
6.730447239533532411e-06
6.713188668072689325e-06
6.692509032291127369e-06
6.670670245512155816e-06
6.649309398198965937e-06
6.629607469221809879e-06
6.611927346966695040e-06
6.597151696041692048e-06
6.584542461496312171e-06
6.574436611117562279e-06
6.566388037754222751e-06
6.560519523191032931e-06
6.555933850904693827e-06
6.552353170263813809e-06
6.549988029291853309e-06
6.547918019350618124e-06
6.546675649587996304e-06
6.545879386976594105e-06
6.545075848407577723e-06
6.544550160469952971e-06
6.544166808453155681e-06
6.544070856762118638e-06
6.544388270413037390e-06
6.544517873408040032e-06
6.545381438627373427e-06
6.546667464135680348e-06
6.548458713950822130e-06
6.551352271344512701e-06
6.555562322319019586e-06
6.561212103406433016e-06
6.569456218130653724e-06
6.580693479918409139e-06
6.596918865398038179e-06
6.619553460041061044e-06
6.651145668001845479e-06
6.696206583001185209e-06
6.759888947271974757e-06
6.851224952697521076e-06
6.981556907703634351e-06
7.169649506977293640e-06
7.440587978635448962e-06
7.833416930225212127e-06
8.400531442021019757e-06
9.218555533152539283e-06
1.038177106238435954e-05
1.201772465719841421e-05
1.423486628482351080e-05
1.712881930870935321e-05
2.057825076917652041e-05
2.424387821520213038e-05
2.718296673265285790e-05
2.826629497576504946e-05
2.626548666739836335e-05
2.126872095686849207e-05
1.474674809287535027e-05
9.295245945395436138e-06
6.851851594547042623e-06
7.675040251342579722e-06
1.042107305693207309e-05
1.308171522396150976e-05
1.406790852342965081e-05
1.287869326915824786e-05
1.034069464367348701e-05
7.925636055006179959e-06
6.828867753938538954e-06
7.263400220836047083e-06
8.524417353328317404e-06
9.580467121850233525e-06
9.716479326016269624e-06
8.909866664907895029e-06
7.710477802902460098e-06
6.827677680121269077e-06
6.653627679042983800e-06
7.089049177011474967e-06
7.698440640524495393e-06
8.030632670852355659e-06
7.886581443017348647e-06
7.384830041701206937e-06
6.839807610958814621e-06
6.534944077429827303e-06
6.565595413121627644e-06
6.821165698056574911e-06
7.088239726726897061e-06
7.193017609097296372e-06
7.085252036631572992e-06
6.845014922873815522e-06
6.609684078284772113e-06
6.489228326245211065e-06
6.510511411761399359e-06
6.621371539949905127e-06
6.734148428222397342e-06
6.779113846278050914e-06
6.736730483680730686e-06
6.636734724452253431e-06
6.532603947562165558e-06
6.470264452218543738e-06
6.466065769927809015e-06
6.505142209789482877e-06
6.555099389515817165e-06
6.585933533642673865e-06
6.582034075108822435e-06
6.548761120939161628e-06
6.503452368633588776e-06
6.465438218583585694e-06
6.447328814829234034e-06
6.450374257838120684e-06
6.466580998676363379e-06
6.484609457402257249e-06
6.494035460491431877e-06
6.490646228485275060e-06
6.476770977315027267e-06
6.458451025537215173e-06
6.441979166993405670e-06
6.432624104490969330e-06
6.431343535950873047e-06
6.435666819015750661e-06
6.442195171985076740e-06
6.447558462241431698e-06
6.448756266763666645e-06
6.445873168559046462e-06
6.439691787818446755e-06
6.432283498725155368e-06
6.425958417821675539e-06
6.421396392397582531e-06
6.419635155907599255e-06
6.419889359676744789e-06
6.421503258025040850e-06
6.422676051442977041e-06
6.423337708838516846e-06
6.422915248549543321e-06
6.420917998184449971e-06
6.418536941055208445e-06
6.416001724574016407e-06
6.413793016690760851e-06
6.412339644157327712e-06
6.411715730791911483e-06
6.412595666915876791e-06
6.414037216018186882e-06
6.416908945539034903e-06
6.420840236387448385e-06
6.426689651561900973e-06
6.434323950088582933e-06
6.445218332373769954e-06
6.460624263127101585e-06
6.483124707301612943e-06
6.515624136227415875e-06
6.562848739122273400e-06
6.631426458625355735e-06
6.731926077918615192e-06
6.878663498355308548e-06
7.094050033629173413e-06
7.408550573018146679e-06
7.866141459089703858e-06
8.525647899659816176e-06
9.460679393669124693e-06
1.075024010788183659e-05
1.244688519363990054e-05
1.451952448405791074e-05
1.674531085882335901e-05
1.862292992882430553e-05
1.938837885973043740e-05
1.834727845562156290e-05
1.542841346235945821e-05
1.157515725935809314e-05
8.352287295565474778e-06
6.980693797231651843e-06
7.606598046550061554e-06
9.360136573377531022e-06
1.095256175176473334e-05
1.136447190219769254e-05
1.035399145621340722e-05
8.552518011128995568e-06
7.015203209448372945e-06
6.493023647635709494e-06
6.996162028372054920e-06
7.921678843558765948e-06
8.530828381481114775e-06
8.418278412136714906e-06
7.700995411141775548e-06
6.867434422019869089e-06
6.400079200830077752e-06
6.469213531090645120e-06
6.883086371090030298e-06
7.278930752363521606e-06
7.381099749181885272e-06
7.150628789531765506e-06
6.765010766685009003e-06
6.466492322942940518e-06
6.398586720024468377e-06
6.537744866363937035e-06
6.740725893905619159e-06
6.855246283521410078e-06
6.812941137468442321e-06
6.652403044427046552e-06
6.476147063949611038e-06
6.377237696142401546e-06
6.386360837495885789e-06
6.467833372880704701e-06
6.552818376803770661e-06
6.585584287677193061e-06
6.551725618919590488e-06
6.477916485891910270e-06
6.408048648154363036e-06
6.376811143127270043e-06
6.391189799614949152e-06
6.434460829041199759e-06
6.479265266534639522e-06
6.504219072667183354e-06
6.504707471322035417e-06
6.492122793133603409e-06
6.485327048721956089e-06
6.500759809568990022e-06
6.545905307575594634e-06
6.620377007493516430e-06
6.718962140439543873e-06
6.839327852503629401e-06
6.986545031395507976e-06
7.175221981015056372e-06
7.427200216625351459e-06
7.770527190587017685e-06
8.232666004914790392e-06
8.838307621772401035e-06
9.602099453331902623e-06
1.051908930094214156e-05
1.154454184870701283e-05
1.258309112017741427e-05
1.345944929198594764e-05
1.395602521370165050e-05
1.385068389936350286e-05
1.306604917772347108e-05
1.172331030829809606e-05
1.018676539388252422e-05
8.893183803593274206e-06
8.189785148715600371e-06
8.175573384505696595e-06
8.709338544576894492e-06
9.482518180448096246e-06
1.015471116261323914e-05
1.046083980327239260e-05
1.030612384056439623e-05
9.778353160072583705e-06
9.100494935410097241e-06
8.507621714670676738e-06
8.143858394760172814e-06
8.009919838514178991e-06
8.003427865332923830e-06
7.993716280907392502e-06
7.896189345046877861e-06
7.692858162045013160e-06
7.424610430462053046e-06
7.149318662413861603e-06
6.914413461345247924e-06
6.737166586390230805e-06
6.615507572860224172e-06
6.539847163367085159e-06
6.504213160951621830e-06
6.503565145976608619e-06
6.526371635118266568e-06
6.552808827109402046e-06
6.561112513736588880e-06
6.538708476000465453e-06
6.489667157438816503e-06
6.434112947317771614e-06
6.397503057087305933e-06
6.398342975444393232e-06
6.438564014388248324e-06
6.501667030534008518e-06
6.565508101630257443e-06
6.611397566302912310e-06
6.634089004364795983e-06
6.641483196290209889e-06
6.651683179370593280e-06
6.683685114694526419e-06
6.749415206286357716e-06
6.853729701106203720e-06
6.995150215516332537e-06
7.170329809014219791e-06
7.381595423794351518e-06
7.637824637640733272e-06
7.952045962156262249e-06
8.346323738805949688e-06
8.835723747324664146e-06
9.440738722332753241e-06
1.016217902360949665e-05
1.100151075661415234e-05
1.191441515402402729e-05
1.284867539652623236e-05
1.367408549413084984e-05
1.426391463610343635e-05
1.442145730834454298e-05
1.404016529704676941e-05
1.305382011196343228e-05
1.159871317213401198e-05
9.909193067869637161e-06
8.322675057570450008e-06
7.116360393411014229e-06
6.449446573242312297e-06
6.318938176264055073e-06
6.599377229576930404e-06
7.100908987922593951e-06
7.629424544575158507e-06
8.034009624680038542e-06
8.221135431085713208e-06
8.171948138624429703e-06
7.919293238956015557e-06
7.542210823885397986e-06
7.128862762328935787e-06
6.761557415302377194e-06
6.493521141237579286e-06
6.345173915178747848e-06
6.309000582405133173e-06
6.357515758281806484e-06
6.454058166127651930e-06
6.563927399838576093e-06
6.658505753875942901e-06
6.719426892232149839e-06
6.739295258739730343e-06
6.718432359775761142e-06
6.664383363386150450e-06
6.587994448636891320e-06
6.501527877844637260e-06
6.416373707907041535e-06
6.340560958051355556e-06
6.279914032347733155e-06
6.238035894057247788e-06
6.213745564309647307e-06
6.206016223586630076e-06
6.211379513842985034e-06
6.225990091479616240e-06
6.245333679544273764e-06
6.266413947741966695e-06
6.286338248173706234e-06
6.302713245531776920e-06
6.314228357950923964e-06
6.320850843621883541e-06
6.322445187834091485e-06
6.319593467196682468e-06
6.313491212495137006e-06
6.304884664132259786e-06
6.294734248513123021e-06
6.284285518631804734e-06
6.273355211305897683e-06
6.263391242100624368e-06
6.254333129618316889e-06
6.246727480174740776e-06
6.240411039470927790e-06
6.235476575966458768e-06
6.232165560504654422e-06
6.230327471712371334e-06
6.230428425624268129e-06
6.232071427803020924e-06
6.236142326088156551e-06
6.241982646315591410e-06
6.251034392334986478e-06
6.263408067752607167e-06
6.280191428231773898e-06
6.302303972915979102e-06
6.331792974378913641e-06
6.371000836224993691e-06
6.422919341275701299e-06
6.492142802017042413e-06
6.585142727999482304e-06
6.709516128466930240e-06
6.877209671074524522e-06
7.102859854057896882e-06
7.408336387015879154e-06
7.820219252607785165e-06
8.375672223337460309e-06
9.114604836213402450e-06
1.009147217700956389e-05
1.134373633249197155e-05
1.291146327275782824e-05
1.475209955970058218e-05
1.677606996963731945e-05
1.868166691565420479e-05
2.009374293265864253e-05
2.042685628111939877e-05
1.933427301992196590e-05
1.671943573455791920e-05
1.317611167905852199e-05
9.645942554925568402e-06
7.129661753424443305e-06
6.156014478619908914e-06
6.637178557866718620e-06
8.001953574421349913e-06
9.491483069723471999e-06
1.045315548253711313e-05
1.051840445143170655e-05
9.727551514515653253e-06
8.434481060248799622e-06
7.161245321185560897e-06
6.337319064186885953e-06
6.142023721622535959e-06
6.476872840721625835e-06
7.062436452542897314e-06
7.584232207591412589e-06
7.814752279955428094e-06
7.686531716899480671e-06
7.279832061612978578e-06
6.773270342819159850e-06
6.350318471959326416e-06
6.130660494818584993e-06
6.135397143225418404e-06
6.301059784163953736e-06
6.520654551422921941e-06
6.691720500384690240e-06
6.750904958607861772e-06
6.687335371680092067e-06
6.535664851980982348e-06
6.353759545163484290e-06
6.199492872838163748e-06
6.110114100010832772e-06
6.094605396356200799e-06
6.137542186479549855e-06
6.208677859831368551e-06
6.276530712057137862e-06
6.317373845377005637e-06
6.321150976873468608e-06
6.290095825534081087e-06
6.236979515961138532e-06
6.177656814543297514e-06
6.126399966888129711e-06
6.092629064369248226e-06
6.079567810957087204e-06
6.084491815272485837e-06
6.101526651036692783e-06
6.122750619397265837e-06
6.142018264654325321e-06
6.154969469207571819e-06
6.159529675642261282e-06
6.156721610750537366e-06
6.148941793071571738e-06
6.139885044831316918e-06
6.133403985586483032e-06
6.133079295977950096e-06
6.142187430668855086e-06
6.163499165268149227e-06
6.200986717885825783e-06
6.259030669752974063e-06
6.345011570374481380e-06
6.469627805927302688e-06
6.650101113336859271e-06
6.910936917847720906e-06
7.288674623850965872e-06
7.831458788132295012e-06
8.602333764429204166e-06
9.669281098467763513e-06
1.108606556954327971e-05
1.284235349885420874e-05
1.478687590861227363e-05
1.654709012655075639e-05
1.752757270878646523e-05
1.711807817628141493e-05
1.510482434241566807e-05
1.201503437187056988e-05
8.980070560937747359e-06
7.089621249178890139e-06
6.759561529179336503e-06
7.605552582390373573e-06
8.800281648291274905e-06
9.565606887917965651e-06
9.517979378870222718e-06
8.761890967434737831e-06
7.734337486908771098e-06
6.912359367561293766e-06
6.567007403646130115e-06
6.691492217214545235e-06
7.073608230712125078e-06
7.427639957313658670e-06
7.525971795985242352e-06
7.295289378816960379e-06
6.844958079454954714e-06
6.403553015843499452e-06
6.185775418998673558e-06
6.262197985051898286e-06
6.521625437017064542e-06
6.754877631465205923e-06
6.796942670916905627e-06
6.626807589782401919e-06
6.365148692566435784e-06
6.175326689117355272e-06
6.151452907943166792e-06
6.266195669013541192e-06
6.416991709556896240e-06
6.507853413495467976e-06
6.509560989798046649e-06
6.461689281422877684e-06
6.430570920201716945e-06
6.462760666181566194e-06
6.568154276465065777e-06
6.731989742547739297e-06
6.940327693882863969e-06
7.194854788394877687e-06
7.509809165640035644e-06
7.905272468633484095e-06
8.397273631999269128e-06
8.994590643851552159e-06
9.694155778561253101e-06
1.046832221618387848e-05
1.124163554777624086e-05
1.187901125376811251e-05
1.219203568325610831e-05
1.200326551042962819e-05
1.123120637203101069e-05
9.980002687370870262e-06
8.530374543624930084e-06
7.240735612867865711e-06
6.391356237145373598e-06
6.085647328291088343e-06
6.247859346331097186e-06
6.690163445455254987e-06
7.195198122644796968e-06
7.576646112283924595e-06
7.717823791608680040e-06
7.590618679387262091e-06
7.251182069012429565e-06
6.812835181335685775e-06
6.404532996384659782e-06
6.125673280621413141e-06
6.017784471623599529e-06
6.063703949621412903e-06
6.206827492860611528e-06
6.375622888299403712e-06
6.507965281343786046e-06
6.563188435393385589e-06
6.529896836582338437e-06
6.423507784347748384e-06
6.278038199525326490e-06
6.133256647444795817e-06
6.023909918440040201e-06
5.968327513983240351e-06
5.967166543996427208e-06
6.005511295370524749e-06
6.062192369427066296e-06
6.115908036008477211e-06
6.150936769699910656e-06
6.160910288599552587e-06
6.146072792034829035e-06
6.113716153777204454e-06
6.072119049349566922e-06
6.031612429069355130e-06
5.999273525958415121e-06
5.980210971756605431e-06
5.975556177872931585e-06
5.985406914987834170e-06
6.007104275340680033e-06
6.039032541593769565e-06
6.080547336750896648e-06
6.133387159934500232e-06
6.202983513503568247e-06
6.299604137893766165e-06
6.437355750676942989e-06
6.640574156335787848e-06
6.944799224584130570e-06
7.402767550956923515e-06
8.091124982456676662e-06
9.124489224632270634e-06
1.064757998392451555e-05
1.285883172386093065e-05
1.593082743056584150e-05
1.999249434447847307e-05
2.477511588949710131e-05
2.956138268928043544e-05
3.261986421421170235e-05
3.213564559700898826e-05
2.688023596419952810e-05
1.842349593061953783e-05
1.036667072185082361e-05
6.324398327706148848e-06
7.258539426402421668e-06
1.123650690715294331e-05
1.501382575952447951e-05
1.596195579622872174e-05
1.360398800898110494e-05
9.637230505177285522e-06
6.687756467727012932e-06
6.270586254686350003e-06
7.933441338536795229e-06
9.927917744789738208e-06
1.061324564943788573e-05
9.568387213221285492e-06
7.659423317818436772e-06
6.249810667213751003e-06
6.110922186053358018e-06
6.980473244766471907e-06
7.949233804538380355e-06
8.213408364099450409e-06
7.625546004419447854e-06
6.668386959063354880e-06
6.011211098666535690e-06
5.993708782625617459e-06
6.451669833040796220e-06
6.928805760253453627e-06
7.046533028187695891e-06
6.749375188519479707e-06
6.277551165112527087e-06
5.948988473392091691e-06
5.925428013142663985e-06
6.135984676802763715e-06
6.371376457536825910e-06
6.449211468861903995e-06
6.329659299808554351e-06
6.110892172728199512e-06
5.937067271588603035e-06
5.896528364246478304e-06
5.975566182314651087e-06
6.088422651373548433e-06
6.146645318949595094e-06
6.114797088230261579e-06
6.020538876327918842e-06
5.925692676100879908e-06
5.880873686692211777e-06
5.896442416997160763e-06
5.946668352407868952e-06
5.990019417367875576e-06
5.997616426611784846e-06
5.968189725535921752e-06
5.921014235354959965e-06
5.882172445126343518e-06
5.867768777534365654e-06
5.878662705072201788e-06
5.900992618990130723e-06
5.918394890613853931e-06
5.920193871133960783e-06
5.907034392294008285e-06
5.886236976948566735e-06
5.868280823051463813e-06
5.860179498995421454e-06
5.862041234649950638e-06
5.870085260539781302e-06
5.877634066564496607e-06
5.880130629520863295e-06
5.875890565221197903e-06
5.867244908586144447e-06
5.858263193658785895e-06
5.851690275449072942e-06
5.849535682500572875e-06
5.850567958987085149e-06
5.853501988895004615e-06
5.855712061020312831e-06
5.855858944414649159e-06
5.853603397554252297e-06
5.849371518706902862e-06
5.845278337801573798e-06
5.842086466145701706e-06
5.840134235768346116e-06
5.839385721628786996e-06
5.839729965373408049e-06
5.840119229105766863e-06
5.839846835442585871e-06
5.838858214701758698e-06
5.837180651724338531e-06
5.834994226461276412e-06
5.832903298141900450e-06
5.830847385368542746e-06
5.829634119436377659e-06
5.828723715239902958e-06
5.828174835187382996e-06
5.827393124491209164e-06
5.826776941830758005e-06
5.826137112308060750e-06
5.824865638714982197e-06
5.823842457175487652e-06
5.822199000249383971e-06
5.820918886456638575e-06
5.819379111926537007e-06
5.818473709950922057e-06
5.817365945404162630e-06
5.816705197503324598e-06
5.816177690576296300e-06
5.815627446281723678e-06
5.815414624521508813e-06
5.814763426315039396e-06
5.814661108161089942e-06
5.814808446302777156e-06
5.815621989313513041e-06
5.816908924316521734e-06
5.819345915369922295e-06
5.823736046295380220e-06
5.830285772390197963e-06
5.841011898155556992e-06
5.857322321389801800e-06
5.882485766051104292e-06
5.920746843912638724e-06
5.979690740787191316e-06
6.070085419196402654e-06
6.209083949215710163e-06
6.423848390113562346e-06
6.754847163392696530e-06
7.264918167493306100e-06
8.044083187996875495e-06
9.215788850269746035e-06
1.093198716262122616e-05
1.332508691120892763e-05
1.640182381379418075e-05
1.982224057428538799e-05
2.267184208903927356e-05
2.348195084778126329e-05
2.103866427205502987e-05
1.568246989336330444e-05
9.824342669162433594e-06
6.397550350811798126e-06
6.628857136092847213e-06
9.335587492387276143e-06
1.203449028253089637e-05
1.263676949747605249e-05
1.074728788807988167e-05
7.846115295251365751e-06
6.008517175359884277e-06
6.204525561770424247e-06
7.724113856966141611e-06
9.016654075821861625e-06
8.988403351395390928e-06
7.753892532491590828e-06
6.366841262206435204e-06
5.828649591421708465e-06
6.292014859354821965e-06
7.100276434357510880e-06
7.462779194611357525e-06
7.098159130691783503e-06
6.363131433317903429e-06
5.851644800713984296e-06
5.873708687431644648e-06
6.262176611926406622e-06
6.598557774850632995e-06
6.589209988305810839e-06
6.269614914344856516e-06
5.913399490964366123e-06
5.773480552306864411e-06
5.887923180125653744e-06
6.095411208661971614e-06
6.197584752953844145e-06
6.116925760579761118e-06
5.931005034653935581e-06
5.783115739177446812e-06
5.762361979577690363e-06
5.846639396622776985e-06
5.943562428001314402e-06
5.970564870949601755e-06
5.912609140068525448e-06
5.819736998091684654e-06
5.756949576607439667e-06
5.755657184636220336e-06
5.798262009193422273e-06
5.840518042532494292e-06
5.848038199474103749e-06
5.817556484544184059e-06
5.772497843281598762e-06
5.742392659158213064e-06
5.740210326621308923e-06
5.758829502156004310e-06
5.778806098533095792e-06
5.783883352705743164e-06
5.771396899945102632e-06
5.749908268626313657e-06
5.733180387323955074e-06
5.728631094825686887e-06
5.734838850912638009e-06
5.744407644669990987e-06
5.749515821662498638e-06
5.746314855059608817e-06
5.737578248954378068e-06
5.727914867748040706e-06
5.722460628021508455e-06
5.723006779589923099e-06
5.727022198698250577e-06
5.731455075874691829e-06
5.733958005293970928e-06
5.733670150220859796e-06
5.732052613893756643e-06
5.732296358473831788e-06
5.736186267313314602e-06
5.745150701841339469e-06
5.759728082921355963e-06
5.781068921351106837e-06
5.810876245959661901e-06
5.853258699062280357e-06
5.915708243264816701e-06
6.010523065924644470e-06
6.154004950076341629e-06
6.372438292601145804e-06
6.703543931507738307e-06
7.206485406641149893e-06
7.964756150613538921e-06
9.102788681047968566e-06
1.077782235370250419e-05
1.319033435720484704e-05
1.648515717533882707e-05
2.069071524601895362e-05
2.532765029172878712e-05
2.936859527835622430e-05
3.093401028309017420e-05
2.862910150724928826e-05
2.247392876597587019e-05
1.520208024885505438e-05
1.033346143231028691e-05
9.855435564531944692e-06
1.279550542676588520e-05
1.611299921933095902e-05
1.676695683272555470e-05
1.381615675200009719e-05
9.239007340511307120e-06
6.209518687683157623e-06
6.379487786034587771e-06
8.743661055632401258e-06
1.085744861484272406e-05
1.091579724743496627e-05
9.030879482452291995e-06
6.881132776470622048e-06
6.063164164515910670e-06
6.762997600162634626e-06
7.886024832259863615e-06
8.232432264776434749e-06
7.524562988692196086e-06
6.456192750192712992e-06
5.915831934544257820e-06
6.176762326504103839e-06
6.782759101042756811e-06
7.083237051119795069e-06
6.815455435571493581e-06
6.251942977542057633e-06
5.857397809450048953e-06
5.862402758793905377e-06
6.119857971498277038e-06
6.312252935458673164e-06
6.255052539927419275e-06
6.019915417709853500e-06
5.817586497869342566e-06
5.789957413071533665e-06
5.903478722757427022e-06
6.012427547830156982e-06
6.004260740155586973e-06
5.885933205718174577e-06
5.755086021963506937e-06
5.702313501387834549e-06
5.738984782510669902e-06
5.803351541544543579e-06
5.826004780828952789e-06
5.787109785160282627e-06
5.720674380427226424e-06
5.678576599166262895e-06
5.683973085979232565e-06
5.719141427107388154e-06
5.746352599089732394e-06
5.740493634220911190e-06
5.706084721168735996e-06
5.668025551130995154e-06
5.649816102959448472e-06
5.657452220475533977e-06
5.675732609233818948e-06
5.686042186425765976e-06
5.678623438143404201e-06
5.658597729052416980e-06
5.639578375848941505e-06
5.631898602587170899e-06
5.637290541926631704e-06
5.647694706567563117e-06
5.654282176692504436e-06
5.651647370541468263e-06
5.641953521262621507e-06
5.631446583720389754e-06
5.626091933663701639e-06
5.626766778732417151e-06
5.631322892440948635e-06
5.635042271023849025e-06
5.635052730212919414e-06
5.630990926874801517e-06
5.625681296805851161e-06
5.620916454063262790e-06
5.619455805572215468e-06
5.620428964903112501e-06
5.622203389066271484e-06
5.623378001473611221e-06
5.623028755508130416e-06
5.621171112579759210e-06
5.619187504635192454e-06
5.618362592940684408e-06
5.618871455226326361e-06
5.621036052616545931e-06
5.624358891509473324e-06
5.628438884741626680e-06
5.633562068396713585e-06
5.640009021590230986e-06
5.648884325637482107e-06
5.662036983267171308e-06
5.681403308699373156e-06
5.709187007596483454e-06
5.748505827796179801e-06
5.803602107334882021e-06
5.882241566723678261e-06
5.994115781504660845e-06
6.154990387585712597e-06
6.386241238942602649e-06
6.718534677929710597e-06
7.194322279246989638e-06
7.871641173551324755e-06
8.820537004794459790e-06
1.012423490465153009e-05
1.184082520921947435e-05
1.397755750076612458e-05
1.636734486964996904e-05
1.863246325228828937e-05
2.006324393732938915e-05
1.993201658478938043e-05
1.778567457222379744e-05
1.409499236615374684e-05
1.008400704449741170e-05
7.183943125710356981e-06
6.142124220787081867e-06
6.762472821719711646e-06
8.195966984203550965e-06
9.473714271734934300e-06
9.951901120075490326e-06
9.500668966211378574e-06
8.470186912745703012e-06
7.382674084510654211e-06
6.650685008935397491e-06
6.393887360900407657e-06
6.488203325716312975e-06
6.709346507705049589e-06
6.872484391351463273e-06
6.899897471157601103e-06
6.801611107221106067e-06
6.632597887801239267e-06
6.442248377425130457e-06
6.261539965635165572e-06
6.109326022851746529e-06
5.999392215016996488e-06
5.941957624600036070e-06
5.936021807428915054e-06
5.965622221992816776e-06
6.001679594191955402e-06
6.015088274580193684e-06
5.987885742797516286e-06
5.922189757257001474e-06
5.835836418555118144e-06
5.754356152465334162e-06
5.697554570360807702e-06
5.674182830261997879e-06
5.678215984517009929e-06
5.695775143976788968e-06
5.711263384000631049e-06
5.714880444429581985e-06
5.704238446924136952e-06
5.682793016603682190e-06
5.657102065015351400e-06
5.633599812426837161e-06
5.615238023892743513e-06
5.602130840998142958e-06
5.593592504737898707e-06
5.587326086242683232e-06
5.583086931437719613e-06
5.579832304647425190e-06
5.577828233072068542e-06
5.576993316935840994e-06
5.576352577918441966e-06
5.575674094870919362e-06
5.573229373112553731e-06
5.569213499256875366e-06
5.563527338381391019e-06
5.556868472922360525e-06
5.549690285988617688e-06
5.543020961340516806e-06
5.536825028684688732e-06
5.532114755624206737e-06
5.529152986127883196e-06
5.527535904548130929e-06
5.527500434254761785e-06
5.528315341507550329e-06
5.530002454179339111e-06
5.531340320885647088e-06
5.532079285330837592e-06
5.531899660127237439e-06
5.530584530788473785e-06
5.528112978936405852e-06
5.524737389350775629e-06
5.521491402760148048e-06
5.518159923667553812e-06
5.515335487871197984e-06
5.513031283044256270e-06
5.511278232006588951e-06
5.509810307557927445e-06
5.508785307029029354e-06
5.507919922820292413e-06
5.506866273208288476e-06
5.505694389285054058e-06
5.504211912921164185e-06
5.503004558704560623e-06
5.501601663127075881e-06
5.500420229509472847e-06
5.499070084624690935e-06
5.498029622685862705e-06
5.496947778738103807e-06
5.496097401191946119e-06
5.495201094163348898e-06
5.494481683854246512e-06
5.493486696650506929e-06
5.492572654475225136e-06
5.491604497365187854e-06
5.490684998221695423e-06
5.489601335284532979e-06
5.488805072673130780e-06
5.487783255375688896e-06
5.487110684043727815e-06
5.486519512487575412e-06
5.486009740707231686e-06
5.485771907842718065e-06
5.485856490849982947e-06
5.486438567459117621e-06
5.487724592967424542e-06
5.490075636771507561e-06
5.493883236340479925e-06
5.499812232301337644e-06
5.509001312020700425e-06
5.523145318875322118e-06
5.545095064007909968e-06
5.578362561209360138e-06
5.629238330584485084e-06
5.708119260816602036e-06
5.830035661347210407e-06
6.019057764206081629e-06
6.313902758847689256e-06
6.773285804229089990e-06
7.489109066227683797e-06
8.596291081630624831e-06
1.029388749884674326e-05
1.282905577681958675e-05
1.648065335757564753e-05
2.135443537554237992e-05
2.715718801482580602e-05
3.257387288613244891e-05
3.538692180882208049e-05
3.305988502688705921e-05
2.552636578911915421e-05
1.607286321814171970e-05
9.821689673117361963e-06
9.401115676155313849e-06
1.321119998465292156e-05
1.692138357611838728e-05
1.678415719652548432e-05
1.257991789316292852e-05
7.753393219900317490e-06
6.065999059501336887e-06
8.081799933279398829e-06
1.111339224735274911e-05
1.199920552608091384e-05
9.925508493324741721e-06
6.925798516022041440e-06
5.625958237942541018e-06
6.638355898758163676e-06
8.333087862411048263e-06
8.773381523496937007e-06
7.584485047118505463e-06
6.049723651813110337e-06
5.582111953117419034e-06
6.314518486760789528e-06
7.205799192888662219e-06
7.259835456352448091e-06
6.470671451097587124e-06
5.652964773616986349e-06
5.506014076672727242e-06
5.963059265923220664e-06
6.405423391697695479e-06
6.358556220220634714e-06
5.912221695325570181e-06
5.525461347133386880e-06
5.515511929843341932e-06
5.784049335488816723e-06
5.991465968691045418e-06
5.921958290855400264e-06
5.661769591824850067e-06
5.459521617012796924e-06
5.465163212647894397e-06
5.611319011222803965e-06
5.717852218367625028e-06
5.678543402609648183e-06
5.541948667087126523e-06
5.437389972939854488e-06
5.441467692435253412e-06
5.521224011317826807e-06
5.583024631050648168e-06
5.567736479861196131e-06
5.495573986991075799e-06
5.431184490589657798e-06
5.420508387032896280e-06
5.454275196825619787e-06
5.487697308126371354e-06
5.486865575221600011e-06
5.453395260701654479e-06
5.417420652520377189e-06
5.405481260822853073e-06
5.419713488663546741e-06
5.440773293230449781e-06
5.448774118121946231e-06
5.436545961856609210e-06
5.416461135610006750e-06
5.403322575148195028e-06
5.404034709499683231e-06
5.413342478277627379e-06
5.420517936727264896e-06
5.418173259386094287e-06
5.408870038081659004e-06
5.398616849561221898e-06
5.394022991822566837e-06
5.395629614213248715e-06
5.399930614657932892e-06
5.401721864473074675e-06
5.398843768489314243e-06
5.393257197283674031e-06
5.388367299019591883e-06
5.386699740483891219e-06
5.387537385104224086e-06
5.389155376178678125e-06
5.389596935856388882e-06
5.387683813751209527e-06
5.384544238040689379e-06
5.381900791689986363e-06
5.380612492444925010e-06
5.380745278671383858e-06
5.381470145948696882e-06
5.381587925512576476e-06
5.381094979384215549e-06
5.380240509111899883e-06
5.379603862820658833e-06
5.379569756769342348e-06
5.381276423577219248e-06
5.383912593970308080e-06
5.387945748225320131e-06
5.393058472691336647e-06
5.400770533015020192e-06
5.412035989138530567e-06
5.428593340184306726e-06
5.453899120766436681e-06
5.491614501806907356e-06
5.547237833525286987e-06
5.629648057947633788e-06
5.752653578383615240e-06
5.936191882938146591e-06
6.211754680407466367e-06
6.624578418268356472e-06
7.242610081448219717e-06
8.157871889125090092e-06
9.496309758105780929e-06
1.139313735620817170e-05
1.397246523993089795e-05
1.720862201182171702e-05
2.082181163132190704e-05
2.399016193521674722e-05
2.553646663727704436e-05
2.420572127448394895e-05
1.990335113077890128e-05
1.401804911438375711e-05
9.064699042937718332e-06
6.894002581248059869e-06
7.635342626599594951e-06
9.865487299975939095e-06
1.171086933027254418e-05
1.195976983581203967e-05
1.056628025253303349e-05
8.491839253110811114e-06
6.888986717967782170e-06
6.381339062500046566e-06
6.815147116867592558e-06
7.576730695291189477e-06
8.059699212026316673e-06
7.965501026774290949e-06
7.372498657787218690e-06
6.602827852475456893e-06
6.024170488672098145e-06
5.848138243891298771e-06
6.038043920852942392e-06
6.358835435094079003e-06
6.539084552059648558e-06
6.442314315791008994e-06
6.130403562565334141e-06
5.795587185275508091e-06
5.610551397694507614e-06
5.619417606794741005e-06
5.738144864153582603e-06
5.841464826517039910e-06
5.851916739629814401e-06
5.769194558524759486e-06
5.643563781632110476e-06
5.531472197617404163e-06
5.465141839522402734e-06
5.450206572277238593e-06
5.474445060826838017e-06
5.514347776625072584e-06
5.542732651520054787e-06
5.538619006983935833e-06
5.496721769304713234e-06
5.433635124063584954e-06
5.377195066103013232e-06
5.351342224457766861e-06
5.360681370802922174e-06
5.391087142925243825e-06
5.418080036179162562e-06
5.422895810625050217e-06
5.402271199272945523e-06
5.366423010855214670e-06
5.332089131115935743e-06
5.313129804562777281e-06
5.312819666869472712e-06
5.326147856976604089e-06
5.342160420696018264e-06
5.350942501536337659e-06
5.348040303942980245e-06
5.335106379789067432e-06
5.318083822203334421e-06
5.303948455548379570e-06
5.297147254168521613e-06
5.298049927660031244e-06
5.303535544953774661e-06
5.309570951794739813e-06
5.312542270985431969e-06
5.311207587510580197e-06
5.306534603732870892e-06
5.300510110828327015e-06
5.295028586260741577e-06
5.291565685183741152e-06
5.290135050017852336e-06
5.290515673550544307e-06
5.291675279295304790e-06
5.293611593515379354e-06
5.295066785038216040e-06
5.296381004882277921e-06
5.297216375765856355e-06
5.298754331306554377e-06
5.301331839291378856e-06
5.305824288370786235e-06
5.313902420311933383e-06
5.326090558810392395e-06
5.344735200196737424e-06
5.371731276682112366e-06
5.411012807599036023e-06
5.468381004902767017e-06
5.552156835619825870e-06
5.675489774148445576e-06
5.857471478520892560e-06
6.125653271737974137e-06
6.520882834593066946e-06
7.099253707565367222e-06
7.935334906505886465e-06
9.116709406953305006e-06
1.072627310350071639e-05
1.278191757592139766e-05
1.515263738838257268e-05
1.740879815770313144e-05
1.881227035482879728e-05
1.847665771492756903e-05
1.602062002348247916e-05
1.208011781272944063e-05
8.262939445558004081e-06
6.108603884058538824e-06
6.121029400674160570e-06
7.591832854814128950e-06
9.203124136547558010e-06
9.821661478781607002e-06
9.084670637093950063e-06
7.536782959505217150e-06
6.179061529110185802e-06
5.745893304265337065e-06
6.248049430723767728e-06
7.091785391821758822e-06
7.562916380265960470e-06
7.302681297005619854e-06
6.490603936981642619e-06
5.653570497088367119e-06
5.264037554297829047e-06
5.434634203993482515e-06
5.910883373871911317e-06
6.300058885244652629e-06
6.343807854136684909e-06
6.051757736713625491e-06
5.645362762152217329e-06
5.373615749704185873e-06
5.349546881916467100e-06
5.506055458681657910e-06
5.676829459844157100e-06
5.723380127165000886e-06
5.616122507490217686e-06
5.432147190731484443e-06
5.285427960188826546e-06
5.248647084954427555e-06
5.316024726198520511e-06
5.420968136604642496e-06
5.488216174853732809e-06
5.479193987412145361e-06
5.407076059782411903e-06
5.318120656738756225e-06
5.258594228507718071e-06
5.249109563010279089e-06
5.277486252452945337e-06
5.313713700161315501e-06
5.330111434886930510e-06
5.316439455782528967e-06
5.280586719891289249e-06
5.242602583166444674e-06
5.219287231739144772e-06
5.217645593802444637e-06
5.232092007645405829e-06
5.250792582955909893e-06
5.262059858068823814e-06
5.260754733171779662e-06
5.248796242085518315e-06
5.233335286902729422e-06
5.221190349402604625e-06
5.216977115196641535e-06
5.220051662035984918e-06
5.227247584116412327e-06
5.233887804934056476e-06
5.236604920355603099e-06
5.234795025899074972e-06
5.229374892223859206e-06
5.223981133894994855e-06
5.220266302785603330e-06
5.220175808062776923e-06
5.223316748015349731e-06
5.228755526331951842e-06
5.235100616118870676e-06
5.241600774752441794e-06
5.247950412012869492e-06
5.255286851024720818e-06
5.264990704745287076e-06
5.279409378999844193e-06
5.300130851537687704e-06
5.330150543159106746e-06
5.371745373849989846e-06
5.429089924291474745e-06
5.507622518052812666e-06
5.615636382572120056e-06
5.765307378169381991e-06
5.974141913611674681e-06
6.265821866691112518e-06
6.675882559648016468e-06
7.248147994687315077e-06
8.045858521654736251e-06
9.138098903349600732e-06
1.061474085872760043e-05
1.252723086508922279e-05
1.490316026320215315e-05
1.758096368575934321e-05
2.024949571932666004e-05
2.219514863099902868e-05
2.267531090183183551e-05
2.094985211442690343e-05
1.717016857583075762e-05
1.230085399583913386e-05
8.010754754650406539e-06
5.629173756460659206e-06
5.545349267777055502e-06
7.136366093618562445e-06
9.229242095898371190e-06
1.068640904122730717e-05
1.082222388504305854e-05
9.674566172179765999e-06
7.853467650420498103e-06
6.225139259186107665e-06
5.410512130765710026e-06
5.531609531317371875e-06
6.252034381759585813e-06
7.033324436633847654e-06
7.430438927258364856e-06
7.268180070241214707e-06
6.681278136966284364e-06
5.978638000669889152e-06
5.470119049277855083e-06
5.311279437592020258e-06
5.463410161610227078e-06
5.756500740972114727e-06
5.995350875309668481e-06
6.057336122466949746e-06
5.927575784880900756e-06
5.685389169229893014e-06
5.443643658509245142e-06
5.291080924507696182e-06
5.258822966425213963e-06
5.318304374668514356e-06
5.409641289588762447e-06
5.475563284562667832e-06
5.484070698003051803e-06
5.436595984065206721e-06
5.358276212064083666e-06
5.281462563289096579e-06
5.229834641795605421e-06
5.211668849369743839e-06
5.219359991315286607e-06
5.238439825916429982e-06
5.253624749457230791e-06
5.256388249108567834e-06
5.245275588094955310e-06
5.225112545304000378e-06
5.203232831263449043e-06
5.185688223718898371e-06
5.175720616534817964e-06
5.172449618839891627e-06
5.172888450033497065e-06
5.173537374503212050e-06
5.172731107450090349e-06
5.168759798834798858e-06
5.162170054973103106e-06
5.154630798642756417e-06
5.148066975380061194e-06
5.143490852788090706e-06
5.141007477504899725e-06
5.140463144925888628e-06
5.140867415320826694e-06
5.141142537468113005e-06
5.140496341482503340e-06
5.138881533639505506e-06
5.135354967933380976e-06
5.131137641001259908e-06
5.127018084749579430e-06
5.122838956594932824e-06
5.119548859511269256e-06
5.117256478115450591e-06
5.116210104461060837e-06
5.115971362101845443e-06
5.116456122777890414e-06
5.116722149978158996e-06
5.117323780723381788e-06
5.117503860674332827e-06
5.117365162732312456e-06
5.116507054481189698e-06
5.115504791319835931e-06
5.114337000122759491e-06
5.113106453791260719e-06
5.112170128995785490e-06
5.111667633173055947e-06
5.111736300023039803e-06
5.113246515975333750e-06
5.116076863487251103e-06
5.121134563523810357e-06
5.129419150762259960e-06
5.142079317010939121e-06
5.161126409802818671e-06
5.190197043702937663e-06
5.234209766058484092e-06
5.300726115819998085e-06
5.401465841714525595e-06
5.555244570132344961e-06
5.789526312582893297e-06
6.146762189018772915e-06
6.689283054583938792e-06
7.505963367293588817e-06
8.712518138054292649e-06
1.043955944624030963e-05
1.278387662750901654e-05
1.568473635416012257e-05
1.873984729172661901e-05
2.101493737427517772e-05
2.122118348779622465e-05
1.847424755396787077e-05
1.341722145298263058e-05
8.310921657539438456e-06
5.572094323724741116e-06
6.001654128340305761e-06
8.431563401245512068e-06
1.073707608156837523e-05
1.120857996284030378e-05
9.567227607476525009e-06
7.052648925309767947e-06
5.393686024035559967e-06
5.445067927212221548e-06
6.693467184959445149e-06
7.877250936871860176e-06
8.013415936147794127e-06
7.061988981149625033e-06
5.811705250380327925e-06
5.153005076863337308e-06
5.373898147809086367e-06
6.054884579498320818e-06
6.521863724628929049e-06
6.396518074325285852e-06
5.825367225043009967e-06
5.273507213132688776e-06
5.110026904731057584e-06
5.344619239622261375e-06
5.689479621651116759e-06
5.831210728501901031e-06
5.668742687703343108e-06
5.347137175704119727e-06
5.105544460093369707e-06
5.080690243630670011e-06
5.228557256486965343e-06
5.390858405007747933e-06
5.432184025266906247e-06
5.330752173904329538e-06
5.171544671611627564e-06
5.065936875325860456e-06
5.066950052423635498e-06
5.144456736161373556e-06
5.222759682510513812e-06
5.241020517132710665e-06
5.191159289097413421e-06
5.113283350510755554e-06
5.057984253653557971e-06
5.051601419836515561e-06
5.083817541162716225e-06
5.121486537973396480e-06
5.135472747497260571e-06
5.117429736856138334e-06
5.082065399619750679e-06
5.052088454249314964e-06
5.042451448389329016e-06
5.053421773482114077e-06
5.072831299912650138e-06
5.086771125206723809e-06
5.087651970825390890e-06
5.078221875010058284e-06
5.068187419965397567e-06
5.067125584901077673e-06
5.080034952698042616e-06
5.106500793772283942e-06
5.143488124303985387e-06
5.190362571738660336e-06
5.251507900538854301e-06
5.340259122021961957e-06
5.476730166265042499e-06
5.688875717169139534e-06
6.016262886987533420e-06
6.516424491564976051e-06
7.272250513778999448e-06
8.409701877098996192e-06
1.009394873108249158e-05
1.255238112207734957e-05
1.597627306182403117e-05
2.049388422165066004e-05
2.574212157924193889e-05
3.079169982811436057e-05
3.355475564603693783e-05
3.202637526555918157e-05
2.527535434637684375e-05
1.575639544171281159e-05
7.855460353312082589e-06
5.093755589768989012e-06
7.554347121185855940e-06
1.232437261933228001e-05
1.568779043736867607e-05
1.529674045741558075e-05
1.161991622211644426e-05
7.305027793336194009e-06
5.147735464561264962e-06
5.957211669738171622e-06
8.331780918524600565e-06
1.006340244202874601e-05
9.800700354389846325e-06
7.899592674220912158e-06
5.862368197995238006e-06
5.053902441432001069e-06
5.687180419045034796e-06
6.890784334245836362e-06
7.560974154330324382e-06
7.198478215286741033e-06
6.170211690914584324e-06
5.268996574159245938e-06
5.052819687989540398e-06
5.475579655467299744e-06
6.043690973456250504e-06
6.263726390898227692e-06
5.993058493913849816e-06
5.475196303450502455e-06
5.086403234599856660e-06
5.040886208007577807e-06
5.270916062727337703e-06
5.532058366952696815e-06
5.611089818557957187e-06
5.464479727379512042e-06
5.214928933128248900e-06
5.032545232097618282e-06
5.009943379263859242e-06
5.115322892379481345e-06
5.239085112407337874e-06
5.283760401653125882e-06
5.224268534220755100e-06
5.109318863105727360e-06
5.014433099859161302e-06
4.987417469237698242e-06
5.024864549341145903e-06
5.083784799353452399e-06
5.117444743518717587e-06
5.104980573378270492e-06
5.057779617345659062e-06
5.006208084523677826e-06
4.978096967533929273e-06
4.980975063517689705e-06
5.004025297239422798e-06
5.027296083426335827e-06
5.034258265368407592e-06
5.022071945859352127e-06
4.998777967557543889e-06
4.977236130798701197e-06
4.966844244336243719e-06
4.969509518559789285e-06
4.979296136298216879e-06
4.988507498637773097e-06
4.990894467482576147e-06
4.985613031749380752e-06
4.975419869879260659e-06
4.964928848494309932e-06
4.959147190675139427e-06
4.958308636560104787e-06
4.961275863024638966e-06
4.964905656379414722e-06
4.966965207131579518e-06
4.965868811268592253e-06
4.961992999596986920e-06
4.956817519996548072e-06
4.952680683345533907e-06
4.950399670633487403e-06
4.949947197019355372e-06
4.950578841089736670e-06
4.951628852722933516e-06
4.951902610628167167e-06
4.951319624524330720e-06
4.949449703417485580e-06
4.947240086039528251e-06
4.945185082760872319e-06
4.943789917888352647e-06
4.943434760207310319e-06
4.943384737998712808e-06
4.944248303218046203e-06
4.945256932842312381e-06
4.946478838974144310e-06
4.947977231495315209e-06
4.950512447976507246e-06
4.954129508405458182e-06
4.960148089594440535e-06
4.969783276465022936e-06
4.984833140042610466e-06
5.008285825169878080e-06
5.043335477239452302e-06
5.096673703519627452e-06
5.178034825803479180e-06
5.301986220729304478e-06
5.491628598974784836e-06
5.782194421044550836e-06
6.225544439075747505e-06
6.897611910972045735e-06
7.900339369371067733e-06
9.356060218124184757e-06
1.137085928348824382e-05
1.394467835780233145e-05
1.680543391557876021e-05
1.923305717355106026e-05
2.008686169574502856e-05
1.838242133089806885e-05
1.425932168785948306e-05
9.423296432942152023e-06
6.138521257526008412e-06
5.600935310212662444e-06
7.231695235532242805e-06
9.330212378699798137e-06
1.027162852551555261e-05
9.469888027524575591e-06
7.619779353262856603e-06
6.036524155206279829e-06
5.601479188044322655e-06
6.199370545800775290e-06
7.018424184934701771e-06
7.282872047653654590e-06
6.800952178309671581e-06
5.979673005640506744e-06
5.397913810156751424e-06
5.339587914932053536e-06
5.654869710269849747e-06
5.976843112875940278e-06
6.029961696185637265e-06
5.793817308585857973e-06
5.446606792247621343e-06
5.194720870349556208e-06
5.131867055752081797e-06
5.215192686591763049e-06
5.332878117769723758e-06
5.386233169701881707e-06
5.338536993804154918e-06
5.219589638727484271e-06
5.095328106108354405e-06
5.026046437706099823e-06
5.032383342040702701e-06
5.085960765427444130e-06
5.129730197950266302e-06
5.119826710142660886e-06
5.054130724602146074e-06
4.972535862179938704e-06
4.924577297060750425e-06
4.933531727147055790e-06
4.980371159035712481e-06
5.021708602725993842e-06
5.023554876970592886e-06
4.984373390470864251e-06
4.930816885462263599e-06
4.896317932434612885e-06
4.895342499366961420e-06
4.917933438264299184e-06
4.940075996273662895e-06
4.943270596413640305e-06
4.926154815620975569e-06
4.901603006146615371e-06
4.884650479652918875e-06
4.882280336460098624e-06
4.891269782092422247e-06
4.901306965621188283e-06
4.904641627945238724e-06
4.899990926787722856e-06
4.890734544460428879e-06
4.882341727352468297e-06
4.877454557572491467e-06
4.876558705291245133e-06
4.877207629760960117e-06
4.877515038970159367e-06
4.876484126725699753e-06
4.874667865806259215e-06
4.872358204011106864e-06
4.870139036938780919e-06
4.867776169703574851e-06
4.865567007072968408e-06
4.863968570134602487e-06
4.862849436904070899e-06
4.862297828367445618e-06
4.862278274231357500e-06
4.862247351411497220e-06
4.861396519117988646e-06
4.860094577452400699e-06
4.858125066675711423e-06
4.856069608649704605e-06
4.854715825786115602e-06
4.853883638133993372e-06
4.853791779169114307e-06
4.853800419368781149e-06
4.853691734751919284e-06
4.852842721447814256e-06
4.851749508816283196e-06
4.850915502174757421e-06
4.850128789257723838e-06
4.849546257901238278e-06
4.849596280109835789e-06
4.850191999139497057e-06
4.851160156249534339e-06
4.852448000747244805e-06
4.854833605349995196e-06
4.857890871790004894e-06
4.862968580710003152e-06
4.870352768193697557e-06
4.881553195446031168e-06
4.897991402685875073e-06
4.922208063362631947e-06
4.957941655447939411e-06
5.011064786231145263e-06
5.090457761980360374e-06
5.209563369135139510e-06
5.389403213484911248e-06
5.661458999384194613e-06
6.073857548472005874e-06
6.699938694509910420e-06
7.643953722435981035e-06
9.062985554919578135e-06
1.114675706048728898e-05
1.413982590747764334e-05
1.818754208215977997e-05
2.327056427020579576e-05
2.865677379304543138e-05
3.292734618298709393e-05
3.363577707204967737e-05
2.926076558651402593e-05
2.040442086581606418e-05
1.101640918932389468e-05
5.507020887307589874e-06
5.735893864766694605e-06
9.953400876838713884e-06
1.442916527594206855e-05
1.593253909959457815e-05
1.351013543171575293e-05
9.064181540452409536e-06
5.650011189572978765e-06
5.153855454409494996e-06
7.069693310768343508e-06
9.314674571214709431e-06
9.997321285482030362e-06
8.691999028087593615e-06
6.543358267663279548e-06
5.119616616866551340e-06
5.174789748707553372e-06
6.233080512174637988e-06
7.189134066720725968e-06
7.245613687700824812e-06
6.429286258935462683e-06
5.424431947176344693e-06
4.927039299218449742e-06
5.128750217409105971e-06
5.675999545928789303e-06
6.040111202310072258e-06
5.938070898992009461e-06
5.483597760758129880e-06
5.029990006732987240e-06
4.862833975494140759e-06
5.009916094422806054e-06
5.274791419651592150e-06
5.419579792942386121e-06
5.341127234714804217e-06
5.112532562634442002e-06
4.899028226645896211e-06
4.824049483431736007e-06
4.895454821962630376e-06
5.022509867558255792e-06
5.097094344819197431e-06
5.067753136245300993e-06
4.962623279425315559e-06
4.853676728089340031e-06
4.802255716640502214e-06
4.822301889362279326e-06
4.880144388152984902e-06
4.926406745653366670e-06
4.929053829982876778e-06
4.889518550044158474e-06
4.834773790207691491e-06
4.796275334228994325e-06
4.789560989593155682e-06
4.808888661500532180e-06
4.834658739127917215e-06
4.848252501687966287e-06
4.841157988266786560e-06
4.819118203158723190e-06
4.795065706275636330e-06
4.780803919857135043e-06
4.780400558956898749e-06
4.789762897416949272e-06
4.800224814971443266e-06
4.804634500032989308e-06
4.800523129233624786e-06
4.790208549820818007e-06
4.778996753884712234e-06
4.771763087774161249e-06
4.770588020619470626e-06
4.773967248183907941e-06
4.778645234182476997e-06
4.781138613907387480e-06
4.780123163072858006e-06
4.775960860570194200e-06
4.770333362102974206e-06
4.765821358887478709e-06
4.763644028571434319e-06
4.763797278428683057e-06
4.765526682604104280e-06
4.767646260006586090e-06
4.768527105625253171e-06
4.768632607010658830e-06
4.767664449900621548e-06
4.767049631482223049e-06
4.767571226693689823e-06
4.769814495375612751e-06
4.774820354214170948e-06
4.783431450050557032e-06
4.795849690708564594e-06
4.814205112779745832e-06
4.840929705096641555e-06
4.880706910626031458e-06
4.940871804137714207e-06
5.032984518038574606e-06
5.174409125174861401e-06
5.390601018007146195e-06
5.721559318772051483e-06
6.226093773875618353e-06
6.986376320128329098e-06
8.112784598779398948e-06
9.729555131343659014e-06
1.193157731904648244e-05
1.466954654461005703e-05
1.757535392243880779e-05
1.977994907065294683e-05
2.006710383284371346e-05
1.757598693075124174e-05
1.286572296521626413e-05
8.026156137930229306e-06
5.336053163773613051e-06
5.589686679741134867e-06
7.742092748230788857e-06
9.851129107119049877e-06
1.035099739965517074e-05
8.971115676104091108e-06
6.794323780923150480e-06
5.335307832865510136e-06
5.338152732292655855e-06
6.351827323669567704e-06
7.286373602255480364e-06
7.316947176150279120e-06
6.448411568271694705e-06
5.385873919294681400e-06
4.882643224846106023e-06
5.144471742823952809e-06
5.768382379756076261e-06
6.154662514745723456e-06
5.988846169202588499e-06
5.427835731097729877e-06
4.903442004433600232e-06
4.749378604174125940e-06
4.969495421391911805e-06
5.299248641676967964e-06
5.449391210277099162e-06
5.319642241374822333e-06
5.032907210988923907e-06
4.801609520654892549e-06
4.756426278618164361e-06
4.869024905929109082e-06
5.006686023989459500e-06
5.050233994552399963e-06
4.972692750015994534e-06
4.841788268095115200e-06
4.750372227135812864e-06
4.746256308862939477e-06
4.807316599908517674e-06
4.871052624366711825e-06
4.885201178694842383e-06
4.841009740630397573e-06
4.770919531438266858e-06
4.718854597740573809e-06
4.709150744020007551e-06
4.735093170893378556e-06
4.769500719703501090e-06
4.785724740941077471e-06
4.774838998855557293e-06
4.746261765831150115e-06
4.719116986962035298e-06
4.706916570285102352e-06
4.711767360277008265e-06
4.725335202238056809e-06
4.735200036520836875e-06
4.734133199235657230e-06
4.723015081253834069e-06
4.708155302068917081e-06
4.697434633271768689e-06
4.694575636676745489e-06
4.698883003584342077e-06
4.705302671936806291e-06
4.709046152129303664e-06
4.707972493633860722e-06
4.702935711975442246e-06
4.696307314588921145e-06
4.691291906055994332e-06
4.689487923315027729e-06
4.690330570156220347e-06
4.692290985985891894e-06
4.693660230259411037e-06
4.693225491791963577e-06
4.691064077633200213e-06
4.688202807301422581e-06
4.685691237682476640e-06
4.684342911787098274e-06
4.684891337092267349e-06
4.686267402576049790e-06
4.688341050496092066e-06
4.690845344157423824e-06
4.693553819379303604e-06
4.697276835941011086e-06
4.702393653133185580e-06
4.710639586846809834e-06
4.723124675365397707e-06
4.742562396131688729e-06
4.770230589201673865e-06
4.811240160051966086e-06
4.871200417255749926e-06
4.958615136274602264e-06
5.087447789264842868e-06
5.278152912069344893e-06
5.560340923693729565e-06
5.976991360512329265e-06
6.586263680219417438e-06
7.462816938641481102e-06
8.689134119777008891e-06
1.032852469506906345e-05
1.235897889273473993e-05
1.457373036828357726e-05
1.646763666940387338e-05
1.726817026792559773e-05
1.624952165002468973e-05
1.334932039753766730e-05
9.534313903714064509e-06
6.394761840056162328e-06
5.119006800669012591e-06
5.786330348200863227e-06
7.477732197003206238e-06
8.931801858125254512e-06
9.240700819646008313e-06
8.292904567497316748e-06
6.745817245246144012e-06
5.525566393771441653e-06
5.193085144128417596e-06
5.656603661918779835e-06
6.365201898006489500e-06
6.748520263499813154e-06
6.568586741195758805e-06
5.999685981805669144e-06
5.428350959846284240e-06
5.161568878975231200e-06
5.248535217106109485e-06
5.513199084816733375e-06
5.719996352127054706e-06
5.734545993618667126e-06
5.577271167567232624e-06
5.372196937969420105e-06
5.245301963441306725e-06
5.253567451291019097e-06
5.370257440517889336e-06
5.527110261027701199e-06
5.660639089910546318e-06
5.747170689573977143e-06
5.805833552585681900e-06
5.884456641069846228e-06
6.029685664543649182e-06
6.273051894822856411e-06
6.616072823817376047e-06
7.044236554065719247e-06
7.527852631028508767e-06
8.052496923482976854e-06
8.606273695477284491e-06
9.201332431985065341e-06
9.820485502132214606e-06
1.044003511196933687e-05
1.095969673770014197e-05
1.128133590100333095e-05
1.125929884437937289e-05
1.084041832655202597e-05
1.001104465103708208e-05
8.897089173842687160e-06
7.659375114599242806e-06
6.501118605228839442e-06
5.572860118263633922e-06
4.965879270457662642e-06
4.694018571171909571e-06
4.715772774943616241e-06
4.951522441842826083e-06
5.304487785906530917e-06
5.676177806890336797e-06
5.978326953481882811e-06
6.151675734145101160e-06
6.167778792587341741e-06
6.039840627636294812e-06
5.804759894090238959e-06
5.517566023627296090e-06
5.228345344221452251e-06
4.978309789294144139e-06
4.790247658092994243e-06
4.672435807151487097e-06
4.622025244316319004e-06
4.628310762200271711e-06
4.677584911405574530e-06
4.752009772346355021e-06
4.834451374335912988e-06
4.909596555080497637e-06
4.966033429809613153e-06
4.998268650524551049e-06
5.005777438782388344e-06
4.991268269805004820e-06
4.960878413839964196e-06
4.919871116726426408e-06
4.873311354458564892e-06
4.825386440643342212e-06
4.778934453497640789e-06
4.735906713904114440e-06
4.698169959738152102e-06
4.666327640734380111e-06
4.640976840164512396e-06
4.621837888407753780e-06
4.607887149177258834e-06
4.598970917868427932e-06
4.593272933561820537e-06
4.590541720972396433e-06
4.589820491673890501e-06
4.590534899762133136e-06
4.592078767018392682e-06
4.594595793605549261e-06
4.597681254381313920e-06
4.601316504704300314e-06
4.605736648954916745e-06
4.611004897014936432e-06
4.617143986251903698e-06
4.624716893886215985e-06
4.634003289538668469e-06
4.645281478588003665e-06
4.659747446567052975e-06
4.678434379457030445e-06
4.702481874119257554e-06
4.734403773909434676e-06
4.776723017130279914e-06
4.833454113395418972e-06
4.909496055915951729e-06
5.012860583519795910e-06
5.152839548827614635e-06
5.344875262380810454e-06
5.607804268947802484e-06
5.969671747152460739e-06
6.464046236942522228e-06
7.139581612136680633e-06
8.047697519941721112e-06
9.257365491066593677e-06
1.081036771211074665e-05
1.274163241760106757e-05
1.495650030847173184e-05
1.727463313727639616e-05
1.921792863868176937e-05
2.024748391704633832e-05
1.967456228157971054e-05
1.731710108288098127e-05
1.351280025119194761e-05
9.383335054735653102e-06
6.168731033540097997e-06
4.707382231572410092e-06
5.043148121330887079e-06
6.545570613525342196e-06
8.284646355605218560e-06
9.410345228388905525e-06
9.471053999732248485e-06
8.494922440149821341e-06
6.973558811296243221e-06
5.552773473027627915e-06
4.743927547679049894e-06
4.700202680396614596e-06
5.224197138886665925e-06
5.924654942646156996e-06
6.418091743398690596e-06
6.490504347311798483e-06
6.142882284621009603e-06
5.563084869208978489e-06
5.001462341169826686e-06
4.657125828089192510e-06
4.601742602972080931e-06
4.774989974976051599e-06
5.038899871578905731e-06
5.250381946098059416e-06
5.319243882695445791e-06
5.229376256465911865e-06
5.032783974456833676e-06
4.812233783013653010e-06
4.644357431971002370e-06
4.570899363898206502e-06
4.590112439473159611e-06
4.667765551857883111e-06
4.756463113153586164e-06
4.815890406462131068e-06
4.825190899282461032e-06
4.785949386132415384e-06
4.716315288533223793e-06
4.641476152755785733e-06
4.582384462992195040e-06
4.551221536530647427e-06
4.549374807538697496e-06
4.567908945318777114e-06
4.594977326632943004e-06
4.618437287717824802e-06
4.629910563380690292e-06
4.627408088708762079e-06
4.612463271769229323e-06
4.590675871440907940e-06
4.567640189634403214e-06
4.548804099613334984e-06
4.536836968327406794e-06
4.532271759671857581e-06
4.533810624707257375e-06
4.539088422461645678e-06
4.545402134681353346e-06
4.550032372208079323e-06
4.552720838546520099e-06
4.552199698082404211e-06
4.549243385554291308e-06
4.544968305708607659e-06
4.539597739494638517e-06
4.535206699074478820e-06
4.532237653620541096e-06
4.531194917944958434e-06
4.532310867944033816e-06
4.536166215984849259e-06
4.542947408481268212e-06
4.553316557576181367e-06
4.568309122987557203e-06
4.589192485582316294e-06
4.618910679710097611e-06
4.661406819650437683e-06
4.722920493804849684e-06
4.812835413758875802e-06
4.945393357047578320e-06
5.140998382557881996e-06
5.430109922599513084e-06
5.855495146533939987e-06
6.476458565884968266e-06
7.368511433014646173e-06
8.615344086138065904e-06
1.027878533932380378e-05
1.233545208378927782e-05
1.457543839933350682e-05
1.648475517868064344e-05
1.728205643303226680e-05
1.622560921532567590e-05
1.325396078755147755e-05
9.351680091640446335e-06
6.146532996353926137e-06
4.853823156736325473e-06
5.550251898966962472e-06
7.289067525562131777e-06
8.765929123910609633e-06
9.033720743900630623e-06
7.965234544826671481e-06
6.264413514145417139e-06
4.943753538100281730e-06
4.631826413969974965e-06
5.231502200331306085e-06
6.115916221460793167e-06
6.610317996091907844e-06
6.405131443898426369e-06
5.685840278601972386e-06
4.934604930895147845e-06
4.571387307805707678e-06
4.694786639447556809e-06
5.082525149191496894e-06
5.397085715230787173e-06
5.417880856839474291e-06
5.153753136255545542e-06
4.792828349309274927e-06
4.551658093987498432e-06
4.532641924015479162e-06
4.684642590291332453e-06
4.865051778324414045e-06
4.944034117215778679e-06
4.879457719653146341e-06
4.722463927464559674e-06
4.570452801999635994e-06
4.499272563407430425e-06
4.523029929259791970e-06
4.599667590809985995e-06
4.666196673497324809e-06
4.678659024648368359e-06
4.633411208487814292e-06
4.559437456919113174e-06
4.497045210882788524e-06
4.472914952202700078e-06
4.487590103963157162e-06
4.522205017565283924e-06
4.551252004603156820e-06
4.557032752927625552e-06
4.538536359177669510e-06
4.506965069595025852e-06
4.478406935959355906e-06
4.464558060135459527e-06
4.467313374334480613e-06
4.481166797631885856e-06
4.495813300309237093e-06
4.503174750425387174e-06
4.500080194702604786e-06
4.489992079470539466e-06
4.477630682231392711e-06
4.469462510314770043e-06
4.468544375413330272e-06
4.475311470741871744e-06
4.486885700316634029e-06
4.500516752159455791e-06
4.514500687946565449e-06
4.529730631475104019e-06
4.549682216747896746e-06
4.580249878927133977e-06
4.629146587831201032e-06
4.705929313786327839e-06
4.823904873774154112e-06
5.002063517167698592e-06
5.269882876746123657e-06
5.672039605997269973e-06
6.279284662014106289e-06
7.192777502496028319e-06
8.562497896491549909e-06
1.057428289641393349e-05
1.346281806036131456e-05
1.737457569106481969e-05
2.230226527899503708e-05
2.758082518994342536e-05
3.191220093867741525e-05
3.303299308754503727e-05
2.951264286821242422e-05
2.176374619011767209e-05
1.330909071839414537e-05
8.178321877494454384e-06
8.194665497285313904e-06
1.174340104626026005e-05
1.519492616353090852e-05
1.548557702335529029e-05
1.217269345943350345e-05
7.741881745459977537e-06
5.306780167302349582e-06
6.045511327101849020e-06
8.533997970516793430e-06
1.025658093567471951e-05
9.695604603621177375e-06
7.384660420939326286e-06
5.234001491771778092e-06
4.720530796475941315e-06
5.740052984037902206e-06
7.000234290899243206e-06
7.290936537174275145e-06
6.447743544413242489e-06
5.277141553960973397e-06
4.703862487076548859e-06
4.965051175531698391e-06
5.560424142458941787e-06
5.830548161611659452e-06
5.539145149668911472e-06
4.984417046216549352e-06
4.633284788724267855e-06
4.690983132604742423e-06
4.979224286216776818e-06
5.164235062693478540e-06
5.067982783657498658e-06
4.783441909239627421e-06
4.547112439468037337e-06
4.513261956162750721e-06
4.644134605769068003e-06
4.778525180881842971e-06
4.786341378348879516e-06
4.666688710130983964e-06
4.523072675510775298e-06
4.459560841496568173e-06
4.497914687817683443e-06
4.575787897920235991e-06
4.612149041349766776e-06
4.574178092298097908e-06
4.492443622439168394e-06
4.428789907251484692e-06
4.420151526574045420e-06
4.458467174117686227e-06
4.502491265157004818e-06
4.514282863965490833e-06
4.486218131205532700e-06
4.440101747604785487e-06
4.407064352562883869e-06
4.403097591421101242e-06
4.422256552061298862e-06
4.444121714186621830e-06
4.450938831723760813e-06
4.437839379534125328e-06
4.415298008098034188e-06
4.397397788125090301e-06
4.393310973682673648e-06
4.401249952934449539e-06
4.412362613948062062e-06
4.417959189595421776e-06
4.414270733832381666e-06
4.404192623042035848e-06
4.393936706037493423e-06
4.388150500744814053e-06
4.388584784464910626e-06
4.392396022012690082e-06
4.395743417262565345e-06
4.395918949740007520e-06
4.392700702737784013e-06
4.387965873320354149e-06
4.383918621897464618e-06
4.381932285468792543e-06
4.382041879580356181e-06
4.383264240459538996e-06
4.384095063869608566e-06
4.383302439237013459e-06
4.381644430395681411e-06
4.379331585369072855e-06
4.377489858597982675e-06
4.376222932478412986e-06
4.376216111268149689e-06
4.376217930257553235e-06
4.376009655970847234e-06
4.375492608232889324e-06
4.374136551632545888e-06
4.372810508357360959e-06
4.371566319605335593e-06
4.370761871541617438e-06
4.370053375168936327e-06
4.369899670564336702e-06
4.369726866570999846e-06
4.369339421828044578e-06
4.369012913230108097e-06
4.368323516246164218e-06
4.367728706711204723e-06
4.367268957139458507e-06
4.367336259747389704e-06
4.367982000985648483e-06
4.368873760540736839e-06
4.370511305751278996e-06
4.373058345663594082e-06
4.376238393888343126e-06
4.381205144454725087e-06
4.388592969917226583e-06
4.399153567646862939e-06
4.414817794895498082e-06
4.437988081917865202e-06
4.472056389204226434e-06
4.522187282418599352e-06
4.596163307724054903e-06
4.706783784058643505e-06
4.871404144068947062e-06
5.117085493111517280e-06
5.484608664119150490e-06
6.032838882674695924e-06
6.843333721917588264e-06
8.025238457776140422e-06
9.697648238216061145e-06
1.196424091176595539e-05
1.479879301768960431e-05
1.792331750039011240e-05
2.057966776192188263e-05
2.165473961213137954e-05
2.006436261581256986e-05
1.584530946274753660e-05
1.051115577865857631e-05
6.411306912923464552e-06
5.048069851909531280e-06
6.224590379133587703e-06
8.435562449449207634e-06
9.946916179615072906e-06
9.797528036870062351e-06
8.234347660618368536e-06
6.401819064194569364e-06
5.397610038926359266e-06
5.526764653041027486e-06
6.251026661630021408e-06
6.752679382771020755e-06
6.567756372533040121e-06
5.852277354279067367e-06
5.151731329533504322e-06
4.911430551146622747e-06
5.152532139618415385e-06
5.529478585231117904e-06
5.653411790262907743e-06
5.388014415075303987e-06
4.917286787531338632e-06
4.560465640679467469e-06
4.515762611845275387e-06
4.733856712846318260e-06
4.991965852241264656e-06
5.075545232102740556e-06
4.925494977214839309e-06
4.649988113669678569e-06
4.424910002853721380e-06
4.363304469734430313e-06
4.453084784472594038e-06
4.590398020809516311e-06
4.665474534704117104e-06
4.633567641576519236e-06
4.528949830273631960e-06
4.423496193339815363e-06
4.374706350063206628e-06
4.389496552903437987e-06
4.433985395735362545e-06
4.463438472157577053e-06
4.453478595678461716e-06
4.411530426295939833e-06
4.365226232039276510e-06
4.339642600825754926e-06
4.342708962212782353e-06
4.364042979432269931e-06
4.384174189908662811e-06
4.388130491861375049e-06
4.373838237370364368e-06
4.349920345703139901e-06
4.328569048084318638e-06
4.318836545280646533e-06
4.320881544117582962e-06
4.329333023633807898e-06
4.335775884101167321e-06
4.336344318289775401e-06
4.330375759309390560e-06
4.321699634601827711e-06
4.314369107305537909e-06
4.311227712605614215e-06
4.312376859161304310e-06
4.315130809118272737e-06
4.316792455938411877e-06
4.315822025091620162e-06
4.312077635404421017e-06
4.306992195779457688e-06
4.302410161471925676e-06
4.299713964428519830e-06
4.299054580769734457e-06
4.300056843931088224e-06
4.301792614569421858e-06
4.303004971006885171e-06
4.303652531234547496e-06
4.303645710024284199e-06
4.303417881601490080e-06
4.304097274143714458e-06
4.306248683860758319e-06
4.310054464440327138e-06
4.315962087275693193e-06
4.323917892179451883e-06
4.335531230026390404e-06
4.351033567218109965e-06
4.372822786535834894e-06
4.404062565299682319e-06
4.449635525816120207e-06
4.516318313108058646e-06
4.613884811988100410e-06
4.756397174787707627e-06
4.964900654158554971e-06
5.269116627459879965e-06
5.712830898119136691e-06
6.354056949930964038e-06
7.267779437825083733e-06
8.535192137060221285e-06
1.022125161398435012e-05
1.231524311151588336e-05
1.463919397792778909e-05
1.674108352744951844e-05
1.790364512999076396e-05
1.739209983497858047e-05
1.500596590631175786e-05
1.148084993474185467e-05
8.284544492198619992e-06
6.697317076032049954e-06
7.045422989904182032e-06
8.584579518355894834e-06
1.003338365990202874e-05
1.028008409775793552e-05
9.014139322971459478e-06
6.902201675984542817e-06
5.119840807310538366e-06
4.503612217376939952e-06
5.036149559600744396e-06
6.007149750075768679e-06
6.591468263650313020e-06
6.388268502632854506e-06
5.604169018624816090e-06
4.818175966647686437e-06
4.521024038695031777e-06
4.790523689734982327e-06
5.311550467013148591e-06
5.656140274368226528e-06
5.582516678259707987e-06
5.163763489690609276e-06
4.685127805714728311e-06
4.419499418872874230e-06
4.450543656275840476e-06
4.655400516639929265e-06
4.827423708775313571e-06
4.826842086913529783e-06
4.655672455555759370e-06
4.429311957210302353e-06
4.280640951037639752e-06
4.270365934644360095e-06
4.363891548564424738e-06
4.471714873943710700e-06
4.515984073805157095e-06
4.474844445212511346e-06
4.384632120491005480e-06
4.304798494558781385e-06
4.277876541891600937e-06
4.307453309593256563e-06
4.363343123259255663e-06
4.407546839502174407e-06
4.416079264046857134e-06
4.391462425701320171e-06
4.354347311164019629e-06
4.330036972532980144e-06
4.332478056312538683e-06
4.360651928436709568e-06
4.401767455419758335e-06
4.441105829755542800e-06
4.472026830626418814e-06
4.497111603996017948e-06
4.528035333350999281e-06
4.577488198265200481e-06
4.657519184547709301e-06
4.774386525241425261e-06
4.933647687721531838e-06
5.141007932252250612e-06
5.409709046944044530e-06
5.759236501035047695e-06
6.221943749551428482e-06
6.832547114754561335e-06
7.636806003574747592e-06
8.665817404107656330e-06
9.951280844688881189e-06
1.146201429946813732e-05
1.313528173341182992e-05
1.475428143749013543e-05
1.605066063348203897e-05
1.658338987908791751e-05
1.605656325409654528e-05
1.429169878974789754e-05
1.160646752396132797e-05
8.606987648818176240e-06
6.086910161684500054e-06
4.608728886523749679e-06
4.333569449954666197e-06
5.013158897781977430e-06
6.157925326988333836e-06
7.239100341394077986e-06
7.841189471946563572e-06
7.784152330714277923e-06
7.122795068426057696e-06
6.131829650257714093e-06
5.154637165105668828e-06
4.484096734813647345e-06
4.252039161656284705e-06
4.416753199620870873e-06
4.811546659766463563e-06
5.227958354225847870e-06
5.495508958119899035e-06
5.526475433725863695e-06
5.333650733518879861e-06
5.001292720407946035e-06
4.648569756682263687e-06
4.377229743113275617e-06
4.244061528879683465e-06
4.250119218340842053e-06
4.353828899184009060e-06
4.493136657401919365e-06
4.610159066942287609e-06
4.667389021051349118e-06
4.652926691051106900e-06
4.579751021083211526e-06
4.474239631235832348e-06
4.366932444099802524e-06
4.281836936570471153e-06
4.232120318192755803e-06
4.219413312966935337e-06
4.235310370859224349e-06
4.267025360604748130e-06
4.301676653994945809e-06
4.328718659962760285e-06
4.341577096056425944e-06
4.339130100561305881e-06
4.323279881646158174e-06
4.298729436413850635e-06
4.270742920198244974e-06
4.244330739311408252e-06
4.223017640470061451e-06
4.208600330457556993e-06
4.201173396722879261e-06
4.199744125799043104e-06
4.202648142381804064e-06
4.208018708595773205e-06
4.214276032143970951e-06
4.219339643896091729e-06
4.222988536639604717e-06
4.224122676532715559e-06
4.223487394483527169e-06
4.220872597215930000e-06
4.217283731122734025e-06
4.213065039948560297e-06
4.208386144455289468e-06
4.203734533803071827e-06
4.199387603875948116e-06
4.195733708911575377e-06
4.192277174297487363e-06
4.189495030004763976e-06
4.187115337117575109e-06
4.184987574262777343e-06
4.183340934105217457e-06
4.181812983006238937e-06
4.180606993031688035e-06
4.179382358415750787e-06
4.178285053058061749e-06
4.177558821538696066e-06
4.176920811005402356e-06
4.176180027570808306e-06
4.175500180281233042e-06
4.174842160864500329e-06
4.174277364654699340e-06
4.173757133685285226e-06
4.173566139797912911e-06
4.173159140918869525e-06
4.172948592895409092e-06
4.173089564574183896e-06
4.173348770564189181e-06
4.173583874944597483e-06
4.174635250819846988e-06
4.175851699983468279e-06
4.177852133580017835e-06
4.180560154054546729e-06
4.184368208370869979e-06
4.189685114397434518e-06
4.196973804937442765e-06
4.207020992907928303e-06
4.220907612761948258e-06
4.239937425154494122e-06
4.266916675987886265e-06
4.304083631723187864e-06
4.356332738097989932e-06
4.430175977176986635e-06
4.533829269348643720e-06
4.680405709223123267e-06
4.886767783318646252e-06
5.177762432140298188e-06
5.585566668742103502e-06
6.153383310447679833e-06
6.934597422514343634e-06
7.997835382411722094e-06
9.415093700226861984e-06
1.127222913055447862e-05
1.361527301924070343e-05
1.645428710617125034e-05
1.958337452379055321e-05
2.261425106553360820e-05
2.473314452799968421e-05
2.517890061426442116e-05
2.331816540390718728e-05
1.956825872184708714e-05
1.521806643722811714e-05
1.222806440637214109e-05
1.172850898001343012e-05
1.305759178649168462e-05
1.399916709488024935e-05
1.250845980393933132e-05
8.839247129799332470e-06
5.709781362384092063e-06
5.488984697876730934e-06
7.645679943379946053e-06
9.581359336152672768e-06
9.382424650539178401e-06
7.472946890629827976e-06
5.670494829246308655e-06
5.073428383184364066e-06
5.398643224907573313e-06
5.932859949098201469e-06
6.299759661487769336e-06
6.306261639110743999e-06
5.791342118754982948e-06
4.953629741066833958e-06
4.431960860529216006e-06
4.658352736441884190e-06
5.270954716252163053e-06
5.505321951204678044e-06
5.097213488625129685e-06
4.522285507846390828e-06
4.330897354520857334e-06
4.527146757027367130e-06
4.729441570816561580e-06
4.705322680820245296e-06
4.542663191386964172e-06
4.403038929012836888e-06
4.327444457885576412e-06
4.304029062041081488e-06
4.349602022557519376e-06
4.446295406523859128e-06
4.488926151680061594e-06
4.393593826534925029e-06
4.222083134663989767e-06
4.123291091673308983e-06
4.161516699241474271e-06
4.256207375874510035e-06
4.295979124435689300e-06
4.260264176991768181e-06
4.205712684779427946e-06
4.178156359557760879e-06
4.174630248598987237e-06
4.176596576144220307e-06
4.181410531600704417e-06
4.188072125543840230e-06
4.183622877462767065e-06
4.158875981374876574e-06
4.126748990529449657e-06
4.114122020837385207e-06
4.128067757847020403e-06
4.149615961068775505e-06
4.155682290729600936e-06
4.143260412092786282e-06
4.126802195969503373e-06
4.117153366678394377e-06
4.114658622711431235e-06
4.114774583285907283e-06
4.115886895306175575e-06
4.118792730878340080e-06
4.120493485970655456e-06
4.117477601539576426e-06
4.110511326871346682e-06
4.104954314243514091e-06
4.104546405869768932e-06
4.108399480173829943e-06
4.111596354050561786e-06
4.110572263016365469e-06
4.107350378035334870e-06
4.103972059965599328e-06
4.101755621377378702e-06
4.100052137800958008e-06
4.099126272194553167e-06
4.099144916835939512e-06
4.100142632523784414e-06
4.101179911231156439e-06
4.101134436496067792e-06
4.100291334907524288e-06
4.099685611436143517e-06
4.100718342670006678e-06
4.103396349819377065e-06
4.107104359718505293e-06
4.111537691642297432e-06
4.117459866392891854e-06
4.125643954466795549e-06
4.137202267884276807e-06
4.152882411290192977e-06
4.175336016487563029e-06
4.207220626994967461e-06
4.253155111655360088e-06
4.319311756262322888e-06
4.413774149725213647e-06
4.549613549897912890e-06
4.746032573166303337e-06
5.030833563068881631e-06
5.443894224299583584e-06
6.039947493263753131e-06
6.895546448504319414e-06
8.100479135464411229e-06
9.760186912899371237e-06
1.193558546219719574e-05
1.461104420741321519e-05
1.750689443724695593e-05
2.006018075917381793e-05
2.128256528521887958e-05
2.031299300142563879e-05
1.685663119133096188e-05
1.197174151457147673e-05
7.519999599026050419e-06
5.187931947148172185e-06
5.408709967014146969e-06
7.313168225664412603e-06
9.379979928780812770e-06
1.026222525979392231e-05
9.449844583286903799e-06
7.449799340975005180e-06
5.420534762379247695e-06
4.366191660665208474e-06
4.556667590804863721e-06
5.505016360984882340e-06
6.409328761947108433e-06
6.675616532447747886e-06
6.204269993759226054e-06
5.356894689612090588e-06
4.642364274332066998e-06
4.383646682981634513e-06
4.563526545098284259e-06
4.915571025776444003e-06
5.143492217030143365e-06
5.097224402561550960e-06
4.828818873647833243e-06
4.508141955739120021e-06
4.297616214898880571e-06
4.257164619048126042e-06
4.338665348768699914e-06
4.441576038516359404e-06
4.484294095163932070e-06
4.445597824087599292e-06
4.356551471573766321e-06
4.269211331120459363e-06
4.218813046463765204e-06
4.209747658023843542e-06
4.222840289003215730e-06
4.233571416989434510e-06
4.228862053423654288e-06
4.210048246022779495e-06
4.187335434835404158e-06
4.169588009972358122e-06
4.160378011874854565e-06
4.154799171374179423e-06
4.148104380874428898e-06
4.136686584388371557e-06
4.122689460928086191e-06
4.110940608370583504e-06
4.105748303118161857e-06
4.107947916054399684e-06
4.114625426154816523e-06
4.120755420444766060e-06
4.122779500903561711e-06
4.119595814700005576e-06
4.113831892027519643e-06
4.110032932658214122e-06
4.113156592211453244e-06
4.125448867853265256e-06
4.147406798438169062e-06
4.178136350674321875e-06
4.216248726152116433e-06
4.262511993147199973e-06
4.320222615206148475e-06
4.397182237880770117e-06
4.503269337874371558e-06
4.652809366234578192e-06
4.863223693973850459e-06
5.156716269993921742e-06
5.560710633290000260e-06
6.110386038926662877e-06
6.845019015599973500e-06
7.808768714312463999e-06
9.027831765706650913e-06
1.049578895617742091e-05
1.211716062243795022e-05
1.368481298413826153e-05
1.483014784753322601e-05
1.512825201643863693e-05
1.423367666575359181e-05
1.218155102833407000e-05
9.449685421714093536e-06
6.848418252047849819e-06
5.087113095214590430e-06
4.472228283702861518e-06
4.829301815334474668e-06
5.684963525709463283e-06
6.516827852465212345e-06
6.953372121643042192e-06
6.874580776639049873e-06
6.394623142114141956e-06
5.763644821854541078e-06
5.215817054704530165e-06
4.877607352682389319e-06
4.742356395581737161e-06
4.726121915155090392e-06
4.735780748887918890e-06
4.720457582152448595e-06
4.681201971834525466e-06
4.647245532396482304e-06
4.642704425350530073e-06
4.662491846829652786e-06
4.677357537730131298e-06
4.650032678910065442e-06
4.561172318062745035e-06
4.419850483827758580e-06
4.262819402356399223e-06
4.134920345677528530e-06
4.070969225722365081e-06
4.080038252141093835e-06
4.144535978412022814e-06
4.229590103932423517e-06
4.298476596886757761e-06
4.325945610617054626e-06
4.304246431274805218e-06
4.243544481141725555e-06
4.164622623648028821e-06
4.090669790457468480e-06
4.037985490867868066e-06
4.013534180558053777e-06
4.013940269942395389e-06
4.029735009680734947e-06
4.050673396704951301e-06
4.067547706654295325e-06
4.076347522641299292e-06
4.076438926858827472e-06
4.070202066941419616e-06
4.061115305376006290e-06
4.052345957461511716e-06
4.045778496220009401e-06
4.041277861688286066e-06
4.037789040012285113e-06
4.034331595903495327e-06
4.029711362818488851e-06
4.023171641165390611e-06
4.015430931758601218e-06
4.007149073004256934e-06
3.999275122623657808e-06
3.992932306573493406e-06
3.988632670370861888e-06
3.986302544944919646e-06
3.985780949733452871e-06
3.986650426668347791e-06
3.988263870269292966e-06
3.990064215031452477e-06
3.991642188339028507e-06
3.992396159446798265e-06
3.992959136667195708e-06
3.993041445937706158e-06
3.993008249381091446e-06
3.993252448708517477e-06
3.993415703007485718e-06
3.994436610810225829e-06
3.996126451966119930e-06
3.998504780611256137e-06
4.002121841040207073e-06
4.006806193501688540e-06
4.013113084511132911e-06
4.020934738946380094e-06
4.031769549328600988e-06
4.046127287438139319e-06
4.065110260853543878e-06
4.090749371243873611e-06
4.125361101614544168e-06
4.172567969362717122e-06
4.237896519043715671e-06
4.328200247982749715e-06
4.453868768905522302e-06
4.629034719982882962e-06
4.874382284469902515e-06
5.218254500505281612e-06
5.701779173250542954e-06
6.376315468514803797e-06
7.315329185075825080e-06
8.594432074460200965e-06
1.030914518196368590e-05
1.249757497134851292e-05
1.515352050773799419e-05
1.802120641514193267e-05
2.066531305899843574e-05
2.221672548330388963e-05
2.189656697737518698e-05
1.913701999001204967e-05
1.450263243896188214e-05
9.393178515892941505e-06
5.600902568403398618e-06
4.194220309727825224e-06
5.084494205220835283e-06
7.234305030578980222e-06
9.270926057070028037e-06
1.012329721561400220e-05
9.401822353538591415e-06
7.566600743302842602e-06
5.563277227338403463e-06
4.307509698264766484e-06
4.179305960860801861e-06
4.928846919938223436e-06
5.923307071498129517e-06
6.531967756018275395e-06
6.438977379730204120e-06
5.737520496040815488e-06
4.829122190130874515e-06
4.155134774919133633e-06
3.963915787608129904e-06
4.217476543999509886e-06
4.667940629587974399e-06
5.023307039664359763e-06
5.096255790704162791e-06
4.875924787484109402e-06
4.495598204812267795e-06
4.144455942878266796e-06
3.962099981436040252e-06
3.982555426773615181e-06
4.138897111261030659e-06
4.316814738558605313e-06
4.417483523866394535e-06
4.398063083499437198e-06
4.279596396372653544e-06
4.124005045014200732e-06
3.998316060460638255e-06
3.943535830330802128e-06
3.962596110795857385e-06
4.026816895930096507e-06
4.095955773664172739e-06
4.135553353989962488e-06
4.131053174205590039e-06
4.088462901563616470e-06
4.027848262921907008e-06
3.972319518652511761e-06
3.938810550607740879e-06
3.932799700123723596e-06
3.948055109503911808e-06
3.972788817918626592e-06
3.994686267105862498e-06
4.004629772680345923e-06
4.000223270850256085e-06
3.984109298471594229e-06
3.962519713240908459e-06
3.942520379496272653e-06
3.928826117771677673e-06
3.923777057934785262e-06
3.925747478206176311e-06
3.932565505238017067e-06
3.940546321246074513e-06
3.946597644244320691e-06
3.949030997318914160e-06
3.947423920180881396e-06
3.942608145734993741e-06
3.935904260288225487e-06
3.929190825147088617e-06
3.923732947441749275e-06
3.920581548300106078e-06
3.919527898688102141e-06
3.920556537195807323e-06
3.923120857507456094e-06
3.926607405446702614e-06
3.930273123842198402e-06
3.934385858883615583e-06
3.938620466215070337e-06
3.943804586015176028e-06
3.950448444811627269e-06
3.960528829338727519e-06
3.975349045504117385e-06
3.997354724560864270e-06
4.030634045193437487e-06
4.080035978404339403e-06
4.152966994297457859e-06
4.261265075911069289e-06
4.420910045155324042e-06
4.657531917473534122e-06
5.006425908504752442e-06
5.518983471120009199e-06
6.262230726861162111e-06
7.317419658647850156e-06
8.765152415435295552e-06
1.064006937667727470e-05
1.284922836930491030e-05
1.505108866695081815e-05
1.658638393564615399e-05
1.662512295297347009e-05
1.466428238927619532e-05
1.112655263568740338e-05
7.418661425617756322e-06
5.120590230944799259e-06
4.952842118655098602e-06
6.434561782953096554e-06
8.327728210133500397e-06
9.390621926286257803e-06
9.024906830745749176e-06
7.583093974972143769e-06
6.087247129471506923e-06
5.493799108080565929e-06
6.048434897820698097e-06
7.220370662253117189e-06
8.153595445037353784e-06
8.248213816841598600e-06
7.512778211093973368e-06
6.485567610070575029e-06
5.791416242573177442e-06
5.689114914275705814e-06
5.952334504399914294e-06
6.123501862020930275e-06
5.885193786525633186e-06
5.277917352941585705e-06
4.620183972292579710e-06
4.236690529069164768e-06
4.224186341161839664e-06
4.426838131621479988e-06
4.592115601553814486e-06
4.563691618386656046e-06
4.364383130450733006e-06
4.143807927903253585e-06
4.045643436256796122e-06
4.108779194211820140e-06
4.259648449078667909e-06
4.383544364827685058e-06
4.408551831147633493e-06
4.342850843386258930e-06
4.251014615874737501e-06
4.200546300126006827e-06
4.215217813907656819e-06
4.269494638720061630e-06
4.314746547606773674e-06
4.315145815780851990e-06
4.268985321687068790e-06
4.201832325634313747e-06
4.147589606873225421e-06
4.124722181586548686e-06
4.130195065954467282e-06
4.144945705775171518e-06
4.150543190917233005e-06
4.139243173995055258e-06
4.117439402762101963e-06
4.098282715858658776e-06
4.093657025805441663e-06
4.107304448552895337e-06
4.135171366215217859e-06
4.169531166553497314e-06
4.205300683679524809e-06
4.242089289618888870e-06
4.284561782696982846e-06
4.340941814007237554e-06
4.419086053530918434e-06
4.524205905909184366e-06
4.659813384932931513e-06
4.829032150155398995e-06
5.036509719502646476e-06
5.289035925670759752e-06
5.596539267571642995e-06
5.966614935459801927e-06
6.405964086297899485e-06
6.909925559739349410e-06
7.465031558240298182e-06
8.034545317059382796e-06
8.568843441025819629e-06
8.988434274215251207e-06
9.217374099534936249e-06
9.176729690807405859e-06
8.841848284646403044e-06
8.231117135437671095e-06
7.449729309882968664e-06
6.633907105424441397e-06
5.944186796114081517e-06
5.492896889336407185e-06
5.335282821761211380e-06
5.448448519018711522e-06
5.754965513915522024e-06
6.139144261396722868e-06
6.478024715761421248e-06
6.663105978077510372e-06
6.626156846323283389e-06
6.356355243042344227e-06
5.906108981434954330e-06
5.373006388253998011e-06
4.871120381721993908e-06
4.491787876759190112e-06
4.281643214198993519e-06
4.233232175465673208e-06
4.300641194276977330e-06
4.417890977492788807e-06
4.522644303506240249e-06
4.569984866975573823e-06
4.541584075923310593e-06
4.443374564289115369e-06
4.299408374208724126e-06
4.142333182244328782e-06
4.002901277999626473e-06
3.902671778632793576e-06
3.850740085908910260e-06
3.844091224891599268e-06
3.871113221975974739e-06
3.915432898793369532e-06
3.961855327361263335e-06
3.997932253696490079e-06
4.016611001134151593e-06
4.016338152723619714e-06
3.998917236458510160e-06
3.969817043980583549e-06
3.934903361368924379e-06
3.900486717611784115e-06
3.871326043736189604e-06
3.849892891594208777e-06
3.837593339994782582e-06
3.834112703771097586e-06
3.837831627606647089e-06
3.847472726192791015e-06
3.861192908516386524e-06
3.877291419485118240e-06
3.895971076417481527e-06
3.916933110303943977e-06
3.942024250136455521e-06
3.973538241552887484e-06
4.015692411485360935e-06
4.075001470482675359e-06
4.160881417192285880e-06
4.287604497221764177e-06
4.475436526263365522e-06
4.755359441332984716e-06
5.172105375095270574e-06
5.793874606752069667e-06
6.712938557029701769e-06
8.062153938226401806e-06
9.995114851335529238e-06
1.269675522053148597e-05
1.624613832973409444e-05
2.056847188214305788e-05
2.501258495613001287e-05
2.843752190528903157e-05
2.898086495406460017e-05
2.553467675170395523e-05
1.848326428444124758e-05
1.067282937583513558e-05
5.450147000374272466e-06
4.594875917973695323e-06
7.269251909747254103e-06
1.091333979275077581e-05
1.291956596105592325e-05
1.201302347908494994e-05
8.958653779700398445e-06
5.790580871689599007e-06
4.346404239186085761e-06
5.001496447221143171e-06
6.691033377137500793e-06
7.888372238085139543e-06
7.684127012907993048e-06
6.312866844382369891e-06
4.788269507116638124e-06
4.072914634889457375e-06
4.396103122417116538e-06
5.234860054770251736e-06
5.819806119689019397e-06
5.703079295926727355e-06
5.012976089346921071e-06
4.256952252035262063e-06
3.902526259480509907e-06
4.058824742969591171e-06
4.473054559639422223e-06
4.773938144353451207e-06
4.741876637126551941e-06
4.426198756846133620e-06
4.058774720760993659e-06
3.863234724121866748e-06
3.906497568095801398e-06
4.087999059265712276e-06
4.239409463480114937e-06
4.248874120094114915e-06
4.120681751373922452e-06
3.948528956243535504e-06
3.838136763079091907e-06
3.835634288407163695e-06
3.911687144864117727e-06
3.993299742433009669e-06
4.019501375296385959e-06
3.974584160459926352e-06
3.890427706210175529e-06
3.817312972387298942e-06
3.789755510297254659e-06
3.811127271546865813e-06
3.855986051348736510e-06
3.890728294209111482e-06
3.894051133102038875e-06
3.866625320370076224e-06
3.825485237030079588e-06
3.792333473029430024e-06
3.780072347581153736e-06
3.788390813497244380e-06
3.807061602856265381e-06
3.822689905064180493e-06
3.826123702310724184e-06
3.816642674792092294e-06
3.799726300712791272e-06
3.784201680900878273e-06
3.775881395995384082e-06
3.776215180550934747e-06
3.782555950238020159e-06
3.789549509747303091e-06
3.793514906647033058e-06
3.791969902522396296e-06
3.786411298278835602e-06
3.779160806516301818e-06
3.772870059037813917e-06
3.769724344238056801e-06
3.769619979721028358e-06
3.771337787839001976e-06
3.773381877181236632e-06
3.774221795538323931e-06
3.773579692278872244e-06
3.771309366129571572e-06
3.768600663534016348e-06
3.765725978155387565e-06
3.763873792195226997e-06
3.763073209483991377e-06
3.763239192267064936e-06
3.763654376598424278e-06
3.763984068427816965e-06
3.764018629226484336e-06
3.763236918530310504e-06
3.761986590689048171e-06
3.760704657906899229e-06
3.759259925573132932e-06
3.758206503334804438e-06
3.757322701858356595e-06
3.756944124688743614e-06
3.756923888431629166e-06
3.756758133022231050e-06
3.756836804313934408e-06
3.756586238523595966e-06
3.756502565011032857e-06
3.756300429813563824e-06
3.756074875127524137e-06
3.755998932319926098e-06
3.756528940357384272e-06
3.757176500585046597e-06
3.758915454454836436e-06
3.761472498808871023e-06
3.765356041185441427e-06
3.771091996895847842e-06
3.779737426157225855e-06
3.792187726503470913e-06
3.810519274338730611e-06
3.837158146779984236e-06
3.876778009725967422e-06
3.935034328605979681e-06
4.021956556243821979e-06
4.152203018747968599e-06
4.348180482338648289e-06
4.642480234906543046e-06
5.084845724923070520e-06
5.746523584093665704e-06
6.723158094246173277e-06
8.137137228914070874e-06
1.010861433314858004e-05
1.270305256184656173e-05
1.577970579091925174e-05
1.883870027086231858e-05
2.086028871417511255e-05
2.064544969471171498e-05
1.754053118929732591e-05
1.243698807229520753e-05
7.516951882280409336e-06
4.898751285509206355e-06
5.156300630915211514e-06
7.180435204645618796e-06
9.108859558182302862e-06
9.512771612207870930e-06
8.198562682082410902e-06
6.173846941237570718e-06
4.792828349309274927e-06
4.715474460681434721e-06
5.565630090131890029e-06
6.395631771738408133e-06
6.461868906626477838e-06
5.714194685424445197e-06
4.713824637292418629e-06
4.112753686058567837e-06
4.158600859227590263e-06
4.601613909471780062e-06
4.985484792996430770e-06
5.011646408092929050e-06
4.704584625869756564e-06
4.310215445002540946e-06
4.066167548444354907e-06
4.039619398099603131e-06
4.135904873692197725e-06
4.216109573462745175e-06
4.205378445476526394e-06
4.119203367736190557e-06
4.017752416984876618e-06
3.949567599192960188e-06
3.926816589228110388e-06
3.933528205379843712e-06
3.948662197217345238e-06
3.955036390834720805e-06
3.941791419492801651e-06
3.905133780790492892e-06
3.851890141959302127e-06
3.800100103035219945e-06
3.770624516619136557e-06
3.774337756112799980e-06
3.801275852310936898e-06
3.827648470178246498e-06
3.830823970929486677e-06
3.805683263635728508e-06
3.767600901483092457e-06
3.739498197319335304e-06
3.735627615242265165e-06
3.752163593162549660e-06
3.771746150960098021e-06
3.777483925659907982e-06
3.763628001252072863e-06
3.738501391126192175e-06
3.716488436111831106e-06
3.708027634274912998e-06
3.713445721587049775e-06
3.724797124959877692e-06
3.732583536475431174e-06
3.731537162821041420e-06
3.722971541719743982e-06
3.713083970069419593e-06
3.706943289216724224e-06
3.706742745634983294e-06
3.710592181960237212e-06
3.715145794558338821e-06
3.717998879437800497e-06
3.718622792803216726e-06
3.718654170370427892e-06
3.719776032085064799e-06
3.723262580024311319e-06
3.730209982677479275e-06
3.741210321095422842e-06
3.757313152163987979e-06
3.781234681810019538e-06
3.816516709775896743e-06
3.869158263114513829e-06
3.947968707507243380e-06
4.065564098709728569e-06
4.242566319589968771e-06
4.510041435423772782e-06
4.914299552183365449e-06
5.524037078430410475e-06
6.435406703531043604e-06
7.774774530844297260e-06
9.680453331384342164e-06
1.225777214131085202e-05
1.544341830594930798e-05
1.883124787127599120e-05
2.145724101865198463e-05
2.200474227720405906e-05
1.951365629793144763e-05
1.457528651371831074e-05
9.405898708791937679e-06
6.516340363305062056e-06
6.833988663856871426e-06
9.242656233254820108e-06
1.146089562098495662e-05
1.154430810856865719e-05
9.180626875604502857e-06
5.943657015450298786e-06
3.972380000050179660e-06
4.191664629615843296e-06
5.770409643446328118e-06
7.069892035360680893e-06
7.006331543379928917e-06
5.772703389084199443e-06
4.480879397306125611e-06
4.096032625966472551e-06
4.662270839617121965e-06
5.437461823021294549e-06
5.645346845994936302e-06
5.110676283948123455e-06
4.300728960515698418e-06
3.828866738331271335e-06
3.924238171748584136e-06
4.320766493037808686e-06
4.573334535962203518e-06
4.451254881132626906e-06
4.083188287040684372e-06
3.783437705351389013e-06
3.759030960281961598e-06
3.961859420087421313e-06
4.173291472397977486e-06
4.208869995636632666e-06
4.055584213347174227e-06
3.849334916594671085e-06
3.741508635357604362e-06
3.778379095820127986e-06
3.887581442540977150e-06
3.955947704525897279e-06
3.923017629858804867e-06
3.817079232248943299e-06
3.715814045790466480e-06
3.679623659991193563e-06
3.711070348799694330e-06
3.764610255529987626e-06
3.789171159951365553e-06
3.766183453990379348e-06
3.715129423653706908e-06
3.672255388664780185e-06
3.661250730147003196e-06
3.679029759950935841e-06
3.704021310113603249e-06
3.715017783179064281e-06
3.704036316776182503e-06
3.681294856505701318e-06
3.661868504423182458e-06
3.656586613942636177e-06
3.664613359433133155e-06
3.676773076222161762e-06
3.683069053295184858e-06
3.679787369037512690e-06
3.669846364573459141e-06
3.660113634396111593e-06
3.656915623651002534e-06
3.660749598566326313e-06
3.668946646939730272e-06
3.677203949337126687e-06
3.682696615214808844e-06
3.685814363052486442e-06
3.690383891807869077e-06
3.700017714436398819e-06
3.718735797519912012e-06
3.749041525225038640e-06
3.793073801716673188e-06
3.854916940326802433e-06
3.942767307307804003e-06
4.070255727128824219e-06
4.258866283635143191e-06
4.538865141512360424e-06
4.956926659360760823e-06
5.575520390266319737e-06
6.488741291832411662e-06
7.814769560354761779e-06
9.712721293908543885e-06
1.231849364558001980e-05
1.572973269503563643e-05
1.973990038095507771e-05
2.379152465437073261e-05
2.655575372045859694e-05
2.659228812262881547e-05
2.279442742292303592e-05
1.608905586181208491e-05
9.044434591487515718e-06
4.652598363463766873e-06
4.199617251288145781e-06
6.756506081728730351e-06
1.006652746582403779e-05
1.190513467008713633e-05
1.125266499002464116e-05
8.639143743494059891e-06
5.745248472521780059e-06
4.133441507292445749e-06
4.315007572586182505e-06
5.626723577734082937e-06
6.882297384436242282e-06
7.194892077677650377e-06
6.430381745303748176e-06
5.168164079805137590e-06
4.183566943538608029e-06
3.934082542400574312e-06
4.332861408329335973e-06
4.922111656924244016e-06
5.233026513451477513e-06
5.068815880804322660e-06
4.572221769194584340e-06
4.063539563503582031e-06
3.811151827903813682e-06
3.876013579429127276e-06
4.118544438824756071e-06
4.323896973801311105e-06
4.345322395238326862e-06
4.178829385637072846e-06
3.934254436899209395e-06
3.750622681764070876e-06
3.705675226228777319e-06
3.782993417189572938e-06
3.899185685440897942e-06
3.965498308389214799e-06
3.938865120289847255e-06
3.839001692540477961e-06
3.724848284036852419e-06
3.653634166767005809e-06
3.649546670203562826e-06
3.696177373058162630e-06
3.752469865503371693e-06
3.779967073569423519e-06
3.763363793041207828e-06
3.713320666065555997e-06
3.657171873783227056e-06
3.620876213972223923e-06
3.615952664404176176e-06
3.636314431787468493e-06
3.664853011287050322e-06
3.683295517475926317e-06
3.682517217384884134e-06
3.663841198431327939e-06
3.637322151917032897e-06
3.614680281316395849e-06
3.603991217460134067e-06
3.606147402024362236e-06
3.616054755184450187e-06
3.627457772381603718e-06
3.634019776654895395e-06
3.633007054304471239e-06
3.625453700806247070e-06
3.615133209677878767e-06
3.605529173000832088e-06
3.600133823056239635e-06
3.598742296162527055e-06
3.600804348025121726e-06
3.603900267989956774e-06
3.606568498071283102e-06
3.607162625485216267e-06
3.605748133850283921e-06
3.602967808546964079e-06
3.599394176490022801e-06
3.596548822315526195e-06
3.594352165237069130e-06
3.593245764932362363e-06
3.593006567825796083e-06
3.593188466766150668e-06
3.593661631384748034e-06
3.593593191908439621e-06
3.593240990085178055e-06
3.592251459849649109e-06
3.590990218071965501e-06
3.589664174796780571e-06
3.588199433579575270e-06
3.587143282857141457e-06
3.586239927244605497e-06
3.585723789001349360e-06
3.585241302062058821e-06
3.584893420338630676e-06
3.584756314012338407e-06
3.584584874261054210e-06
3.584079422580543905e-06
3.583558736863778904e-06
3.583001443985267542e-06
3.582108320188126527e-06
3.581336386559996754e-06
3.580711108952527866e-06
3.579611302484408952e-06
3.579112672014161944e-06
3.578388714231550694e-06
3.577580855562700890e-06
3.577215693439939059e-06
3.576673861971357837e-06
3.576285962481051683e-06
3.575711389203206636e-06
3.575398295652121305e-06
3.574879656298435293e-06
3.574164566089166328e-06
3.573802814571536146e-06
3.573180265448172577e-06
3.572727337086689658e-06
3.572260311557329260e-06
3.571839670257759281e-06
3.571045681383111514e-06
3.570740318536991253e-06
3.570421313270344399e-06
3.570168018995900638e-06
3.569982709450414404e-06
3.570007038433686830e-06
3.570031822164310142e-06
3.570401531760580838e-06
3.571288516468484886e-06
3.572788500605383888e-06
3.575181835913099349e-06
3.578773657864076085e-06
3.584473915907437913e-06
3.593044084482244216e-06
3.605791789595969021e-06
3.625330009526805952e-06
3.655016826087376103e-06
3.700482238855329342e-06
3.770220928345224820e-06
3.877419658238068223e-06
4.042570708406856284e-06
4.297967734601115808e-06
4.691504727816209197e-06
5.294530183164170012e-06
6.206702437339117751e-06
7.557328444818267599e-06
9.480391781835351139e-06
1.205612170451786369e-05
1.516623069619527087e-05
1.833781061577610672e-05
2.062184285023249686e-05
2.094472620228771120e-05
1.873939072538632900e-05
1.473650809202808887e-05
1.062399314832873642e-05
8.052592420426663011e-06
7.550779628218151629e-06
8.522773896402213722e-06
9.818736543820705265e-06
1.035404420690611005e-05
9.515693818684667349e-06
7.454712886101333424e-06
5.202957709116162732e-06
4.170546162640675902e-06
4.906838512397371233e-06
6.413626579160336405e-06
7.040674518066225573e-06
6.087182555347681046e-06
4.488234480959363282e-06
3.728662477442412637e-06
4.214731688989559188e-06
5.079782567918300629e-06
5.366718596633290872e-06
4.972621354681905359e-06
4.432919013197533786e-06
4.136940333410166204e-06
4.061199888383271173e-06
4.076976892974926159e-06
4.162380264460807666e-06
4.269025339453946799e-06
4.227727913530543447e-06
3.956260115955956280e-06
3.643174750322941691e-06
3.566374289221130311e-06
3.757176045837695710e-06
3.967327756981831044e-06
3.970217221649363637e-06
3.797854560616542585e-06
3.646214963737293147e-06
3.627152182161808014e-06
3.687574690047767945e-06
3.733857965926290490e-06
3.740945658137206919e-06
3.731199058165657334e-06
3.708288431880646385e-06
3.662071094368002377e-06
3.612611635617213324e-06
3.603212917369091883e-06
3.644110392997390591e-06
3.691875690492452122e-06
3.698138471008860506e-06
3.662703647933085449e-06
3.627354317359277047e-06
3.624681085057090968e-06
3.649334985311725177e-06
3.677329686979646794e-06
3.697241481859236956e-06
3.714879312610719353e-06
3.737803581316256896e-06
3.766873533095349558e-06
3.803830168180866167e-06
3.858781838061986491e-06
3.944237505493219942e-06
4.065101620653877035e-06
4.220009941491298378e-06
4.414070190250640735e-06
4.666140284825814888e-06
5.008008429285837337e-06
5.469883490150095895e-06
6.086333087296225131e-06
6.886622031743172556e-06
7.912914043117780238e-06
9.182378562400117517e-06
1.069885092874756083e-05
1.236972730112029240e-05
1.404669819748960435e-05
1.539789082016795874e-05
1.607193371455650777e-05
1.564284502819646150e-05
1.399790016876067966e-05
1.132340094045503065e-05
8.289952347695361823e-06
5.680374670191667974e-06
4.120592620893148705e-06
3.794481926888693124e-06
4.454528152564307675e-06
5.588342901319265366e-06
6.635357749473769218e-06
7.175316568464040756e-06
7.024693331914022565e-06
6.288962140388321131e-06
5.268420864013023674e-06
4.337271548138232902e-06
3.772486024899990298e-06
3.668668568934663199e-06
3.935586846637306735e-06
4.370439000922488049e-06
4.751318101625656709e-06
4.919274033454712480e-06
4.821893526241183281e-06
4.512298801273573190e-06
4.113668637728551403e-06
3.760996150958817452e-06
3.550147312125773169e-06
3.510183660182519816e-06
3.608428869483759627e-06
3.774433480430161580e-06
3.931127139367163181e-06
4.021793301944853738e-06
4.022635948786046356e-06
3.943086539948126301e-06
3.815735908574424684e-06
3.682551550809876062e-06
3.577474899429944344e-06
3.520430027492693625e-06
3.513317551551153883e-06
3.543703769537387416e-06
3.591836730265640654e-06
3.638358748503378592e-06
3.668622866825899109e-06
3.674994559332844801e-06
3.658125478978035972e-06
3.624357304943259805e-06
3.583060106393531896e-06
3.543861794241820462e-06
3.513020601531025022e-06
3.494605380183202215e-06
3.488579750410281122e-06
3.493254553177393973e-06
3.503745801936020143e-06
3.516771812428487465e-06
3.528475417624576949e-06
3.536624262778786942e-06
3.539626504789339378e-06
3.537986685842042789e-06
3.532410573825472966e-06
3.524025942169828340e-06
3.514706349960761145e-06
3.505324684738297947e-06
3.497119450912578031e-06
3.490566768959979527e-06
3.485934712443850003e-06
3.483703039819374681e-06
3.483144155325135216e-06
3.484333319647703320e-06
3.487045432848390192e-06
3.491152028800570406e-06
3.496527597235399298e-06
3.503777861624257639e-06
3.513506271701771766e-06
3.526707587298005819e-06
3.545329491316806525e-06
3.572263722162460908e-06
3.611920192270190455e-06
3.670576006697956473e-06
3.759614628506824374e-06
3.893977918778546154e-06
4.098574663657927886e-06
4.410308065416757017e-06
4.885451289737829939e-06
5.603877525572897866e-06
6.677630608464824036e-06
8.242021976911928505e-06
1.043269639922073111e-05
1.328132020717021078e-05
1.657007851463276893e-05
1.956443520612083375e-05
2.103671795339323580e-05
1.968945616681594402e-05
1.541005076433066279e-05
9.886415682558435947e-06
5.836988293594913557e-06
4.934287517244229093e-06
6.731306712026707828e-06
9.214414603775367141e-06
1.024591892928583547e-05
8.942971362557727844e-06
6.232500709302257746e-06
4.050781171827111393e-06
3.706415554916020483e-06
4.944411557517014444e-06
6.407601176761090755e-06
6.827749530202709138e-06
5.950857485004235059e-06
4.580448148772120476e-06
3.777988467845716514e-06
3.959798959840554744e-06
4.680121037381468341e-06
5.152809990249807015e-06
4.937526682624593377e-06
4.234977495798375458e-06
3.614208026192500256e-06
3.490677499939920381e-06
3.819248377112671733e-06
4.217135028738994151e-06
4.326678208599332720e-06
4.087724846613127738e-06
3.726116347024799325e-06
3.521413873386336491e-06
3.579873919079545885e-06
3.784149839702877216e-06
3.929423201043391600e-06
3.895229838235536590e-06
3.720728955158847384e-06
3.544612582118134014e-06
3.479202177913975902e-06
3.533748895279131830e-06
3.628206059147487395e-06
3.671262447824119590e-06
3.628736749305971898e-06
3.537860948199522682e-06
3.464497240202035755e-06
3.450818439887370914e-06
3.488942638796288520e-06
3.536460098985116929e-06
3.553805527189979330e-06
3.530288495312561281e-06
3.486231889837654307e-06
3.452290684435865842e-06
3.447005838097538799e-06
3.466200496404781006e-06
3.490877588774310425e-06
3.502636218399857171e-06
3.495064902381272987e-06
3.476435949778533541e-06
3.460001607891172171e-06
3.456203330642892979e-06
3.465316240180982277e-06
3.480526629573432729e-06
3.493602207527146675e-06
3.500315870041958988e-06
3.502643266983795911e-06
3.506564780764165334e-06
3.519132633300614543e-06
3.544090986906667240e-06
3.581774080885224976e-06
3.632329253377974965e-06
3.697651663969736546e-06
3.783743750318535604e-06
3.902001935784937814e-06
4.068980160809587687e-06
4.307222297939006239e-06
4.646991328627336770e-06
5.126395080878864974e-06
5.800819508294807747e-06
6.736698196618817747e-06
8.024533599382266402e-06
9.743231203174218535e-06
1.196682387671899050e-05
1.463934404455358163e-05
1.757405152602586895e-05
2.019725434365682304e-05
2.175300505768973380e-05
2.125228456861805171e-05
1.834258182498160750e-05
1.350583715975517407e-05
8.365646863239817321e-06
4.686212378146592528e-06
3.494877546472707763e-06
4.588888259604573250e-06
6.849077180959284306e-06
8.892689038475509733e-06
9.660484465712215751e-06
8.856231943354941905e-06
6.950577699171844870e-06
4.928696853312430903e-06
3.679605924844508991e-06
3.566003670130157843e-06
4.326466296333819628e-06
5.330956810212228447e-06
5.960835551377385855e-06
5.896313268749509007e-06
5.230664100963622332e-06
4.340332452557049692e-06
3.658700734376907349e-06
3.437355644564377144e-06
3.655710543171153404e-06
4.085230557393515483e-06
4.440956217877101153e-06
4.533334958978230134e-06
4.336855909059522673e-06
3.974423634645063430e-06
3.626632178566069342e-06
3.435264261497650295e-06
3.441584794927621260e-06
3.588316758396103978e-06
3.766508598346263170e-06
3.876832124660722911e-06
3.870822638418758288e-06
3.762400410778354853e-06
3.609415898608858697e-06
3.477727659628726542e-06
3.411491888982709497e-06
3.418518645048607141e-06
3.475618086667964235e-06
3.544028459145920351e-06
3.589758534872089513e-06
3.595010412027477287e-06
3.561732910384307615e-06
3.506809662212617695e-06
3.451467364357085899e-06
3.413301556065562181e-06
3.399991783226141706e-06
3.408821612538304180e-06
3.430780679991585203e-06
3.454042371231480502e-06
3.468874183454317972e-06
3.470697720331372693e-06
3.460022298895637505e-06
3.441714852669974789e-06
3.421720066398847848e-06
3.405382130949874409e-06
3.395686917428974994e-06
3.393568704268545844e-06
3.397681439309963025e-06
3.404486278668628074e-06
3.411452098589506932e-06
3.415902938286308199e-06
3.416982281123637222e-06
3.414319053263170645e-06
3.409160626688390039e-06
3.402617039682809263e-06
3.396302190594724379e-06
3.391359541637939401e-06
3.388255663594463840e-06
3.386919161130208522e-06
3.387440528967999853e-06
3.388513505342416465e-06
3.390042820683447644e-06
3.391225391169427894e-06
3.392203325347509235e-06
3.392088729015085846e-06
3.391606924196821637e-06
3.390282699911040254e-06
3.388439836271572858e-06
3.386806838534539565e-06
3.385021955182310194e-06
3.383528337508323602e-06
3.382204113222542219e-06
3.380929683771682903e-06
3.380074758752016351e-06
3.379593636054778472e-06
3.379296003913623281e-06
3.379138888703892007e-06
3.379299641892430373e-06
3.379327836228185333e-06
3.379658892299630679e-06
3.380238695172010921e-06
3.381083615749957971e-06
3.382102477189619094e-06
3.383730927453143522e-06
3.386099251656560227e-06
3.389423454791540280e-06
3.394441819182247855e-06
3.401853518880670890e-06
3.412353635212639347e-06
3.428003992667072453e-06
3.451149723332491703e-06
3.485539082248578779e-06
3.536530130077153444e-06
3.612477030401350930e-06
3.726673412529635243e-06
3.898263003065949306e-06
4.156011073064291850e-06
4.543436261883471161e-06
5.122636139276437461e-06
5.977481123409233987e-06
7.210206149466102943e-06
8.921440894482657313e-06
1.114853057515574619e-05
1.375156989524839446e-05
1.625203003641217947e-05
1.777961188054177910e-05
1.732878990878816694e-05
1.450893159926636145e-05
1.018790771922795102e-05
6.267293429118581116e-06
4.408544555190019310e-06
4.956481006956892088e-06
6.897379989823093638e-06
8.650308700453024358e-06
8.996093129098881036e-06
7.732141966698691249e-06
5.715989573218394071e-06
4.194576831650920212e-06
3.894117526215268299e-06
4.609591087501030415e-06
5.516465080290799960e-06
5.833612704009283334e-06
5.329155555955367163e-06
4.389638434076914564e-06
3.650859525805572048e-06
3.506921530060935766e-06
3.877205472235800698e-06
4.356589670351240784e-06
4.554785391519544646e-06
4.353841177362482995e-06
3.933824700652621686e-06
3.588266508813831024e-06
3.501140781736467034e-06
3.646307277449523099e-06
3.853330781566910446e-06
3.953209670726209879e-06
3.887306775141041726e-06
3.717573235917370766e-06
3.560505319910589606e-06
3.500037109915865585e-06
3.543450475262943655e-06
3.634741688074427657e-06
3.702268031702260487e-06
3.704552000272087753e-06
3.648264282674062997e-06
3.575501523300772533e-06
3.534159532136982307e-06
3.549183475115569308e-06
3.612430418797885068e-06
3.694565293699270114e-06
3.764805569517193362e-06
3.812433305938611738e-06
3.851147539535304531e-06
3.911743533535627648e-06
4.024509507871698588e-06
4.206347512081265450e-06
4.461056050786282867e-06
4.784705652127740905e-06
5.185547706787474453e-06
5.682904429704649374e-06
6.318993200693512335e-06
7.131097390811191872e-06
8.158646778611000627e-06
9.391043931827880442e-06
1.080014772014692426e-05
1.224874449690105394e-05
1.356899065285688266e-05
1.444310873921494931e-05
1.460883959225611761e-05
1.378589422529330477e-05
1.200765927933389321e-05
9.526665053272154182e-06
6.923935870872810483e-06
4.796077064384007826e-06
3.578544465199229307e-06
3.370860440554679371e-06
3.961287802667357028e-06
4.953390998707618564e-06
5.915806468692608178e-06
6.512518211820861325e-06
6.564003342646174133e-06
6.099340225773630664e-06
5.295593382470542565e-06
4.426302439242135733e-06
3.736379085239605047e-06
3.375775122549384832e-06
3.361132257850840688e-06
3.601640855777077377e-06
3.951334292651154101e-06
4.263933988113421947e-06
4.436706149135716259e-06
4.427476142154773697e-06
4.258545232005417347e-06
3.992171059508109465e-06
3.709901875481591560e-06
3.481598014332121238e-06
3.349228336446685717e-06
3.321003077871864662e-06
3.376189624759717844e-06
3.477186510281171650e-06
3.583339321266976185e-06
3.662353265099227428e-06
3.695382019941462204e-06
3.679508381537743844e-06
3.623742941272212192e-06
3.545107119862223044e-06
3.462314225544105284e-06
3.391029395061195828e-06
3.341233423270750791e-06
3.316115453344536945e-06
3.313737352073076181e-06
3.328232423882582225e-06
3.351993200340075418e-06
3.377936764081823640e-06
3.400098648853600025e-06
3.414834509385400452e-06
3.420879693294409662e-06
3.417807874939171597e-06
3.407714302738895640e-06
3.392346798136713915e-06
3.374648940734914504e-06
3.356439719937043265e-06
3.340216835567844100e-06
3.326440037199063227e-06
3.315998355901683681e-06
3.308936811663443223e-06
3.304939809822826646e-06
3.303340918137109838e-06
3.303609673821483739e-06
3.305276095488807186e-06
3.307635097371530719e-06
3.310889724161825143e-06
3.313786919534322806e-06
3.316619995530345477e-06
3.319402367196744308e-06
3.322041038700263016e-06
3.324267026982852258e-06
3.326513478896231391e-06
3.329025048515177332e-06
3.331225570946116932e-06
3.333998392918147147e-06
3.337099542477517389e-06
3.340881221447489224e-06
3.345647655805805698e-06
3.351811983520747162e-06
3.359930133228772320e-06
3.370125114088295959e-06
3.383973535164841451e-06
3.401886488063610159e-06
3.425941940804477781e-06
3.458388164290226996e-06
3.502169420244172215e-06
3.562229721865151078e-06
3.645219521786202677e-06
3.761063453566748649e-06
3.923687017959309742e-06
4.153151621721917763e-06
4.479156359593616799e-06
4.942333816870814189e-06
5.600882104772608727e-06
6.525894605147186667e-06
7.806569556123577058e-06
9.514495104667730629e-06
1.167756090580951422e-05
1.415094993717502803e-05
1.654611151025164872e-05
1.808644992706831545e-05
1.788126792234834284e-05
1.536526178824715316e-05
1.108214200939983130e-05
6.637911155848996714e-06
3.847052084893221036e-06
3.533592007443076000e-06
5.157405212230514735e-06
7.322752935579046607e-06
8.613493264419957995e-06
8.311081728606950492e-06
6.696564923913683742e-06
4.819917194254230708e-06
3.740910642591188662e-06
3.860232027363963425e-06
4.782711584994103760e-06
5.708252956537762657e-06
5.985551069898065180e-06
5.479833362187491730e-06
4.585057013173354790e-06
3.889729669026564807e-06
3.760331765079172328e-06
4.138718395552132279e-06
4.657884346670471132e-06
4.936886398354545236e-06
4.819035893888212740e-06
4.436874860402895138e-06
4.071360308444127440e-06
3.952827682951465249e-06
4.119413461012300104e-06
4.433445610629860312e-06
4.699398232332896441e-06
4.795505901711294428e-06
4.735444235848262906e-06
4.637161509890574962e-06
4.631020146916853264e-06
4.780065864906646311e-06
5.049526407674420625e-06
5.351988875190727413e-06
5.601778866548556834e-06
5.774698820459889248e-06
5.895341473660664633e-06
6.023072728567058221e-06
6.187021881487453356e-06
6.379668320732889697e-06
6.542089067806955427e-06
6.611584012716775760e-06
6.541889888467267156e-06
6.335086709441384301e-06
6.024391950631979853e-06
5.662754119839519262e-06
5.285340193950105458e-06
4.911458745482377708e-06
4.542126589512918144e-06
4.185002126178005710e-06
3.856126113532809541e-06
3.583951183827593923e-06
3.392100097698858008e-06
3.290435870439978316e-06
3.268177806603489444e-06
3.301008518974413164e-06
3.361872813911759295e-06
3.430283413763390854e-06
3.497353645798284560e-06
3.562207893992308527e-06
3.627332034739083610e-06
3.692650352604687214e-06
3.755484613066073507e-06
3.810052248809370212e-06
3.851879228022880852e-06
3.878888037434080616e-06
3.894174369634129107e-06
3.901606760337017477e-06
3.906943675247021019e-06
3.912690772267524153e-06
3.920527888112701476e-06
3.929499143850989640e-06
3.938721874874318019e-06
3.947026470996206626e-06
3.956512955483049154e-06
3.968305918533587828e-06
3.985736839240416884e-06
4.010374141216743737e-06
4.043584340251982212e-06
4.085752607352333143e-06
4.137685664318269119e-06
4.198901478957850486e-06
4.271620127838104963e-06
4.356150384410284460e-06
4.455730504560051486e-06
4.571010776999173686e-06
4.704876118921674788e-06
4.856948635278968140e-06
5.029120075050741434e-06
5.218171281740069389e-06
5.423721631814260036e-06
5.638732545776292682e-06
5.860259989276528358e-06
6.074607426853617653e-06
6.273028247960610315e-06
6.434679107769625261e-06
6.547261364175938070e-06
6.587024017790099606e-06
6.544809366459958255e-06
6.405324256775202230e-06
6.174110239953733981e-06
5.855836207047104836e-06
5.475761554407654330e-06
5.058017450210172683e-06
4.637808160623535514e-06
4.244054252922069281e-06
3.902401658706367016e-06
3.628583726822398603e-06
3.429464186410768889e-06
3.303045559732709080e-06
3.241141939724911936e-06
3.232318931623012759e-06
3.262611699028639123e-06
3.319482402730500326e-06
3.391853852008352987e-06
3.470326873866724782e-06
3.548375389073044062e-06
3.621660880526178516e-06
3.688147671709884889e-06
3.746853508346248418e-06
3.797216777456924319e-06
3.840222689177608117e-06
3.876834398397477344e-06
3.908694907295284793e-06
3.937075689464109018e-06
3.964079496654449031e-06
3.990092409367207438e-06
4.017000264866510406e-06
4.045551577291917056e-06
4.077871835761470720e-06
4.114162948098964989e-06
